state,volume_mn,value_cr,ym,state_norm,pop_2011,vol_pc,val_pc,log_vol_pc,log_val_pc,period,t,treated,treat_date,treat_period,post,did,rel_t,state_code,month_code
MAHARASHTRA,2382.34,278375.41,2025-04,MAHARASHTRA,112374333,21.200036844712574,24772.15237397671,3.054002919634597,10.11747541309574,2025-04-01,24,1,2024-08,2024-08-01,1,1,8,20,23
KARNATAKA,1263.4,173465.79,2025-04,KARNATAKA,61095297,20.679169462094602,28392.658439814117,3.0291268874263197,10.253885885090607,2025-04-01,24,0,,2099-01-01,0,0,-99,15,23
UTTAR PRADESH,1206.85,159811.36,2025-04,UTTAR PRADESH,199812341,6.039917224131817,7998.0725514846945,1.798390307238877,8.986955860569008,2025-04-01,24,0,,2099-01-01,0,0,-99,33,23
TELANGANA,949.72,147127.52,2025-04,TELANGANA,35003674,27.132009057106405,42032.02212430615,3.3007141769001715,10.646187038293334,2025-04-01,24,0,,2099-01-01,0,0,-99,31,23
TAMIL NADU,776.9,115363.33,2025-04,TAMIL NADU,72147030,10.768288036250418,15990.031744896498,2.37660552182493,9.67972079112287,2025-04-01,24,0,,2099-01-01,0,0,-99,30,23
RAJASTHAN,668.4,98142.13,2025-04,RAJASTHAN,68548437,9.750769372028133,14317.194424141282,2.2773461918481326,9.569216501217921,2025-04-01,24,0,,2099-01-01,0,0,-99,28,23
ANDHRA PRADESH,602.36,105315.39,2025-04,ANDHRA PRADESH,84580777,7.121712774050303,12451.456907282845,1.9631482546475436,9.429592915711758,2025-04-01,24,0,,2099-01-01,0,0,-99,1,23
BIHAR,577.79,82713.97,2025-04,BIHAR,104099452,5.550365433239745,7945.668148185833,1.7138637694177146,8.980382172122846,2025-04-01,24,0,,2099-01-01,0,0,-99,4,23
MADHYA PRADESH,575.99,77961.24,2025-04,MADHYA PRADESH,72626809,7.930817943550294,10734.498881810985,2.0707561757942483,9.281218028441836,2025-04-01,24,0,,2099-01-01,0,0,-99,19,23
GUJARAT,538.57,77374.37,2025-04,GUJARAT,60439692,8.910866058020282,12801.913351907882,2.1872714374347155,9.457349919354398,2025-04-01,24,0,,2099-01-01,0,0,-99,10,23
DELHI,527.0,64152.87,2025-04,DELHI,16787941,31.391580420731763,38213.661818325425,3.4465397174912518,10.550948369880182,2025-04-01,24,0,,2099-01-01,0,0,-99,8,23
WEST BENGAL,500.08,74892.26,2025-04,WEST BENGAL,91276115,5.478760790815866,8205.022748831938,1.7008789423251898,9.012501776077562,2025-04-01,24,0,,2099-01-01,0,0,-99,35,23
HARYANA,410.35,57581.17,2025-04,HARYANA,25351462,16.18644321183528,22713.1555568669,2.7841740531177015,10.030699575551155,2025-04-01,24,0,,2099-01-01,0,0,-99,11,23
KERALA,362.28,50824.24,2025-04,KERALA,33406061,10.844738623928155,15214.077469355037,2.383680042921381,9.629976427522397,2025-04-01,24,0,,2099-01-01,0,0,-99,16,23
ODISHA,362.01,44717.27,2025-04,ODISHA,41974218,8.624579974307085,10653.50878008019,2.154616263100544,9.27364457979491,2025-04-01,24,0,,2099-01-01,0,0,-99,25,23
ASSAM,218.83,25997.91,2025-04,ASSAM,31205576,7.012528786521998,8331.17453111585,1.9476983758702642,9.02775972535526,2025-04-01,24,0,,2099-01-01,0,0,-99,3,23
PUNJAB,212.04,34535.98,2025-04,PUNJAB,27743338,7.642915931745488,12448.38670818919,2.033779196821147,9.429346311824872,2025-04-01,24,0,,2099-01-01,0,0,-99,27,23
JHARKHAND,206.06,28022.42,2025-04,JHARKHAND,32988134,6.246488510080625,8494.696911319688,1.8320194674708816,9.047197354990399,2025-04-01,24,1,2024-11,2024-11-01,1,1,5,14,23
CHHATTISGARH,152.75,19636.2,2025-04,CHHATTISGARH,25545198,5.979597417878695,7686.845879996702,1.788353244271384,8.947265819713602,2025-04-01,24,1,2024-02,2024-02-01,1,1,14,6,23
UTTARAKHAND,125.79,15444.37,2025-04,UTTARAKHAND,10086292,12.471381950869556,15312.237638965837,2.523436575594103,9.636407633358475,2025-04-01,24,0,,2099-01-01,0,0,-99,34,23
JAMMU AND KASHMIR,88.43,11544.77,2025-04,JAMMU AND KASHMIR,12541302,7.051102030714195,9205.399885912962,1.9531839210214008,9.127545534973777,2025-04-01,24,0,,2099-01-01,0,0,-99,13,23
HIMACHAL PRADESH,64.32,7821.2,2025-04,HIMACHAL PRADESH,6864602,9.369807601372955,11393.52288741576,2.2374925625681135,9.340800305143569,2025-04-01,24,0,,2099-01-01,0,0,-99,12,23
GOA,36.36,5041.14,2025-04,GOA,1458545,24.928953169082888,34562.80059922731,3.2160299058428725,10.450533255492036,2025-04-01,24,0,,2099-01-01,0,0,-99,9,23
CHANDIGARH,29.74,3711.18,2025-04,CHANDIGARH,1055450,28.17755459756502,35162.06357477853,3.3385257247620665,10.467723041054638,2025-04-01,24,0,,2099-01-01,0,0,-99,5,23
ARUNACHAL PRADESH,18.42,2612.54,2025-04,ARUNACHAL PRADESH,1383727,13.311874379845158,18880.45835630872,2.588656447424138,9.845882716751662,2025-04-01,24,0,,2099-01-01,0,0,-99,2,23
PUDUCHERRY,17.44,2384.85,2025-04,PUDUCHERRY,1247953,13.974885272121627,19110.09469106609,2.637261809499173,9.857971992275212,2025-04-01,24,0,,2099-01-01,0,0,-99,26,23
MEGHALAYA,14.32,1971.84,2025-04,MEGHALAYA,2966889,4.826604567949795,6646.15359725288,1.574143232450438,8.801793559880233,2025-04-01,24,0,,2099-01-01,0,0,-99,22,23
TRIPURA,13.94,1936.41,2025-04,TRIPURA,3673917,3.79431544044136,5270.696099013669,1.3335040099759023,8.569917719912043,2025-04-01,24,0,,2099-01-01,0,0,-99,32,23
MANIPUR,13.51,2844.24,2025-04,MANIPUR,2855794,4.730733379228334,9959.541899730862,1.5540802389477208,9.206286355517962,2025-04-01,24,0,,2099-01-01,0,0,-99,21,23
DADRA & NAGAR HAVELI & DAMAN & DIU,11.91,1205.3,2025-04,DADRA AND NAGAR HAVELI & DAMAN AND DIU,586956,20.291129147670354,20534.758993859847,3.010183802741259,9.929874289962394,2025-04-01,24,0,,2099-01-01,0,0,-99,7,23
NAGALAND,10.89,1769.78,2025-04,NAGALAND,1978502,5.50416426164846,8945.050346170992,1.70550494423522,9.098855624341848,2025-04-01,24,0,,2099-01-01,0,0,-99,24,23
MIZORAM,9.76,1555.83,2025-04,MIZORAM,1097206,8.895321389055473,14179.926103211248,2.185525451893458,9.559582588733416,2025-04-01,24,0,,2099-01-01,0,0,-99,23,23
SIKKIM,8.65,1221.5,2025-04,SIKKIM,610577,14.166927349048523,20005.66677093962,2.6509101882022708,9.903770850950323,2025-04-01,24,0,,2099-01-01,0,0,-99,29,23
ANDAMAN & NICOBAR,3.79,619.48,2025-04,ANDAMAN AND NICOBAR ISLANDS,380581,9.958458251988407,16277.218253144534,2.298422265637615,9.6975217559853,2025-04-01,24,0,,2099-01-01,0,0,-99,0,23
LADAKH,3.63,651.93,2025-04,LADAKH,274289,13.234216465115262,23767.99652920824,2.5828056321974655,10.076095271114506,2025-04-01,24,0,,2099-01-01,0,0,-99,17,23
LAKSHADWEEP,0.5,60.39,2025-04,LAKSHADWEEP,64473,7.7551843407317795,9366.711646735843,2.048361566911013,9.144917368784814,2025-04-01,24,0,,2099-01-01,0,0,-99,18,23
MAHARASHTRA,1985.58,232558.18,2025-08,MAHARASHTRA,112374333,17.669337356600817,20694.95531510741,2.8718307845871567,9.93764524496849,2025-08-01,28,1,2024-08,2024-08-01,1,1,12,20,27
KARNATAKA,1077.76,142488.77,2025-08,KARNATAKA,61095297,17.640637707350862,23322.3794623668,2.8702052011355725,10.057168670523629,2025-08-01,28,0,,2099-01-01,0,0,-99,15,27
UTTAR PRADESH,1059.4,131586.5,2025-08,UTTAR PRADESH,199812341,5.301974816460412,6585.504145612307,1.6680793580366948,8.792626170944986,2025-08-01,28,0,,2099-01-01,0,0,-99,33,27
TELANGANA,803.98,122333.79,2025-08,TELANGANA,35003674,22.96844611225667,34948.84279861594,3.1341213658388023,10.461640636916833,2025-08-01,28,0,,2099-01-01,0,0,-99,31,27
TAMIL NADU,799.24,118149.83,2025-08,TAMIL NADU,72147030,11.077933492203352,16376.256929772439,2.404955156000487,9.7035878166277,2025-08-01,28,0,,2099-01-01,0,0,-99,30,27
ANDHRA PRADESH,551.48,92181.84,2025-08,ANDHRA PRADESH,84580777,6.520157647641378,10898.675002713679,1.8748985547323531,9.296396501444228,2025-08-01,28,0,,2099-01-01,0,0,-99,1,27
RAJASTHAN,541.39,74949.8,2025-08,RAJASTHAN,68548437,7.897918956197353,10933.84521663127,2.066599301504815,9.299618323202493,2025-08-01,28,0,,2099-01-01,0,0,-99,28,27
GUJARAT,515.15,73518.28,2025-08,GUJARAT,60439692,8.523372356033846,12163.907122491624,2.142812078962461,9.406228413326772,2025-08-01,28,0,,2099-01-01,0,0,-99,10,27
DELHI,487.28,59774.16,2025-08,DELHI,16787941,29.025596408755547,35605.41462469996,3.3681780754781188,10.480253001474104,2025-08-01,28,0,,2099-01-01,0,0,-99,8,27
WEST BENGAL,436.15,62202.65,2025-08,WEST BENGAL,91276115,4.778358500468606,6814.7784335474835,1.5640970775808607,8.826848832017012,2025-08-01,28,0,,2099-01-01,0,0,-99,35,27
MADHYA PRADESH,436.1,55552.05,2025-08,MADHYA PRADESH,72626809,6.004669708123897,7648.9729846178425,1.792537451208895,8.942326667431441,2025-08-01,28,0,,2099-01-01,0,0,-99,19,27
HARYANA,401.3,53984.25,2025-08,HARYANA,25351462,15.829461827487503,21294.334030913087,2.761872876314852,9.966196308372776,2025-08-01,28,0,,2099-01-01,0,0,-99,11,27
KERALA,399.48,56071.45,2025-08,KERALA,33406061,11.958309002668708,16784.813390599986,2.481426350789567,9.728229791723498,2025-08-01,28,0,,2099-01-01,0,0,-99,16,27
BIHAR,399.25,55622.06,2025-08,BIHAR,104099452,3.835274752454989,5343.165495241992,1.3442410756571226,8.583573545695184,2025-08-01,28,0,,2099-01-01,0,0,-99,4,27
ODISHA,277.85,34040.3,2025-08,ODISHA,41974218,6.619539642167961,8109.811599110673,1.8900258270728552,9.000829916150433,2025-08-01,28,0,,2099-01-01,0,0,-99,25,27
PUNJAB,211.76,33563.64,2025-08,PUNJAB,27743338,7.632823418724884,12097.909775672992,2.0324578186203874,9.400787970850407,2025-08-01,28,0,,2099-01-01,0,0,-99,27,27
ASSAM,203.78,21464.88,2025-08,ASSAM,31205576,6.530243184743649,6878.539912225943,1.8764441837501347,8.83616168634492,2025-08-01,28,0,,2099-01-01,0,0,-99,3,27
JHARKHAND,171.24,21569.36,2025-08,JHARKHAND,32988134,5.190957451549093,6538.520790536379,1.6469181602307048,8.78546624005189,2025-08-01,28,1,2024-11,2024-11-01,1,1,9,14,27
CHHATTISGARH,134.57,16358.88,2025-08,CHHATTISGARH,25545198,5.267917672824458,6403.89634090916,1.6616351559731295,8.764661887369293,2025-08-01,28,1,2024-02,2024-02-01,1,1,18,6,27
UTTARAKHAND,108.74,12976.53,2025-08,UTTARAKHAND,10086292,10.780968863483231,12865.510933056468,2.3777824374610965,9.462305438894694,2025-08-01,28,0,,2099-01-01,0,0,-99,34,27
JAMMU AND KASHMIR,81.02,10254.43,2025-08,JAMMU AND KASHMIR,12541302,6.460254286197717,8176.527445077074,1.8656686802083016,9.009022821746898,2025-08-01,28,0,,2099-01-01,0,0,-99,13,27
HIMACHAL PRADESH,54.88,6738.67,2025-08,HIMACHAL PRADESH,6864602,7.994636834007274,9816.548723436552,2.0787709211150323,9.191824885748943,2025-08-01,28,0,,2099-01-01,0,0,-99,12,27
GOA,32.27,4537.72,2025-08,GOA,1458545,22.124788744947878,31111.278705833553,3.096698642597465,10.345325691773878,2025-08-01,28,0,,2099-01-01,0,0,-99,9,27
CHANDIGARH,26.58,3188.55,2025-08,CHANDIGARH,1055450,25.183570988677815,30210.336823156,3.2261918370151568,10.315939423711347,2025-08-01,28,0,,2099-01-01,0,0,-99,5,27
ARUNACHAL PRADESH,21.4,2707.2,2025-08,ARUNACHAL PRADESH,1383727,15.465478378321736,19564.552834482525,2.7386103386247833,9.881474679002928,2025-08-01,28,0,,2099-01-01,0,0,-99,2,27
PUDUCHERRY,18.83,2548.23,2025-08,PUDUCHERRY,1247953,15.088709270301045,20419.278610652804,2.7139467336874006,9.924234763506611,2025-08-01,28,0,,2099-01-01,0,0,-99,26,27
MEGHALAYA,15.91,2008.23,2025-08,MEGHALAYA,2966889,5.362519460620199,6768.807326462163,1.6794339132676341,8.82008017999686,2025-08-01,28,0,,2099-01-01,0,0,-99,22,27
MANIPUR,14.85,2861.63,2025-08,MANIPUR,2855794,5.19995489870768,10020.435647669265,1.6486499522243219,9.212381851505027,2025-08-01,28,0,,2099-01-01,0,0,-99,21,27
TRIPURA,14.59,1874.19,2025-08,TRIPURA,3673917,3.971238326832098,5101.340068379334,1.3790779671782187,8.5372585427032,2025-08-01,28,0,,2099-01-01,0,0,-99,32,27
NAGALAND,12.24,1752.82,2025-08,NAGALAND,1978502,6.186498674249508,8859.328926632372,1.8223692843745307,9.08922629881548,2025-08-01,28,0,,2099-01-01,0,0,-99,24,27
MIZORAM,11.86,1704.97,2025-08,MIZORAM,1097206,10.809273737110443,15539.196832682286,2.380404445038036,9.651120938717403,2025-08-01,28,0,,2099-01-01,0,0,-99,23,27
DADRA & NAGAR HAVELI & DAMAN & DIU,10.82,1112.7,2025-08,DADRA AND NAGAR HAVELI & DAMAN AND DIU,586956,18.43409045993226,18957.12796189152,2.9142016927923855,9.84993528553175,2025-08-01,28,0,,2099-01-01,0,0,-99,7,27
SIKKIM,8.11,988.11,2025-08,SIKKIM,610577,13.282518011651273,16183.216858807325,2.586448735385804,9.691729987835389,2025-08-01,28,0,,2099-01-01,0,0,-99,29,27
LADAKH,4.48,781.31,2025-08,LADAKH,274289,16.333137675954923,28484.919191072186,2.7931960303476,10.257130075016393,2025-08-01,28,0,,2099-01-01,0,0,-99,17,27
ANDAMAN & NICOBAR,3.77,551.26,2025-08,ANDAMAN AND NICOBAR ISLANDS,380581,9.905907021107202,14484.695767786621,2.2931312480031996,9.580847906723413,2025-08-01,28,0,,2099-01-01,0,0,-99,0,27
LAKSHADWEEP,0.56,55.68,2025-08,LAKSHADWEEP,64473,8.685806461619594,8636.17328183891,2.1616902522180164,9.063714856491169,2025-08-01,28,0,,2099-01-01,0,0,-99,18,27
MAHARASHTRA,2349.39,263704.89,2025-12,MAHARASHTRA,112374333,20.906820421350133,23466.647850982128,3.040075441684538,10.063335451672964,2025-12-01,32,1,2024-08,2024-08-01,1,1,16,20,31
KARNATAKA,1166.38,162279.52,2025-12,KARNATAKA,61095297,19.091158522398214,26561.704086650076,2.9492253232927,10.187225761421146,2025-12-01,32,0,,2099-01-01,0,0,-99,15,31
UTTAR PRADESH,1147.64,155131.4,2025-12,UTTAR PRADESH,199812341,5.743589181010596,7763.854786126549,1.7480843077763406,8.957234240626939,2025-12-01,32,0,,2099-01-01,0,0,-99,33,31
TELANGANA,887.11,141323.58,2025-12,TELANGANA,35003674,25.34333967342971,40373.927605427925,3.232515960740416,10.605939499315937,2025-12-01,32,0,,2099-01-01,0,0,-99,31,31
TAMIL NADU,862.86,131083.27,2025-12,TAMIL NADU,72147030,11.959743873032611,18168.907299441154,2.481546332994898,9.807467021961688,2025-12-01,32,0,,2099-01-01,0,0,-99,30,31
ANDHRA PRADESH,609.84,102547.67,2025-12,ANDHRA PRADESH,84580777,7.210148944363564,12124.22888950287,1.9754896091089431,9.402961117041293,2025-12-01,32,0,,2099-01-01,0,0,-99,1,31
RAJASTHAN,557.06,85129.75,2025-12,RAJASTHAN,68548437,8.12651643683721,12418.919194320944,2.09513234918099,9.42697633030966,2025-12-01,32,0,,2099-01-01,0,0,-99,28,31
GUJARAT,555.31,86699.29,2025-12,GUJARAT,60439692,9.187836364222372,14344.760393550647,2.217880474940609,9.571140025142515,2025-12-01,32,0,,2099-01-01,0,0,-99,10,31
DELHI,516.9,66575.96,2025-12,DELHI,16787941,30.789958101472955,39657.013328793575,3.427188601151883,10.588023092349367,2025-12-01,32,0,,2099-01-01,0,0,-99,8,31
WEST BENGAL,478.71,71148.03,2025-12,WEST BENGAL,91276115,5.244636014580594,7794.813571984303,1.6572058427920786,8.961213864847224,2025-12-01,32,0,,2099-01-01,0,0,-99,35,31
MADHYA PRADESH,468.42,64115.4,2025-12,MADHYA PRADESH,72626809,6.449684440906663,8828.06237569931,1.8640312057204287,9.08569083301765,2025-12-01,32,0,,2099-01-01,0,0,-99,19,31
BIHAR,453.98,66791.87,2025-12,BIHAR,104099452,4.3610219965423065,6416.159616286933,1.4727064327695567,8.766575027087109,2025-12-01,32,0,,2099-01-01,0,0,-99,4,31
KERALA,451.69,62079.79,2025-12,KERALA,33406061,13.521199042293553,18583.391199579022,2.6042587532425716,9.830023514528099,2025-12-01,32,0,,2099-01-01,0,0,-99,16,31
HARYANA,418.1,61294.14,2025-12,HARYANA,25351462,16.492145502298843,24177.753535476575,2.8028842374045,10.093188213958495,2025-12-01,32,0,,2099-01-01,0,0,-99,11,31
ODISHA,304.59,39185.24,2025-12,ODISHA,41974218,7.256597371272051,9335.549741510373,1.9819110373281659,9.14158494460183,2025-12-01,32,0,,2099-01-01,0,0,-99,25,31
PUNJAB,226.99,40564.96,2025-12,PUNJAB,27743338,8.181784037666988,14621.513820723376,2.101910224349152,9.59024927245253,2025-12-01,32,0,,2099-01-01,0,0,-99,27,31
ASSAM,226.36,24938.06,2025-12,ASSAM,31205576,7.25383181518585,7991.539717132605,1.9815298554783185,8.986138725718476,2025-12-01,32,0,,2099-01-01,0,0,-99,3,31
JHARKHAND,185.9,25154.32,2025-12,JHARKHAND,32988134,5.635359672056625,7625.263071866993,1.7290609736813578,8.939222102108916,2025-12-01,32,1,2024-11,2024-11-01,1,1,13,14,31
CHHATTISGARH,145.48,18789.15,2025-12,CHHATTISGARH,25545198,5.695003812458216,7355.257140696267,1.7395892663384678,8.90317059376992,2025-12-01,32,1,2024-02,2024-02-01,1,1,22,6,31
UTTARAKHAND,119.35,15420.17,2025-12,UTTARAKHAND,10086292,11.832891611704282,15288.244679015837,2.4708830785281606,9.634839490437237,2025-12-01,32,0,,2099-01-01,0,0,-99,34,31
JAMMU AND KASHMIR,86.74,11912.84,2025-12,JAMMU AND KASHMIR,12541302,6.916347281964823,9498.886160304568,1.9338877808409773,9.15892982443102,2025-12-01,32,0,,2099-01-01,0,0,-99,13,31
HIMACHAL PRADESH,63.08,8446.08,2025-12,HIMACHAL PRADESH,6864602,9.189170763286786,12303.816011474519,2.21802569979224,9.417664738079859,2025-12-01,32,0,,2099-01-01,0,0,-99,12,31
GOA,40.24,5990.21,2025-12,GOA,1458545,27.5891384907562,41069.76473129043,3.3174221623250784,10.62302747845332,2025-12-01,32,0,,2099-01-01,0,0,-99,9,31
CHANDIGARH,28.15,3611.27,2025-12,CHANDIGARH,1055450,26.671088161447724,34215.453124259795,3.283580138315757,10.440432666737742,2025-12-01,32,0,,2099-01-01,0,0,-99,5,31
ARUNACHAL PRADESH,21.96,3004.14,2025-12,ARUNACHAL PRADESH,1383727,15.870182485418006,21710.496362360496,2.7644420332383075,9.985551125916388,2025-12-01,32,0,,2099-01-01,0,0,-99,2,31
PUDUCHERRY,20.29,2793.2,2025-12,PUDUCHERRY,1247953,16.258625124503887,22382.25317780397,2.788623544856063,10.016023654984265,2025-12-01,32,0,,2099-01-01,0,0,-99,26,31
MEGHALAYA,18.22,2509.94,2025-12,MEGHALAYA,2966889,6.141112795254558,8459.837897541836,1.8150059627497508,9.04308529136963,2025-12-01,32,0,,2099-01-01,0,0,-99,22,31
MANIPUR,17.44,3504.46,2025-12,MANIPUR,2855794,6.106883059492386,12271.403329511862,1.8094165054564468,9.415026901948481,2025-12-01,32,0,,2099-01-01,0,0,-99,21,31
TRIPURA,16.38,2229.75,2025-12,TRIPURA,3673917,4.45845673704659,6069.1354758422685,1.4948026830684475,8.710971448183887,2025-12-01,32,0,,2099-01-01,0,0,-99,32,31
MIZORAM,14.82,2281.39,2025-12,MIZORAM,1097206,13.507035141987922,20792.722606329167,2.6032106713363974,9.942358329773265,2025-12-01,32,0,,2099-01-01,0,0,-99,23,31
NAGALAND,13.85,2243.67,2025-12,NAGALAND,1978502,7.0002456403885365,11340.246307559963,1.9459452399236983,9.336113297289245,2025-12-01,32,0,,2099-01-01,0,0,-99,24,31
DADRA & NAGAR HAVELI & DAMAN & DIU,11.17,1226.22,2025-12,DADRA AND NAGAR HAVELI & DAMAN AND DIU,586956,19.03038728627018,20891.174125488113,2.946037032455159,9.947082058116596,2025-12-01,32,0,,2099-01-01,0,0,-99,7,31
SIKKIM,9.23,1263.74,2025-12,SIKKIM,610577,15.116848489215938,20697.471408192578,2.7158099157732436,9.937766817598433,2025-12-01,32,0,,2099-01-01,0,0,-99,29,31
ANDAMAN & NICOBAR,4.64,743.64,2025-12,ANDAMAN AND NICOBAR ISLANDS,380581,12.191885564439634,19539.59866624976,2.500770612781444,9.880198386299343,2025-12-01,32,0,,2099-01-01,0,0,-99,0,31
LADAKH,3.03,554.47,2025-12,LADAKH,274289,11.046742669228442,20214.809926756086,2.402135603441984,9.914170779446254,2025-12-01,32,0,,2099-01-01,0,0,-99,17,31
LAKSHADWEEP,0.69,73.3,2025-12,LAKSHADWEEP,64473,10.702154390209856,11369.100243512788,2.3704450660801264,9.33865444935761,2025-12-01,32,0,,2099-01-01,0,0,-99,18,31
MAHARASHTRA,1892.66,219913.73,2025-02,MAHARASHTRA,112374333,16.842458143889495,19569.747301636933,2.823902968701274,9.88174014776904,2025-02-01,22,1,2024-08,2024-08-01,1,1,6,20,21
KARNATAKA,974.07,132442.52,2025-02,KARNATAKA,61095297,15.943453061534344,21678.022123372277,2.7690482786049944,9.984054220920072,2025-02-01,22,0,,2099-01-01,0,0,-99,15,21
UTTAR PRADESH,852.17,122496.48,2025-02,UTTAR PRADESH,199812341,4.264851689015545,6130.576289079161,1.45040740636845,8.721044035780507,2025-02-01,22,0,,2099-01-01,0,0,-99,33,21
TELANGANA,703.4,111063.09,2025-02,TELANGANA,35003674,20.09503345277413,31728.980792130562,3.000472692631012,10.364985762792214,2025-02-01,22,0,,2099-01-01,0,0,-99,31,21
TAMIL NADU,651.15,99837.67,2025-02,TAMIL NADU,72147030,9.025319545378375,13838.084533763898,2.2000339102822672,9.535179818853791,2025-02-01,22,0,,2099-01-01,0,0,-99,30,21
ANDHRA PRADESH,463.16,81827.59,2025-02,ANDHRA PRADESH,84580777,5.475948748969284,9674.4902213419,1.7003655481729971,9.177247826209221,2025-02-01,22,0,,2099-01-01,0,0,-99,1,21
RAJASTHAN,460.58,71687.84,2025-02,RAJASTHAN,68548437,6.7190445203002955,10457.983163058845,1.9049459599467642,9.255120904788743,2025-02-01,22,0,,2099-01-01,0,0,-99,28,21
GUJARAT,416.26,62967.52,2025-02,GUJARAT,60439692,6.887195917543723,10418.239722333463,1.9296640236014895,9.251313368439083,2025-02-01,22,0,,2099-01-01,0,0,-99,10,21
MADHYA PRADESH,389.67,53550.1,2025-02,MADHYA PRADESH,72626809,5.365374100354595,7373.32408477426,1.6799661034474764,8.905623912642003,2025-02-01,22,0,,2099-01-01,0,0,-99,19,21
WEST BENGAL,361.07,56774.96,2025-02,WEST BENGAL,91276115,3.9557993895774377,6220.133273639002,1.3751827020543854,8.735546612133742,2025-02-01,22,0,,2099-01-01,0,0,-99,35,21
DELHI,359.92,46373.85,2025-02,DELHI,16787941,21.439198529468264,27623.31008906929,3.065220953482806,10.226415263702535,2025-02-01,22,0,,2099-01-01,0,0,-99,8,21
BIHAR,357.22,56338.15,2025-02,BIHAR,104099452,3.431526229359978,5411.954522104496,1.2330051270383384,8.596365586096557,2025-02-01,22,0,,2099-01-01,0,0,-99,4,21
KERALA,329.57,45039.43,2025-02,KERALA,33406061,9.865574992514084,13482.412667569517,2.2890514238899557,9.509141349724764,2025-02-01,22,0,,2099-01-01,0,0,-99,16,21
HARYANA,302.23,44342.88,2025-02,HARYANA,25351462,11.921600418942308,17491.25158935607,2.478351915958775,9.769456125735699,2025-02-01,22,0,,2099-01-01,0,0,-99,11,21
ODISHA,249.75,34812.97,2025-02,ODISHA,41974218,5.950081071194703,8293.893646809573,1.783404844875588,9.023274817817141,2025-02-01,22,0,,2099-01-01,0,0,-99,25,21
PUNJAB,166.68,29146.47,2025-02,PUNJAB,27743338,6.007928822407743,10505.754570700901,1.793080067255794,9.259678440371145,2025-02-01,22,0,,2099-01-01,0,0,-99,27,21
ASSAM,161.35,20021.98,2025-02,ASSAM,31205576,5.170550288832996,6416.154600062501,1.6429791217019665,8.766574245275763,2025-02-01,22,0,,2099-01-01,0,0,-99,3,21
JHARKHAND,142.33,19879.81,2025-02,JHARKHAND,32988134,4.314581722021622,6026.351778491017,1.4620003840364935,8.703897094768834,2025-02-01,22,1,2024-11,2024-11-01,1,1,3,14,21
CHHATTISGARH,111.86,15520.81,2025-02,CHHATTISGARH,25545198,4.378905186015783,6075.822939403328,1.4767987356131214,8.712072722310696,2025-02-01,22,1,2024-02,2024-02-01,1,1,12,6,21
UTTARAKHAND,89.78,11561.18,2025-02,UTTARAKHAND,10086292,8.901189852524595,11462.269781600611,2.186184959097108,9.34681603187889,2025-02-01,22,0,,2099-01-01,0,0,-99,34,21
JAMMU AND KASHMIR,60.94,8287.11,2025-02,JAMMU AND KASHMIR,12541302,4.8591446087495545,6607.854591174027,1.58086241599132,8.79601430999109,2025-02-01,22,0,,2099-01-01,0,0,-99,13,21
HIMACHAL PRADESH,46.84,5949.44,2025-02,HIMACHAL PRADESH,6864602,6.823410883835654,8666.838951478905,1.9203594764269192,9.06725940715472,2025-02-01,22,0,,2099-01-01,0,0,-99,12,21
GOA,29.53,4063.02,2025-02,GOA,1458545,20.246204265209506,27856.66537542551,3.0079673322894256,10.234827547974332,2025-02-01,22,0,,2099-01-01,0,0,-99,9,21
CHANDIGARH,21.37,2680.5,2025-02,CHANDIGARH,1055450,20.247287886683406,25396.750201335923,3.008020853061114,10.142376499991697,2025-02-01,22,0,,2099-01-01,0,0,-99,5,21
ARUNACHAL PRADESH,15.28,2142.1,2025-02,ARUNACHAL PRADESH,1383727,11.042640636483931,15480.654782337846,2.401764200335352,9.647346444849793,2025-02-01,22,0,,2099-01-01,0,0,-99,2,21
PUDUCHERRY,15.15,2116.13,2025-02,PUDUCHERRY,1247953,12.139880267926756,16956.808469549735,2.496495922973718,9.738424711776387,2025-02-01,22,0,,2099-01-01,0,0,-99,26,21
TRIPURA,11.48,1676.35,2025-02,TRIPURA,3673917,3.1247303627164142,4562.841240017126,1.1393479955349448,8.425700787426461,2025-02-01,22,0,,2099-01-01,0,0,-99,32,21
MEGHALAYA,10.88,1615.02,2025-02,MEGHALAYA,2966889,3.667140900788671,5443.479685286507,1.299412312345735,8.60217378339299,2025-02-01,22,0,,2099-01-01,0,0,-99,22,21
MANIPUR,10.19,2353.44,2025-02,MANIPUR,2855794,3.568184539921297,8240.930543309496,1.2720569342102468,9.016868546540692,2025-02-01,22,0,,2099-01-01,0,0,-99,21,21
DADRA & NAGAR HAVELI & DAMAN & DIU,9.32,967.59,2025-02,DADRA AND NAGAR HAVELI & DAMAN AND DIU,586956,15.878532632769748,16484.881319894506,2.7649680480715495,9.710198956201452,2025-02-01,22,0,,2099-01-01,0,0,-99,7,21
MIZORAM,8.6,1449.75,2025-02,MIZORAM,1097206,7.83809056822511,13213.10674567948,2.0589952547279187,9.488964551219052,2025-02-01,22,0,,2099-01-01,0,0,-99,23,21
NAGALAND,8.57,1502.04,2025-02,NAGALAND,1978502,4.331559937771101,7591.804304468735,1.465927739900039,8.93482456341233,2025-02-01,22,0,,2099-01-01,0,0,-99,24,21
SIKKIM,6.31,861.53,2025-02,SIKKIM,610577,10.334486886993778,14110.095860145404,2.3354865438116046,9.554645838597375,2025-02-01,22,0,,2099-01-01,0,0,-99,29,21
ANDAMAN & NICOBAR,3.23,533.96,2025-02,ANDAMAN AND NICOBAR ISLANDS,380581,8.487023787314659,14030.127620664194,2.1385383837778456,9.548962269324857,2025-02-01,22,0,,2099-01-01,0,0,-99,0,21
LADAKH,2.16,374.76,2025-02,LADAKH,274289,7.874905665192553,13662.961329109079,2.06368120561678,9.52244389799774,2025-02-01,22,0,,2099-01-01,0,0,-99,17,21
LAKSHADWEEP,0.48,55.1,2025-02,LAKSHADWEEP,64473,7.444976967102508,8546.21314348642,2.007539572390758,9.053243556623872,2025-02-01,22,0,,2099-01-01,0,0,-99,18,21
MAHARASHTRA,2126.33,252411.0,2025-01,MAHARASHTRA,112374333,18.92184757172263,22461.623865656227,2.9403172106384874,10.019563526019773,2025-01-01,21,1,2024-08,2024-08-01,1,1,5,20,20
KARNATAKA,1133.57,155521.0,2025-01,KARNATAKA,61095297,18.554128642667862,25455.478185170294,2.9206923326266763,10.14468625167051,2025-01-01,21,0,,2099-01-01,0,0,-99,15,20
UTTAR PRADESH,952.1,133054.0,2025-01,UTTAR PRADESH,199812341,4.764970948416044,6658.94805766777,1.561291440217914,8.803716801759997,2025-01-01,21,0,,2099-01-01,0,0,-99,33,20
TELANGANA,800.24,128255.0,2025-01,TELANGANA,35003674,22.861600185169134,36640.439515006336,3.129458655268055,10.50890781421302,2025-01-01,21,0,,2099-01-01,0,0,-99,31,20
TAMIL NADU,715.49,108619.0,2025-01,TAMIL NADU,72147030,9.91710954699036,15055.228191652519,2.2942615025270006,9.619480598001399,2025-01-01,21,0,,2099-01-01,0,0,-99,30,20
ANDHRA PRADESH,551.81,98020.0,2025-01,ANDHRA PRADESH,84580777,6.524059243390493,11588.92167661217,1.875496765556055,9.35780489288651,2025-01-01,21,0,,2099-01-01,0,0,-99,1,20
RAJASTHAN,543.59,85277.0,2025-01,RAJASTHAN,68548437,7.930013050479911,12440.400355153248,2.0706546813553532,9.428704548665445,2025-01-01,21,0,,2099-01-01,0,0,-99,28,20
GUJARAT,482.44,75270.23,2025-01,GUJARAT,60439692,7.982171715898222,12453.77458243831,2.0772105192864263,9.429779035255606,2025-01-01,21,0,,2099-01-01,0,0,-99,10,20
MADHYA PRADESH,476.41,65025.01,2025-01,MADHYA PRADESH,72626809,6.55969891228458,8953.306760317668,1.88094470438508,9.099778213458066,2025-01-01,21,0,,2099-01-01,0,0,-99,19,20
WEST BENGAL,427.1,67764.0,2025-01,WEST BENGAL,91276115,4.679208794107856,7424.067073845113,1.5431290345490538,8.912482309156516,2025-01-01,21,0,,2099-01-01,0,0,-99,35,20
BIHAR,415.4,63434.86,2025-01,BIHAR,104099452,3.990414858283788,6093.678571910254,1.3838952000040128,8.715007213144784,2025-01-01,21,0,,2099-01-01,0,0,-99,4,20
DELHI,410.65,52720.0,2025-01,DELHI,16787941,24.461010436002844,31403.49373398441,3.1970804391360907,10.354674431120324,2025-01-01,21,0,,2099-01-01,0,0,-99,8,20
KERALA,373.18,51570.0,2025-01,KERALA,33406061,11.171026718774177,15437.318395604918,2.4133235263837363,9.644543129453684,2025-01-01,21,0,,2099-01-01,0,0,-99,16,20
HARYANA,339.78,50647.0,2025-01,HARYANA,25351462,13.402777323059317,19977.94052272015,2.5954619483957497,9.902383969948819,2025-01-01,21,0,,2099-01-01,0,0,-99,11,20
ODISHA,302.73,41451.0,2025-01,ODISHA,41974218,7.212284455186277,9875.347767050716,1.975785746491472,9.19779680606575,2025-01-01,21,0,,2099-01-01,0,0,-99,25,20
ASSAM,187.71,23159.08,2025-01,ASSAM,31205576,6.015271116931154,7421.4557039421425,1.7943014218823774,8.912130503434481,2025-01-01,21,0,,2099-01-01,0,0,-99,3,20
PUNJAB,185.78,33047.11,2025-01,PUNJAB,27743338,6.69638238917033,11911.728141725413,1.901567438660916,9.385278751884258,2025-01-01,21,0,,2099-01-01,0,0,-99,27,20
JHARKHAND,165.9,22976.0,2025-01,JHARKHAND,32988134,5.029081062905831,6964.928661924315,1.6152372761503582,8.848642643795955,2025-01-01,21,1,2024-11,2024-11-01,1,1,2,14,20
CHHATTISGARH,134.18,18521.36,2025-01,CHHATTISGARH,25545198,5.252650615587321,7250.427262297986,1.6587328283544214,8.888815678843011,2025-01-01,21,1,2024-02,2024-02-01,1,1,11,6,20
UTTARAKHAND,99.47,12991.82,2025-01,UTTARAKHAND,10086292,9.861899695150607,12880.670121388514,2.288678816907644,9.463483026363047,2025-01-01,21,0,,2099-01-01,0,0,-99,34,20
JAMMU AND KASHMIR,68.04,9399.84,2025-01,JAMMU AND KASHMIR,12541302,5.42527402657236,7495.106967362719,1.691068409961418,8.92200568226444,2025-01-01,21,0,,2099-01-01,0,0,-99,13,20
HIMACHAL PRADESH,52.98,7024.65,2025-01,HIMACHAL PRADESH,6864602,7.717854582101046,10233.149715016252,2.0435364215413263,9.233387701588178,2025-01-01,21,0,,2099-01-01,0,0,-99,12,20
GOA,35.15,5030.0,2025-01,GOA,1458545,24.099359292994045,34486.42311344525,3.1821852547902685,10.448320992621426,2025-01-01,21,0,,2099-01-01,0,0,-99,9,20
CHANDIGARH,24.3,3114.0,2025-01,CHANDIGARH,1055450,23.023354967075655,29504.003031882137,3.1365091340765603,10.292281229118046,2025-01-01,21,0,,2099-01-01,0,0,-99,5,20
ARUNACHAL PRADESH,16.97,2371.65,2025-01,ARUNACHAL PRADESH,1383727,12.26397981682803,17139.580278479785,2.5066664958431124,9.749145704015287,2025-01-01,21,0,,2099-01-01,0,0,-99,2,20
PUDUCHERRY,16.83,2360.06,2025-01,PUDUCHERRY,1247953,13.486084812488931,18911.44938952028,2.601658399221054,9.847522805437677,2025-01-01,21,0,,2099-01-01,0,0,-99,26,20
TRIPURA,12.56,1860.53,2025-01,TRIPURA,3673917,3.4186945431810245,5064.1590433316815,1.2292587656835772,8.529943369991908,2025-01-01,21,0,,2099-01-01,0,0,-99,32,20
MANIPUR,11.37,2648.55,2025-01,MANIPUR,2855794,3.981379609313557,9274.303398634494,1.381628394738058,9.135002779386577,2025-01-01,21,0,,2099-01-01,0,0,-99,21,20
MEGHALAYA,10.99,1672.86,2025-01,MEGHALAYA,2966889,3.7042167738664977,5638.431366997552,1.3094718393334686,8.637361179388906,2025-01-01,21,0,,2099-01-01,0,0,-99,22,20
DADRA & NAGAR HAVELI & DAMAN & DIU,10.77,1116.37,2025-01,DADRA AND NAGAR HAVELI & DAMAN AND DIU,586956,18.348905199026845,19019.653943396093,2.909569910542347,9.853228141580344,2025-01-01,21,0,,2099-01-01,0,0,-99,7,20
NAGALAND,9.03,1636.33,2025-01,NAGALAND,1978502,4.5640590709536815,8270.550143492399,1.5182123747192449,9.020456308597504,2025-01-01,21,0,,2099-01-01,0,0,-99,24,20
MIZORAM,8.72,1467.61,2025-01,MIZORAM,1097206,7.947459273828251,13375.883835852153,2.072852289389345,9.50120865076615,2025-01-01,21,0,,2099-01-01,0,0,-99,23,20
SIKKIM,6.6,958.74,2025-01,SIKKIM,610577,10.809447457077486,15702.196446967377,2.3804205162908625,9.66155588263188,2025-01-01,21,0,,2099-01-01,0,0,-99,29,20
ANDAMAN & NICOBAR,3.73,629.14,2025-01,ANDAMAN AND NICOBAR ISLANDS,380581,9.800804559344792,16531.040698300756,2.2824644801990046,9.712995146988204,2025-01-01,21,0,,2099-01-01,0,0,-99,0,20
LADAKH,2.4,443.79,2025-01,LADAKH,274289,8.749895183547281,16179.649931276865,2.1690417212746063,9.691509554487006,2025-01-01,21,0,,2099-01-01,0,0,-99,17,20
LAKSHADWEEP,0.54,62.42,2025-01,LAKSHADWEEP,64473,8.375599087990322,9681.572130969553,2.1253226080471412,9.177979577307637,2025-01-01,21,0,,2099-01-01,0,0,-99,18,20
MAHARASHTRA,1905.45,230572.42,2025-07,MAHARASHTRA,112374333,16.956274169832003,20518.245923648774,2.830637922847281,9.929069814327304,2025-07-01,27,1,2024-08,2024-08-01,1,1,11,20,26
KARNATAKA,1067.74,144605.61,2025-07,KARNATAKA,61095297,17.47663163009094,23668.861123631166,2.860864653151263,10.071915586590492,2025-07-01,27,0,,2099-01-01,0,0,-99,15,26
UTTAR PRADESH,1031.94,131885.79,2025-07,UTTAR PRADESH,199812341,5.164545867564807,6600.482699914916,1.6418171737427243,8.79489806169093,2025-07-01,27,0,,2099-01-01,0,0,-99,33,26
TELANGANA,791.46,126739.73,2025-07,TELANGANA,35003674,22.61076937238074,36207.5506702525,3.1184263136800134,10.497022958114824,2025-07-01,27,0,,2099-01-01,0,0,-99,31,26
TAMIL NADU,778.83,117090.44,2025-07,TAMIL NADU,72147030,10.795038964181893,16229.419284480595,2.3790866734259253,9.694580879491461,2025-07-01,27,0,,2099-01-01,0,0,-99,30,26
ANDHRA PRADESH,535.33,93508.25,2025-07,ANDHRA PRADESH,84580777,6.329215916283201,11055.49668809498,1.8451763605980744,9.310683021101362,2025-07-01,27,0,,2099-01-01,0,0,-99,1,26
RAJASTHAN,527.21,76044.26,2025-07,RAJASTHAN,68548437,7.691057930321592,11093.507500397129,2.0400583462688346,9.31411530629978,2025-07-01,27,0,,2099-01-01,0,0,-99,28,26
GUJARAT,501.34,74010.9,2025-07,GUJARAT,60439692,8.294880126126387,12245.41316325702,2.115638472196984,9.412906710201852,2025-07-01,27,0,,2099-01-01,0,0,-99,10,26
DELHI,468.19,58845.62,2025-07,DELHI,16787941,27.88847065879014,35052.31523031919,3.3282133653847574,10.464596945354497,2025-07-01,27,0,,2099-01-01,0,0,-99,8,26
WEST BENGAL,425.54,62144.42,2025-07,WEST BENGAL,91276115,4.662117795000368,6808.398889457554,1.5394698073472048,8.825912259820232,2025-07-01,27,0,,2099-01-01,0,0,-99,35,26
MADHYA PRADESH,420.83,55546.05,2025-07,MADHYA PRADESH,72626809,5.794416769708277,7648.146843405993,1.7568948280181305,8.942218654783055,2025-07-01,27,0,,2099-01-01,0,0,-99,19,26
BIHAR,405.54,58775.41,2025-07,BIHAR,104099452,3.895697741040942,5646.082555746787,1.3598728009023184,8.638717230694985,2025-07-01,27,0,,2099-01-01,0,0,-99,4,26
HARYANA,397.29,54916.93,2025-07,HARYANA,25351462,15.67128554558313,21662.233917712518,2.7518300916489635,9.983325650865332,2025-07-01,27,0,,2099-01-01,0,0,-99,11,26
KERALA,369.33,51875.51,2025-07,KERALA,33406061,11.05577817151205,15528.771859693365,2.4029532027422666,9.650449831218653,2025-07-01,27,0,,2099-01-01,0,0,-99,16,26
ODISHA,263.74,33890.22,2025-07,ODISHA,41974218,6.2833809077753395,8074.056317142108,1.8379081967264779,8.996411276511436,2025-07-01,27,0,,2099-01-01,0,0,-99,25,26
PUNJAB,210.05,34831.65,2025-07,PUNJAB,27743338,7.571186999920485,12554.960041217822,2.0243498583169326,9.43787108888792,2025-07-01,27,0,,2099-01-01,0,0,-99,27,26
ASSAM,197.75,21802.15,2025-07,ASSAM,31205576,6.337008488482955,6986.619955356697,1.8464068098517588,8.85175216396542,2025-07-01,27,0,,2099-01-01,0,0,-99,3,26
JHARKHAND,167.61,21496.22,2025-07,JHARKHAND,32988134,5.080917883988224,6516.349181799735,1.6254919310931266,8.782069556653186,2025-07-01,27,1,2024-11,2024-11-01,1,1,8,14,26
CHHATTISGARH,129.34,16474.9,2025-07,CHHATTISGARH,25545198,5.063182520644389,6449.313878874613,1.6219952422381263,8.77172902876328,2025-07-01,27,1,2024-02,2024-02-01,1,1,17,6,26
UTTARAKHAND,111.48,13515.41,2025-07,UTTARAKHAND,10086292,11.052624691016282,13399.78061313315,2.402667928357069,9.502993613650736,2025-07-01,27,0,,2099-01-01,0,0,-99,34,26
JAMMU AND KASHMIR,85.58,10998.69,2025-07,JAMMU AND KASHMIR,12541302,6.823852898207858,8769.974600723273,1.9204242534224278,9.079089189207334,2025-07-01,27,0,,2099-01-01,0,0,-99,13,26
HIMACHAL PRADESH,56.85,7153.07,2025-07,HIMACHAL PRADESH,6864602,8.281616326773205,10420.225382330978,2.1140381578939476,9.251503944855681,2025-07-01,27,0,,2099-01-01,0,0,-99,12,26
GOA,30.59,4347.72,2025-07,GOA,1458545,20.972955925254276,29808.610635941983,3.0432337946964063,10.302552578271033,2025-07-01,27,0,,2099-01-01,0,0,-99,9,26
CHANDIGARH,26.05,3244.66,2025-07,CHANDIGARH,1055450,24.68141550997205,30741.958406366954,3.2060505519294336,10.333383723793492,2025-07-01,27,0,,2099-01-01,0,0,-99,5,26
ARUNACHAL PRADESH,21.14,2771.17,2025-07,ARUNACHAL PRADESH,1383727,15.277580042884182,20026.85500824946,2.726386397039069,9.904829402265438,2025-07-01,27,0,,2099-01-01,0,0,-99,2,26
PUDUCHERRY,18.45,2521.15,2025-07,PUDUCHERRY,1247953,14.784210623316744,20202.283259065043,2.6935597615048756,9.913550909628572,2025-07-01,27,0,,2099-01-01,0,0,-99,26,26
MEGHALAYA,15.5,2093.59,2025-07,MEGHALAYA,2966889,5.22432757005739,7056.516101546097,1.6533260948431396,8.861706738654915,2025-07-01,27,0,,2099-01-01,0,0,-99,22,26
MANIPUR,14.39,2877.94,2025-07,MANIPUR,2855794,5.038878854707307,10077.547610226788,1.6171836078748898,9.218065219388674,2025-07-01,27,0,,2099-01-01,0,0,-99,21,26
TRIPURA,14.24,1891.8,2025-07,TRIPURA,3673917,3.875972157237085,5149.272561138425,1.3547965106273543,8.54661073341664,2025-07-01,27,0,,2099-01-01,0,0,-99,32,26
NAGALAND,11.8,1754.04,2025-07,NAGALAND,1978502,5.964108199031388,8865.495207990693,1.7857595387619698,9.089922077973599,2025-07-01,27,0,,2099-01-01,0,0,-99,24,26
MIZORAM,11.46,1702.6,2025-07,MIZORAM,1097206,10.444711385099971,15517.596513325665,2.3460957627550503,9.64972991791246,2025-07-01,27,0,,2099-01-01,0,0,-99,23,26
DADRA & NAGAR HAVELI & DAMAN & DIU,10.43,1115.18,2025-07,DADRA AND NAGAR HAVELI & DAMAN AND DIU,586956,17.769645424870006,18999.379851300608,2.8774916883867308,9.852161618210669,2025-07-01,27,0,,2099-01-01,0,0,-99,7,26
SIKKIM,8.19,1044.52,2025-07,SIKKIM,610577,13.413541617191605,17107.097057373598,2.5962647651234607,9.747248688983493,2025-07-01,27,0,,2099-01-01,0,0,-99,29,26
LADAKH,4.68,821.56,2025-07,LADAKH,274289,17.062295607917196,29952.34952914626,2.8368710938502613,10.3073630488522,2025-07-01,27,0,,2099-01-01,0,0,-99,17,26
ANDAMAN & NICOBAR,3.69,551.63,2025-07,ANDAMAN AND NICOBAR ISLANDS,380581,9.69570209758238,14494.417745499644,2.2716827045957158,9.58151887121467,2025-07-01,27,0,,2099-01-01,0,0,-99,0,26
LAKSHADWEEP,0.54,53.09,2025-07,LAKSHADWEEP,64473,8.375599087990322,8234.454732989005,2.1253226080471412,9.016082427060585,2025-07-01,27,0,,2099-01-01,0,0,-99,18,26
MAHARASHTRA,1741.88,211433.62,2025-06,MAHARASHTRA,112374333,15.500692671519571,18815.1167936187,2.7408847114118338,9.842415910482027,2025-06-01,26,1,2024-08,2024-08-01,1,1,10,20,25
KARNATAKA,1000.66,134850.46,2025-06,KARNATAKA,61095297,16.378674777536478,22072.15065997633,2.7959801702396416,10.00207194171545,2025-06-01,26,0,,2099-01-01,0,0,-99,15,25
UTTAR PRADESH,972.29,123844.58,2025-06,UTTAR PRADESH,199812341,4.866015758255893,6198.044594252564,1.5822754827974954,8.73198913326414,2025-06-01,26,0,,2099-01-01,0,0,-99,33,25
TELANGANA,738.37,118822.08,2025-06,TELANGANA,35003674,21.094071439472327,33945.6023959085,3.048992026568718,10.432514592812149,2025-06-01,26,0,,2099-01-01,0,0,-99,31,25
TAMIL NADU,699.34,105130.55,2025-06,TAMIL NADU,72147030,9.693261108600035,14571.708634437204,2.2714309129997154,9.586837163036789,2025-06-01,26,0,,2099-01-01,0,0,-99,30,25
ANDHRA PRADESH,496.56,87072.27,2025-06,ANDHRA PRADESH,84580777,5.870837530849356,10294.569651446924,1.7699973035343222,9.239371816883164,2025-06-01,26,0,,2099-01-01,0,0,-99,1,25
RAJASTHAN,478.63,69889.1,2025-06,RAJASTHAN,68548437,6.982361975664011,10195.578930559715,1.9433872514615869,9.229709467130462,2025-06-01,26,0,,2099-01-01,0,0,-99,28,25
GUJARAT,440.93,64058.92,2025-06,GUJARAT,60439692,7.295371392693397,10598.81642017633,1.987240091260535,9.268497615391956,2025-06-01,26,0,,2099-01-01,0,0,-99,10,25
DELHI,420.11,50811.91,2025-06,DELHI,16787941,25.02451015285317,30266.910039772003,3.2198557506981436,10.317810316850577,2025-06-01,26,0,,2099-01-01,0,0,-99,8,25
WEST BENGAL,396.75,57448.44,2025-06,WEST BENGAL,91276115,4.34670121531794,6293.918184401254,1.4694172161081516,8.747339078556905,2025-06-01,26,0,,2099-01-01,0,0,-99,35,25
BIHAR,393.05,59059.01,2025-06,BIHAR,104099452,3.7757163217343352,5673.3257347022345,1.3285901188017664,8.643530774099176,2025-06-01,26,0,,2099-01-01,0,0,-99,4,25
MADHYA PRADESH,386.82,52055.1,2025-06,MADHYA PRADESH,72626809,5.3261323927917585,7167.477232821836,1.672625344910758,8.877309021306276,2025-06-01,26,0,,2099-01-01,0,0,-99,19,25
HARYANA,361.02,48951.4,2025-06,HARYANA,25351462,14.240598826213652,19309.103356642707,2.6560969575022964,9.868331940198564,2025-06-01,26,0,,2099-01-01,0,0,-99,11,25
KERALA,332.83,46102.32,2025-06,KERALA,33406061,9.963162074091883,13800.585468607029,2.298894498529709,9.53246629550675,2025-06-01,26,0,,2099-01-01,0,0,-99,16,25
ODISHA,247.92,31882.11,2025-06,ODISHA,41974218,5.906482879561925,7595.641210039935,1.7760505408264178,8.935329836751308,2025-06-01,26,0,,2099-01-01,0,0,-99,25,25
PUNJAB,187.82,30674.02,2025-06,PUNJAB,27743338,6.769913555463297,11056.355223008853,1.912488318078009,9.310760674924095,2025-06-01,26,0,,2099-01-01,0,0,-99,27,25
ASSAM,181.11,19849.88,2025-06,ASSAM,31205576,5.8037704543572595,6361.004200018612,1.75850778468044,8.757941536955054,2025-06-01,26,0,,2099-01-01,0,0,-99,3,25
JHARKHAND,155.8,20667.56,2025-06,JHARKHAND,32988134,4.7229103652846804,6265.149765670286,1.5524252123906073,8.742757772179367,2025-06-01,26,1,2024-11,2024-11-01,1,1,7,14,25
CHHATTISGARH,120.57,15492.34,2025-06,CHHATTISGARH,25545198,4.719869464311844,6064.677987620217,1.5517811433488988,8.710236726418797,2025-06-01,26,1,2024-02,2024-02-01,1,1,16,6,25
UTTARAKHAND,110.35,13596.45,2025-06,UTTARAKHAND,10086292,10.94059144827455,13480.127285626868,2.392479858446067,9.508971826975639,2025-06-01,26,0,,2099-01-01,0,0,-99,34,25
JAMMU AND KASHMIR,76.74,9485.08,2025-06,JAMMU AND KASHMIR,12541302,6.118981904749602,7563.074392116544,1.8113957272525634,8.931033052131406,2025-06-01,26,0,,2099-01-01,0,0,-99,13,25
HIMACHAL PRADESH,58.14,7262.4,2025-06,HIMACHAL PRADESH,6864602,8.469536908330593,10579.4917170726,2.1364758328281326,9.266672662393649,2025-06-01,26,0,,2099-01-01,0,0,-99,12,25
GOA,28.76,4053.68,2025-06,GOA,1458545,19.718280889516606,27792.628955568736,2.9815461693864402,10.232526119038312,2025-06-01,26,0,,2099-01-01,0,0,-99,9,25
CHANDIGARH,22.92,2742.47,2025-06,CHANDIGARH,1055450,21.715855796105927,25983.89312615472,3.0780426755765964,10.165232129889318,2025-06-01,26,0,,2099-01-01,0,0,-99,5,25
ARUNACHAL PRADESH,17.84,2271.25,2025-06,ARUNACHAL PRADESH,1383727,12.892716554638307,16414.003629328618,2.556662543748841,9.705890129301403,2025-06-01,26,0,,2099-01-01,0,0,-99,2,25
PUDUCHERRY,16.65,2250.01,2025-06,PUDUCHERRY,1247953,13.34184861128584,18029.605281609165,2.5909056074447925,9.79977042364542,2025-06-01,26,0,,2099-01-01,0,0,-99,26,25
MEGHALAYA,13.25,1743.02,2025-06,MEGHALAYA,2966889,4.465957438920027,5874.908026555762,1.4964836233501697,8.678445683835479,2025-06-01,26,0,,2099-01-01,0,0,-99,22,25
TRIPURA,12.51,1607.37,2025-06,TRIPURA,3673917,3.405085090381737,4375.085229198155,1.2252699291223443,8.383681279561541,2025-06-01,26,0,,2099-01-01,0,0,-99,32,25
MANIPUR,10.79,2212.05,2025-06,MANIPUR,2855794,3.7782837277478696,7745.831807196178,1.3292698662456566,8.954910146334718,2025-06-01,26,0,,2099-01-01,0,0,-99,21,25
NAGALAND,10.09,1506.22,2025-06,NAGALAND,1978502,5.09981794307006,7612.931399614456,1.6292048416558682,8.937603580312567,2025-06-01,26,0,,2099-01-01,0,0,-99,24,25
MIZORAM,9.9,1501.27,2025-06,MIZORAM,1097206,9.022918212259139,13682.663055068966,2.199767808609001,9.523884839999429,2025-06-01,26,0,,2099-01-01,0,0,-99,23,25
DADRA & NAGAR HAVELI & DAMAN & DIU,9.47,1020.22,2025-06,DADRA AND NAGAR HAVELI & DAMAN AND DIU,586956,16.134088415485998,17381.541376184927,2.7809343265720368,9.763164081663982,2025-06-01,26,0,,2099-01-01,0,0,-99,7,25
SIKKIM,7.61,973.53,2025-06,SIKKIM,610577,12.463620477024191,15944.426337710067,2.522814039132077,9.676864601230946,2025-06-01,26,0,,2099-01-01,0,0,-99,29,25
LADAKH,4.21,680.01,2025-06,LADAKH,274289,15.348774467805855,24791.734265683277,2.731035631614996,10.118265580859127,2025-06-01,26,0,,2099-01-01,0,0,-99,17,25
ANDAMAN & NICOBAR,3.23,481.96,2025-06,ANDAMAN AND NICOBAR ISLANDS,380581,8.487023787314659,12663.795617752858,2.1385383837778456,9.446502462592402,2025-06-01,26,0,,2099-01-01,0,0,-99,0,25
LAKSHADWEEP,0.49,47.78,2025-06,LAKSHADWEEP,64473,7.600080653917144,7410.854156003288,2.0281588595934936,8.910700982362668,2025-06-01,26,0,,2099-01-01,0,0,-99,18,25
MAHARASHTRA,2195.56,254485.23,2025-03,MAHARASHTRA,112374333,19.537913519807056,22646.206051340923,2.97235686096479,10.027747613628888,2025-03-01,23,1,2024-08,2024-08-01,1,1,7,20,22
KARNATAKA,1092.86,152072.42,2025-03,KARNATAKA,61095297,17.88779257427949,24891.019025572463,2.8841185011026553,10.12226233568759,2025-03-01,23,0,,2099-01-01,0,0,-99,15,22
UTTAR PRADESH,962.13,134045.16,2025-03,UTTAR PRADESH,199812341,4.815168048103695,6708.552601363096,1.57177094559718,8.811138499001961,2025-03-01,23,0,,2099-01-01,0,0,-99,33,22
TELANGANA,784.35,124966.41,2025-03,TELANGANA,35003674,22.407647837195604,35700.94099265123,3.1094023218933793,10.482932325757925,2025-03-01,23,0,,2099-01-01,0,0,-99,31,22
TAMIL NADU,730.26,111554.31,2025-03,TAMIL NADU,72147030,10.12183037888046,15462.079312204536,2.3146945149830755,9.646145809359215,2025-03-01,23,0,,2099-01-01,0,0,-99,30,22
ANDHRA PRADESH,524.69,93739.59,2025-03,ANDHRA PRADESH,84580777,6.203419010917813,11082.848056598013,1.8251005934303508,9.31315397209023,2025-03-01,23,0,,2099-01-01,0,0,-99,1,22
RAJASTHAN,515.61,78119.12,2025-03,RAJASTHAN,68548437,7.521834524104467,11396.192738865804,2.0178100608836,9.341034608327165,2025-03-01,23,0,,2099-01-01,0,0,-99,28,22
GUJARAT,470.83,70343.32,2025-03,GUJARAT,60439692,7.790079406758062,11638.59670231278,2.052851053252792,9.36208215579715,2025-03-01,23,0,,2099-01-01,0,0,-99,10,22
MADHYA PRADESH,427.85,58146.44,2025-03,MADHYA PRADESH,72626809,5.891075291494633,8006.1950677194145,1.773438543224238,8.987970904446726,2025-03-01,23,0,,2099-01-01,0,0,-99,19,22
DELHI,419.25,53531.51,2025-03,DELHI,16787941,24.97328290586678,31886.882375867295,3.2178065696532077,10.369949993414735,2025-03-01,23,0,,2099-01-01,0,0,-99,8,22
BIHAR,414.96,64098.56,2025-03,BIHAR,104099452,3.986188130942322,6157.434911376863,1.3828354186051455,8.725415559313872,2025-03-01,23,0,,2099-01-01,0,0,-99,4,22
WEST BENGAL,405.81,64647.94,2025-03,WEST BENGAL,91276115,4.445960479365275,7082.678748980497,1.4919959264708451,8.865407469505573,2025-03-01,23,0,,2099-01-01,0,0,-99,35,22
KERALA,353.95,50645.7,2025-03,KERALA,33406061,10.595382676215552,15160.63207811301,2.3604183096348317,9.626457352134127,2025-03-01,23,0,,2099-01-01,0,0,-99,16,22
HARYANA,346.8,49619.26,2025-03,HARYANA,25351462,13.679684430034055,19572.543784654314,2.6159118439483677,9.881883035829219,2025-03-01,23,0,,2099-01-01,0,0,-99,11,22
ODISHA,281.28,38771.5,2025-03,ODISHA,41974218,6.7012564712938785,9236.979709782801,1.9022950418437372,9.130970239966056,2025-03-01,23,0,,2099-01-01,0,0,-99,25,22
PUNJAB,194.7,33048.66,2025-03,PUNJAB,27743338,7.017901018255265,11912.286834410483,1.9484641730796954,9.385325653524115,2025-03-01,23,0,,2099-01-01,0,0,-99,27,22
ASSAM,181.37,22815.27,2025-03,ASSAM,31205576,5.812102298640474,7311.279881518611,1.7599423468333273,8.897173623809046,2025-03-01,23,0,,2099-01-01,0,0,-99,3,22
JHARKHAND,166.62,23760.23,2025-03,JHARKHAND,32988134,5.05090709283526,7202.659598751478,1.6195678495007226,8.882205625512414,2025-03-01,23,1,2024-11,2024-11-01,1,1,4,14,22
CHHATTISGARH,128.15,17043.76,2025-03,CHHATTISGARH,25545198,5.016598422920817,6672.00152451353,1.6127520990297595,8.80567517253279,2025-03-01,23,1,2024-02,2024-02-01,1,1,13,6,22
UTTARAKHAND,105.37,13275.09,2025-03,UTTARAKHAND,10086292,10.446852024510097,13161.516640604892,2.3463006913547577,9.485052444485541,2025-03-01,23,0,,2099-01-01,0,0,-99,34,22
JAMMU AND KASHMIR,71.77,10046.35,2025-03,JAMMU AND KASHMIR,12541302,5.722691312273638,8010.611657386131,1.7444392038757377,8.988522398868112,2025-03-01,23,0,,2099-01-01,0,0,-99,13,22
HIMACHAL PRADESH,57.13,7048.59,2025-03,HIMACHAL PRADESH,6864602,8.322405290212018,10268.024278756438,2.118951310433774,9.236789906495096,2025-03-01,23,0,,2099-01-01,0,0,-99,12,22
GOA,32.62,4518.59,2025-03,GOA,1458545,22.364753915717372,30980.12059963868,3.107486233726462,10.341101006785706,2025-03-01,23,0,,2099-01-01,0,0,-99,9,22
CHANDIGARH,24.74,3054.21,2025-03,CHANDIGARH,1055450,23.440238760718177,28937.51480411199,3.1544541506943995,10.272894122417643,2025-03-01,23,0,,2099-01-01,0,0,-99,5,22
ARUNACHAL PRADESH,17.7,2450.07,2025-03,ARUNACHAL PRADESH,1383727,12.791540527864239,17706.31056559567,2.548784056176761,9.781676384150211,2025-03-01,23,0,,2099-01-01,0,0,-99,2,22
PUDUCHERRY,16.94,2340.69,2025-03,PUDUCHERRY,1247953,13.574229157668599,18756.235210781175,2.608173080242248,9.839281520692861,2025-03-01,23,0,,2099-01-01,0,0,-99,26,22
TRIPURA,13.16,1871.46,2025-03,TRIPURA,3673917,3.582007976772475,5093.909307150923,1.2759235305406957,8.535800851523614,2025-03-01,23,0,,2099-01-01,0,0,-99,32,22
MEGHALAYA,13.07,1880.92,2025-03,MEGHALAYA,2966889,4.405287828429038,6339.704653595062,1.4828055985540691,8.754587461739717,2025-03-01,23,0,,2099-01-01,0,0,-99,22,22
MANIPUR,12.02,2655.73,2025-03,MANIPUR,2855794,4.208987062792344,9299.445268111076,1.437222016082675,9.137710028772092,2025-03-01,23,0,,2099-01-01,0,0,-99,21,22
DADRA & NAGAR HAVELI & DAMAN & DIU,10.57,1095.97,2025-03,DADRA AND NAGAR HAVELI & DAMAN AND DIU,586956,18.008164155405176,18672.098078901996,2.8908252192561963,9.834785607238656,2025-03-01,23,0,,2099-01-01,0,0,-99,7,22
MIZORAM,10.02,1681.13,2025-03,MIZORAM,1097206,9.13228691786228,15321.917670884048,2.2118161471251754,9.637039609800619,2025-03-01,23,0,,2099-01-01,0,0,-99,23,22
NAGALAND,9.97,1726.32,2025-03,NAGALAND,1978502,5.0391659952833,8725.389208603277,1.6172405912640977,9.073992354511606,2025-03-01,23,0,,2099-01-01,0,0,-99,24,22
SIKKIM,7.77,1063.13,2025-03,SIKKIM,610577,12.725667688104858,17411.890719761803,2.5436210316380388,9.76490862650741,2025-03-01,23,0,,2099-01-01,0,0,-99,29,22
ANDAMAN & NICOBAR,3.66,597.85,2025-03,ANDAMAN AND NICOBAR ISLANDS,380581,9.616875251260574,15708.8766911643,2.263519393956555,9.661981225902915,2025-03-01,23,0,,2099-01-01,0,0,-99,0,22
LADAKH,2.55,419.6,2025-03,LADAKH,274289,9.296763632518985,15297.733412568496,2.229666343091041,9.635459953436895,2025-03-01,23,0,,2099-01-01,0,0,-99,17,22
LAKSHADWEEP,0.52,64.59,2025-03,LAKSHADWEEP,64473,8.06539171436105,10018.147131357313,2.0875822800642942,9.212153440509386,2025-03-01,23,0,,2099-01-01,0,0,-99,18,22
MAHARASHTRA,2463.88,297260.99,2025-05,MAHARASHTRA,112374333,21.925647380705698,26452.74788861261,3.087657064878464,10.183115321818903,2025-05-01,25,1,2024-08,2024-08-01,1,1,9,20,24
KARNATAKA,1443.05,200378.42,2025-05,KARNATAKA,61095297,23.619657663665993,32797.683265211075,3.162079317169942,10.398113159719468,2025-05-01,25,0,,2099-01-01,0,0,-99,15,24
UTTAR PRADESH,1401.43,182118.99,2025-05,UTTAR PRADESH,199812341,7.013730948680492,9114.501591270582,1.947869791797836,9.117622005559673,2025-05-01,25,0,,2099-01-01,0,0,-99,33,24
TELANGANA,1088.58,174971.59,2025-05,TELANGANA,35003674,31.09902120560259,49986.63568858515,3.4371763462012566,10.819510962454656,2025-05-01,25,0,,2099-01-01,0,0,-99,31,24
TAMIL NADU,859.85,130583.67,2025-05,TAMIL NADU,72147030,11.918023513927047,18099.65981967657,2.4780518352987637,9.803648422584292,2025-05-01,25,0,,2099-01-01,0,0,-99,30,24
RAJASTHAN,763.44,112439.7,2025-05,RAJASTHAN,68548437,11.137234245034646,16402.95605864799,2.410293931235892,9.7052168450482,2025-05-01,25,0,,2099-01-01,0,0,-99,28,24
MADHYA PRADESH,688.25,92795.08,2025-05,MADHYA PRADESH,72626809,9.476528150920137,12776.973307473829,2.248818020382891,9.455399869481669,2025-05-01,25,0,,2099-01-01,0,0,-99,19,24
ANDHRA PRADESH,681.45,119081.99,2025-05,ANDHRA PRADESH,84580777,8.056795221921407,14079.084423639191,2.086515862302447,9.552445600867532,2025-05-01,25,0,,2099-01-01,0,0,-99,1,24
BIHAR,677.1,98286.45,2025-05,BIHAR,104099452,6.504357006605568,9441.591488877386,1.8724722610536007,9.152879834853314,2025-05-01,25,0,,2099-01-01,0,0,-99,4,24
DELHI,605.31,72520.26,2025-05,DELHI,16787941,36.05623822480672,43197.828727179825,3.5850798924445857,10.673545512024166,2025-05-01,25,0,,2099-01-01,0,0,-99,8,24
GUJARAT,585.79,85134.34,2025-05,GUJARAT,60439692,9.692140721034779,14085.832866256169,2.271315322146727,9.552924809996867,2025-05-01,25,0,,2099-01-01,0,0,-99,10,24
WEST BENGAL,579.06,87037.14,2025-05,WEST BENGAL,91276115,6.344047399475755,9535.587705502146,1.8475169558487325,9.162786152789716,2025-05-01,25,0,,2099-01-01,0,0,-99,35,24
HARYANA,462.67,65952.89,2025-05,HARYANA,25351462,18.25022951339059,26015.41875573093,2.904177656025619,10.166444670297945,2025-05-01,25,0,,2099-01-01,0,0,-99,11,24
ODISHA,416.5,52003.42,2025-05,ODISHA,41974218,9.922757822432809,12389.37197114667,2.2948308889538223,9.424594284972603,2025-05-01,25,0,,2099-01-01,0,0,-99,25,24
KERALA,397.08,56646.28,2025-05,KERALA,33406061,11.886465752427382,16956.886955334245,2.4754004211361544,9.73842934033624,2025-05-01,25,0,,2099-01-01,0,0,-99,16,24
ASSAM,251.67,28542.68,2025-05,ASSAM,31205576,8.064904810601798,9146.660199446407,2.0875219087303085,9.121144086113853,2025-05-01,25,0,,2099-01-01,0,0,-99,3,24
JHARKHAND,229.1,30563.83,2025-05,JHARKHAND,32988134,6.944921467822339,9265.098171360647,1.9380106684134093,9.134009734600792,2025-05-01,25,1,2024-11,2024-11-01,1,1,6,14,24
PUNJAB,224.47,38466.52,2025-05,PUNJAB,27743338,8.09095142048156,13865.137641332125,2.0907463286649954,9.537132885251388,2025-05-01,25,0,,2099-01-01,0,0,-99,27,24
CHHATTISGARH,170.88,21544.12,2025-05,CHHATTISGARH,25545198,6.68931984790253,8433.725978557692,1.9005122019915095,9.039993943685934,2025-05-01,25,1,2024-02,2024-02-01,1,1,15,6,24
UTTARAKHAND,141.43,17646.59,2025-05,UTTARAKHAND,10086292,14.022001345985224,17495.616823308308,2.64062762077573,9.769705661299923,2025-05-01,25,0,,2099-01-01,0,0,-99,34,24
JAMMU AND KASHMIR,94.39,11815.9,2025-05,JAMMU AND KASHMIR,12541302,7.526331795534467,9421.589560637325,2.01840777777061,9.150759096502327,2025-05-01,25,0,,2099-01-01,0,0,-99,13,24
HIMACHAL PRADESH,68.39,8430.37,2025-05,HIMACHAL PRADESH,6864602,9.962704319929983,12280.930489487959,2.2988485528074074,9.415802971590129,2025-05-01,25,0,,2099-01-01,0,0,-99,12,24
GOA,40.1,5659.28,2025-05,GOA,1458545,27.4931524224484,38800.85976092613,3.313936970846118,10.566197684152618,2025-05-01,25,0,,2099-01-01,0,0,-99,9,24
CHANDIGARH,32.69,4158.48,2025-05,CHANDIGARH,1055450,30.972570941304653,39400.066322421706,3.4331020044661766,10.581522778594804,2025-05-01,25,0,,2099-01-01,0,0,-99,5,24
ARUNACHAL PRADESH,21.01,2768.13,2025-05,ARUNACHAL PRADESH,1383727,15.183630875165404,20004.885356721377,2.7202179314538864,9.903731790543667,2025-05-01,25,0,,2099-01-01,0,0,-99,2,24
PUDUCHERRY,18.93,2644.69,2025-05,PUDUCHERRY,1247953,15.16884049319165,21192.224386655587,2.7192433562395713,9.961389619167631,2025-05-01,25,0,,2099-01-01,0,0,-99,26,24
MEGHALAYA,16.86,2289.9,2025-05,MEGHALAYA,2966889,5.682720182655974,7718.185614628656,1.737430023491648,8.95133459138452,2025-05-01,25,0,,2099-01-01,0,0,-99,22,24
MANIPUR,15.37,3092.24,2025-05,MANIPUR,2855794,5.38204086149071,10827.951876080697,1.683067644526118,9.289886206328369,2025-05-01,25,0,,2099-01-01,0,0,-99,21,24
TRIPURA,14.82,1968.89,2025-05,TRIPURA,3673917,4.033841809708821,5359.10310439784,1.3947192245114655,8.58655190879435,2025-05-01,25,0,,2099-01-01,0,0,-99,32,24
NAGALAND,12.5,1943.79,2025-05,NAGALAND,1978502,6.317911227787488,9824.554132368832,1.8433886515986062,9.192640054778336,2025-05-01,25,0,,2099-01-01,0,0,-99,24,24
DADRA & NAGAR HAVELI & DAMAN & DIU,12.48,1306.18,2025-05,DADRA AND NAGAR HAVELI & DAMAN AND DIU,586956,21.26224112199211,22253.45681788754,3.0569327823153314,10.010252638128554,2025-05-01,25,0,,2099-01-01,0,0,-99,7,24
MIZORAM,10.92,1750.44,2025-05,MIZORAM,1097206,9.952552209885837,15953.613086330188,2.297829021785216,9.677440608348626,2025-05-01,25,0,,2099-01-01,0,0,-99,23,24
SIKKIM,9.76,1358.66,2025-05,SIKKIM,610577,15.984879875920646,22252.06648792863,2.771643267683484,10.01019015914365,2025-05-01,25,0,,2099-01-01,0,0,-99,29,24
LADAKH,4.33,724.92,2025-05,LADAKH,274289,15.786269226983219,26429.05840190456,2.7591405259351047,10.182219380853402,2025-05-01,25,0,,2099-01-01,0,0,-99,17,24
ANDAMAN & NICOBAR,3.95,630.83,2025-05,ANDAMAN AND NICOBAR ISLANDS,380581,10.37886809903805,16575.446488395373,2.3397718254563107,9.715677752151008,2025-05-01,25,0,,2099-01-01,0,0,-99,0,24
LAKSHADWEEP,0.52,59.61,2025-05,LAKSHADWEEP,64473,8.06539171436105,9245.730771020428,2.0875822800642942,9.131917185696839,2025-05-01,25,0,,2099-01-01,0,0,-99,18,24
MAHARASHTRA,2152.82,250787.01,2025-11,MAHARASHTRA,112374333,19.157577558213404,22317.10776872865,2.9526983323059253,10.013108827844908,2025-11-01,31,1,2024-08,2024-08-01,1,1,15,20,30
UTTAR PRADESH,1118.9,152420.82,2025-11,UTTAR PRADESH,199812341,5.5997542213871565,7628.198500512038,1.7227227077399438,8.939606988997358,2025-11-01,31,0,,2099-01-01,0,0,-99,33,30
KARNATAKA,1105.63,150262.03,2025-11,KARNATAKA,61095297,18.09681029948999,24594.696707997016,2.895735696194543,10.110286117703804,2025-11-01,31,0,,2099-01-01,0,0,-99,15,30
TELANGANA,851.25,131369.55,2025-11,TELANGANA,35003674,24.318875784296242,37530.21754230713,3.191252830054852,10.532901688603264,2025-11-01,31,0,,2099-01-01,0,0,-99,31,30
TAMIL NADU,813.85,123549.07,2025-11,TAMIL NADU,72147030,11.280436630586179,17124.623148035338,2.423069953706062,9.74827265693415,2025-11-01,31,0,,2099-01-01,0,0,-99,30,30
ANDHRA PRADESH,563.45,93846.52,2025-11,ANDHRA PRADESH,84580777,6.66167916617744,11095.490409126887,1.8963715798272833,9.314294035302606,2025-11-01,31,0,,2099-01-01,0,0,-99,1,30
RAJASTHAN,530.23,81243.65,2025-11,RAJASTHAN,68548437,7.735114368836739,11852.006195268901,2.045770269802822,9.380252431412599,2025-11-01,31,0,,2099-01-01,0,0,-99,28,30
GUJARAT,510.56,76129.09,2025-11,GUJARAT,60439692,8.447428884978434,12595.87656403014,2.1338621211013176,9.441124782556365,2025-11-01,31,0,,2099-01-01,0,0,-99,10,30
DELHI,491.14,64440.35,2025-11,DELHI,16787941,29.255523354531686,38384.903783019014,3.3760683884847897,10.555419530629159,2025-11-01,31,0,,2099-01-01,0,0,-99,8,30
BIHAR,456.53,66454.52,2025-11,BIHAR,104099452,4.3855178027258015,6383.753105635945,1.4783077038528443,8.761511464452582,2025-11-01,31,0,,2099-01-01,0,0,-99,4,30
WEST BENGAL,449.67,65964.8,2025-11,WEST BENGAL,91276115,4.926480492733504,7226.950884138748,1.5946248371122471,8.885572495098097,2025-11-01,31,0,,2099-01-01,0,0,-99,35,30
MADHYA PRADESH,444.92,59792.96,2025-11,MADHYA PRADESH,72626809,6.126112466265728,8232.904739075071,1.8125603670840027,9.015894176610214,2025-11-01,31,0,,2099-01-01,0,0,-99,19,30
KERALA,416.28,57144.28,2025-11,KERALA,33406061,12.46121175435799,17105.961699584994,2.5226207601842923,9.747182319133485,2025-11-01,31,0,,2099-01-01,0,0,-99,16,30
HARYANA,402.11,58994.49,2025-11,HARYANA,25351462,15.86141264752305,23270.646087393303,2.7638892820714336,10.054948020732272,2025-11-01,31,0,,2099-01-01,0,0,-99,11,30
ODISHA,288.64,36149.1,2025-11,ODISHA,41974218,6.876602203762319,8612.215241270249,1.9281246642211838,9.060936851352404,2025-11-01,31,0,,2099-01-01,0,0,-99,25,30
PUNJAB,221.74,39570.9,2025-11,PUNJAB,27743338,7.992549418530675,14263.20798167834,2.078509785045747,9.565438632319816,2025-11-01,31,0,,2099-01-01,0,0,-99,27,30
ASSAM,212.71,23038.37,2025-11,ASSAM,31205576,6.816409990317115,7382.773514579574,1.9193329388795546,8.906904661977437,2025-11-01,31,0,,2099-01-01,0,0,-99,3,30
JHARKHAND,178.47,23547.39,2025-11,JHARKHAND,32988134,5.410127168757105,7138.139429165651,1.6882725988218834,8.873207437225211,2025-11-01,31,1,2024-11,2024-11-01,1,1,12,14,30
CHHATTISGARH,136.64,17074.67,2025-11,CHHATTISGARH,25545198,5.348950515083109,6684.101646031476,1.6769003762599393,8.807487096965225,2025-11-01,31,1,2024-02,2024-02-01,1,1,21,6,30
UTTARAKHAND,114.89,14826.57,2025-11,UTTARAKHAND,10086292,11.390707308493548,14699.723149002626,2.432797874608595,9.595583939188295,2025-11-01,31,0,,2099-01-01,0,0,-99,34,30
JAMMU AND KASHMIR,83.52,11668.35,2025-11,JAMMU AND KASHMIR,12541302,6.6595956305015225,9303.93829922922,1.8960587665680857,9.138193062537347,2025-11-01,31,0,,2099-01-01,0,0,-99,13,30
HIMACHAL PRADESH,58.58,7825.51,2025-11,HIMACHAL PRADESH,6864602,8.533633850877298,11399.801474287948,2.14401527909699,9.341351219694808,2025-11-01,31,0,,2099-01-01,0,0,-99,12,30
GOA,36.33,5222.28,2025-11,GOA,1458545,24.908384725874072,35804.72320017552,3.215204482766705,10.4858350966522,2025-11-01,31,0,,2099-01-01,0,0,-99,9,30
CHANDIGARH,27.17,3431.5,2025-11,CHANDIGARH,1055450,25.742574257425744,32512.19858827988,3.248146207168314,10.389370639072792,2025-11-01,31,0,,2099-01-01,0,0,-99,5,30
ARUNACHAL PRADESH,21.79,2852.69,2025-11,ARUNACHAL PRADESH,1383727,15.747325881478066,20615.988558436744,2.756670565553506,9.93382219734741,2025-11-01,31,0,,2099-01-01,0,0,-99,2,30
PUDUCHERRY,18.57,2562.42,2025-11,PUDUCHERRY,1247953,14.88036809078547,20532.984815934575,2.700042766382954,9.929787887459515,2025-11-01,31,0,,2099-01-01,0,0,-99,26,30
MEGHALAYA,16.85,2294.28,2025-11,MEGHALAYA,2966889,5.679349648739808,7732.948553181465,1.7368367277163093,8.953245511694297,2025-11-01,31,0,,2099-01-01,0,0,-99,22,30
MANIPUR,15.77,3133.61,2025-11,MANIPUR,2855794,5.522106986708425,10972.81526608712,1.7087594879505603,9.303176153533958,2025-11-01,31,0,,2099-01-01,0,0,-99,21,30
TRIPURA,15.36,2067.22,2025-11,TRIPURA,3673917,4.180823899941125,5626.746603148627,1.4305083323630505,8.63528668610165,2025-11-01,31,0,,2099-01-01,0,0,-99,32,30
MIZORAM,13.33,2021.97,2025-11,MIZORAM,1097206,12.14904038074892,18428.353472365263,2.497250185659074,9.8216457071376,2025-11-01,31,0,,2099-01-01,0,0,-99,23,30
NAGALAND,12.99,2000.56,2025-11,NAGALAND,1978502,6.565573347916757,10111.48838869003,1.881839837972859,9.221427520633794,2025-11-01,31,0,,2099-01-01,0,0,-99,24,30
DADRA & NAGAR HAVELI & DAMAN & DIU,10.44,1140.73,2025-11,DADRA AND NAGAR HAVELI & DAMAN AND DIU,586956,17.78668247705109,19434.67653452729,2.8784500018285426,9.87481419969669,2025-11-01,31,0,,2099-01-01,0,0,-99,7,30
SIKKIM,8.71,1125.59,2025-11,SIKKIM,610577,14.265195053203772,18434.85752001795,2.657822658122894,9.821998581862568,2025-11-01,31,0,,2099-01-01,0,0,-99,29,30
ANDAMAN & NICOBAR,4.22,662.1,2025-11,ANDAMAN AND NICOBAR ISLANDS,380581,11.088309715934322,17397.08498322302,2.4058913745912007,9.764057941468126,2025-11-01,31,0,,2099-01-01,0,0,-99,0,30
LADAKH,3.3,607.85,2025-11,LADAKH,274289,12.031105877377511,22160.93244716339,2.4874954523931407,10.006086217916554,2025-11-01,31,0,,2099-01-01,0,0,-99,17,30
LAKSHADWEEP,0.64,68.1,2025-11,LAKSHADWEEP,64473,9.926635956136677,10562.561072076684,2.2952216448425387,9.26507105362047,2025-11-01,31,0,,2099-01-01,0,0,-99,18,30
MAHARASHTRA,2146.3,267656.87,2025-10,MAHARASHTRA,112374333,19.099557191587515,23818.327802666467,2.949665151097321,10.078210639045665,2025-10-01,30,1,2024-08,2024-08-01,1,1,14,20,29
UTTAR PRADESH,1136.16,153595.1,2025-10,UTTAR PRADESH,199812341,5.686135272295318,7686.967643304874,1.7380308033600518,8.947281660065507,2025-10-01,30,0,,2099-01-01,0,0,-99,33,29
KARNATAKA,1086.64,150900.53,2025-10,KARNATAKA,61095297,17.785984410551272,24699.205570602266,2.878410754475955,10.114526358965312,2025-10-01,30,0,,2099-01-01,0,0,-99,15,29
TELANGANA,836.27,130835.09,2025-10,TELANGANA,35003674,23.890920707352034,37377.53071291888,3.1734985000405525,10.52882501978312,2025-10-01,30,0,,2099-01-01,0,0,-99,31,29
TAMIL NADU,812.02,128292.11,2025-10,TAMIL NADU,72147030,11.25507176109675,17782.036211331222,2.420818850268778,9.785944025082745,2025-10-01,30,0,,2099-01-01,0,0,-99,30,29
ANDHRA PRADESH,559.76,96804.61,2025-10,ANDHRA PRADESH,84580777,6.6180522318918875,11445.225905172283,1.8898011018665664,9.345327970520596,2025-10-01,30,0,,2099-01-01,0,0,-99,1,29
RAJASTHAN,549.28,84940.47,2025-10,RAJASTHAN,68548437,8.013020048874345,12391.306602658206,2.081067724836276,9.42475042529053,2025-10-01,30,0,,2099-01-01,0,0,-99,28,29
GUJARAT,534.08,85444.71,2025-10,GUJARAT,60439692,8.83657712881793,14137.184881749565,2.1788995990448545,9.556563830644542,2025-10-01,30,0,,2099-01-01,0,0,-99,10,29
DELHI,509.59,67595.24,2025-10,DELHI,16787941,30.35452650208861,40264.1634254016,3.412945649781396,10.603217107294611,2025-10-01,30,0,,2099-01-01,0,0,-99,8,29
MADHYA PRADESH,451.87,61257.18,2025-10,MADHYA PRADESH,72626809,6.22180715663826,8434.51348661071,1.8280604042050699,9.040087315380736,2025-10-01,30,0,,2099-01-01,0,0,-99,19,29
BIHAR,450.63,66192.56,2025-10,BIHAR,104099452,4.328841231556147,6358.588708036618,1.4652998922400737,8.757561730458338,2025-10-01,30,0,,2099-01-01,0,0,-99,4,29
WEST BENGAL,447.84,65188.51,2025-10,WEST BENGAL,91276115,4.906431436088181,7141.902347618542,1.5905468824687763,8.873734455086757,2025-10-01,30,0,,2099-01-01,0,0,-99,35,29
HARYANA,420.32,62164.88,2025-10,HARYANA,25351462,16.57971441647034,24521.220906313018,2.8081799249792105,10.107294181074543,2025-10-01,30,0,,2099-01-01,0,0,-99,11,29
KERALA,418.45,58242.07,2025-10,KERALA,33406061,12.526170026451188,17434.5817065951,2.5278200578935164,9.766210967230041,2025-10-01,30,0,,2099-01-01,0,0,-99,16,29
ODISHA,283.56,36507.19,2025-10,ODISHA,41974218,6.755575529721602,8697.527134394737,1.9103681683337417,9.070794026813669,2025-10-01,30,0,,2099-01-01,0,0,-99,25,29
PUNJAB,230.69,40156.23,2025-10,PUNJAB,27743338,8.31514938829639,14474.18836190512,2.118079078604535,9.58012222915272,2025-10-01,30,0,,2099-01-01,0,0,-99,27,29
ASSAM,205.38,22054.63,2025-10,ASSAM,31205576,6.581516072640351,7067.528572457692,1.8842651249741444,8.863266132355143,2025-10-01,30,0,,2099-01-01,0,0,-99,3,29
JHARKHAND,182.17,24168.3,2025-10,JHARKHAND,32988134,5.522288711450002,7326.36165476956,1.708792395996697,8.899234308045713,2025-10-01,30,1,2024-11,2024-11-01,1,1,11,14,29
CHHATTISGARH,140.51,18674.41,2025-10,CHHATTISGARH,25545198,5.500446698436239,7310.340675378598,1.7048293068379283,8.897045155676851,2025-10-01,30,1,2024-02,2024-02-01,1,1,20,6,29
UTTARAKHAND,119.77,15792.93,2025-10,UTTARAKHAND,10086292,11.874532285997669,15657.81557781591,2.474395962702737,9.658725469254156,2025-10-01,30,0,,2099-01-01,0,0,-99,34,29
JAMMU AND KASHMIR,87.23,12529.98,2025-10,JAMMU AND KASHMIR,12541302,6.9554181854483685,9990.97222919917,1.9395209508788842,9.209437187147449,2025-10-01,30,0,,2099-01-01,0,0,-99,13,29
HIMACHAL PRADESH,61.96,8658.35,2025-10,HIMACHAL PRADESH,6864602,9.026014909531536,12613.040056801545,2.2001109532460705,9.44248648291673,2025-10-01,30,0,,2099-01-01,0,0,-99,12,29
GOA,35.89,5282.52,2025-10,GOA,1458545,24.606714225478132,36217.73753980851,3.2030193416931105,10.497304265096819,2025-10-01,30,0,,2099-01-01,0,0,-99,9,29
CHANDIGARH,27.9,3639.56,2025-10,CHANDIGARH,1055450,26.434222369605383,34483.49045430859,3.2746594725573774,10.448235950927542,2025-10-01,30,0,,2099-01-01,0,0,-99,5,29
ARUNACHAL PRADESH,21.57,2796.38,2025-10,ARUNACHAL PRADESH,1383727,15.588334982261674,20209.044125033335,2.7465228769980423,9.913885512150639,2025-10-01,30,0,,2099-01-01,0,0,-99,2,29
PUDUCHERRY,19.35,2750.37,2025-10,PUDUCHERRY,1247953,15.505391629332195,22039.05115016351,2.7411878104941305,10.00057121107712,2025-10-01,30,0,,2099-01-01,0,0,-99,26,29
MEGHALAYA,16.36,2185.06,2025-10,MEGHALAYA,2966889,5.514193486847671,7364.818838857807,1.7073254020925397,8.90446973101889,2025-10-01,30,0,,2099-01-01,0,0,-99,22,29
MANIPUR,16.17,3286.9,2025-10,MANIPUR,2855794,5.662173111926141,11509.58367445271,1.733807760564629,9.350935330293089,2025-10-01,30,0,,2099-01-01,0,0,-99,21,29
TRIPURA,15.1,1955.12,2025-10,TRIPURA,3673917,4.11005474538483,5321.622671388603,1.413436348464403,8.579533549247465,2025-10-01,30,0,,2099-01-01,0,0,-99,32,29
MIZORAM,13.7,1971.75,2025-10,MIZORAM,1097206,12.486260556358605,17970.645439416116,2.524628884302536,9.796494896740603,2025-10-01,30,0,,2099-01-01,0,0,-99,23,29
NAGALAND,12.84,1907.98,2025-10,NAGALAND,1978502,6.489758413183307,9643.558611515176,1.8702253055521658,9.174045470057397,2025-10-01,30,0,,2099-01-01,0,0,-99,24,29
DADRA & NAGAR HAVELI & DAMAN & DIU,11.45,1285.07,2025-10,DADRA AND NAGAR HAVELI & DAMAN AND DIU,586956,19.507424747340515,21893.80464634487,2.9707951493742986,9.993958982921894,2025-10-01,30,0,,2099-01-01,0,0,-99,7,29
SIKKIM,7.59,1014.3,2025-10,SIKKIM,610577,12.43086457563911,16612.15538744499,2.5201824586660213,9.717889958634478,2025-10-01,30,0,,2099-01-01,0,0,-99,29,29
ANDAMAN & NICOBAR,4.11,658.62,2025-10,ANDAMAN AND NICOBAR ISLANDS,380581,10.799277946087694,17305.64584148972,2.3794792750514233,9.758788076464606,2025-10-01,30,0,,2099-01-01,0,0,-99,0,29
LADAKH,3.0,663.27,2025-10,LADAKH,274289,10.937368979434101,24181.42907663085,2.392185272588816,10.09334022401999,2025-10-01,30,0,,2099-01-01,0,0,-99,17,29
LAKSHADWEEP,0.6,64.14,2025-10,LAKSHADWEEP,64473,9.306221208878135,9948.350472290726,2.2306831237049676,9.205162034730012,2025-10-01,30,0,,2099-01-01,0,0,-99,18,29
MAHARASHTRA,1973.44,236052.07,2025-09,MAHARASHTRA,112374333,17.561305569662423,21005.87061993952,2.8656979345128297,9.952557230968262,2025-09-01,29,1,2024-08,2024-08-01,1,1,13,20,28
KARNATAKA,1060.37,143932.39,2025-09,KARNATAKA,61095297,17.356000413583388,23558.66933587376,2.8539382917655227,10.067249156368856,2025-09-01,29,0,,2099-01-01,0,0,-99,15,28
UTTAR PRADESH,1036.09,132034.73,2025-09,UTTAR PRADESH,199812341,5.185315355471461,6607.93669396026,1.6458306605593644,8.796026734943098,2025-09-01,29,0,,2099-01-01,0,0,-99,33,28
TELANGANA,795.5,123214.19,2025-09,TELANGANA,35003674,22.726185828379045,35200.35925371719,3.1235178203689715,10.468811567605618,2025-09-01,29,0,,2099-01-01,0,0,-99,31,28
TAMIL NADU,780.35,118940.73,2025-09,TAMIL NADU,72147030,10.816107052500984,16485.880291953807,2.3810364168571176,9.710259553652694,2025-09-01,29,0,,2099-01-01,0,0,-99,30,28
ANDHRA PRADESH,537.17,90881.68,2025-09,ANDHRA PRADESH,84580777,6.350970268338869,10744.956859405534,1.8486075993957511,9.282191794122578,2025-09-01,29,0,,2099-01-01,0,0,-99,1,28
RAJASTHAN,519.12,73664.21,2025-09,RAJASTHAN,68548437,7.573039192709821,10746.30045904621,2.024594465439807,9.28231683098036,2025-09-01,29,0,,2099-01-01,0,0,-99,28,28
GUJARAT,515.11,75403.93,2025-09,GUJARAT,60439692,8.522710539292623,12475.895807013707,2.1427344286605567,9.431553726219088,2025-09-01,29,0,,2099-01-01,0,0,-99,10,28
DELHI,491.29,61354.33,2025-09,DELHI,16787941,29.264458339471172,36546.667634821926,3.376373753754917,10.506345288239544,2025-09-01,29,0,,2099-01-01,0,0,-99,8,28
WEST BENGAL,446.23,66198.25,2025-09,WEST BENGAL,91276115,4.888792648547761,7252.5271260723575,1.5869453708639576,8.889105256226049,2025-09-01,29,0,,2099-01-01,0,0,-99,35,28
MADHYA PRADESH,420.54,54092.94,2025-09,MADHYA PRADESH,72626809,5.790423753851005,7448.067834014296,1.7562054761004624,8.915709926597263,2025-09-01,29,0,,2099-01-01,0,0,-99,19,28
HARYANA,402.1,55079.83,2025-09,HARYANA,25351462,15.86101819295471,21726.490566895118,2.763864412945209,9.986287558454102,2025-09-01,29,0,,2099-01-01,0,0,-99,11,28
BIHAR,396.78,57313.62,2025-09,BIHAR,104099452,3.811547442151761,5505.660106644942,1.338035259476627,8.613531952348659,2025-09-01,29,0,,2099-01-01,0,0,-99,4,28
KERALA,396.26,55742.0,2025-09,KERALA,33406061,11.861919308594928,16686.193562299966,2.473333210880746,9.722336923676409,2025-09-01,29,0,,2099-01-01,0,0,-99,16,28
ODISHA,269.19,34741.86,2025-09,ODISHA,41974218,6.4132225167363455,8276.952294858715,1.858361877325001,9.02123009929004,2025-09-01,29,0,,2099-01-01,0,0,-99,25,28
PUNJAB,212.73,34593.51,2025-09,PUNJAB,27743338,7.6677867674034035,12469.12321797759,2.0370280166855563,9.431010724893191,2025-09-01,29,0,,2099-01-01,0,0,-99,27,28
ASSAM,198.7,21541.07,2025-09,ASSAM,31205576,6.367451765671622,6902.955420531253,1.8511993527617665,8.839704920697871,2025-09-01,29,0,,2099-01-01,0,0,-99,3,28
JHARKHAND,169.52,22201.63,2025-09,JHARKHAND,32988134,5.138817491162125,6730.186678640265,1.636822992914003,8.814358160536433,2025-09-01,29,1,2024-11,2024-11-01,1,1,10,14,28
CHHATTISGARH,130.25,16200.81,2025-09,CHHATTISGARH,25545198,5.098805654197709,6342.0177835380255,1.6290063268531558,8.754952259184241,2025-09-01,29,1,2024-02,2024-02-01,1,1,19,6,28
UTTARAKHAND,108.04,13117.86,2025-09,UTTARAKHAND,10086292,10.711567739660918,13005.631802053718,2.3713242546677367,9.473137758175508,2025-09-01,29,0,,2099-01-01,0,0,-99,34,28
JAMMU AND KASHMIR,78.0,10480.68,2025-09,JAMMU AND KASHMIR,12541302,6.21944994227872,8356.931361672017,1.8276814691233487,9.030846576694046,2025-09-01,29,0,,2099-01-01,0,0,-99,13,28
HIMACHAL PRADESH,53.1,6899.72,2025-09,HIMACHAL PRADESH,6864602,7.735335566431965,10051.158100644436,2.045798865945296,9.215443140743275,2025-09-01,29,0,,2099-01-01,0,0,-99,12,28
GOA,32.28,4603.0,2025-09,GOA,1458545,22.131644892684147,31558.84803005735,3.0970084799353423,10.359609273344882,2025-09-01,29,0,,2099-01-01,0,0,-99,9,28
CHANDIGARH,26.78,3269.59,2025-09,CHANDIGARH,1055450,25.37306362215169,30978.160973992137,3.233688123993084,10.341037750491392,2025-09-01,29,0,,2099-01-01,0,0,-99,5,28
ARUNACHAL PRADESH,21.02,2672.74,2025-09,ARUNACHAL PRADESH,1383727,15.190857734220696,19315.51527143721,2.7206937820457826,9.868663952012849,2025-09-01,29,0,,2099-01-01,0,0,-99,2,28
PUDUCHERRY,18.13,2512.47,2025-09,PUDUCHERRY,1247953,14.527790710066805,20132.729357595996,2.6760634157850993,9.910102096009924,2025-09-01,29,0,,2099-01-01,0,0,-99,26,28
TRIPURA,15.6,2140.32,2025-09,TRIPURA,3673917,4.246149273377705,5825.716803074212,1.4460125188990158,8.670037327184847,2025-09-01,29,0,,2099-01-01,0,0,-99,32,28
MEGHALAYA,15.56,2043.82,2025-09,MEGHALAYA,2966889,5.244550773554386,6888.764628538513,1.657189589668184,8.83764704873553,2025-09-01,29,0,,2099-01-01,0,0,-99,22,28
MANIPUR,14.71,2876.08,2025-09,MANIPUR,2855794,5.15093175488148,10071.034535404164,1.6391776215889595,9.21741871483541,2025-09-01,29,0,,2099-01-01,0,0,-99,21,28
MIZORAM,12.4,1801.33,2025-09,MIZORAM,1097206,11.301432912324577,16417.427538675507,2.424929524079448,9.706098704391644,2025-09-01,29,0,,2099-01-01,0,0,-99,23,28
NAGALAND,12.21,1786.09,2025-09,NAGALAND,1978502,6.171335687302818,9027.486451871164,1.819915295412964,9.1080292523885,2025-09-01,29,0,,2099-01-01,0,0,-99,24,28
DADRA & NAGAR HAVELI & DAMAN & DIU,10.35,1114.65,2025-09,DADRA AND NAGAR HAVELI & DAMAN AND DIU,586956,17.63334900742134,18990.350213644633,2.869791939085428,9.851686245639684,2025-09-01,29,0,,2099-01-01,0,0,-99,7,28
SIKKIM,8.51,1132.35,2025-09,SIKKIM,610577,13.93763603935294,18545.57246669953,2.6345928098437654,9.827986358506271,2025-09-01,29,0,,2099-01-01,0,0,-99,29,28
LADAKH,3.76,681.25,2025-09,LADAKH,274289,13.708169120890739,24836.942057464938,2.6179919413225092,10.120087422892206,2025-09-01,29,0,,2099-01-01,0,0,-99,17,28
ANDAMAN & NICOBAR,3.67,561.59,2025-09,ANDAMAN AND NICOBAR ISLANDS,380581,9.643150866701175,14756.122875288047,2.266247908609759,9.599413385822588,2025-09-01,29,0,,2099-01-01,0,0,-99,0,28
LAKSHADWEEP,0.55,57.82,2025-09,LAKSHADWEEP,64473,8.530702774804958,8968.09517162223,2.143671746715338,9.101428577053204,2025-09-01,29,0,,2099-01-01,0,0,-99,18,28
MAHARASHTRA,1779.25,245463.14,2024-04,MAHARASHTRA,112374333,15.833241920109995,21843.345668623457,2.762111648889082,9.991651608081744,2024-04-01,13,1,2024-08,2024-08-01,0,0,-4,20,12
KARNATAKA,1095.55,153489.72,2024-04,KARNATAKA,61095297,17.931822149911145,25123.000875173748,2.886576908215409,10.131539075038479,2024-04-01,13,0,,2099-01-01,0,0,-99,15,12
UTTAR PRADESH,1007.12,141875.13,2024-04,UTTAR PRADESH,199812341,5.040329315795364,7100.418787446167,1.617471420384272,8.867909045437258,2024-04-01,13,0,,2099-01-01,0,0,-99,33,12
TELANGANA,851.14,138376.57,2024-04,TELANGANA,35003674,24.315733257028963,39532.01312525079,3.1911235999722587,10.584866081511874,2024-04-01,13,0,,2099-01-01,0,0,-99,31,12
TAMIL NADU,638.48,101057.95,2024-04,TAMIL NADU,72147030,8.849705940771228,14007.22247332981,2.1803842314363084,9.547328366523537,2024-04-01,13,0,,2099-01-01,0,0,-99,30,12
RAJASTHAN,586.35,89437.41,2024-04,RAJASTHAN,68548437,8.553805537535451,13047.330313308237,2.1463762760339677,9.476338818129932,2024-04-01,13,0,,2099-01-01,0,0,-99,28,12
MADHYA PRADESH,581.87,80171.32,2024-04,MADHYA PRADESH,72626809,8.011779782311516,11038.805243391598,2.080912931443738,9.30917209326752,2024-04-01,13,0,,2099-01-01,0,0,-99,19,12
ANDHRA PRADESH,513.63,98416.61,2024-04,ANDHRA PRADESH,84580777,6.072656438235369,11635.812946007814,1.803796143313761,9.36184294403107,2024-04-01,13,0,,2099-01-01,0,0,-99,1,12
BIHAR,475.94,75106.9,2024-04,BIHAR,104099452,4.57197411567546,7214.917903698475,1.519945084428231,8.883906092584464,2024-04-01,13,0,,2099-01-01,0,0,-99,4,12
DELHI,463.58,58505.66,2024-04,DELHI,16787941,27.613868788316566,34849.81273165065,3.3183181388464207,10.458803042620449,2024-04-01,13,0,,2099-01-01,0,0,-99,8,12
GUJARAT,431.65,66727.0,2024-04,GUJARAT,60439692,7.141829908729515,11040.261422907317,1.9659690332529158,9.309303999161898,2024-04-01,13,0,,2099-01-01,0,0,-99,10,12
WEST BENGAL,387.08,64939.85,2024-04,WEST BENGAL,91276115,4.240758932388829,7114.659733271952,1.4447422467143747,8.869912685525394,2024-04-01,13,0,,2099-01-01,0,0,-99,35,12
HARYANA,349.9,50557.95,2024-04,HARYANA,25351462,13.80196534621948,19942.814343409464,2.624810998415623,9.900624174148684,2024-04-01,13,0,,2099-01-01,0,0,-99,11,12
KERALA,311.31,44570.14,2024-04,KERALA,33406061,9.318967596927994,13341.932172128883,2.23205184969993,9.498667149470664,2024-04-01,13,0,,2099-01-01,0,0,-99,16,12
ODISHA,295.47,40347.56,2024-04,ODISHA,41974218,7.039321137561157,9612.462583579281,1.9515117361966456,9.170815721330825,2024-04-01,13,0,,2099-01-01,0,0,-99,25,12
PUNJAB,187.49,30985.4,2024-04,PUNJAB,27743338,6.758018807974729,11168.591176735834,1.9107297713564009,9.320860758480794,2024-04-01,13,0,,2099-01-01,0,0,-99,27,12
ASSAM,171.13,23893.99,2024-04,ASSAM,31205576,5.483955816101584,7656.961691718174,1.7018267047933557,8.943370538060014,2024-04-01,13,0,,2099-01-01,0,0,-99,3,12
JHARKHAND,158.97,22618.61,2024-04,JHARKHAND,32988134,4.819005524835082,6856.589705862114,1.57256758412674,8.832965469685776,2024-04-01,13,1,2024-11,2024-11-01,0,0,-7,14,12
CHHATTISGARH,129.73,17607.35,2024-04,CHHATTISGARH,25545198,5.078449577881526,6892.626160110405,1.6250060138026003,8.838207446700027,2024-04-01,13,1,2024-02,2024-02-01,1,1,2,6,12
UTTARAKHAND,106.39,13493.01,2024-04,UTTARAKHAND,10086292,10.547979376365467,13377.572253510012,2.355934313271596,9.501334871292908,2024-04-01,13,0,,2099-01-01,0,0,-99,34,12
JAMMU AND KASHMIR,60.25,8502.35,2024-04,JAMMU AND KASHMIR,12541302,4.804126397721704,6779.47951496583,1.5694752148045215,8.821655610283495,2024-04-01,13,0,,2099-01-01,0,0,-99,13,12
HIMACHAL PRADESH,55.17,6913.91,2024-04,HIMACHAL PRADESH,6864602,8.03688254614033,10071.829364615749,2.084041264981742,9.217497634021475,2024-04-01,13,0,,2099-01-01,0,0,-99,12,12
GOA,27.96,3945.63,2024-04,GOA,1458545,19.169789070614893,27051.822192664607,2.953335553899204,10.205509645875086,2024-04-01,13,0,,2099-01-01,0,0,-99,9,12
CHANDIGARH,27.9,3619.8,2024-04,CHANDIGARH,1055450,26.434222369605383,34296.2717324364,3.2746594725573774,10.442791931398874,2024-04-01,13,0,,2099-01-01,0,0,-99,5,12
PUDUCHERRY,14.08,2006.9,2024-04,PUDUCHERRY,1247953,11.282476182997277,16081.53512191565,2.423250741748236,9.685427005957022,2024-04-01,13,0,,2099-01-01,0,0,-99,26,12
ARUNACHAL PRADESH,12.69,2321.35,2024-04,ARUNACHAL PRADESH,1383727,9.170884141163683,16776.06926799867,2.216033698323274,9.727708701566954,2024-04-01,13,0,,2099-01-01,0,0,-99,2,12
TRIPURA,10.75,1653.37,2024-04,TRIPURA,3673917,2.9260323518468163,4500.2921949516,1.0736473592171962,8.411897605861872,2024-04-01,13,0,,2099-01-01,0,0,-99,32,12
MEGHALAYA,9.69,1479.23,2024-04,MEGHALAYA,2966889,3.26604736476491,4985.794884810318,1.1835804968206134,8.514348125012337,2024-04-01,13,0,,2099-01-01,0,0,-99,22,12
DADRA & NAGAR HAVELI & DAMAN & DIU,9.42,990.81,2024-04,DADRA AND NAGAR HAVELI & DAMAN AND DIU,586956,16.048903154580582,16880.481671539263,2.7756405079623216,9.733913302786627,2024-04-01,13,0,,2099-01-01,0,0,-99,7,12
MANIPUR,8.62,2111.38,2024-04,MANIPUR,2855794,3.0184249984417644,7393.320386554492,1.104735171651215,8.908332221092401,2024-04-01,13,0,,2099-01-01,0,0,-99,21,12
NAGALAND,8.16,1632.88,2024-04,NAGALAND,1978502,4.124332449499672,8253.112708503708,1.4169041762663663,9.018345706170184,2024-04-01,13,0,,2099-01-01,0,0,-99,24,12
MIZORAM,6.67,1282.48,2024-04,MIZORAM,1097206,6.079077219774591,11688.598130159697,1.8048529113959892,9.36636912684392,2024-04-01,13,0,,2099-01-01,0,0,-99,23,12
SIKKIM,5.39,891.0,2024-04,SIKKIM,610577,8.827715423279948,14592.754067054606,2.1778962521793885,9.588280387723337,2024-04-01,13,0,,2099-01-01,0,0,-99,29,12
ANDAMAN & NICOBAR,3.0,535.64,2024-04,ANDAMAN AND NICOBAR ISLANDS,380581,7.882684632180797,14074.270654604408,2.0646685352113896,9.552103633164691,2024-04-01,13,0,,2099-01-01,0,0,-99,0,12
LADAKH,2.7,532.87,2024-04,LADAKH,274289,9.843632081490691,19427.31936023683,2.2868247569309896,9.874435568892535,2024-04-01,13,0,,2099-01-01,0,0,-99,17,12
LAKSHADWEEP,0.36,49.41,2024-04,LAKSHADWEEP,64473,5.583732725326881,7663.673165511143,1.7198574999389769,8.944246673322663,2024-04-01,13,0,,2099-01-01,0,0,-99,18,12
MAHARASHTRA,1884.85,236602.01,2024-08,MAHARASHTRA,112374333,16.772958287547745,21054.808841446025,2.81976796382869,9.954884261544889,2024-08-01,17,1,2024-08,2024-08-01,1,1,0,20,16
KARNATAKA,1182.92,160368.38,2024-08,KARNATAKA,61095297,19.361883124980963,26248.89113805274,2.9633063459704454,10.17537902476764,2024-08-01,17,0,,2099-01-01,0,0,-99,15,16
UTTAR PRADESH,931.98,121507.51,2024-08,UTTAR PRADESH,199812341,4.664276467287874,6081.081348223632,1.5399327241541392,8.71293781247244,2024-08-01,17,0,,2099-01-01,0,0,-99,33,16
TELANGANA,918.97,144389.06,2024-08,TELANGANA,35003674,26.253529843752972,41249.68710427368,3.267800450235529,10.627398806383118,2024-08-01,17,0,,2099-01-01,0,0,-99,31,16
TAMIL NADU,677.8,105507.85,2024-08,TAMIL NADU,72147030,9.394704120183464,14624.004619455576,2.240146139041506,9.59041960957569,2024-08-01,17,0,,2099-01-01,0,0,-99,30,16
RAJASTHAN,597.32,84947.05,2024-08,RAJASTHAN,68548437,8.713838362208024,12392.266507841747,2.164912378315962,9.424827888308451,2024-08-01,17,0,,2099-01-01,0,0,-99,28,16
MADHYA PRADESH,558.88,70795.32,2024-08,MADHYA PRADESH,72626809,7.695230007971299,9747.821909675256,2.040600657418696,9.184799145156303,2024-08-01,17,0,,2099-01-01,0,0,-99,19,16
ANDHRA PRADESH,555.05,99099.85,2024-08,ANDHRA PRADESH,84580777,6.562365819836344,11716.592530238875,1.8813511812075812,9.368761281117301,2024-08-01,17,0,,2099-01-01,0,0,-99,1,16
BIHAR,466.15,65935.33,2024-08,BIHAR,104099452,4.477929432327848,6333.8786836265,1.4991607593047036,8.753668073714419,2024-08-01,17,0,,2099-01-01,0,0,-99,4,16
GUJARAT,435.29,65381.35,2024-08,GUJARAT,60439692,7.202055232180865,10817.617998450422,1.9743664342032288,9.288931380146819,2024-08-01,17,0,,2099-01-01,0,0,-99,10,16
WEST BENGAL,419.64,65053.05,2024-08,WEST BENGAL,91276115,4.597478759914354,7127.06166339354,1.5255080575649178,8.871654319547162,2024-08-01,17,0,,2099-01-01,0,0,-99,35,16
DELHI,400.67,49497.98,2024-08,DELHI,16787941,23.866536104695626,29484.247055669308,3.17247731480988,10.291611401587236,2024-08-01,17,0,,2099-01-01,0,0,-99,8,16
HARYANA,328.91,46509.17,2024-08,HARYANA,25351462,12.974005207273647,18345.754576205505,2.5629477561530187,9.817153468470337,2024-08-01,17,0,,2099-01-01,0,0,-99,11,16
KERALA,328.82,45879.13,2024-08,KERALA,33406061,9.843123976813668,13733.774239351356,2.2867731379973644,9.527613350961298,2024-08-01,17,0,,2099-01-01,0,0,-99,16,16
ODISHA,318.71,39936.62,2024-08,ODISHA,41974218,7.592994347149005,9514.55962800784,2.027226025748929,9.160578496789304,2024-08-01,17,0,,2099-01-01,0,0,-99,25,16
ASSAM,179.44,21310.73,2024-08,ASSAM,31205576,5.750254377615078,6829.141689292965,1.7492440934159483,8.828954276921712,2024-08-01,17,0,,2099-01-01,0,0,-99,3,16
PUNJAB,175.29,28217.51,2024-08,PUNJAB,27743338,6.318273597791297,10170.91382442877,1.8434460059359967,9.227287339915312,2024-08-01,17,0,,2099-01-01,0,0,-99,27,16
JHARKHAND,158.2,20378.75,2024-08,JHARKHAND,32988134,4.795663798382776,6177.600103115866,1.567712134287513,8.728685142201869,2024-08-01,17,1,2024-11,2024-11-01,0,0,-3,14,16
CHHATTISGARH,133.83,16912.86,2024-08,CHHATTISGARH,25545198,5.238949410374506,6620.759017017602,1.6561209840279625,8.797965297497266,2024-08-01,17,1,2024-02,2024-02-01,1,1,6,6,16
UTTARAKHAND,94.7,11817.2,2024-08,UTTARAKHAND,10086292,9.388980608532849,11716.09943475759,2.2395367259353542,9.36871919500256,2024-08-01,17,0,,2099-01-01,0,0,-99,34,16
JAMMU AND KASHMIR,63.18,8803.92,2024-08,JAMMU AND KASHMIR,12541302,5.037754453245763,7019.940991772624,1.6169604378076963,8.856510091254133,2024-08-01,17,0,,2099-01-01,0,0,-99,13,16
HIMACHAL PRADESH,48.66,6252.15,2024-08,HIMACHAL PRADESH,6864602,7.088539146187936,9107.811348713298,1.958479275052779,9.116887714267461,2024-08-01,17,0,,2099-01-01,0,0,-99,12,16
GOA,27.16,3783.78,2024-08,GOA,1458545,18.62129725171318,25942.154681549076,2.92430593922409,10.163624518474357,2024-08-01,17,0,,2099-01-01,0,0,-99,9,16
CHANDIGARH,26.22,3306.96,2024-08,CHANDIGARH,1055450,24.842484248424842,31332.22795963807,3.2125552620656115,10.352402494077861,2024-08-01,17,0,,2099-01-01,0,0,-99,5,16
PUDUCHERRY,15.12,2135.31,2024-08,PUDUCHERRY,1247953,12.115840901059576,17110.500155053916,2.4945137617697264,9.747447598197978,2024-08-01,17,0,,2099-01-01,0,0,-99,26,16
ARUNACHAL PRADESH,14.91,2052.75,2024-08,ARUNACHAL PRADESH,1383727,10.775246851438181,14834.934925747637,2.3772515453736243,9.604740146179921,2024-08-01,17,0,,2099-01-01,0,0,-99,2,16
MEGHALAYA,9.89,1454.13,2024-08,MEGHALAYA,2966889,3.3334580430882315,4901.1944835145505,1.2040102165525592,8.497234226536943,2024-08-01,17,0,,2099-01-01,0,0,-99,22,16
TRIPURA,9.87,1417.55,2024-08,TRIPURA,3673917,2.686505982579356,3858.415963126004,0.9882414580889147,8.258012005985993,2024-08-01,17,0,,2099-01-01,0,0,-99,32,16
MANIPUR,9.73,2194.45,2024-08,MANIPUR,2855794,3.4071084959209244,7684.202712100383,1.2258639831735272,8.946921904605073,2024-08-01,17,0,,2099-01-01,0,0,-99,21,16
DADRA & NAGAR HAVELI & DAMAN & DIU,9.72,992.73,2024-08,DADRA AND NAGAR HAVELI & DAMAN AND DIU,586956,16.560014720013083,16913.192811726945,2.8069910378463976,9.735849236117595,2024-08-01,17,0,,2099-01-01,0,0,-99,7,16
NAGALAND,8.77,1564.87,2024-08,NAGALAND,1978502,4.4326465174157015,7909.367794422244,1.4889968136744425,8.975803132715736,2024-08-01,17,0,,2099-01-01,0,0,-99,24,16
MIZORAM,7.22,1281.44,2024-08,MIZORAM,1097206,6.580350453788988,11679.119509007423,1.8840880043731916,9.365557869037875,2024-08-01,17,0,,2099-01-01,0,0,-99,23,16
SIKKIM,5.78,813.44,2024-08,SIKKIM,610577,9.46645550028907,13322.480211341077,2.2477545499427687,9.497208128813563,2024-08-01,17,0,,2099-01-01,0,0,-99,29,16
LADAKH,3.5,705.94,2024-08,LADAKH,274289,12.760263809339785,25737.08752447237,2.546335952416074,10.1556883249608,2024-08-01,17,0,,2099-01-01,0,0,-99,17,16
ANDAMAN & NICOBAR,3.0,489.24,2024-08,ANDAMAN AND NICOBAR ISLANDS,380581,7.882684632180797,12855.082098160445,2.0646685352113896,9.461494506156487,2024-08-01,17,0,,2099-01-01,0,0,-99,0,16
LAKSHADWEEP,0.37,41.4,2024-08,LAKSHADWEEP,64473,5.7388364121415165,6421.2926341259135,1.7472564741270915,8.767374721296273,2024-08-01,17,0,,2099-01-01,0,0,-99,18,16
MAHARASHTRA,2231.0,273245.11,2024-12,MAHARASHTRA,112374333,19.853288027969874,24315.61573762578,2.988369637142234,10.098874045882495,2024-12-01,20,1,2024-08,2024-08-01,1,1,4,20,19
KARNATAKA,1294.78,175534.51,2024-12,KARNATAKA,61095297,21.19279328489065,28731.263881080733,3.0536611844935235,10.26574114268971,2024-12-01,20,0,,2099-01-01,0,0,-99,15,19
UTTAR PRADESH,1105.66,152791.39,2024-12,UTTAR PRADESH,199812341,5.533492047921104,7646.744402038712,1.710819089642264,8.942035267879714,2024-12-01,20,0,,2099-01-01,0,0,-99,33,19
TELANGANA,993.83,159350.81,2024-12,TELANGANA,35003674,28.392162491285916,45524.024135295054,3.3461131384641214,10.725995468568037,2024-12-01,20,0,,2099-01-01,0,0,-99,31,19
TAMIL NADU,746.07,111759.26,2024-12,TAMIL NADU,72147030,10.340966218567832,15490.486579974255,2.3361133094503628,9.6479813454401,2024-12-01,20,0,,2099-01-01,0,0,-99,30,19
RAJASTHAN,668.56,102952.49,2024-12,RAJASTHAN,68548437,9.753103487975954,15018.940548564222,2.2775855408200747,9.617067386782686,2024-12-01,20,0,,2099-01-01,0,0,-99,28,19
ANDHRA PRADESH,638.46,109740.45,2024-12,ANDHRA PRADESH,84580777,7.548523702968583,12974.632521997286,2.02135200811062,9.470751385628951,2024-12-01,20,0,,2099-01-01,0,0,-99,1,19
MADHYA PRADESH,576.28,76689.59,2024-12,MADHYA PRADESH,72626809,7.9348109594075655,10559.405136469648,2.0712595300534464,9.26477222389985,2024-12-01,20,0,,2099-01-01,0,0,-99,19,19
BIHAR,542.86,81316.39,2024-12,BIHAR,104099452,5.2148209195183854,7811.413839142976,1.651504748365209,8.963341255789588,2024-12-01,20,0,,2099-01-01,0,0,-99,4,19
GUJARAT,513.73,80180.1,2024-12,GUJARAT,60439692,8.499877861720407,13266.133123246227,2.1400517941836688,9.492969684954964,2024-12-01,20,0,,2099-01-01,0,0,-99,10,19
WEST BENGAL,501.77,79252.88,2024-12,WEST BENGAL,91276115,5.4972760398489795,8682.762188114602,1.7042527040719635,9.069094981468906,2024-12-01,20,0,,2099-01-01,0,0,-99,35,19
DELHI,487.57,60484.71,2024-12,DELHI,16787941,29.04287071297189,36028.66486128347,3.3687730388233605,10.492070146749223,2024-12-01,20,0,,2099-01-01,0,0,-99,8,19
ODISHA,375.25,47492.3,2024-12,ODISHA,41974218,8.940011699562813,11314.636046346355,2.1905368978604964,9.333852391960066,2024-12-01,20,0,,2099-01-01,0,0,-99,25,19
HARYANA,372.39,54975.91,2024-12,HARYANA,25351462,14.689093670416325,21685.498848153216,2.687105291237947,9.984399060300616,2024-12-01,20,0,,2099-01-01,0,0,-99,11,19
KERALA,369.76,50206.18,2024-12,KERALA,33406061,11.068650087180288,15029.063139171063,2.404116795940704,9.617741148081105,2024-12-01,20,0,,2099-01-01,0,0,-99,16,19
ASSAM,217.0,26381.26,2024-12,ASSAM,31205576,6.953885420990146,8454.021165960852,1.939300556744455,9.042397484785873,2024-12-01,20,0,,2099-01-01,0,0,-99,3,19
PUNJAB,193.15,34024.27,2024-12,PUNJAB,27743338,6.962031749748354,12263.942428268723,1.9404713498138317,9.414418726172459,2024-12-01,20,0,,2099-01-01,0,0,-99,27,19
JHARKHAND,191.78,26267.62,2024-12,JHARKHAND,32988134,5.813605583146958,7962.748059650782,1.7602009606794946,8.982529452883483,2024-12-01,20,1,2024-11,2024-11-01,1,1,1,14,19
CHHATTISGARH,154.78,20357.81,2024-12,CHHATTISGARH,25545198,6.059064408113024,7969.329499814407,1.8015554000619924,8.98335564024209,2024-12-01,20,1,2024-02,2024-02-01,1,1,10,6,19
UTTARAKHAND,114.11,14712.65,2024-12,UTTARAKHAND,10086292,11.31337462766297,14586.777777204943,2.42598562118991,9.587870765665992,2024-12-01,20,0,,2099-01-01,0,0,-99,34,19
JAMMU AND KASHMIR,74.38,10532.87,2024-12,JAMMU AND KASHMIR,12541302,5.9308036757268106,8398.545860708882,1.7801597309306811,9.035813858025453,2024-12-01,20,0,,2099-01-01,0,0,-99,13,19
HIMACHAL PRADESH,57.01,7459.08,2024-12,HIMACHAL PRADESH,6864602,8.304924305881098,10866.005050256374,2.116848628740893,9.293394391887393,2024-12-01,20,0,,2099-01-01,0,0,-99,12,19
GOA,38.15,5427.06,2024-12,GOA,1458545,26.156203613875473,37208.72513360919,3.2640863942640603,10.524298559361881,2024-12-01,20,0,,2099-01-01,0,0,-99,9,19
CHANDIGARH,27.53,3623.79,2024-12,CHANDIGARH,1055450,26.083660997678717,34334.07551281444,3.2613091028845735,10.443893595188111,2024-12-01,20,0,,2099-01-01,0,0,-99,5,19
ARUNACHAL PRADESH,17.76,2488.91,2024-12,ARUNACHAL PRADESH,1383727,12.834901682195982,17987.001771303156,2.5521681541610013,9.797404652204818,2024-12-01,20,0,,2099-01-01,0,0,-99,2,19
PUDUCHERRY,16.13,2217.22,2024-12,PUDUCHERRY,1247953,12.92516625225469,17766.855001750864,2.559176283155457,9.785089921903424,2024-12-01,20,0,,2099-01-01,0,0,-99,26,19
MEGHALAYA,14.09,2184.57,2024-12,MEGHALAYA,2966889,4.749082287877976,7363.167277238886,1.5579513968285275,8.904245455736062,2024-12-01,20,0,,2099-01-01,0,0,-99,22,19
TRIPURA,12.49,1886.49,2024-12,TRIPURA,3673917,3.399641309262022,5134.819322265582,1.2236699287810109,8.543799936206259,2024-12-01,20,0,,2099-01-01,0,0,-99,32,19
DADRA & NAGAR HAVELI & DAMAN & DIU,11.07,1132.38,2024-12,DADRA AND NAGAR HAVELI & DAMAN AND DIU,586956,18.860016764459345,19292.417148815246,2.937044166094595,9.867467403846199,2024-12-01,20,0,,2099-01-01,0,0,-99,7,19
NAGALAND,10.99,2024.3,2024-12,NAGALAND,1978502,5.554707551470759,10231.478158728169,1.7146457757058806,9.233224341051928,2024-12-01,20,0,,2099-01-01,0,0,-99,24,19
MANIPUR,9.68,2442.36,2024-12,MANIPUR,2855794,3.38960023026871,8552.297539668478,1.220711988264099,9.053955243922447,2024-12-01,20,0,,2099-01-01,0,0,-99,21,19
MIZORAM,9.49,1711.09,2024-12,MIZORAM,1097206,8.649241801448406,15594.974872539888,2.157471664090293,9.654704017789557,2024-12-01,20,0,,2099-01-01,0,0,-99,23,19
SIKKIM,7.47,1115.33,2024-12,SIKKIM,610577,12.234329167328609,18266.81974591247,2.504245866403209,9.812841564483566,2024-12-01,20,0,,2099-01-01,0,0,-99,29,19
ANDAMAN & NICOBAR,3.8,634.86,2024-12,ANDAMAN AND NICOBAR ISLANDS,380581,9.98473386742901,16681.337218621004,2.3010573132756202,9.722045841681451,2024-12-01,20,0,,2099-01-01,0,0,-99,0,19
LADAKH,2.68,517.94,2024-12,LADAKH,274289,9.770716288294462,18883.002964026997,2.279389778443471,9.846017482349579,2024-12-01,20,0,,2099-01-01,0,0,-99,17,19
LAKSHADWEEP,0.5,55.51,2024-12,LAKSHADWEEP,64473,7.7551843407317795,8609.805655080421,2.048361566911013,9.060657025167075,2024-12-01,20,0,,2099-01-01,0,0,-99,18,19
MAHARASHTRA,1729.3,230102.34,2024-02,MAHARASHTRA,112374333,15.388745399716855,20476.414307171017,2.733636424041578,9.927028981167021,2024-02-01,11,1,2024-08,2024-08-01,0,0,-6,20,10
KARNATAKA,987.74,136780.78,2024-02,KARNATAKA,61095297,16.167201871528672,22388.10296641982,2.782984614182736,10.01628497917969,2024-02-01,11,0,,2099-01-01,0,0,-99,15,10
UTTAR PRADESH,821.19,118540.28,2024-02,UTTAR PRADESH,199812341,4.109806210618392,5932.580510630221,1.4133758766953928,8.688214559331227,2024-02-01,11,0,,2099-01-01,0,0,-99,33,10
TELANGANA,736.18,123049.67,2024-02,TELANGANA,35003674,21.031506578423738,35153.358473170556,3.0460216266361995,10.46747543956413,2024-02-01,11,0,,2099-01-01,0,0,-99,31,10
TAMIL NADU,551.15,88612.57,2024-02,TAMIL NADU,72147030,7.639261103333014,12282.22007198356,2.0333008842778795,9.415907972981833,2024-02-01,11,0,,2099-01-01,0,0,-99,30,10
RAJASTHAN,506.55,81026.02,2024-02,RAJASTHAN,68548437,7.389665208559022,11820.257841911114,2.0000824306265805,9.37757010475864,2024-02-01,11,0,,2099-01-01,0,0,-99,28,10
ANDHRA PRADESH,465.48,90296.94,2024-02,ANDHRA PRADESH,84580777,5.503378149387301,10675.822947334711,1.705362112668801,9.27573692621068,2024-02-01,11,0,,2099-01-01,0,0,-99,1,10
MADHYA PRADESH,451.9,62297.59,2024-02,MADHYA PRADESH,72626809,6.222220227244184,8577.767749647379,1.828126792777408,9.056928989593406,2024-02-01,11,0,,2099-01-01,0,0,-99,19,10
DELHI,393.65,53572.83,2024-02,DELHI,16787941,23.448378809527625,31911.49528104727,3.154801358580366,10.370721577499003,2024-02-01,11,0,,2099-01-01,0,0,-99,8,10
GUJARAT,376.73,62424.28,2024-02,GUJARAT,60439692,6.233155523029469,10328.358390707881,1.8298827090683676,9.24264863280628,2024-02-01,11,0,,2099-01-01,0,0,-99,10,10
BIHAR,359.24,57546.14,2024-02,BIHAR,104099452,3.450930750336707,5527.9964394048875,1.2386439773647497,8.617580721345433,2024-02-01,11,0,,2099-01-01,0,0,-99,4,10
WEST BENGAL,334.0,57876.9,2024-02,WEST BENGAL,91276115,3.659226731987881,6340.85927079609,1.2972518496783334,8.754769569918992,2024-02-01,11,0,,2099-01-01,0,0,-99,35,10
HARYANA,302.68,46875.26,2024-02,HARYANA,25351462,11.939350874517611,18490.160449129125,2.479839740868302,9.824994001960022,2024-02-01,11,0,,2099-01-01,0,0,-99,11,10
KERALA,282.0,40654.71,2024-02,KERALA,33406061,8.441581903355802,12169.860433410571,2.133169720352747,9.406717717831226,2024-02-01,11,0,,2099-01-01,0,0,-99,16,10
ODISHA,259.26,37962.41,2024-02,ODISHA,41974218,6.17664872279455,9044.220907224526,1.8207758465188217,9.109881258931546,2024-02-01,11,0,,2099-01-01,0,0,-99,25,10
PUNJAB,154.33,28653.41,2024-02,PUNJAB,27743338,5.562776908820417,10328.032625345948,1.7160974276142815,9.242617091443444,2024-02-01,11,0,,2099-01-01,0,0,-99,27,10
JHARKHAND,137.14,19328.2,2024-02,JHARKHAND,32988134,4.157252422946991,5859.137106694183,1.424854380810178,8.67575762031113,2024-02-01,11,1,2024-11,2024-11-01,0,0,-9,14,10
ASSAM,130.05,19230.38,2024-02,ASSAM,31205576,4.167524419353772,6162.481987193571,1.427322195098656,8.726234895376056,2024-02-01,11,0,,2099-01-01,0,0,-99,3,10
CHHATTISGARH,112.52,15870.58,2024-02,CHHATTISGARH,25545198,4.404741744417092,6212.7449550400825,1.4826816298413357,8.734358099010276,2024-02-01,11,1,2024-02,2024-02-01,1,1,0,6,10
UTTARAKHAND,85.68,11783.03,2024-02,UTTARAKHAND,10086292,8.494697555851051,11682.221771886041,2.139442151882815,9.365823458488373,2024-02-01,11,0,,2099-01-01,0,0,-99,34,10
JAMMU AND KASHMIR,43.49,6368.15,2024-02,JAMMU AND KASHMIR,12541302,3.4677420255089944,5077.742326913107,1.2435036690433041,8.532622017950983,2024-02-01,11,0,,2099-01-01,0,0,-99,13,10
HIMACHAL PRADESH,41.92,5787.9,2024-02,HIMACHAL PRADESH,6864602,6.106690526267947,8431.515767410841,1.8093849777101894,9.039731841168486,2024-02-01,11,0,,2099-01-01,0,0,-99,12,10
GOA,29.59,4317.69,2024-02,GOA,1458545,20.287341151627135,29602.720519421746,3.0099971029457127,10.295621545528661,2024-02-01,11,0,,2099-01-01,0,0,-99,9,10
CHANDIGARH,20.64,2843.49,2024-02,CHANDIGARH,1055450,19.555639774503767,26941.020417831252,2.9732637243434197,10.201405326672088,2024-02-01,11,0,,2099-01-01,0,0,-99,5,10
PUDUCHERRY,13.25,1889.21,2024-02,PUDUCHERRY,1247953,10.617387033005249,15138.47075971611,2.3624929434505706,9.624994515266156,2024-02-01,11,0,,2099-01-01,0,0,-99,26,10
ARUNACHAL PRADESH,11.25,1838.79,2024-02,ARUNACHAL PRADESH,1383727,8.130216437201847,13288.676162277674,2.0955875452474064,9.494667535178962,2024-02-01,11,0,,2099-01-01,0,0,-99,2,10
TRIPURA,8.93,1475.69,2024-02,TRIPURA,3673917,2.4306482699527505,4016.6666802761197,0.8881579995319321,8.298207653638936,2024-02-01,11,0,,2099-01-01,0,0,-99,32,10
DADRA & NAGAR HAVELI & DAMAN & DIU,8.7,952.91,2024-02,DADRA AND NAGAR HAVELI & DAMAN AND DIU,586956,14.822235397542576,16234.777393876202,2.6961284450345877,9.69491097294779,2024-02-01,11,0,,2099-01-01,0,0,-99,7,10
MEGHALAYA,6.53,1178.38,2024-02,MEGHALAYA,2966889,2.200958647256436,3971.76975613176,0.7888930142062783,8.286967056750727,2024-02-01,11,0,,2099-01-01,0,0,-99,22,10
MANIPUR,6.47,1730.66,2024-02,MANIPUR,2855794,2.265569575396545,6060.171006732278,0.8178261954884226,8.709493297597932,2024-02-01,11,0,,2099-01-01,0,0,-99,21,10
NAGALAND,5.33,1259.1,2024-02,NAGALAND,1978502,2.6939573475285847,6363.905621525781,0.9910112454681038,8.758397559292051,2024-02-01,11,0,,2099-01-01,0,0,-99,24,10
MIZORAM,5.23,1092.04,2024-02,MIZORAM,1097206,4.766652752536898,9952.916772237848,1.5616443295452882,9.205620930133119,2024-02-01,11,0,,2099-01-01,0,0,-99,23,10
SIKKIM,4.58,786.07,2024-02,SIKKIM,610577,7.501101417184073,12874.215700886212,2.0150498653845763,9.462981807240434,2024-02-01,11,0,,2099-01-01,0,0,-99,29,10
ANDAMAN & NICOBAR,2.65,493.51,2024-02,ANDAMAN AND NICOBAR ISLANDS,380581,6.963038091759704,12967.278976091817,1.940615886541411,9.47018446163008,2024-02-01,11,0,,2099-01-01,0,0,-99,0,10
LADAKH,1.73,345.77,2024-02,LADAKH,274289,6.3072161114736645,12606.046906729764,1.8416943924303937,9.441931891050565,2024-02-01,11,0,,2099-01-01,0,0,-99,17,10
LAKSHADWEEP,0.28,41.42,2024-02,LAKSHADWEEP,64473,4.342903230809797,6424.394707862206,1.468543071658071,8.767857696432442,2024-02-01,11,0,,2099-01-01,0,0,-99,18,10
MAHARASHTRA,1729.3,230102.34,2024-01,MAHARASHTRA,112374333,15.388745399716855,20476.414307171017,2.733636424041578,9.927028981167021,2024-01-01,10,1,2024-08,2024-08-01,0,0,-7,20,9
KARNATAKA,987.74,136780.78,2024-01,KARNATAKA,61095297,16.167201871528672,22388.10296641982,2.782984614182736,10.01628497917969,2024-01-01,10,0,,2099-01-01,0,0,-99,15,9
UTTAR PRADESH,821.19,118540.28,2024-01,UTTAR PRADESH,199812341,4.109806210618392,5932.580510630221,1.4133758766953928,8.688214559331227,2024-01-01,10,0,,2099-01-01,0,0,-99,33,9
TELANGANA,736.18,123049.67,2024-01,TELANGANA,35003674,21.031506578423738,35153.358473170556,3.0460216266361995,10.46747543956413,2024-01-01,10,0,,2099-01-01,0,0,-99,31,9
TAMIL NADU,551.15,88612.57,2024-01,TAMIL NADU,72147030,7.639261103333014,12282.22007198356,2.0333008842778795,9.415907972981833,2024-01-01,10,0,,2099-01-01,0,0,-99,30,9
RAJASTHAN,506.55,81026.02,2024-01,RAJASTHAN,68548437,7.389665208559022,11820.257841911114,2.0000824306265805,9.37757010475864,2024-01-01,10,0,,2099-01-01,0,0,-99,28,9
ANDHRA PRADESH,465.48,90296.94,2024-01,ANDHRA PRADESH,84580777,5.503378149387301,10675.822947334711,1.705362112668801,9.27573692621068,2024-01-01,10,0,,2099-01-01,0,0,-99,1,9
MADHYA PRADESH,451.9,62297.59,2024-01,MADHYA PRADESH,72626809,6.222220227244184,8577.767749647379,1.828126792777408,9.056928989593406,2024-01-01,10,0,,2099-01-01,0,0,-99,19,9
DELHI,393.65,53572.83,2024-01,DELHI,16787941,23.448378809527625,31911.49528104727,3.154801358580366,10.370721577499003,2024-01-01,10,0,,2099-01-01,0,0,-99,8,9
GUJARAT,376.73,62424.28,2024-01,GUJARAT,60439692,6.233155523029469,10328.358390707881,1.8298827090683676,9.24264863280628,2024-01-01,10,0,,2099-01-01,0,0,-99,10,9
BIHAR,359.24,57546.14,2024-01,BIHAR,104099452,3.450930750336707,5527.9964394048875,1.2386439773647497,8.617580721345433,2024-01-01,10,0,,2099-01-01,0,0,-99,4,9
WEST BENGAL,334.0,57876.9,2024-01,WEST BENGAL,91276115,3.659226731987881,6340.85927079609,1.2972518496783334,8.754769569918992,2024-01-01,10,0,,2099-01-01,0,0,-99,35,9
HARYANA,302.68,46875.26,2024-01,HARYANA,25351462,11.939350874517611,18490.160449129125,2.479839740868302,9.824994001960022,2024-01-01,10,0,,2099-01-01,0,0,-99,11,9
KERALA,282.0,40654.71,2024-01,KERALA,33406061,8.441581903355802,12169.860433410571,2.133169720352747,9.406717717831226,2024-01-01,10,0,,2099-01-01,0,0,-99,16,9
ODISHA,259.26,37962.41,2024-01,ODISHA,41974218,6.17664872279455,9044.220907224526,1.8207758465188217,9.109881258931546,2024-01-01,10,0,,2099-01-01,0,0,-99,25,9
PUNJAB,154.33,28653.41,2024-01,PUNJAB,27743338,5.562776908820417,10328.032625345948,1.7160974276142815,9.242617091443444,2024-01-01,10,0,,2099-01-01,0,0,-99,27,9
JHARKHAND,137.14,19328.2,2024-01,JHARKHAND,32988134,4.157252422946991,5859.137106694183,1.424854380810178,8.67575762031113,2024-01-01,10,1,2024-11,2024-11-01,0,0,-10,14,9
ASSAM,130.05,19230.38,2024-01,ASSAM,31205576,4.167524419353772,6162.481987193571,1.427322195098656,8.726234895376056,2024-01-01,10,0,,2099-01-01,0,0,-99,3,9
CHHATTISGARH,112.52,15870.58,2024-01,CHHATTISGARH,25545198,4.404741744417092,6212.7449550400825,1.4826816298413357,8.734358099010276,2024-01-01,10,1,2024-02,2024-02-01,0,0,-1,6,9
UTTARAKHAND,85.68,11783.03,2024-01,UTTARAKHAND,10086292,8.494697555851051,11682.221771886041,2.139442151882815,9.365823458488373,2024-01-01,10,0,,2099-01-01,0,0,-99,34,9
JAMMU AND KASHMIR,43.49,6368.15,2024-01,JAMMU AND KASHMIR,12541302,3.4677420255089944,5077.742326913107,1.2435036690433041,8.532622017950983,2024-01-01,10,0,,2099-01-01,0,0,-99,13,9
HIMACHAL PRADESH,41.92,5787.9,2024-01,HIMACHAL PRADESH,6864602,6.106690526267947,8431.515767410841,1.8093849777101894,9.039731841168486,2024-01-01,10,0,,2099-01-01,0,0,-99,12,9
GOA,29.59,4317.69,2024-01,GOA,1458545,20.287341151627135,29602.720519421746,3.0099971029457127,10.295621545528661,2024-01-01,10,0,,2099-01-01,0,0,-99,9,9
CHANDIGARH,20.64,2843.49,2024-01,CHANDIGARH,1055450,19.555639774503767,26941.020417831252,2.9732637243434197,10.201405326672088,2024-01-01,10,0,,2099-01-01,0,0,-99,5,9
PUDUCHERRY,13.25,1889.21,2024-01,PUDUCHERRY,1247953,10.617387033005249,15138.47075971611,2.3624929434505706,9.624994515266156,2024-01-01,10,0,,2099-01-01,0,0,-99,26,9
ARUNACHAL PRADESH,11.25,1838.79,2024-01,ARUNACHAL PRADESH,1383727,8.130216437201847,13288.676162277674,2.0955875452474064,9.494667535178962,2024-01-01,10,0,,2099-01-01,0,0,-99,2,9
TRIPURA,8.93,1475.69,2024-01,TRIPURA,3673917,2.4306482699527505,4016.6666802761197,0.8881579995319321,8.298207653638936,2024-01-01,10,0,,2099-01-01,0,0,-99,32,9
DADRA & NAGAR HAVELI & DAMAN & DIU,8.7,952.91,2024-01,DADRA AND NAGAR HAVELI & DAMAN AND DIU,586956,14.822235397542576,16234.777393876202,2.6961284450345877,9.69491097294779,2024-01-01,10,0,,2099-01-01,0,0,-99,7,9
MEGHALAYA,6.53,1178.38,2024-01,MEGHALAYA,2966889,2.200958647256436,3971.76975613176,0.7888930142062783,8.286967056750727,2024-01-01,10,0,,2099-01-01,0,0,-99,22,9
MANIPUR,6.47,1730.66,2024-01,MANIPUR,2855794,2.265569575396545,6060.171006732278,0.8178261954884226,8.709493297597932,2024-01-01,10,0,,2099-01-01,0,0,-99,21,9
NAGALAND,5.33,1259.1,2024-01,NAGALAND,1978502,2.6939573475285847,6363.905621525781,0.9910112454681038,8.758397559292051,2024-01-01,10,0,,2099-01-01,0,0,-99,24,9
MIZORAM,5.23,1092.04,2024-01,MIZORAM,1097206,4.766652752536898,9952.916772237848,1.5616443295452882,9.205620930133119,2024-01-01,10,0,,2099-01-01,0,0,-99,23,9
SIKKIM,4.58,786.07,2024-01,SIKKIM,610577,7.501101417184073,12874.215700886212,2.0150498653845763,9.462981807240434,2024-01-01,10,0,,2099-01-01,0,0,-99,29,9
ANDAMAN & NICOBAR,2.65,493.51,2024-01,ANDAMAN AND NICOBAR ISLANDS,380581,6.963038091759704,12967.278976091817,1.940615886541411,9.47018446163008,2024-01-01,10,0,,2099-01-01,0,0,-99,0,9
LADAKH,1.73,345.77,2024-01,LADAKH,274289,6.3072161114736645,12606.046906729764,1.8416943924303937,9.441931891050565,2024-01-01,10,0,,2099-01-01,0,0,-99,17,9
LAKSHADWEEP,0.28,41.42,2024-01,LAKSHADWEEP,64473,4.342903230809797,6424.394707862206,1.468543071658071,8.767857696432442,2024-01-01,10,0,,2099-01-01,0,0,-99,18,9
MAHARASHTRA,1855.4,249506.36,2024-07,MAHARASHTRA,112374333,16.510887766515154,22203.144912103726,2.804020027928873,10.007989220534531,2024-07-01,16,1,2024-08,2024-08-01,0,0,-1,20,15
KARNATAKA,1168.35,159553.82,2024-07,KARNATAKA,61095297,19.123403230202808,26115.565000035927,2.950912884995787,10.170286775713366,2024-07-01,16,0,,2099-01-01,0,0,-99,15,15
UTTAR PRADESH,997.05,132974.21,2024-07,UTTAR PRADESH,199812341,4.9899320282724675,6654.9548108242225,1.6074222880819689,8.803116940546838,2024-07-01,16,0,,2099-01-01,0,0,-99,33,15
TELANGANA,893.66,142350.66,2024-07,TELANGANA,35003674,25.530462887981415,40667.34823321689,3.239872362228133,10.613180794740043,2024-07-01,16,0,,2099-01-01,0,0,-99,31,15
TAMIL NADU,677.2,106563.19,2024-07,TAMIL NADU,72147030,9.386387769531192,14770.280911078391,2.239260530127535,9.600372394374924,2024-07-01,16,0,,2099-01-01,0,0,-99,30,15
RAJASTHAN,630.17,92634.63,2024-07,RAJASTHAN,68548437,9.193061542745314,13513.747950226787,2.218449019381706,9.511462812926407,2024-07-01,16,0,,2099-01-01,0,0,-99,28,15
MADHYA PRADESH,577.98,75482.42,2024-07,MADHYA PRADESH,72626809,7.958218293743292,10393.189655351649,2.074205142357761,9.248906029795986,2024-07-01,16,0,,2099-01-01,0,0,-99,19,15
ANDHRA PRADESH,535.67,97187.27,2024-07,ANDHRA PRADESH,84580777,6.333235742206529,11490.467863637621,1.8458112812543241,9.349273089216375,2024-07-01,16,0,,2099-01-01,0,0,-99,1,15
BIHAR,481.01,70842.67,2024-07,BIHAR,104099452,4.620677542087349,6805.287505259874,1.5305413484724424,8.825455163312844,2024-07-01,16,0,,2099-01-01,0,0,-99,4,15
GUJARAT,453.24,69129.55,2024-07,GUJARAT,60439692,7.49904549480497,11437.773375814026,2.01477574508375,9.344676611008651,2024-07-01,16,0,,2099-01-01,0,0,-99,10,15
DELHI,452.93,56673.15,2024-07,DELHI,16787941,26.979484857612974,33758.249448220005,3.2950767571063326,10.426980094528403,2024-07-01,16,0,,2099-01-01,0,0,-99,8,15
WEST BENGAL,429.78,68677.12,2024-07,WEST BENGAL,91276115,4.708570254113028,7524.106388620944,1.5493843065560478,8.925867330222728,2024-07-01,16,0,,2099-01-01,0,0,-99,35,15
HARYANA,360.77,51482.87,2024-07,HARYANA,25351462,14.23073746200515,20307.653262758573,2.6554042352146583,9.918753101997877,2024-07-01,16,0,,2099-01-01,0,0,-99,11,15
ODISHA,320.19,43116.58,2024-07,ODISHA,41974218,7.628254086830158,10272.15801852461,2.031858996940908,9.237192409234765,2024-07-01,16,0,,2099-01-01,0,0,-99,25,15
KERALA,315.38,44478.13,2024-07,KERALA,33406061,9.440801775462242,13314.389266067616,2.245040910392074,9.496600629082474,2024-07-01,16,0,,2099-01-01,0,0,-99,16,15
PUNJAB,187.81,31460.15,2024-07,PUNJAB,27743338,6.7695531085697045,11339.7133394691,1.9124350741943876,9.336066298255803,2024-07-01,16,0,,2099-01-01,0,0,-99,27,15
ASSAM,186.19,22156.74,2024-07,ASSAM,31205576,5.966561873429288,7100.2502886022685,1.7861708609119564,8.867885314323885,2024-07-01,16,0,,2099-01-01,0,0,-99,3,15
JHARKHAND,168.74,23060.05,2024-07,JHARKHAND,32988134,5.115172625405244,6990.407520473877,1.6322111476914403,8.852294134025426,2024-07-01,16,1,2024-11,2024-11-01,0,0,-4,14,15
CHHATTISGARH,135.5,17785.47,2024-07,CHHATTISGARH,25545198,5.304323732389939,6962.3535507534525,1.6685222865394351,8.848272850011227,2024-07-01,16,1,2024-02,2024-02-01,1,1,5,6,15
UTTARAKHAND,97.26,12476.1,2024-07,UTTARAKHAND,10086292,9.642790432797305,12369.362298850758,2.2662105307189613,9.422977911822485,2024-07-01,16,0,,2099-01-01,0,0,-99,34,15
JAMMU AND KASHMIR,66.47,9241.72,2024-07,JAMMU AND KASHMIR,12541302,5.300087662349571,7369.027553917448,1.6677233604872477,8.905041029926442,2024-07-01,16,0,,2099-01-01,0,0,-99,13,15
HIMACHAL PRADESH,52.82,6898.38,2024-07,HIMACHAL PRADESH,6864602,7.694546602993152,10049.20605739415,2.040511844566389,9.215248911102352,2024-07-01,16,0,,2099-01-01,0,0,-99,12,15
CHANDIGARH,28.39,3700.09,2024-07,CHANDIGARH,1055450,26.89847932161637,35056.989909517266,3.2920697542149373,10.464730299384911,2024-07-01,16,0,,2099-01-01,0,0,-99,5,15
GOA,25.66,3695.04,2024-07,GOA,1458545,17.592875091272468,25333.74013143235,2.8674939957210848,10.13989238829113,2024-07-01,16,0,,2099-01-01,0,0,-99,9,15
ARUNACHAL PRADESH,15.73,2182.02,2024-07,ARUNACHAL PRADESH,1383727,11.367849293972004,15769.150995825043,2.430789133667164,9.665810841844873,2024-07-01,16,0,,2099-01-01,0,0,-99,2,15
PUDUCHERRY,15.23,2149.67,2024-07,PUDUCHERRY,1247953,12.203985246239242,17225.568591124826,2.50176255792541,9.754150104981456,2024-07-01,16,0,,2099-01-01,0,0,-99,26,15
MEGHALAYA,11.17,1574.17,2024-07,MEGHALAYA,2966889,3.764886384357487,5305.793374811124,1.3257176839990479,8.576554592139797,2024-07-01,16,0,,2099-01-01,0,0,-99,22,15
TRIPURA,10.75,1598.7,2024-07,TRIPURA,3673917,2.9260323518468163,4351.486438044191,1.0736473592171962,8.378272775608416,2024-07-01,16,0,,2099-01-01,0,0,-99,32,15
NAGALAND,10.11,1738.49,2024-07,NAGALAND,1978502,5.10992660103452,8786.900392317015,1.6311850403227306,9.081017299630638,2024-07-01,16,0,,2099-01-01,0,0,-99,24,15
MANIPUR,9.74,2258.33,2024-07,MANIPUR,2855794,3.410610149051367,7907.888314073074,1.226891204630057,8.975616061033602,2024-07-01,16,0,,2099-01-01,0,0,-99,21,15
DADRA & NAGAR HAVELI & DAMAN & DIU,9.64,1022.7,2024-07,DADRA AND NAGAR HAVELI & DAMAN AND DIU,586956,16.423718302564417,17423.793265594013,2.798726527996504,9.765591980180062,2024-07-01,16,0,,2099-01-01,0,0,-99,7,15
MIZORAM,7.21,1298.71,2024-07,MIZORAM,1097206,6.571236394988726,11836.519304487945,1.8827020027653145,9.378944887556603,2024-07-01,16,0,,2099-01-01,0,0,-99,23,15
SIKKIM,5.92,855.82,2024-07,SIKKIM,610577,9.695746809984653,14016.577761690993,2.271687316154397,9.54799603390842,2024-07-01,16,0,,2099-01-01,0,0,-99,29,15
LADAKH,3.88,770.2,2024-07,LADAKH,274289,14.145663880068103,28079.87195986715,2.649408137555888,10.24280829829556,2024-07-01,16,0,,2099-01-01,0,0,-99,17,15
ANDAMAN & NICOBAR,2.99,491.7,2024-07,ANDAMAN AND NICOBAR ISLANDS,380581,7.856409016740194,12919.720112144327,2.061329633945875,9.46651011395522,2024-07-01,16,0,,2099-01-01,0,0,-99,0,15
LAKSHADWEEP,0.35,39.56,2024-07,LAKSHADWEEP,64473,5.428629038512246,6135.901850386984,1.6916866229722807,8.721912347219515,2024-07-01,16,0,,2099-01-01,0,0,-99,18,15
MAHARASHTRA,1827.94,252008.51,2024-06,MAHARASHTRA,112374333,16.26652591566439,22425.806967859822,2.789109371428007,10.017967671468389,2024-06-01,15,1,2024-08,2024-08-01,0,0,-2,20,14
KARNATAKA,1140.18,158022.89,2024-06,KARNATAKA,61095297,18.66232027646907,25864.984337501464,2.926506532623041,10.16064537688945,2024-06-01,15,0,,2099-01-01,0,0,-99,15,14
UTTAR PRADESH,1018.74,133867.63,2024-06,UTTAR PRADESH,199812341,5.0984838819339995,6699.6677647653405,1.6289432174822438,8.809813216801107,2024-06-01,15,0,,2099-01-01,0,0,-99,33,14
TELANGANA,878.6,142465.64,2024-06,TELANGANA,35003674,25.100222336661,40700.19621368889,3.222876704132809,10.613988192394222,2024-06-01,15,0,,2099-01-01,0,0,-99,31,14
TAMIL NADU,663.61,107352.87,2024-06,TAMIL NADU,72147030,9.198022427257227,14879.73517412983,2.2189885073901703,9.607755510791195,2024-06-01,15,0,,2099-01-01,0,0,-99,30,14
RAJASTHAN,615.97,90403.66,2024-06,RAJASTHAN,68548437,8.985908752376075,13188.2890342197,2.1956576561757655,9.487084520407306,2024-06-01,15,0,,2099-01-01,0,0,-99,28,14
MADHYA PRADESH,567.43,75744.52,2024-06,MADHYA PRADESH,72626809,7.812955130659809,10429.278257289261,2.055783270090118,9.252372346874614,2024-06-01,15,0,,2099-01-01,0,0,-99,19,14
ANDHRA PRADESH,514.47,94162.9,2024-06,ANDHRA PRADESH,84580777,6.082587772869478,11132.896071645215,1.8054302259650903,9.317659614523473,2024-06-01,15,0,,2099-01-01,0,0,-99,1,14
BIHAR,486.02,73741.4,2024-06,BIHAR,104099452,4.668804596589038,7083.745263135487,1.540903063879138,8.865558038789127,2024-06-01,15,0,,2099-01-01,0,0,-99,4,14
DELHI,469.85,56600.66,2024-06,DELHI,16787941,27.98735115878713,33715.069644335774,3.3317526637789636,10.425700186844608,2024-06-01,15,0,,2099-01-01,0,0,-99,8,14
GUJARAT,452.59,68664.93,2024-06,GUJARAT,60439692,7.488290972760086,11360.900052237193,2.0133405969619953,9.337932919087073,2024-06-01,15,0,,2099-01-01,0,0,-99,10,14
WEST BENGAL,421.23,68076.9,2024-06,WEST BENGAL,91276115,4.614898432081602,7458.347673978017,1.5292898594962936,8.9170891772411,2024-06-01,15,0,,2099-01-01,0,0,-99,35,14
HARYANA,363.84,50928.34,2024-06,HARYANA,25351462,14.351835014485555,20088.916370976945,2.663877809604152,9.907923517627353,2024-06-01,15,0,,2099-01-01,0,0,-99,11,14
KERALA,312.74,44455.91,2024-06,KERALA,33406061,9.361774200196784,13307.737778482775,2.2366348238299976,9.49610093289275,2024-06-01,15,0,,2099-01-01,0,0,-99,16,14
ODISHA,311.53,41961.3,2024-06,ODISHA,41974218,7.421936961398543,9996.922396505397,2.004440069123293,9.210032564258787,2024-06-01,15,0,,2099-01-01,0,0,-99,25,14
PUNJAB,189.55,31019.54,2024-06,PUNJAB,27743338,6.8322708680548825,11180.896833683099,1.9216571026638853,9.321961961173676,2024-06-01,15,0,,2099-01-01,0,0,-99,27,14
ASSAM,185.41,22657.67,2024-06,ASSAM,31205576,5.941566340579645,7260.776086940358,1.7819727923137574,8.890242001133146,2024-06-01,15,0,,2099-01-01,0,0,-99,3,14
JHARKHAND,162.72,22088.48,2024-06,JHARKHAND,32988134,4.932682764050855,6695.886466327559,1.5958830112542093,8.809248656578665,2024-06-01,15,1,2024-11,2024-11-01,0,0,-5,14,14
CHHATTISGARH,135.97,18173.83,2024-06,CHHATTISGARH,25545198,5.32272249367572,7114.382123794853,1.671984919387274,8.86987366540304,2024-06-01,15,1,2024-02,2024-02-01,1,1,4,6,14
UTTARAKHAND,107.43,13873.68,2024-06,UTTARAKHAND,10086292,10.651089617472902,13754.985479302008,2.3656621984217727,9.529156617691234,2024-06-01,15,0,,2099-01-01,0,0,-99,34,14
JAMMU AND KASHMIR,66.81,9257.4,2024-06,JAMMU AND KASHMIR,12541302,5.327198085174889,7381.530243032183,1.672825412371143,8.906736246104838,2024-06-01,15,0,,2099-01-01,0,0,-99,13,14
HIMACHAL PRADESH,60.51,7786.25,2024-06,HIMACHAL PRADESH,6864602,8.814786348866257,11342.609520551956,2.1764305783316327,9.336321667259803,2024-06-01,15,0,,2099-01-01,0,0,-99,12,14
GOA,27.92,4020.18,2024-06,GOA,1458545,19.14236447966981,27562.948006403643,2.951903914427766,10.22422768625769,2024-06-01,15,0,,2099-01-01,0,0,-99,9,14
CHANDIGARH,27.18,3446.21,2024-06,CHANDIGARH,1055450,25.752048889099438,32651.570420199914,3.2485141924530554,10.393648232175744,2024-06-01,15,0,,2099-01-01,0,0,-99,5,14
ARUNACHAL PRADESH,15.05,2158.51,2024-06,ARUNACHAL PRADESH,1383727,10.87642287821225,15599.247539435166,2.386597407791862,9.654977957422709,2024-06-01,15,0,,2099-01-01,0,0,-99,2,14
PUDUCHERRY,14.97,2128.41,2024-06,PUDUCHERRY,1247953,11.995644066723667,17055.209611259397,2.4845435894498764,9.74421098508853,2024-06-01,15,0,,2099-01-01,0,0,-99,26,14
TRIPURA,10.8,1581.02,2024-06,TRIPURA,3673917,2.939641804646104,4303.363412945911,1.0782877387736984,8.367152184988408,2024-06-01,15,0,,2099-01-01,0,0,-99,32,14
MEGHALAYA,10.72,1500.13,2024-06,MEGHALAYA,2966889,3.6132123581300144,5056.239043658189,1.2845972265605945,8.528378213913614,2024-06-01,15,0,,2099-01-01,0,0,-99,22,14
DADRA & NAGAR HAVELI & DAMAN & DIU,10.21,1063.82,2024-06,DADRA AND NAGAR HAVELI & DAMAN AND DIU,586956,17.39483027688617,18124.356851280165,2.856173051550624,9.805011995026,2024-06-01,15,0,,2099-01-01,0,0,-99,7,14
NAGALAND,9.46,1682.06,2024-06,NAGALAND,1978502,4.781395217189571,8501.684607849777,1.5647323903541377,9.048019612000328,2024-06-01,15,0,,2099-01-01,0,0,-99,24,14
MANIPUR,9.04,2164.6,2024-06,MANIPUR,2855794,3.1654944299203653,7579.678366156662,1.1523092613796986,8.933226045830706,2024-06-01,15,0,,2099-01-01,0,0,-99,21,14
MIZORAM,7.02,1313.47,2024-06,MIZORAM,1097206,6.398069277783753,11971.042812379808,1.8559962695061767,9.390245913586117,2024-06-01,15,0,,2099-01-01,0,0,-99,23,14
SIKKIM,6.04,934.34,2024-06,SIKKIM,610577,9.892282218295154,15302.57445006936,2.2917548792052065,9.635776357936024,2024-06-01,15,0,,2099-01-01,0,0,-99,29,14
LADAKH,3.87,792.33,2024-06,LADAKH,274289,14.10920598346999,28886.685211583404,2.6468274909623966,10.271136048614395,2024-06-01,15,0,,2099-01-01,0,0,-99,17,14
ANDAMAN & NICOBAR,2.9,489.58,2024-06,ANDAMAN AND NICOBAR ISLANDS,380581,7.619928477774771,12864.01580741025,2.0307669835357087,9.462189220227868,2024-06-01,15,0,,2099-01-01,0,0,-99,0,14
LAKSHADWEEP,0.35,40.58,2024-06,LAKSHADWEEP,64473,5.428629038512246,6294.107610937912,1.6916866229722807,8.747369174862673,2024-06-01,15,0,,2099-01-01,0,0,-99,18,14
MAHARASHTRA,1826.53,250484.52,2024-03,MAHARASHTRA,112374333,16.25397856644008,22290.189700169343,2.788337713666435,10.01190193689414,2024-03-01,12,1,2024-08,2024-08-01,0,0,-5,20,11
KARNATAKA,1142.17,156929.06,2024-03,KARNATAKA,61095297,18.694892341713306,25685.94764340044,2.9282503497451144,10.153699337038775,2024-03-01,12,0,,2099-01-01,0,0,-99,15,11
UTTAR PRADESH,1000.03,140637.92,2024-03,UTTAR PRADESH,199812341,5.004846021998211,7038.500189535342,1.6104066474584144,8.859150385196392,2024-03-01,12,0,,2099-01-01,0,0,-99,33,11
TELANGANA,887.13,141964.06,2024-03,TELANGANA,35003674,25.34391104202376,40556.90268398683,3.2325385056046967,10.610461271542171,2024-03-01,12,0,,2099-01-01,0,0,-99,31,11
TAMIL NADU,656.26,103876.55,2024-03,TAMIL NADU,72147030,9.096147131766893,14397.896905804715,2.2078509317535278,9.574837426690008,2024-03-01,12,0,,2099-01-01,0,0,-99,30,11
RAJASTHAN,599.75,91202.44,2024-03,RAJASTHAN,68548437,8.749287748165578,13304.8168552698,2.168972296846698,9.495881418211436,2024-03-01,12,0,,2099-01-01,0,0,-99,28,11
MADHYA PRADESH,575.54,76913.9,2024-03,MADHYA PRADESH,72626809,7.924621884461425,10590.29042567463,2.0699746068852196,9.267692862740146,2024-03-01,12,0,,2099-01-01,0,0,-99,19,11
ANDHRA PRADESH,515.34,97168.4,2024-03,ANDHRA PRADESH,84580777,6.092873798026235,11488.236860250172,1.8071198584351134,9.349078909133445,2024-03-01,12,0,,2099-01-01,0,0,-99,1,11
DELHI,469.67,59757.19,2024-03,DELHI,16787941,27.976629176859745,35595.30617840508,3.331369489387354,10.479969059226082,2024-03-01,12,0,,2099-01-01,0,0,-99,8,11
BIHAR,455.84,72235.02,2024-03,BIHAR,104099452,4.3788895257585025,6939.039410121006,1.4767951593115989,8.84491863039358,2024-03-01,12,0,,2099-01-01,0,0,-99,4,11
GUJARAT,439.51,68656.44,2024-03,GUJARAT,60439692,7.271876898379959,11359.495346203948,1.9840144285663224,9.337809267538725,2024-03-01,12,0,,2099-01-01,0,0,-99,10,11
WEST BENGAL,386.0,66683.59,2024-03,WEST BENGAL,91276115,4.228926702237491,7305.699853680232,1.4419482261664638,8.896410124343284,2024-03-01,12,0,,2099-01-01,0,0,-99,35,11
HARYANA,351.2,50497.34,2024-03,HARYANA,25351462,13.85324444010369,19918.90645202237,2.6285194608029423,9.899424632644866,2024-03-01,12,0,,2099-01-01,0,0,-99,11,11
ODISHA,310.0,43820.87,2024-03,ODISHA,41974218,7.3854860142957275,10439.949113524879,1.9995167248261168,9.25339498724131,2024-03-01,12,0,,2099-01-01,0,0,-99,25,11
KERALA,309.81,44213.71,2024-03,KERALA,33406061,9.274065565527167,13235.235965114234,2.227221855766056,9.490637943373764,2024-03-01,12,0,,2099-01-01,0,0,-99,16,11
PUNJAB,186.18,31180.39,2024-03,PUNJAB,27743338,6.710800264914049,11238.87471651753,1.9037182083898851,9.32713400424709,2024-03-01,12,0,,2099-01-01,0,0,-99,27,11
ASSAM,166.53,24035.14,2024-03,ASSAM,31205576,5.336546263398567,7702.193992509544,1.674578676574175,8.949260501347915,2024-03-01,12,0,,2099-01-01,0,0,-99,3,11
JHARKHAND,157.45,22507.82,2024-03,JHARKHAND,32988134,4.772928350539622,6823.004902308206,1.5629600265009933,8.82805525531263,2024-03-01,12,1,2024-11,2024-11-01,0,0,-8,14,11
CHHATTISGARH,131.55,17789.07,2024-03,CHHATTISGARH,25545198,5.149695844988166,6963.7628175753425,1.6389376537059812,8.848475241947273,2024-03-01,12,1,2024-02,2024-02-01,1,1,1,6,11
UTTARAKHAND,96.44,12359.89,2024-03,UTTARAKHAND,10086292,9.561491973462596,12254.146518859458,2.257743779056292,9.413619650033072,2024-03-01,12,0,,2099-01-01,0,0,-99,34,11
JAMMU AND KASHMIR,53.84,7489.54,2024-03,JAMMU AND KASHMIR,12541302,4.293015190926748,5971.899887268483,1.4569893277702295,8.694820394832782,2024-03-01,12,0,,2099-01-01,0,0,-99,13,11
HIMACHAL PRADESH,51.93,6624.41,2024-03,HIMACHAL PRADESH,6864602,7.564895969205498,9650.100617632312,2.02351859555363,9.174723620976323,2024-03-01,12,0,,2099-01-01,0,0,-99,12,11
GOA,30.22,4197.43,2024-03,GOA,1458545,20.719278459012234,28778.20019265775,3.031064593378188,10.26737344174707,2024-03-01,12,0,,2099-01-01,0,0,-99,9,11
CHANDIGARH,26.64,3422.7,2024-03,CHANDIGARH,1055450,25.240418778719977,32428.821829551376,3.228446629402246,10.386802868994536,2024-03-01,12,0,,2099-01-01,0,0,-99,5,11
PUDUCHERRY,14.54,2067.05,2024-03,PUDUCHERRY,1247953,11.651079808294062,16563.524427602642,2.4553988631237127,9.71495823304842,2024-03-01,12,0,,2099-01-01,0,0,-99,26,11
ARUNACHAL PRADESH,14.3,2266.76,2024-03,ARUNACHAL PRADESH,1383727,10.334408449065458,16381.555032170365,2.335478953862839,9.703911287709973,2024-03-01,12,0,,2099-01-01,0,0,-99,2,11
TRIPURA,11.03,1789.75,2024-03,TRIPURA,3673917,3.0022452875228263,4871.503629504967,1.0993604379089355,8.491157921913864,2024-03-01,12,0,,2099-01-01,0,0,-99,32,11
DADRA & NAGAR HAVELI & DAMAN & DIU,9.77,1033.38,2024-03,DADRA AND NAGAR HAVELI & DAMAN AND DIU,586956,16.645199980918502,17605.748982887988,2.8121218854287413,9.775980774443806,2024-03-01,12,0,,2099-01-01,0,0,-99,7,11
MEGHALAYA,9.6,1527.77,2024-03,MEGHALAYA,2966889,3.2357125595194156,5149.400601101019,1.1742491693917292,8.546635598748432,2024-03-01,12,0,,2099-01-01,0,0,-99,22,11
MANIPUR,8.53,2149.56,2024-03,MANIPUR,2855794,2.9869101202677784,7527.0135030748015,1.094239448479201,8.92625362898467,2024-03-01,12,0,,2099-01-01,0,0,-99,21,11
NAGALAND,8.0,1688.06,2024-03,NAGALAND,1978502,4.043463185783992,8532.010581743158,1.3971015489701866,9.051580319832286,2024-03-01,12,0,,2099-01-01,0,0,-99,24,11
MIZORAM,6.53,1328.97,2024-03,MIZORAM,1097206,5.951480396570926,12112.310723783865,1.7836399947567965,9.401977629557534,2024-03-01,12,0,,2099-01-01,0,0,-99,23,11
SIKKIM,5.64,890.91,2024-03,SIKKIM,610577,9.237164190593488,14591.280051492276,2.22323493276845,9.588179372520464,2024-03-01,12,0,,2099-01-01,0,0,-99,29,11
ANDAMAN & NICOBAR,2.95,525.36,2024-03,ANDAMAN AND NICOBAR ISLANDS,380581,7.751306554977784,13804.157327875013,2.0478614168950084,9.532725081420043,2024-03-01,12,0,,2099-01-01,0,0,-99,0,11
LADAKH,2.11,382.57,2024-03,LADAKH,274289,7.692616182201984,13947.697501540346,2.0402609314086813,9.543069719973637,2024-03-01,12,0,,2099-01-01,0,0,-99,17,11
LAKSHADWEEP,0.32,44.73,2024-03,LAKSHADWEEP,64473,4.963317978068338,6937.787911218648,1.6020744642825935,8.84473825790976,2024-03-01,12,0,,2099-01-01,0,0,-99,18,11
MAHARASHTRA,1857.65,253405.96,2024-05,MAHARASHTRA,112374333,16.530910132298626,22550.163657033674,2.8052319697424224,10.023497602422612,2024-05-01,14,1,2024-08,2024-08-01,0,0,-3,20,13
KARNATAKA,1155.25,162894.87,2024-05,KARNATAKA,61095297,18.908984107238236,26662.423786891486,2.9396371587120953,10.19101050433732,2024-05-01,14,0,,2099-01-01,0,0,-99,15,13
UTTAR PRADESH,1064.6,141188.23,2024-05,UTTAR PRADESH,199812341,5.327999235042244,7066.041531438741,1.6729757896649253,8.8630557055467,2024-05-01,14,0,,2099-01-01,0,0,-99,33,13
TELANGANA,870.16,141990.78,2024-05,TELANGANA,35003674,24.859104789971475,40564.53616840335,3.2132240753767247,10.610649470483093,2024-05-01,14,0,,2099-01-01,0,0,-99,31,13
TAMIL NADU,671.77,107752.55,2024-05,TAMIL NADU,72147030,9.311124796128128,14935.133157941498,2.2312098999019687,9.611471646441833,2024-05-01,14,0,,2099-01-01,0,0,-99,30,13
RAJASTHAN,630.93,94794.85,2024-05,RAJASTHAN,68548437,9.204148593497472,13828.885697277095,2.2196543164905904,9.534514849993888,2024-05-01,14,0,,2099-01-01,0,0,-99,28,13
MADHYA PRADESH,600.07,80623.19,2024-05,MADHYA PRADESH,72626809,8.26237594990577,11101.02331495798,2.111712191437961,9.314792573587894,2024-05-01,14,0,,2099-01-01,0,0,-99,19,13
ANDHRA PRADESH,526.34,98342.9,2024-05,ANDHRA PRADESH,84580777,6.222926989663385,11627.098199866383,1.8282403731806998,9.361093704480227,2024-05-01,14,0,,2099-01-01,0,0,-99,1,13
DELHI,500.74,59874.83,2024-05,DELHI,16787941,29.827362390658866,35665.38028695717,3.3954261732514803,10.481935757404687,2024-05-01,14,0,,2099-01-01,0,0,-99,8,13
BIHAR,495.22,75277.17,2024-05,BIHAR,104099452,4.757181622819686,7231.274377890097,1.5596553968389575,8.886170562122489,2024-05-01,14,0,,2099-01-01,0,0,-99,4,13
GUJARAT,457.4,70407.04,2024-05,GUJARAT,60439692,7.567874435892228,11649.13944300047,2.023912240160065,9.362987588711897,2024-05-01,14,0,,2099-01-01,0,0,-99,10,13
WEST BENGAL,404.75,66216.65,2024-05,WEST BENGAL,91276115,4.4343473645871105,7254.542987505549,1.4893804492593776,8.889383170571314,2024-05-01,14,0,,2099-01-01,0,0,-99,35,13
HARYANA,378.41,54556.73,2024-05,HARYANA,25351462,14.926555320557055,21520.15138219642,2.7031418629318265,9.97674504873966,2024-05-01,14,0,,2099-01-01,0,0,-99,11,13
KERALA,323.84,47360.2,2024-05,KERALA,33406061,9.694049232562918,14177.127916996858,2.2715122160736794,9.559385234930623,2024-05-01,14,0,,2099-01-01,0,0,-99,16,13
ODISHA,311.37,42185.0,2024-05,ODISHA,41974218,7.418125097649228,10050.217016550492,2.0039263429922323,9.215349506940697,2024-05-01,14,0,,2099-01-01,0,0,-99,25,13
PUNJAB,203.58,34023.49,2024-05,PUNJAB,27743338,7.33797785976583,12263.661279691723,1.9930633087257352,9.41439580109748,2024-05-01,14,0,,2099-01-01,0,0,-99,27,13
ASSAM,185.21,23768.3,2024-05,ASSAM,31205576,5.935157229592558,7616.68363371982,1.780893519638706,8.938096335273618,2024-05-01,14,0,,2099-01-01,0,0,-99,3,13
JHARKHAND,163.73,22163.69,2024-05,JHARKHAND,32988134,4.963299833812971,6718.685573424675,1.6020708086053606,8.812647815192422,2024-05-01,14,1,2024-11,2024-11-01,0,0,-6,14,13
CHHATTISGARH,138.69,18325.33,2024-05,CHHATTISGARH,25545198,5.4292004313295985,7173.688769216039,1.691791872887923,8.878175273991971,2024-05-01,14,1,2024-02,2024-02-01,1,1,3,6,13
UTTARAKHAND,114.22,14717.76,2024-05,UTTARAKHAND,10086292,11.324280518549335,14591.844059243971,2.4269491389800386,9.588218025527567,2024-05-01,14,0,,2099-01-01,0,0,-99,34,13
JAMMU AND KASHMIR,67.16,9133.63,2024-05,JAMMU AND KASHMIR,12541302,5.355105873377421,7282.840330294253,1.678050474643097,8.893276220360159,2024-05-01,14,0,,2099-01-01,0,0,-99,13,13
HIMACHAL PRADESH,61.56,7654.18,2024-05,HIMACHAL PRADESH,6864602,8.967744961761804,11150.216720503242,2.193634246668081,9.319214213515806,2024-05-01,14,0,,2099-01-01,0,0,-99,12,13
CHANDIGARH,30.06,3817.52,2024-05,CHANDIGARH,1055450,28.480742811123218,36169.59590695912,3.349228168054886,10.495974152833947,2024-05-01,14,0,,2099-01-01,0,0,-99,5,13
GOA,29.77,4238.4,2024-05,GOA,1458545,20.410751810880022,29059.09656541279,3.0160618115612796,10.277086848045446,2024-05-01,14,0,,2099-01-01,0,0,-99,9,13
ARUNACHAL PRADESH,15.39,2353.22,2024-05,ARUNACHAL PRADESH,1383727,11.122136086092127,17006.38926609078,2.408937364447765,9.74134439161031,2024-05-01,14,0,,2099-01-01,0,0,-99,2,13
PUDUCHERRY,15.09,2147.5,2024-05,PUDUCHERRY,1247953,12.091801534192394,17208.180115757565,2.4925276637980973,9.753140137870796,2024-05-01,14,0,,2099-01-01,0,0,-99,26,13
TRIPURA,10.98,1615.12,2024-05,TRIPURA,3673917,2.988635834723539,4396.179881037051,1.0948170407249092,8.388491233939538,2024-05-01,14,0,,2099-01-01,0,0,-99,32,13
MEGHALAYA,10.73,1563.37,2024-05,MEGHALAYA,2966889,3.61658289204618,5269.391608516529,1.2855296275605457,8.569670190566937,2024-05-01,14,0,,2099-01-01,0,0,-99,22,13
DADRA & NAGAR HAVELI & DAMAN & DIU,10.13,1049.42,2024-05,DADRA AND NAGAR HAVELI & DAMAN AND DIU,586956,17.258533859437506,17879.023299872562,2.848306737634642,9.791383421948721,2024-05-01,14,0,,2099-01-01,0,0,-99,7,13
NAGALAND,9.68,1838.71,2024-05,NAGALAND,1978502,4.89259045479863,9293.445242916105,1.5877219085788363,9.137064618054518,2024-05-01,14,0,,2099-01-01,0,0,-99,24,13
MANIPUR,8.71,2161.9,2024-05,MANIPUR,2855794,3.0499398766157504,7570.223902704467,1.115121877840025,8.931977923630077,2024-05-01,14,0,,2099-01-01,0,0,-99,21,13
MIZORAM,7.11,1378.69,2024-05,MIZORAM,1097206,6.4800958069861085,12565.46172733288,1.8687352952836063,9.438707196404236,2024-05-01,14,0,,2099-01-01,0,0,-99,23,13
SIKKIM,6.38,1051.32,2024-05,SIKKIM,610577,10.44913254184157,17218.467122082882,2.346518964615181,9.7537377567188,2024-05-01,14,0,,2099-01-01,0,0,-99,29,13
LADAKH,3.36,653.08,2024-05,LADAKH,274289,12.249853256966192,23809.923110296073,2.5055139578958188,10.077857710172715,2024-05-01,14,0,,2099-01-01,0,0,-99,17,13
ANDAMAN & NICOBAR,3.01,544.81,2024-05,ANDAMAN AND NICOBAR ISLANDS,380581,7.9089602476214,14315.21804819473,2.0679963253040645,9.569078449563936,2024-05-01,14,0,,2099-01-01,0,0,-99,0,13
LAKSHADWEEP,0.37,48.44,2024-05,LAKSHADWEEP,64473,5.7388364121415165,7513.222589300948,1.7472564741270915,8.924419759149895,2024-05-01,14,0,,2099-01-01,0,0,-99,18,13
MAHARASHTRA,1967.07,243220.45,2024-11,MAHARASHTRA,112374333,17.5046200274221,21643.772515205943,2.862464847654164,9.982473048413821,2024-11-01,19,1,2024-08,2024-08-01,1,1,3,20,18
KARNATAKA,1204.97,163394.2,2024-11,KARNATAKA,61095297,19.722794702184686,26744.153482059348,2.9817750583109977,10.194071167017784,2024-11-01,19,0,,2099-01-01,0,0,-99,15,18
UTTAR PRADESH,1044.79,145688.84,2024-11,UTTAR PRADESH,199812341,5.228856209637222,7291.2833747340965,1.6541925561928297,8.894434855425326,2024-11-01,19,0,,2099-01-01,0,0,-99,33,18
TELANGANA,938.62,145611.57,2024-11,TELANGANA,35003674,26.814899487408095,41598.93901423034,3.2889576840559855,10.635829941458493,2024-11-01,19,0,,2099-01-01,0,0,-99,31,18
TAMIL NADU,685.76,104101.32,2024-11,TAMIL NADU,72147030,9.505034372170275,14429.051341406572,2.2518215921537674,9.576998907500544,2024-11-01,19,0,,2099-01-01,0,0,-99,30,18
RAJASTHAN,621.05,95807.51,2024-11,RAJASTHAN,68548437,9.060016933719437,13976.61481325971,2.203870989117097,9.545140841491703,2024-11-01,19,0,,2099-01-01,0,0,-99,28,18
ANDHRA PRADESH,588.66,100931.78,2024-11,ANDHRA PRADESH,84580777,6.959737435374944,11933.181933289641,1.9401417488322794,9.3870781964857,2024-11-01,19,0,,2099-01-01,0,0,-99,1,18
BIHAR,535.28,78776.84,2024-11,BIHAR,104099452,5.142005934863135,7567.459625051629,1.6374432630365623,8.93161270557297,2024-11-01,19,0,,2099-01-01,0,0,-99,4,18
MADHYA PRADESH,534.77,71168.69,2024-11,MADHYA PRADESH,72626809,7.363258931009898,9799.231300386611,1.9965026242778137,9.190059222846125,2024-11-01,19,0,,2099-01-01,0,0,-99,19,18
WEST BENGAL,460.4,71880.33,2024-11,WEST BENGAL,91276115,5.04403589044078,7875.04266587157,1.6182065335493607,8.97145388156761,2024-11-01,19,0,,2099-01-01,0,0,-99,35,18
GUJARAT,447.82,65671.33,2024-11,GUJARAT,60439692,7.409369326369168,10865.59640310543,2.0027453245345765,9.29335678332441,2024-11-01,19,0,,2099-01-01,0,0,-99,10,18
DELHI,441.99,55291.59,2024-11,DELHI,16787941,26.32782662269304,32935.30159535348,3.270626426337262,10.402300358323089,2024-11-01,19,0,,2099-01-01,0,0,-99,8,18
ODISHA,354.18,44116.28,2024-11,ODISHA,41974218,8.438036892075035,10510.32803041143,2.132749685827578,9.260113674650485,2024-11-01,19,0,,2099-01-01,0,0,-99,25,18
HARYANA,346.02,51552.8,2024-11,HARYANA,25351462,13.648916973703528,20335.237470722597,2.613660175897357,9.920110496203927,2024-11-01,19,0,,2099-01-01,0,0,-99,11,18
KERALA,343.35,46483.04,2024-11,KERALA,33406061,10.278074987649696,13914.552811239853,2.3300129844813187,9.540690536270736,2024-11-01,19,0,,2099-01-01,0,0,-99,16,18
ASSAM,196.97,23338.48,2024-11,ASSAM,31205576,6.312012955633314,7478.945429496318,1.8424546360815988,8.919847075667699,2024-11-01,19,0,,2099-01-01,0,0,-99,3,18
PUNJAB,184.09,32257.61,2024-11,PUNJAB,27743338,6.635466864153116,11627.155319233756,1.892429029160012,9.36109861707545,2024-11-01,19,0,,2099-01-01,0,0,-99,27,18
JHARKHAND,182.02,24110.49,2024-11,JHARKHAND,32988134,5.517741621881371,7308.837171572058,1.7079686501031692,8.896839466433915,2024-11-01,19,1,2024-11,2024-11-01,1,1,0,14,18
CHHATTISGARH,139.98,17873.5,2024-11,CHHATTISGARH,25545198,5.479699159113975,6996.814039178714,1.701050201481073,8.853210187170866,2024-11-01,19,1,2024-02,2024-02-01,1,1,9,6,18
UTTARAKHAND,112.61,14691.68,2024-11,UTTARAKHAND,10086292,11.164657933758015,14565.98718339703,2.412753247452256,9.586444444878875,2024-11-01,19,0,,2099-01-01,0,0,-99,34,18
JAMMU AND KASHMIR,70.0,10163.69,2024-11,JAMMU AND KASHMIR,12541302,5.581557640506544,8104.174510748565,1.7194678844831162,9.000134579599502,2024-11-01,19,0,,2099-01-01,0,0,-99,13,18
HIMACHAL PRADESH,52.29,6997.02,2024-11,HIMACHAL PRADESH,6864602,7.6173389221982575,10192.899748594311,2.030427085897442,9.229446653801132,2024-11-01,19,0,,2099-01-01,0,0,-99,12,18
GOA,31.72,4419.48,2024-11,GOA,1458545,21.74770061945295,30300.607797496814,3.079508033300242,10.318923050619603,2024-11-01,19,0,,2099-01-01,0,0,-99,9,18
CHANDIGARH,25.13,3289.62,2024-11,CHANDIGARH,1055450,23.80974939599223,31167.937846416222,3.170095135285558,10.34714521229295,2024-11-01,19,0,,2099-01-01,0,0,-99,5,18
ARUNACHAL PRADESH,16.09,2166.79,2024-11,ARUNACHAL PRADESH,1383727,11.628016219962463,15659.085932412969,2.4534173776012693,9.658806598263508,2024-11-01,19,0,,2099-01-01,0,0,-99,2,18
PUDUCHERRY,15.08,2069.73,2024-11,PUDUCHERRY,1247953,12.083788411903333,16584.999595337325,2.4918647535981497,9.716253926981835,2024-11-01,19,0,,2099-01-01,0,0,-99,26,18
MEGHALAYA,12.36,1769.21,2024-11,MEGHALAYA,2966889,4.165979920381248,5963.182309820152,1.4269515229474834,8.693359562162396,2024-11-01,19,0,,2099-01-01,0,0,-99,22,18
TRIPURA,11.72,1727.38,2024-11,TRIPURA,3673917,3.190055736152994,4701.739315286654,1.160038388792391,8.455687786322484,2024-11-01,19,0,,2099-01-01,0,0,-99,32,18
DADRA & NAGAR HAVELI & DAMAN & DIU,10.38,1053.99,2024-11,DADRA AND NAGAR HAVELI & DAMAN AND DIU,586956,17.68446016396459,17956.882628340114,2.8726862971117924,9.795728753758361,2024-11-01,19,0,,2099-01-01,0,0,-99,7,18
NAGALAND,10.26,1791.99,2024-11,NAGALAND,1978502,5.18574153576797,9057.30699286632,1.6459128470329742,9.11132711344656,2024-11-01,19,0,,2099-01-01,0,0,-99,24,18
MIZORAM,9.03,1574.35,2024-11,MIZORAM,1097206,8.229995096636365,14348.718472192095,2.107785418897351,9.57141591212611,2024-11-01,19,0,,2099-01-01,0,0,-99,23,18
MANIPUR,7.88,1952.61,2024-11,MANIPUR,2855794,2.759302666788991,6837.362919034076,1.014977990845401,8.830157398124742,2024-11-01,19,0,,2099-01-01,0,0,-99,21,18
SIKKIM,6.36,908.47,2024-11,SIKKIM,610577,10.416376640456486,14878.876865653308,2.3433792446105133,9.607697826079582,2024-11-01,19,0,,2099-01-01,0,0,-99,29,18
ANDAMAN & NICOBAR,3.4,564.94,2024-11,ANDAMAN AND NICOBAR ISLANDS,380581,8.933709249804904,14844.146187014068,2.189831678165396,9.605360870354446,2024-11-01,19,0,,2099-01-01,0,0,-99,0,18
LADAKH,2.79,535.36,2024-11,LADAKH,274289,10.171753150873714,19518.099522766133,2.3196145797539804,9.87909749471321,2024-11-01,19,0,,2099-01-01,0,0,-99,17,18
LAKSHADWEEP,0.45,51.53,2024-11,LAKSHADWEEP,64473,6.979665906658601,7992.492981558172,1.9430010512531868,8.986258002805137,2024-11-01,19,0,,2099-01-01,0,0,-99,18,18
MAHARASHTRA,1921.65,236569.03,2024-09,MAHARASHTRA,112374333,17.100435203473022,21051.87400756363,2.8391039136802543,9.954744861635488,2024-09-01,18,1,2024-08,2024-08-01,1,1,1,20,17
KARNATAKA,1177.67,160384.81,2024-09,KARNATAKA,61095297,19.27595179707531,26251.580379419385,2.958858298104453,10.175481471137788,2024-09-01,18,0,,2099-01-01,0,0,-99,15,17
UTTAR PRADESH,934.8,120545.17,2024-09,UTTAR PRADESH,199812341,4.678389709672637,6032.919157881244,1.5429539715909713,8.704986278364448,2024-09-01,18,0,,2099-01-01,0,0,-99,33,17
TELANGANA,903.59,138868.45,2024-09,TELANGANA,35003674,25.814147394927744,39672.5355172717,3.250922690280004,10.588414426698344,2024-09-01,18,0,,2099-01-01,0,0,-99,31,17
TAMIL NADU,677.22,104511.95,2024-09,TAMIL NADU,72147030,9.386664981219601,14485.967059212278,2.239290063064145,9.580935670778661,2024-09-01,18,0,,2099-01-01,0,0,-99,30,17
RAJASTHAN,611.85,86708.82,2024-09,RAJASTHAN,68548437,8.925805266719648,12649.277473678942,2.188946549558571,9.445355375819224,2024-09-01,18,0,,2099-01-01,0,0,-99,28,17
ANDHRA PRADESH,542.1,94580.08,2024-09,ANDHRA PRADESH,84580777,6.409257744227155,11182.219335724476,1.8577434676952174,9.322080236465267,2024-09-01,18,0,,2099-01-01,0,0,-99,1,17
MADHYA PRADESH,530.34,67023.14,2024-09,MADHYA PRADESH,72626809,7.302262171535033,9228.429683589706,1.9881841866610859,9.130044181234078,2024-09-01,18,0,,2099-01-01,0,0,-99,19,17
BIHAR,464.06,65536.16,2024-09,BIHAR,104099452,4.457852477455885,6295.533621060753,1.4946671427732217,8.747595711918441,2024-09-01,18,0,,2099-01-01,0,0,-99,4,17
GUJARAT,451.88,68576.37,2024-09,GUJARAT,60439692,7.476543725603367,11346.247429586505,2.011770616430112,9.336642345297813,2024-09-01,18,0,,2099-01-01,0,0,-99,10,17
WEST BENGAL,433.3,68329.39,2024-09,WEST BENGAL,91276115,4.747134559791464,7486.0098942642335,1.5575411854474968,8.920791210165909,2024-09-01,18,0,,2099-01-01,0,0,-99,35,17
DELHI,421.2,50173.14,2024-09,DELHI,16787941,25.089437710080112,29886.41668445225,3.22244694920971,10.305159364667245,2024-09-01,18,0,,2099-01-01,0,0,-99,8,17
HARYANA,338.58,46386.4,2024-09,HARYANA,25351462,13.355442774858508,18297.327388850394,2.5919240002510846,9.814510283838887,2024-09-01,18,0,,2099-01-01,0,0,-99,11,17
ODISHA,330.33,40771.74,2024-09,ODISHA,41974218,7.869830951942928,9713.51985640328,2.0630365821405343,9.1812739936836,2024-09-01,18,0,,2099-01-01,0,0,-99,25,17
KERALA,328.85,45855.58,2024-09,KERALA,33406061,9.844022017441684,13726.724620421426,2.2868643691619934,9.527099913887863,2024-09-01,18,0,,2099-01-01,0,0,-99,16,17
ASSAM,178.99,21297.03,2024-09,ASSAM,31205576,5.73583387789413,6824.751448266809,1.7467331415624041,8.82831120155365,2024-09-01,18,0,,2099-01-01,0,0,-99,3,17
PUNJAB,175.3,27746.05,2024-09,PUNJAB,27743338,6.31863404468489,10000.977531975424,1.8435030526287304,9.210438120396192,2024-09-01,18,0,,2099-01-01,0,0,-99,27,17
JHARKHAND,157.39,20697.4,2024-09,JHARKHAND,32988134,4.771109514712169,6274.195442518816,1.5625788805174692,8.744200539447906,2024-09-01,18,1,2024-11,2024-11-01,0,0,-2,14,17
CHHATTISGARH,139.4,17367.52,2024-09,CHHATTISGARH,25545198,5.456994304761309,6798.741587362134,1.6968981445461029,8.824492813356319,2024-09-01,18,1,2024-02,2024-02-01,1,1,7,6,17
UTTARAKHAND,96.9,11894.78,2024-09,UTTARAKHAND,10086292,9.607098426260116,11793.015708845232,2.262502244640042,9.375262746137352,2024-09-01,18,0,,2099-01-01,0,0,-99,34,17
JAMMU AND KASHMIR,65.19,9238.54,2024-09,JAMMU AND KASHMIR,12541302,5.198024894066023,7366.491932017905,1.6482787253702051,8.904696878920841,2024-09-01,18,0,,2099-01-01,0,0,-99,13,17
HIMACHAL PRADESH,49.18,6379.72,2024-09,HIMACHAL PRADESH,6864602,7.164290078288588,9293.648779637917,1.969108974485449,9.13708651891988,2024-09-01,18,0,,2099-01-01,0,0,-99,12,17
GOA,27.3,3820.31,2024-09,GOA,1458545,18.71728332002098,26192.609758355073,2.9294473387245086,10.17323257966809,2024-09-01,18,0,,2099-01-01,0,0,-99,9,17
CHANDIGARH,26.39,3242.29,2024-09,CHANDIGARH,1055450,25.003552986877636,30719.5035293003,3.2190179342452905,10.332653025975427,2024-09-01,18,0,,2099-01-01,0,0,-99,5,17
ARUNACHAL PRADESH,14.94,1961.17,2024-09,ARUNACHAL PRADESH,1383727,10.796927428604052,14173.09917346413,2.3792615963016486,9.559101022494017,2024-09-01,18,0,,2099-01-01,0,0,-99,2,17
PUDUCHERRY,14.88,2074.71,2024-09,PUDUCHERRY,1247953,11.923525966122122,16624.904944336846,2.4785134204232855,9.718657147873834,2024-09-01,18,0,,2099-01-01,0,0,-99,26,17
TRIPURA,10.68,1580.23,2024-09,TRIPURA,3673917,2.906979117927814,4301.213119403623,1.0671144381755733,8.366652382684606,2024-09-01,18,0,,2099-01-01,0,0,-99,32,17
MEGHALAYA,10.49,1520.91,2024-09,MEGHALAYA,2966889,3.535690078058195,5126.278738436119,1.2629084933261443,8.542135282822937,2024-09-01,18,0,,2099-01-01,0,0,-99,22,17
DADRA & NAGAR HAVELI & DAMAN & DIU,9.91,998.03,2024-09,DADRA AND NAGAR HAVELI & DAMAN AND DIU,586956,16.88371871145367,17003.489188286687,2.826349767715947,9.741173848348003,2024-09-01,18,0,,2099-01-01,0,0,-99,7,17
MANIPUR,8.17,1910.52,2024-09,MANIPUR,2855794,2.8608506075718347,6689.978338773735,1.0511189958475249,8.808365915265572,2024-09-01,18,0,,2099-01-01,0,0,-99,21,17
NAGALAND,8.16,1468.38,2024-09,NAGALAND,1978502,4.124332449499672,7421.675590926874,1.4169041762663663,8.912160131547362,2024-09-01,18,0,,2099-01-01,0,0,-99,24,17
MIZORAM,7.35,1279.85,2024-09,MIZORAM,1097206,6.698833218192391,11664.628155515009,1.9019333646932022,9.364316307009174,2024-09-01,18,0,,2099-01-01,0,0,-99,23,17
SIKKIM,6.08,864.13,2024-09,SIKKIM,610577,9.95779402106532,14152.678531946012,2.298355563236558,9.557659180701132,2024-09-01,18,0,,2099-01-01,0,0,-99,29,17
LADAKH,3.34,668.7,2024-09,LADAKH,274289,12.176937463769965,24379.39545515861,2.499543790909315,10.101493605974685,2024-09-01,18,0,,2099-01-01,0,0,-99,17,17
ANDAMAN & NICOBAR,3.03,490.42,2024-09,ANDAMAN AND NICOBAR ISLANDS,380581,7.961511478502605,12886.087324380354,2.074618866064558,9.46390350636198,2024-09-01,18,0,,2099-01-01,0,0,-99,0,17
LAKSHADWEEP,0.36,41.72,2024-09,LAKSHADWEEP,64473,5.583732725326881,6470.925813906597,1.7198574999389769,8.775074470597575,2024-09-01,18,0,,2099-01-01,0,0,-99,18,17
MAHARASHTRA,2119.31,282946.53,2023-08,MAHARASHTRA,112374333,18.859377790478188,25178.92853699964,2.937010285700238,10.133762754548396,2023-08-01,5,1,2024-08,2024-08-01,0,0,-12,20,4
KARNATAKA,924.36,126876.33,2023-08,KARNATAKA,61095297,15.129806145307715,20766.955269895814,2.7166667151145947,9.94111831343763,2023-08-01,5,0,,2099-01-01,0,0,-99,15,4
TELANGANA,753.64,127817.82,2023-08,TELANGANA,35003674,21.530311361030275,36515.544054032725,3.0694617730009295,10.505493313410083,2023-08-01,5,0,,2099-01-01,0,0,-99,31,4
UTTAR PRADESH,678.37,94133.08,2023-08,UTTAR PRADESH,199812341,3.39503554487658,4711.0743775330675,1.2223142307280404,8.457671266631676,2023-08-01,5,0,,2099-01-01,0,0,-99,33,4
TAMIL NADU,511.03,84388.17,2023-08,TAMIL NADU,72147030,7.0831744563844135,11696.693543725916,1.9577221767638606,9.367061477745718,2023-08-01,5,0,,2099-01-01,0,0,-99,30,4
MADHYA PRADESH,502.8,67895.74,2023-08,MADHYA PRADESH,72626809,6.923063355296252,9348.578153832974,1.9348583530762666,9.14297954161028,2023-08-01,5,0,,2099-01-01,0,0,-99,19,4
RAJASTHAN,459.93,69380.56,2023-08,RAJASTHAN,68548437,6.709562174262267,10121.391972803114,1.9035336991173666,9.22240648010245,2023-08-01,5,0,,2099-01-01,0,0,-99,28,4
DELHI,404.03,52953.64,2023-08,DELHI,16787941,24.06667976734014,31542.665059401865,3.180828301579836,10.359096354708926,2023-08-01,5,0,,2099-01-01,0,0,-99,8,4
ANDHRA PRADESH,349.58,69909.85,2023-08,ANDHRA PRADESH,84580777,4.1330904302286084,8265.453744885792,1.4190254153358655,9.019839908310908,2023-08-01,5,0,,2099-01-01,0,0,-99,1,4
GUJARAT,325.34,51778.19,2023-08,GUJARAT,60439692,5.382886464742408,8566.918243064509,1.6832247479096916,9.055663348678692,2023-08-01,5,0,,2099-01-01,0,0,-99,10,4
BIHAR,307.74,47814.69,2023-08,BIHAR,104099452,2.956211527415149,4593.174035152461,1.0839085591912327,8.43232657499754,2023-08-01,5,0,,2099-01-01,0,0,-99,4,4
WEST BENGAL,286.09,48819.44,2023-08,WEST BENGAL,91276115,3.134335855552134,5348.54490684666,1.1424173033331322,8.584579822868115,2023-08-01,5,0,,2099-01-01,0,0,-99,35,4
HARYANA,255.9,38322.05,2023-08,HARYANA,25351462,10.094092403822707,15116.307690657051,2.311950342207724,9.623529419558393,2023-08-01,5,0,,2099-01-01,0,0,-99,11,4
KERALA,249.36,37438.7,2023-08,KERALA,33406061,7.464513700073768,11207.157886708044,2.010160284873715,9.324307950175156,2023-08-01,5,0,,2099-01-01,0,0,-99,16,4
ODISHA,220.05,30594.38,2023-08,ODISHA,41974218,5.242503862728306,7288.850503420933,1.6567992206040252,8.894101131283136,2023-08-01,5,0,,2099-01-01,0,0,-99,25,4
PUNJAB,147.14,24812.53,2023-08,PUNJAB,27743338,5.303615592327066,8943.599360682554,1.6683887752056599,9.098693400192413,2023-08-01,5,0,,2099-01-01,0,0,-99,27,4
ASSAM,105.93,15516.16,2023-08,ASSAM,31205576,3.3945856343109964,4972.239576670529,1.2221817018124002,8.511625636640797,2023-08-01,5,0,,2099-01-01,0,0,-99,3,4
JHARKHAND,104.67,14547.31,2023-08,JHARKHAND,32988134,3.1729591009906772,4409.861436842714,1.1546646228207518,8.391598547730196,2023-08-01,5,1,2024-11,2024-11-01,0,0,-15,14,4
CHHATTISGARH,97.25,12772.92,2023-08,CHHATTISGARH,25545198,3.8069777341322624,5000.125659624951,1.336835628718235,8.517218323025427,2023-08-01,5,1,2024-02,2024-02-01,0,0,-6,6,4
UTTARAKHAND,81.71,10706.66,2023-08,UTTARAKHAND,10086292,8.101094039315935,10615.060519762863,2.091999119139938,9.270029075464755,2023-08-01,5,0,,2099-01-01,0,0,-99,34,4
HIMACHAL PRADESH,35.23,4698.18,2023-08,HIMACHAL PRADESH,6864602,5.132125649819174,6844.067580320025,1.6355199300505487,8.831137509352581,2023-08-01,5,0,,2099-01-01,0,0,-99,12,4
JAMMU AND KASHMIR,34.8,5283.63,2023-08,JAMMU AND KASHMIR,12541302,2.7748315127089676,4212.983628015656,1.0205900292141858,8.345926375908245,2023-08-01,5,0,,2099-01-01,0,0,-99,13,4
CHANDIGARH,21.26,2829.23,2023-08,CHANDIGARH,1055450,20.143066938272774,26805.912170164385,3.0028601566438593,10.196377745533947,2023-08-01,5,0,,2099-01-01,0,0,-99,5,4
GOA,20.95,2970.56,2023-08,GOA,1458545,14.363629507488627,20366.598219458432,2.6646992829017413,9.921651495739209,2023-08-01,5,0,,2099-01-01,0,0,-99,9,4
PUDUCHERRY,11.56,1708.52,2023-08,PUDUCHERRY,1247953,9.263169366154013,13690.579693305757,2.2260462542625707,9.524463261674223,2023-08-01,5,0,,2099-01-01,0,0,-99,26,4
ARUNACHAL PRADESH,8.78,1434.45,2023-08,ARUNACHAL PRADESH,1383727,6.3451822505450854,10366.567971861501,1.8476958242440027,9.246341289054685,2023-08-01,5,0,,2099-01-01,0,0,-99,2,4
TRIPURA,6.75,1123.71,2023-08,TRIPURA,3673917,1.837276127903815,3058.6156410174754,0.608284109527963,8.025717687684207,2023-08-01,5,0,,2099-01-01,0,0,-99,32,4
DADRA & NAGAR HAVELI & DAMAN & DIU,6.23,698.87,2023-08,DADRA AND NAGAR HAVELI & DAMAN AND DIU,586956,10.614083508814971,11906.68465779377,2.3621817521734116,9.384855257334099,2023-08-01,5,0,,2099-01-01,0,0,-99,7,4
MEGHALAYA,6.11,1098.18,2023-08,MEGHALAYA,2966889,2.0593962227774614,3701.4529360552415,0.7224128441014425,8.21648070697191,2023-08-01,5,0,,2099-01-01,0,0,-99,22,4
NAGALAND,5.5,1245.07,2023-08,NAGALAND,1978502,2.779880940226495,6292.993385905093,1.022408099528776,8.747192132502242,2023-08-01,5,0,,2099-01-01,0,0,-99,24,4
MIZORAM,4.27,939.12,2023-08,MIZORAM,1097206,3.89170310771177,8559.19490050182,1.35884687870899,9.05476141103277,2023-08-01,5,0,,2099-01-01,0,0,-99,23,4
SIKKIM,3.87,644.83,2023-08,SIKKIM,610577,6.338266918013616,10560.993945071628,1.8466053743001731,9.264922676417234,2023-08-01,5,0,,2099-01-01,0,0,-99,29,4
MANIPUR,2.29,770.73,2023-08,MANIPUR,2855794,0.80187856687142,2698.8291172262425,-0.22079809545823834,7.900573297648028,2023-08-01,5,0,,2099-01-01,0,0,-99,21,4
LADAKH,2.05,480.89,2023-08,LADAKH,274289,7.4738688026133016,17532.237895066883,2.011412777071023,9.771796630638224,2023-08-01,5,0,,2099-01-01,0,0,-99,17,4
ANDAMAN & NICOBAR,1.84,338.88,2023-08,ANDAMAN AND NICOBAR ISLANDS,380581,4.834713241070889,8904.280560511428,1.5758218181641745,9.094287401950368,2023-08-01,5,0,,2099-01-01,0,0,-99,0,4
LAKSHADWEEP,0.11,23.1,2023-08,LAKSHADWEEP,64473,1.7061405549609914,3582.895165418082,0.5342338342812375,8.183926457992753,2023-08-01,5,0,,2099-01-01,0,0,-99,18,4
MAHARASHTRA,1746.49,229753.56,2023-12,MAHARASHTRA,112374333,15.541716274302603,20445.37697055786,2.7435277812030074,9.925512070905006,2023-12-01,9,1,2024-08,2024-08-01,0,0,-8,20,8
KARNATAKA,921.02,128746.92,2023-12,KARNATAKA,61095297,15.07513745288774,21073.13104640444,2.7130468605078493,9.955754097865508,2023-12-01,9,0,,2099-01-01,0,0,-99,15,8
UTTAR PRADESH,774.15,115581.23,2023-12,UTTAR PRADESH,199812341,3.874385316370424,5784.489057159888,1.354387022189114,8.662935313715039,2023-12-01,9,0,,2099-01-01,0,0,-99,33,8
TELANGANA,679.54,118318.89,2023-12,TELANGANA,35003674,19.41339072007127,33801.84891448823,2.965963071263579,10.42827078158711,2023-12-01,9,0,,2099-01-01,0,0,-99,31,8
TAMIL NADU,511.92,83498.19,2023-12,TAMIL NADU,72147030,7.095510376518618,11573.337114500764,1.9594622426997599,9.356459206819899,2023-12-01,9,0,,2099-01-01,0,0,-99,30,8
RAJASTHAN,458.04,74773.6,2023-12,RAJASTHAN,68548437,6.681990429628614,10908.140764755875,1.8994159116720326,9.297264648608643,2023-12-01,9,0,,2099-01-01,0,0,-99,28,8
ANDHRA PRADESH,437.75,84149.99,2023-12,ANDHRA PRADESH,84580777,5.175525876287469,9949.067977940189,1.643940952594886,9.205234155206503,2023-12-01,9,0,,2099-01-01,0,0,-99,1,8
MADHYA PRADESH,384.08,53739.43,2023-12,MADHYA PRADESH,72626809,5.288405277450645,7399.3929707141615,1.665516740582859,8.909153244842964,2023-12-01,9,0,,2099-01-01,0,0,-99,19,8
DELHI,358.56,49607.1,2023-12,DELHI,16787941,21.358187999350246,29549.24609277576,3.0614351790025065,10.293813509573953,2023-12-01,9,0,,2099-01-01,0,0,-99,8,8
GUJARAT,341.58,57762.41,2023-12,GUJARAT,60439692,5.651584061679203,9557.032487855828,1.7319358707624297,9.16503254863843,2023-12-01,9,0,,2099-01-01,0,0,-99,10,8
BIHAR,332.74,55538.69,2023-12,BIHAR,104099452,3.1963664899984296,5335.156807549765,1.1620146927935975,8.58207355553442,2023-12-01,9,0,,2099-01-01,0,0,-99,4,8
WEST BENGAL,303.96,53216.78,2023-12,WEST BENGAL,91276115,3.330115441482145,5830.307304380779,1.2030069705032171,8.670824988826858,2023-12-01,9,0,,2099-01-01,0,0,-99,35,8
HARYANA,290.86,45897.55,2023-12,HARYANA,25351462,11.473105574739634,18104.498273117344,2.440005650791545,9.803915709753747,2023-12-01,9,0,,2099-01-01,0,0,-99,11,8
KERALA,273.68,39059.74,2023-12,KERALA,33406061,8.192525302519204,11692.41114658804,2.1032221900839825,9.366695290391183,2023-12-01,9,0,,2099-01-01,0,0,-99,16,8
ODISHA,239.01,34650.83,2023-12,ODISHA,41974218,5.694209717022006,8255.265172539963,1.7394498194073094,9.018606478496086,2023-12-01,9,0,,2099-01-01,0,0,-99,25,8
PUNJAB,151.53,28595.01,2023-12,PUNJAB,27743338,5.461851778614383,10306.982526760117,1.6977878858496123,9.24057685975643,2023-12-01,9,0,,2099-01-01,0,0,-99,27,8
JHARKHAND,132.25,19260.59,2023-12,JHARKHAND,32988134,4.009017303009622,5838.64185831184,1.3885461496923683,8.672253490268103,2023-12-01,9,1,2024-11,2024-11-01,0,0,-11,14,8
ASSAM,117.11,17256.71,2023-12,ASSAM,31205576,3.752854938489198,5530.008483099303,1.3225168672580414,8.617944628529544,2023-12-01,9,0,,2099-01-01,0,0,-99,3,8
CHHATTISGARH,106.17,14542.44,2023-12,CHHATTISGARH,25545198,4.156162735556014,5692.827278144409,1.4245922292451612,8.64696228915207,2023-12-01,9,1,2024-02,2024-02-01,0,0,-2,6,8
UTTARAKHAND,82.74,11377.31,2023-12,UTTARAKHAND,10086292,8.203212835797338,11279.972858211917,2.104525886776587,9.330784118862269,2023-12-01,9,0,,2099-01-01,0,0,-99,34,8
HIMACHAL PRADESH,42.16,5760.84,2023-12,HIMACHAL PRADESH,6864602,6.141652494929787,8392.096147744618,1.8150938419305096,9.035045607082072,2023-12-01,9,0,,2099-01-01,0,0,-99,12,8
JAMMU AND KASHMIR,39.71,6135.21,2023-12,JAMMU AND KASHMIR,12541302,3.166337912921641,4892.004035944593,1.1525756875769173,8.495357321815838,2023-12-01,9,0,,2099-01-01,0,0,-99,13,8
GOA,27.96,4110.01,2023-12,GOA,1458545,19.169789070614893,28178.835757552904,2.953335553899204,10.246326470104984,2023-12-01,9,0,,2099-01-01,0,0,-99,9,8
CHANDIGARH,20.47,2737.91,2023-12,CHANDIGARH,1055450,19.394571036050973,25940.68880572268,2.964993183403256,10.163568011323697,2023-12-01,9,0,,2099-01-01,0,0,-99,5,8
PUDUCHERRY,12.87,1834.69,2023-12,PUDUCHERRY,1247953,10.312888386020948,14701.595332516528,2.333394412626375,9.595711292899837,2023-12-01,9,0,,2099-01-01,0,0,-99,26,8
ARUNACHAL PRADESH,11.55,1937.35,2023-12,ARUNACHAL PRADESH,1383727,8.347022208860563,14000.955390767109,2.12190485356478,9.546880848466653,2023-12-01,9,0,,2099-01-01,0,0,-99,2,8
TRIPURA,8.26,1381.1,2023-12,TRIPURA,3673917,2.248281602442298,3759.203052219198,0.8101661921764111,8.231962259721453,2023-12-01,9,0,,2099-01-01,0,0,-99,32,8
DADRA & NAGAR HAVELI & DAMAN & DIU,8.22,907.49,2023-12,DADRA AND NAGAR HAVELI & DAMAN AND DIU,586956,14.004456892850573,15460.954483811392,2.6393756284421386,9.646073059162642,2023-12-01,9,0,,2099-01-01,0,0,-99,7,8
MEGHALAYA,7.04,1341.47,2023-12,MEGHALAYA,2966889,2.3728558769809047,4521.470132519282,0.8640942410878896,8.416592470501143,2023-12-01,9,0,,2099-01-01,0,0,-99,22,8
MANIPUR,5.71,1630.29,2023-12,MANIPUR,2855794,1.9994439374828856,5708.710082029726,0.6928691106435322,8.649748372056058,2023-12-01,9,0,,2099-01-01,0,0,-99,21,8
NAGALAND,5.56,1401.33,2023-12,NAGALAND,1978502,2.8102069141198744,7082.782832668352,1.0332581155528417,8.865422164923334,2023-12-01,9,0,,2099-01-01,0,0,-99,24,8
MIZORAM,5.49,1217.18,2023-12,MIZORAM,1097206,5.003618281343704,11093.450090502603,1.6101613069898961,9.314110131196859,2023-12-01,9,0,,2099-01-01,0,0,-99,23,8
SIKKIM,4.59,806.34,2023-12,SIKKIM,610577,7.517479367876615,13206.19676142403,2.0172308913309367,9.488441450039556,2023-12-01,9,0,,2099-01-01,0,0,-99,29,8
ANDAMAN & NICOBAR,2.64,491.18,2023-12,ANDAMAN AND NICOBAR ISLANDS,380581,6.936762476319101,12906.056792115214,1.9368351637015049,9.465451998928938,2023-12-01,9,0,,2099-01-01,0,0,-99,0,8
LADAKH,1.74,368.7,2023-12,LADAKH,274289,6.343674008071778,13442.02647572451,1.8474580971471437,9.506141382154851,2023-12-01,9,0,,2099-01-01,0,0,-99,17,8
LAKSHADWEEP,0.25,36.4,2023-12,LAKSHADWEEP,64473,3.8775921703658898,5645.774200052735,1.3552143863510677,8.638662615107698,2023-12-01,9,0,,2099-01-01,0,0,-99,18,8
MAHARASHTRA,2034.12,278351.31,2023-07,MAHARASHTRA,112374333,18.101286527769645,24770.007756130573,2.8959830146280967,10.117388835609338,2023-07-01,4,1,2024-08,2024-08-01,0,0,-13,20,3
KARNATAKA,870.28,122630.19,2023-07,KARNATAKA,61095297,14.244631628519622,20071.952510518116,2.6563801079117213,9.907078722086808,2023-07-01,4,0,,2099-01-01,0,0,-99,15,3
TELANGANA,720.58,127885.79,2023-07,TELANGANA,35003674,20.585839075063948,36534.96201570155,3.0246034158710513,10.50602494455601,2023-07-01,4,0,,2099-01-01,0,0,-99,31,3
UTTAR PRADESH,630.3,90963.74,2023-07,UTTAR PRADESH,199812341,3.154459813871056,4552.458549094323,1.1488172654453326,8.423422706473946,2023-07-01,4,0,,2099-01-01,0,0,-99,33,3
TAMIL NADU,494.19,83009.09,2023-07,TAMIL NADU,72147030,6.849762214743975,11505.544996100325,1.9242139384955557,9.350584371716959,2023-07-01,4,0,,2099-01-01,0,0,-99,30,3
MADHYA PRADESH,471.51,66620.88,2023-07,MADHYA PRADESH,72626809,6.492230713316896,9173.042422943296,1.8706061871165218,9.124024290261122,2023-07-01,4,0,,2099-01-01,0,0,-99,19,3
RAJASTHAN,405.86,63069.1,2023-07,RAJASTHAN,68548437,5.9207768661450295,9200.66200780041,1.7784676676757167,9.127030717817934,2023-07-01,4,0,,2099-01-01,0,0,-99,28,3
DELHI,397.81,54276.07,2023-07,DELHI,16787941,23.696175725182737,32330.391201636936,3.165313673314233,10.38376297091342,2023-07-01,4,0,,2099-01-01,0,0,-99,8,3
ANDHRA PRADESH,323.27,67084.86,2023-07,ANDHRA PRADESH,84580777,3.82202684186739,7931.4546850284905,1.3407808687833183,8.978591738540691,2023-07-01,4,0,,2099-01-01,0,0,-99,1,3
GUJARAT,302.19,49555.82,2023-07,GUJARAT,60439692,4.999860025759231,8199.217825266218,1.6094099171940834,9.011794041540043,2023-07-01,4,0,,2099-01-01,0,0,-99,10,3
WEST BENGAL,289.59,50112.15,2023-07,WEST BENGAL,91276115,3.1726810458573964,5490.171223873847,1.1545769862302664,8.610714722336693,2023-07-01,4,0,,2099-01-01,0,0,-99,35,3
BIHAR,281.52,46720.09,2023-07,BIHAR,104099452,2.7043370026578044,4488.024586334997,0.9948567815753304,8.409167925426162,2023-07-01,4,0,,2099-01-01,0,0,-99,4,3
HARYANA,246.82,37267.08,2023-07,HARYANA,25351462,9.735927655769911,14700.169954695315,2.2758229250670183,9.595614334243892,2023-07-01,4,0,,2099-01-01,0,0,-99,11,3
KERALA,224.03,33854.52,2023-07,KERALA,33406061,6.706268063151773,10134.24480066656,1.9030426208734712,9.223675542115375,2023-07-01,4,0,,2099-01-01,0,0,-99,16,3
ODISHA,208.06,31154.66,2023-07,ODISHA,41974218,4.956852323014094,7422.332442262534,1.6007709269896742,8.912248632083688,2023-07-01,4,0,,2099-01-01,0,0,-99,25,3
PUNJAB,132.51,23480.6,2023-07,PUNJAB,27743338,4.77628178700054,8463.50932969926,1.5636623749780862,9.043519180973822,2023-07-01,4,0,,2099-01-01,0,0,-99,27,3
JHARKHAND,96.74,14277.91,2023-07,JHARKHAND,32988134,2.9325696324623878,4328.195708190103,1.0758790463487966,8.372906038586706,2023-07-01,4,1,2024-11,2024-11-01,0,0,-16,14,3
ASSAM,96.55,14637.06,2023-07,ASSAM,31205576,3.0939983290165833,4690.527103233089,1.129464212078519,8.453300243874242,2023-07-01,4,0,,2099-01-01,0,0,-99,3,3
CHHATTISGARH,84.67,11730.08,2023-07,CHHATTISGARH,25545198,3.314517272483071,4591.8923783640275,1.1983119938738653,8.432047500957342,2023-07-01,4,1,2024-02,2024-02-01,0,0,-7,6,3
UTTARAKHAND,78.54,10785.35,2023-07,UTTARAKHAND,10086292,7.786806092863463,10693.077297385402,2.0524307748931854,9.27735182951435,2023-07-01,4,0,,2099-01-01,0,0,-99,34,3
HIMACHAL PRADESH,33.86,4716.73,2023-07,HIMACHAL PRADESH,6864602,4.93255107870784,6871.090268598236,1.5958563144023918,8.83507807256641,2023-07-01,4,0,,2099-01-01,0,0,-99,12,3
JAMMU AND KASHMIR,32.26,5337.27,2023-07,JAMMU AND KASHMIR,12541302,2.5723007068963013,4255.754306849481,0.9448007151308198,8.35602730070133,2023-07-01,4,0,,2099-01-01,0,0,-99,13,3
CHANDIGARH,18.75,2592.68,2023-07,CHANDIGARH,1055450,17.76493438817566,24564.688047752144,2.8772265361464773,10.10906524546867,2023-07-01,4,0,,2099-01-01,0,0,-99,5,3
GOA,18.42,2746.69,2023-07,GOA,1458545,12.629024130211958,18831.71242573935,2.535997667360755,9.843297558872596,2023-07-01,4,0,,2099-01-01,0,0,-99,9,3
PUDUCHERRY,11.1,1653.48,2023-07,PUDUCHERRY,1247953,8.894565740857228,13249.537442515864,2.185440499336628,9.491717920806197,2023-07-01,4,0,,2099-01-01,0,0,-99,26,3
ARUNACHAL PRADESH,8.14,1373.51,2023-07,ARUNACHAL PRADESH,1383727,5.882663271006493,9926.163181032096,1.7720095966114264,9.20292929576967,2023-07-01,4,0,,2099-01-01,0,0,-99,2,3
TRIPURA,6.24,1064.86,2023-07,TRIPURA,3673917,1.6984597093510823,2898.432381569861,0.5297217870248608,7.971925311741016,2023-07-01,4,0,,2099-01-01,0,0,-99,32,3
DADRA & NAGAR HAVELI & DAMAN & DIU,5.63,677.01,2023-07,DADRA AND NAGAR HAVELI & DAMAN AND DIU,586956,9.591860377949965,11534.254697115286,2.2609148615256487,9.353076556220024,2023-07-01,4,0,,2099-01-01,0,0,-99,7,3
NAGALAND,5.14,1204.72,2023-07,NAGALAND,1978502,2.597925096866215,6089.051211472114,0.9547130867574245,8.714247554062961,2023-07-01,4,0,,2099-01-01,0,0,-99,24,3
MEGHALAYA,5.11,950.01,2023-07,MEGHALAYA,2966889,1.7223428311608557,3202.040925696917,0.5436854751335517,8.071543674766959,2023-07-01,4,0,,2099-01-01,0,0,-99,22,3
MIZORAM,4.03,923.43,2023-07,MIZORAM,1097206,3.672965696505488,8416.195317925713,1.3009994274270484,9.037913142636627,2023-07-01,4,0,,2099-01-01,0,0,-99,23,3
SIKKIM,3.81,645.73,2023-07,SIKKIM,610577,6.239999213858367,10575.734100694917,1.8309800563970922,9.266317420010555,2023-07-01,4,0,,2099-01-01,0,0,-99,29,3
LADAKH,1.94,483.88,2023-07,LADAKH,274289,7.072831940034051,17641.247005895242,1.9562609569959428,9.777995019006399,2023-07-01,4,0,,2099-01-01,0,0,-99,17,3
ANDAMAN & NICOBAR,1.69,318.73,2023-07,ANDAMAN AND NICOBAR ISLANDS,380581,4.440579009461849,8374.826909383284,1.4907847754782622,9.032985688943366,2023-07-01,4,0,,2099-01-01,0,0,-99,0,3
MANIPUR,1.59,475.02,2023-07,MANIPUR,2855794,0.5567628477404183,1663.355270022978,-0.5856158967922465,7.416592088381057,2023-07-01,4,0,,2099-01-01,0,0,-99,21,3
LAKSHADWEEP,0.09,21.03,2023-07,LAKSHADWEEP,64473,1.3959331813317202,3261.8305337117863,0.33356313881908634,8.090043830179612,2023-07-01,4,0,,2099-01-01,0,0,-99,18,3
MAHARASHTRA,1958.64,274244.34,2023-06,MAHARASHTRA,112374333,17.429602896953345,24404.535509011657,2.8581700765387987,10.102524275524337,2023-06-01,3,1,2024-08,2024-08-01,0,0,-14,20,2
KARNATAKA,812.5,116958.14,2023-06,KARNATAKA,61095297,13.298895985398024,19143.55862776148,2.5876810231656124,9.859721573940142,2023-06-01,3,0,,2099-01-01,0,0,-99,15,2
TELANGANA,710.27,129049.85,2023-06,TELANGANA,35003674,20.29129856483065,36867.51567849706,3.010192152027876,10.515086108391081,2023-06-01,3,0,,2099-01-01,0,0,-99,31,2
UTTAR PRADESH,596.11,90290.44,2023-06,UTTAR PRADESH,199812341,2.9833492616955026,4518.76193172673,1.0930465827202123,8.415993326396364,2023-06-01,3,0,,2099-01-01,0,0,-99,33,2
TAMIL NADU,458.92,79245.18,2023-06,TAMIL NADU,72147030,6.360899402234575,10983.845073040427,1.8501697827994972,9.30418084256323,2023-06-01,3,0,,2099-01-01,0,0,-99,30,2
MADHYA PRADESH,427.33,63711.04,2023-06,MADHYA PRADESH,72626809,5.883915400991939,8772.385965628753,1.7722224248302447,9.0793641082995,2023-06-01,3,0,,2099-01-01,0,0,-99,19,2
DELHI,386.86,54882.65,2023-06,DELHI,16787941,23.04392182460017,32691.71007927655,3.1374020394238413,10.394876810349926,2023-06-01,3,0,,2099-01-01,0,0,-99,8,2
RAJASTHAN,337.69,55593.65,2023-06,RAJASTHAN,68548437,4.926297590125943,8110.126566416095,1.5945877099982404,9.000868753204218,2023-06-01,3,0,,2099-01-01,0,0,-99,28,2
ANDHRA PRADESH,295.26,62976.99,2023-06,ANDHRA PRADESH,84580777,3.4908641238895215,7445.780499273494,1.2501493055348667,8.915402774985724,2023-06-01,3,0,,2099-01-01,0,0,-99,1,2
GUJARAT,277.76,46487.59,2023-06,GUJARAT,60439692,4.595655451056898,7691.566330285071,1.5251113900433695,8.947879725801183,2023-06-01,3,0,,2099-01-01,0,0,-99,10,2
WEST BENGAL,273.83,49603.55,2023-06,WEST BENGAL,91276115,3.00001813179713,5434.450184475972,1.0986183325822219,8.600513632428148,2023-06-01,3,0,,2099-01-01,0,0,-99,35,2
BIHAR,262.96,48095.78,2023-06,BIHAR,104099452,2.5260459584359767,4620.176098525475,0.9266552179179646,8.438188099913322,2023-06-01,3,0,,2099-01-01,0,0,-99,4,2
HARYANA,226.29,35090.23,2023-06,HARYANA,25351462,8.926112426967723,13841.501527604209,2.18898096157563,9.535426715165759,2023-06-01,3,0,,2099-01-01,0,0,-99,11,2
KERALA,215.06,32879.15,2023-06,KERALA,33406061,6.437753915374818,9842.270838217053,1.8621797083770135,9.194441739663128,2023-06-01,3,0,,2099-01-01,0,0,-99,16,2
ODISHA,197.7,30051.56,2023-06,ODISHA,41974218,4.710034145246017,7159.528260895771,1.549695157523496,8.876199372434403,2023-06-01,3,0,,2099-01-01,0,0,-99,25,2
PUNJAB,124.17,22242.08,2023-06,PUNJAB,27743338,4.475669077743998,8017.088643046487,1.4986558551302922,8.989330622866754,2023-06-01,3,0,,2099-01-01,0,0,-99,27,2
ASSAM,89.22,14075.95,2023-06,ASSAM,31205576,2.8591044113398194,4510.7162899348505,1.050508432904114,8.414211242487712,2023-06-01,3,0,,2099-01-01,0,0,-99,3,2
JHARKHAND,88.77,13802.1,2023-06,JHARKHAND,32988134,2.690967606715797,4183.958995680083,0.9899008340341875,8.339013205429069,2023-06-01,3,1,2024-11,2024-11-01,0,0,-17,14,2
UTTARAKHAND,79.35,11384.06,2023-06,UTTARAKHAND,10086292,7.8671131075721386,11286.665109437641,2.0626911727157395,9.331377229048332,2023-06-01,3,0,,2099-01-01,0,0,-99,34,2
CHHATTISGARH,73.13,10536.22,2023-06,CHHATTISGARH,25545198,2.862768963466245,4124.5403539248355,1.0517893255025392,8.324709863208515,2023-06-01,3,1,2024-02,2024-02-01,0,0,-8,6,2
HIMACHAL PRADESH,37.47,5510.42,2023-06,HIMACHAL PRADESH,6864602,5.458437357329675,8027.297139732209,1.6971625505029986,8.9906031549788,2023-06-01,3,0,,2099-01-01,0,0,-99,12,2
JAMMU AND KASHMIR,30.84,5058.35,2023-06,JAMMU AND KASHMIR,12541302,2.4590748233317403,4033.3531558366108,0.8997851911288859,8.30235335757488,2023-06-01,3,0,,2099-01-01,0,0,-99,13,2
GOA,18.53,2779.41,2023-06,GOA,1458545,12.704441755310944,19056.04557967015,2.541951676830863,9.855139683472476,2023-06-01,3,0,,2099-01-01,0,0,-99,9,2
CHANDIGARH,17.6,2430.14,2023-06,CHANDIGARH,1055450,16.675351745700887,23024.68141550997,2.813931685774164,10.044322024567848,2023-06-01,3,0,,2099-01-01,0,0,-99,5,2
PUDUCHERRY,10.24,1551.66,2023-06,PUDUCHERRY,1247953,8.20543722399802,12433.641331043716,2.1047970106297016,9.42816108859079,2023-06-01,3,0,,2099-01-01,0,0,-99,26,2
ARUNACHAL PRADESH,7.69,1376.41,2023-06,ARUNACHAL PRADESH,1383727,5.557454613518418,9947.121072292439,1.71514020011453,9.205038448817803,2023-06-01,3,0,,2099-01-01,0,0,-99,2,2
TRIPURA,5.62,980.89,2023-06,TRIPURA,3673917,1.529702494639917,2669.8752312586266,0.42507326854912414,7.889787020436738,2023-06-01,3,0,,2099-01-01,0,0,-99,32,2
DADRA & NAGAR HAVELI & DAMAN & DIU,5.35,651.41,2023-06,DADRA AND NAGAR HAVELI & DAMAN AND DIU,586956,9.11482291687963,11098.106161279551,2.2099019802819653,9.314529756642902,2023-06-01,3,0,,2099-01-01,0,0,-99,7,2
NAGALAND,5.03,1176.33,2023-06,NAGALAND,1978502,2.542327478061685,5945.558811666604,0.9330799914019986,8.690399801623615,2023-06-01,3,0,,2099-01-01,0,0,-99,24,2
MEGHALAYA,4.22,811.42,2023-06,MEGHALAYA,2966889,1.4223653126220765,2734.918630255463,0.35232119896585906,7.913856963135793,2023-06-01,3,0,,2099-01-01,0,0,-99,22,2
SIKKIM,3.91,718.62,2023-06,SIKKIM,610577,6.403778720783783,11769.522926674277,1.856888241255757,9.37326866644,2023-06-01,3,0,,2099-01-01,0,0,-99,29,2
MIZORAM,3.74,905.89,2023-06,MIZORAM,1097206,3.4086579912978965,8256.334726569123,1.2263186628948972,9.01873603033082,2023-06-01,3,0,,2099-01-01,0,0,-99,23,2
MANIPUR,1.9,497.29,2023-06,MANIPUR,2855794,0.6653140947841476,1741.3370852379408,-0.4074960268519918,7.462408536901805,2023-06-01,3,0,,2099-01-01,0,0,-99,21,2
LADAKH,1.81,454.94,2023-06,LADAKH,274289,6.598879284258574,16586.155478345834,1.8868998291984405,9.716323619038468,2023-06-01,3,0,,2099-01-01,0,0,-99,17,2
ANDAMAN & NICOBAR,1.56,305.91,2023-06,ANDAMAN AND NICOBAR ISLANDS,380581,4.098996008734015,8037.97351943476,1.410742067804726,8.99193228058157,2023-06-01,3,0,,2099-01-01,0,0,-99,0,2
LAKSHADWEEP,0.08,20.5,2023-06,LAKSHADWEEP,64473,1.2408294945170846,3179.6255797000294,0.21578010316270285,8.064518726609366,2023-06-01,3,0,,2099-01-01,0,0,-99,18,2
MAHARASHTRA,1859.62,258141.08,2023-05,MAHARASHTRA,112374333,16.548440825895714,22971.53390000544,2.806291887469372,10.04201107186042,2023-05-01,2,1,2024-08,2024-08-01,0,0,-15,20,1
KARNATAKA,797.62,118039.69,2023-05,KARNATAKA,61095297,13.055342050305443,19320.585347183107,2.569197402520647,9.868926404780796,2023-05-01,2,0,,2099-01-01,0,0,-99,15,1
TELANGANA,716.76,129532.28,2023-05,TELANGANA,35003674,20.476707673600206,37005.33835391108,3.0192880291233446,10.518817461054462,2023-05-01,2,0,,2099-01-01,0,0,-99,31,1
UTTAR PRADESH,612.76,94729.13,2023-05,UTTAR PRADESH,199812341,3.06667744811618,4740.904867332494,1.1205947110707637,8.463983296751099,2023-05-01,2,0,,2099-01-01,0,0,-99,33,1
TAMIL NADU,459.82,78145.83,2023-05,TAMIL NADU,72147030,6.373373928212984,10831.468738214171,1.8521289884243453,9.290210948363441,2023-05-01,2,0,,2099-01-01,0,0,-99,30,1
MADHYA PRADESH,397.53,59740.76,2023-05,MADHYA PRADESH,72626809,5.47359859910684,8225.717310531983,1.6999362793048287,9.015020782837842,2023-05-01,2,0,,2099-01-01,0,0,-99,19,1
DELHI,387.94,55560.85,2023-05,DELHI,16787941,23.108253716164477,33095.6905316739,3.1401898574400353,10.407158357471289,2023-05-01,2,0,,2099-01-01,0,0,-99,8,1
RAJASTHAN,382.58,63055.85,2023-05,RAJASTHAN,68548437,5.581162995736869,9198.729068031122,1.7193971768514016,9.126820608715036,2023-05-01,2,0,,2099-01-01,0,0,-99,28,1
ANDHRA PRADESH,300.2,64986.38,2023-05,ANDHRA PRADESH,84580777,3.5492698299520233,7683.351029040558,1.2667419006282865,8.946811062882956,2023-05-01,2,0,,2099-01-01,0,0,-99,1,1
GUJARAT,288.57,47894.81,2023-05,GUJARAT,60439692,4.774511425372585,7924.396768931251,1.563291649404018,8.977701478363382,2023-05-01,2,0,,2099-01-01,0,0,-99,10,1
BIHAR,280.34,51363.73,2023-05,BIHAR,104099452,2.6930016884238737,4934.101862515088,0.9906564407969124,8.503925941893442,2023-05-01,2,0,,2099-01-01,0,0,-99,4,1
WEST BENGAL,263.52,48233.44,2023-05,WEST BENGAL,91276115,2.8870641569264857,5284.344102506992,1.060240123130963,8.57250378511671,2023-05-01,2,0,,2099-01-01,0,0,-99,35,1
HARYANA,231.21,36868.32,2023-05,HARYANA,25351462,9.120184074591043,14542.877251024023,2.2104899874999924,9.584856616725672,2023-05-01,2,0,,2099-01-01,0,0,-99,11,1
KERALA,219.5,34118.36,2023-05,KERALA,33406061,6.570663928321271,10213.22448043186,1.8826148819298594,9.231438677208459,2023-05-01,2,0,,2099-01-01,0,0,-99,16,1
ODISHA,198.14,30136.96,2023-05,ODISHA,41974218,4.720516770556631,7179.874083657734,1.551918278891809,8.87903712479347,2023-05-01,2,0,,2099-01-01,0,0,-99,25,1
PUNJAB,129.87,23478.73,2023-05,PUNJAB,27743338,4.6811238070919945,8462.83529400824,1.5435382108235403,9.043439537588748,2023-05-01,2,0,,2099-01-01,0,0,-99,27,1
JHARKHAND,93.45,14415.31,2023-05,JHARKHAND,32988134,2.8328368012570824,4369.847048638762,1.0412786128555314,8.382483287165615,2023-05-01,2,1,2024-11,2024-11-01,0,0,-18,14,1
ASSAM,90.18,14937.13,2023-05,ASSAM,31205576,2.8898681440778407,4786.686199927859,1.0612108761969337,8.473593634690653,2023-05-01,2,0,,2099-01-01,0,0,-99,3,1
UTTARAKHAND,85.32,11994.84,2023-05,UTTARAKHAND,10086292,8.459005549313861,11892.219658126098,2.1352316193464715,9.383639655030994,2023-05-01,2,0,,2099-01-01,0,0,-99,34,1
CHHATTISGARH,80.75,11514.29,2023-05,CHHATTISGARH,25545198,3.161063774099539,4507.418576281931,1.1509086083224453,8.413479890861499,2023-05-01,2,1,2024-02,2024-02-01,0,0,-9,6,1
HIMACHAL PRADESH,38.5,5312.81,2023-05,HIMACHAL PRADESH,6864602,5.6084824728367355,7739.42903026279,1.724280178991141,8.95408319516283,2023-05-01,2,0,,2099-01-01,0,0,-99,12,1
JAMMU AND KASHMIR,32.13,5046.91,2023-05,JAMMU AND KASHMIR,12541302,2.561934956992504,4024.2312959212686,0.9407628155615243,8.300089189233399,2023-05-01,2,0,,2099-01-01,0,0,-99,13,1
GOA,19.87,2965.09,2023-05,GOA,1458545,13.623165551971313,20329.095091341027,2.61177169309732,9.919808394630323,2023-05-01,2,0,,2099-01-01,0,0,-99,9,1
CHANDIGARH,18.42,2496.89,2023-05,CHANDIGARH,1055450,17.45227154294377,23657.113079729024,2.8594698145572184,10.071419113170084,2023-05-01,2,0,,2099-01-01,0,0,-99,5,1
PUDUCHERRY,10.06,1508.72,2023-05,PUDUCHERRY,1247953,8.06120102279493,12089.557859951456,2.0870625556899327,9.400097372216495,2023-05-01,2,0,,2099-01-01,0,0,-99,26,1
ARUNACHAL PRADESH,7.22,1332.48,2023-05,ARUNACHAL PRADESH,1383727,5.217792237919763,9629.645153993526,1.6520743695017124,9.172601656137518,2023-05-01,2,0,,2099-01-01,0,0,-99,2,1
TRIPURA,5.95,1016.47,2023-05,TRIPURA,3673917,1.6195248831152147,2766.7200973783565,0.4821328242010629,7.925417817235529,2023-05-01,2,0,,2099-01-01,0,0,-99,32,1
DADRA & NAGAR HAVELI & DAMAN & DIU,5.69,664.54,2023-05,DADRA AND NAGAR HAVELI & DAMAN AND DIU,586956,9.694082691036465,11321.802656417176,2.2715156675122894,9.334485584345527,2023-05-01,2,0,,2099-01-01,0,0,-99,7,1
MEGHALAYA,4.4,839.74,2023-05,MEGHALAYA,2966889,1.4830349231130655,2830.372150761286,0.39409061184215405,7.948163484027439,2023-05-01,2,0,,2099-01-01,0,0,-99,22,1
NAGALAND,4.07,1045.51,2023-05,NAGALAND,1978502,2.0571118957676062,5284.351494211277,0.7213030067448545,8.572505183908872,2023-05-01,2,0,,2099-01-01,0,0,-99,24,1
SIKKIM,3.79,719.96,2023-05,SIKKIM,610577,6.207243312473284,11791.469380602282,1.8257168863528177,9.375131615163808,2023-05-01,2,0,,2099-01-01,0,0,-99,29,1
MIZORAM,3.75,910.78,2023-05,MIZORAM,1097206,3.4177720500981583,8300.902474102402,1.2289888914507763,9.02411951969338,2023-05-01,2,0,,2099-01-01,0,0,-99,23,1
MANIPUR,2.7,669.27,2023-05,MANIPUR,2855794,0.9454463452195782,2343.5513906115075,-0.05609814001410325,7.759422746122327,2023-05-01,2,0,,2099-01-01,0,0,-99,21,1
LADAKH,1.72,412.84,2023-05,LADAKH,274289,6.270758214875551,15051.278031565245,1.8358972747460678,9.619218185612484,2023-05-01,2,0,,2099-01-01,0,0,-99,17,1
ANDAMAN & NICOBAR,1.66,336.3,2023-05,ANDAMAN AND NICOBAR ISLANDS,380581,4.361752163140041,8836.489472674673,1.4728738489117321,9.08664495828355,2023-05-01,2,0,,2099-01-01,0,0,-99,0,1
LAKSHADWEEP,0.08,21.79,2023-05,LAKSHADWEEP,64473,1.2408294945170846,3379.7093356909095,0.21578010316270285,8.125544989421533,2023-05-01,2,0,,2099-01-01,0,0,-99,18,1
MAHARASHTRA,2083.44,289387.43,2023-11,MAHARASHTRA,112374333,18.540176785743412,25752.093229332004,2.9199400954613637,10.156271193247488,2023-11-01,8,1,2024-08,2024-08-01,0,0,-9,20,7
KARNATAKA,935.02,132126.57,2023-11,KARNATAKA,61095297,15.304287660636136,21626.30783184506,2.7281330283959675,9.981665807744555,2023-11-01,8,0,,2099-01-01,0,0,-99,15,7
UTTAR PRADESH,786.83,118988.81,2023-11,UTTAR PRADESH,199812341,3.937844860143048,5955.028073065817,1.3706335838449313,8.691991195979098,2023-11-01,8,0,,2099-01-01,0,0,-99,33,7
TELANGANA,764.77,131905.47,2023-11,TELANGANA,35003674,21.848277983619663,37683.32147076904,3.0841221076175414,10.536972874241911,2023-11-01,8,0,,2099-01-01,0,0,-99,31,7
TAMIL NADU,525.3,87369.93,2023-11,TAMIL NADU,72147030,7.280964996064286,12109.982905741232,1.9852634078284708,9.40178542496408,2023-11-01,8,0,,2099-01-01,0,0,-99,30,7
MADHYA PRADESH,510.51,72171.99,2023-11,MADHYA PRADESH,72626809,7.029222501018873,9937.375880027994,1.950076102411629,9.20405826882451,2023-11-01,8,0,,2099-01-01,0,0,-99,19,7
RAJASTHAN,451.81,74471.53,2023-11,RAJASTHAN,68548437,6.591105789910279,10864.074114483456,1.8857211326033227,9.293216671800563,2023-11-01,8,0,,2099-01-01,0,0,-99,28,7
DELHI,431.73,61568.09,2023-11,DELHI,16787941,25.716673652832114,36673.99712686624,3.2471395618000813,10.509823257766582,2023-11-01,8,0,,2099-01-01,0,0,-99,8,7
ANDHRA PRADESH,376.19,74054.42,2023-11,ANDHRA PRADESH,84580777,4.447700923816295,8755.466978034501,1.492387316337029,9.07743358173663,2023-11-01,8,0,,2099-01-01,0,0,-99,1,7
BIHAR,375.47,60451.55,2023-11,BIHAR,104099452,3.6068393520457724,5807.095891340523,1.2828318630991704,8.6668358782959,2023-11-01,8,0,,2099-01-01,0,0,-99,4,7
GUJARAT,338.54,58262.18,2023-11,GUJARAT,60439692,5.601285989346207,9639.721526046162,1.7229962123323352,9.173647499847734,2023-11-01,8,0,,2099-01-01,0,0,-99,10,7
WEST BENGAL,312.97,53753.8,2023-11,WEST BENGAL,91276115,3.4288269170965484,5889.141973231442,1.2322181960028356,8.680865590861044,2023-11-01,8,0,,2099-01-01,0,0,-99,35,7
HARYANA,279.29,45139.63,2023-11,HARYANA,25351462,11.016721639170159,17805.53326668103,2.3994142675569385,9.787264545652649,2023-11-01,8,0,,2099-01-01,0,0,-99,11,7
KERALA,258.38,36759.86,2023-11,KERALA,33406061,7.734524582230751,11003.949253400453,2.0456940189467887,9.306009510383564,2023-11-01,8,0,,2099-01-01,0,0,-99,16,7
ODISHA,244.19,34247.19,2023-11,ODISHA,41974218,5.8176188059060445,8159.101379804146,1.7608910381441034,9.006889316869945,2023-11-01,8,0,,2099-01-01,0,0,-99,25,7
PUNJAB,154.3,28826.5,2023-11,PUNJAB,27743338,5.561695568139638,10390.422378157957,1.7159030200706566,9.248639735640227,2023-11-01,8,0,,2099-01-01,0,0,-99,27,7
JHARKHAND,122.61,17742.21,2023-11,JHARKHAND,32988134,3.716791013398939,5378.36120103065,1.312860665198255,8.590138997279084,2023-11-01,8,1,2024-11,2024-11-01,0,0,-12,14,7
ASSAM,120.23,17829.16,2023-11,ASSAM,31205576,3.8528370698877663,5713.45326232722,1.3488097781908133,8.650578894335794,2023-11-01,8,0,,2099-01-01,0,0,-99,3,7
CHHATTISGARH,93.91,13195.54,2023-11,CHHATTISGARH,25545198,3.676229090101396,5165.565755254667,1.3018875230362017,8.54976991190641,2023-11-01,8,1,2024-02,2024-02-01,0,0,-3,6,7
UTTARAKHAND,90.04,12869.19,2023-11,UTTARAKHAND,10086292,8.926967412801453,12759.089266898083,2.189076741781853,9.453999180283983,2023-11-01,8,0,,2099-01-01,0,0,-99,34,7
HIMACHAL PRADESH,40.7,5732.29,2023-11,HIMACHAL PRADESH,6864602,5.928967185570263,8350.505972523972,1.779850030145952,9.03007741152092,2023-11-01,8,0,,2099-01-01,0,0,-99,12,7
JAMMU AND KASHMIR,40.66,6345.35,2023-11,JAMMU AND KASHMIR,12541302,3.2420876237570866,5059.5623963126,1.1762174506339576,8.529035275599472,2023-11-01,8,0,,2099-01-01,0,0,-99,13,7
GOA,24.47,3516.93,2023-11,GOA,1458545,16.77699351065617,24112.59165812505,2.8200085139881748,10.09048945847685,2023-11-01,8,0,,2099-01-01,0,0,-99,9,7
CHANDIGARH,22.35,3189.81,2023-11,CHANDIGARH,1055450,21.175801790705385,30222.274859064855,3.0528591047896354,10.316334509600633,2023-11-01,8,0,,2099-01-01,0,0,-99,5,7
PUDUCHERRY,11.83,1749.0,2023-11,PUDUCHERRY,1247953,9.479523667958649,14014.95088356693,2.249134069008635,9.547879959030988,2023-11-01,8,0,,2099-01-01,0,0,-99,26,7
ARUNACHAL PRADESH,10.24,1663.05,2023-11,ARUNACHAL PRADESH,1383727,7.400303672617503,12018.627951900917,2.0015210362083393,9.394213054477493,2023-11-01,8,0,,2099-01-01,0,0,-99,2,7
TRIPURA,7.98,1343.51,2023-11,TRIPURA,3673917,2.172068666766288,3656.8871860741547,0.7756800161052418,8.204367568910671,2023-11-01,8,0,,2099-01-01,0,0,-99,32,7
DADRA & NAGAR HAVELI & DAMAN & DIU,7.13,835.34,2023-11,DADRA AND NAGAR HAVELI & DAMAN AND DIU,586956,12.147418205112478,14231.731168946224,2.4971166538002545,9.563229339970123,2023-11-01,8,0,,2099-01-01,0,0,-99,7,7
MEGHALAYA,6.55,1169.9,2023-11,MEGHALAYA,2966889,2.207699715088768,3943.1876285226713,0.7919511205650992,8.27974471796554,2023-11-01,8,0,,2099-01-01,0,0,-99,22,7
NAGALAND,5.82,1349.79,2023-11,NAGALAND,1978502,2.9416194676578544,6822.282716924218,1.0789602690336972,8.827949404061295,2023-11-01,8,0,,2099-01-01,0,0,-99,24,7
MIZORAM,5.4,1170.88,2023-11,MIZORAM,1097206,4.921591752141348,10671.469168050486,1.5936320050386854,9.275329026293345,2023-11-01,8,0,,2099-01-01,0,0,-99,23,7
MANIPUR,4.29,1434.65,2023-11,MANIPUR,2855794,1.5022091929599963,5023.6466635898805,0.4069368199155389,8.52191137597532,2023-11-01,8,0,,2099-01-01,0,0,-99,21,7
SIKKIM,3.84,662.18,2023-11,SIKKIM,610577,6.289133065935991,10845.151389587225,1.838823233858118,9.29147338255379,2023-11-01,8,0,,2099-01-01,0,0,-99,29,7
ANDAMAN & NICOBAR,2.22,427.62,2023-11,ANDAMAN AND NICOBAR ISLANDS,380581,5.83318662781379,11235.978674710508,1.7635634424274682,9.32687629027916,2023-11-01,8,0,,2099-01-01,0,0,-99,0,7
LADAKH,1.71,369.58,2023-11,LADAKH,274289,6.2343003182774375,13474.10942473085,1.8300663544352747,9.508525302664031,2023-11-01,8,0,,2099-01-01,0,0,-99,17,7
LAKSHADWEEP,0.2,32.3,2023-11,LAKSHADWEEP,64473,3.1020737362927115,5009.8490841127295,1.132070835036858,8.519161070693615,2023-11-01,8,0,,2099-01-01,0,0,-99,18,7
MAHARASHTRA,2225.55,297168.32,2023-10,MAHARASHTRA,112374333,19.80478940862768,26444.501343558586,2.985923797774614,10.182803526962251,2023-10-01,7,1,2024-08,2024-08-01,0,0,-10,20,6
KARNATAKA,957.72,133243.89,2023-10,KARNATAKA,61095297,15.67583835462818,21809.189339074663,2.7521205686376375,9.990086689274008,2023-10-01,7,0,,2099-01-01,0,0,-99,15,6
TELANGANA,778.04,132269.35,2023-10,TELANGANA,35003674,22.22738104577251,37787.27627277068,3.1013249093296213,10.539727718402522,2023-10-01,7,0,,2099-01-01,0,0,-99,31,6
UTTAR PRADESH,752.99,107856.43,2023-10,UTTAR PRADESH,199812341,3.768485951525887,5397.886309734992,1.3266733164254956,8.593762731802798,2023-10-01,7,0,,2099-01-01,0,0,-99,33,6
MADHYA PRADESH,588.01,81040.7,2023-10,MADHYA PRADESH,72626809,8.096321566324082,11158.510351184505,2.0914098309169082,9.319957745949253,2023-10-01,7,0,,2099-01-01,0,0,-99,19,6
TAMIL NADU,538.52,87385.36,2023-10,TAMIL NADU,72147030,7.464201922102684,12112.12159391731,2.010118515979589,9.401962014754753,2023-10-01,7,0,,2099-01-01,0,0,-99,30,6
RAJASTHAN,461.98,72771.58,2023-10,RAJASTHAN,68548437,6.739468034843741,10616.081589139661,1.9079809952283018,9.27012526147042,2023-10-01,7,0,,2099-01-01,0,0,-99,28,6
DELHI,449.9,60577.68,2023-10,DELHI,16787941,26.798998161835332,36084.043897938405,3.2883645047970163,10.493606049324354,2023-10-01,7,0,,2099-01-01,0,0,-99,8,6
GUJARAT,364.34,57809.55,2023-10,GUJARAT,60439692,6.028157787435449,9564.831998151149,1.796441456174067,9.16584831749126,2023-10-01,7,0,,2099-01-01,0,0,-99,10,6
ANDHRA PRADESH,361.83,71941.95,2023-10,ANDHRA PRADESH,84580777,4.277922393642707,8505.709281909292,1.4534674696921863,9.048492897226827,2023-10-01,7,0,,2099-01-01,0,0,-99,1,6
BIHAR,343.88,54202.12,2023-10,BIHAR,104099452,3.3033795413255396,5206.763240213791,1.194946047868244,8.55771368260998,2023-10-01,7,0,,2099-01-01,0,0,-99,4,6
WEST BENGAL,321.25,54677.68,2023-10,WEST BENGAL,91276115,3.51954068159014,5990.360128714944,1.2583304929110626,8.69790681095751,2023-10-01,7,0,,2099-01-01,0,0,-99,35,6
HARYANA,293.23,44962.4,2023-10,HARYANA,25351462,11.566591307436234,17735.624083534116,2.4481208830562378,9.783330555961815,2023-10-01,7,0,,2099-01-01,0,0,-99,11,6
KERALA,254.32,36657.16,2023-10,KERALA,33406061,7.612989750572509,10973.206329234688,2.029855966017181,9.303211792170865,2023-10-01,7,0,,2099-01-01,0,0,-99,16,6
ODISHA,243.43,34574.49,2023-10,ODISHA,41974218,5.799512453096804,8237.077817626048,1.7577738542082537,9.01640092622284,2023-10-01,7,0,,2099-01-01,0,0,-99,25,6
PUNJAB,159.72,27543.17,2023-10,PUNJAB,27743338,5.757057784467031,9927.85006620328,1.750426542896562,9.203099224655507,2023-10-01,7,0,,2099-01-01,0,0,-99,27,6
ASSAM,120.12,17712.04,2023-10,ASSAM,31205576,3.849312058844868,5675.921508386835,1.347894446319125,8.643988209499826,2023-10-01,7,0,,2099-01-01,0,0,-99,3,6
JHARKHAND,118.93,16946.85,2023-10,JHARKHAND,32988134,3.605235749315193,5137.256323743562,1.2823871636931135,8.544274426778113,2023-10-01,7,1,2024-11,2024-11-01,0,0,-13,14,6
CHHATTISGARH,101.78,13782.56,2023-10,CHHATTISGARH,25545198,3.984310475886701,5395.362369084006,1.382364267380366,8.593295043014724,2023-10-01,7,1,2024-02,2024-02-01,0,0,-4,6,6
UTTARAKHAND,96.06,13132.59,2023-10,UTTARAKHAND,10086292,9.52381707767334,13020.235781395184,2.25379572198,9.474260024768729,2023-10-01,7,0,,2099-01-01,0,0,-99,34,6
HIMACHAL PRADESH,41.56,5717.15,2023-10,HIMACHAL PRADESH,6864602,6.0542475732751875,8328.450797293128,1.8007601039284291,9.027432739148392,2023-10-01,7,0,,2099-01-01,0,0,-99,12,6
JAMMU AND KASHMIR,39.88,6198.21,2023-10,JAMMU AND KASHMIR,12541302,3.1798931243342996,4942.2380547091525,1.1568475875273947,8.505573555098904,2023-10-01,7,0,,2099-01-01,0,0,-99,13,6
GOA,24.06,3467.39,2023-10,GOA,1458545,16.49589145346904,23772.938099270163,2.803111347080127,10.076303158069962,2023-10-01,7,0,,2099-01-01,0,0,-99,9,6
CHANDIGARH,23.01,3120.47,2023-10,CHANDIGARH,1055450,21.80112748116917,29565.30389881093,3.081961687777332,10.294356787208052,2023-10-01,7,0,,2099-01-01,0,0,-99,5,6
PUDUCHERRY,12.31,1767.06,2023-10,PUDUCHERRY,1247953,9.864153537833555,14159.667872107362,2.2889073312147015,9.55815291161298,2023-10-01,7,0,,2099-01-01,0,0,-99,26,6
ARUNACHAL PRADESH,9.81,1604.37,2023-10,ARUNACHAL PRADESH,1383727,7.089548733240011,11594.555862536467,1.958621690174249,9.358290944733191,2023-10-01,7,0,,2099-01-01,0,0,-99,2,6
TRIPURA,8.47,1429.11,2023-10,TRIPURA,3673917,2.3054413041993054,3889.8810179979564,0.8352721133074874,8.266133849511796,2023-10-01,7,0,,2099-01-01,0,0,-99,32,6
DADRA & NAGAR HAVELI & DAMAN & DIU,7.1,787.39,2023-10,DADRA AND NAGAR HAVELI & DAMAN AND DIU,586956,12.096307048569228,13414.804516863274,2.4929002034213195,9.504114190771686,2023-10-01,7,0,,2099-01-01,0,0,-99,7,6
NAGALAND,6.03,1350.3,2023-10,NAGALAND,1978502,3.047760376284684,6824.860424705155,1.1144070180294448,8.828327169251393,2023-10-01,7,0,,2099-01-01,0,0,-99,24,6
MEGHALAYA,5.93,1063.95,2023-10,MEGHALAYA,2966889,1.9987266122864724,3586.0795601048776,0.6925102839275726,8.18481484022819,2023-10-01,7,0,,2099-01-01,0,0,-99,22,6
MIZORAM,4.87,1067.95,2023-10,MIZORAM,1097206,4.438546635727475,9733.359095739543,1.490326988562955,9.183314346407316,2023-10-01,7,0,,2099-01-01,0,0,-99,23,6
MANIPUR,4.09,1333.58,2023-10,MANIPUR,2855794,1.4321761303511387,4669.734581696019,0.3591950570303237,8.448857514293188,2023-10-01,7,0,,2099-01-01,0,0,-99,21,6
SIKKIM,3.85,697.17,2023-10,SIKKIM,610577,6.305511016628533,11418.21588431926,1.8414240155581756,9.342965243712712,2023-10-01,7,0,,2099-01-01,0,0,-99,29,6
ANDAMAN & NICOBAR,2.11,396.87,2023-10,ANDAMAN AND NICOBAR ISLANDS,380581,5.544154857967161,10428.003499911976,1.7127441940312553,9.252250110679725,2023-10-01,7,0,,2099-01-01,0,0,-99,0,6
LADAKH,2.02,468.85,2023-10,LADAKH,274289,7.364495112818961,17093.284820025594,1.9966704953338195,9.746440964780385,2023-10-01,7,0,,2099-01-01,0,0,-99,17,6
LAKSHADWEEP,0.17,30.13,2023-10,LAKSHADWEEP,64473,2.636762675848805,4673.27408372497,0.9695519055390831,8.449615193607213,2023-10-01,7,0,,2099-01-01,0,0,-99,18,6
MAHARASHTRA,2156.02,286792.45,2023-09,MAHARASHTRA,112374333,19.186053811772123,25521.17039039511,2.954183651133411,10.147263598099709,2023-09-01,6,1,2024-08,2024-08-01,0,0,-11,20,5
KARNATAKA,896.89,125683.26,2023-09,KARNATAKA,61095297,14.680180701961396,20571.67509963983,2.6864983325085245,9.931670413441287,2023-09-01,6,0,,2099-01-01,0,0,-99,15,5
TELANGANA,713.29,121128.45,2023-09,TELANGANA,35003674,20.377575222532354,34604.49608803922,3.0144350424301516,10.451738897344747,2023-09-01,6,0,,2099-01-01,0,0,-99,31,5
UTTAR PRADESH,680.36,95195.96,2023-09,UTTAR PRADESH,199812341,3.404994889680012,4764.268289114335,1.2252434387721591,8.468899244824508,2023-09-01,6,0,,2099-01-01,0,0,-99,33,5
TAMIL NADU,521.85,85968.46,2023-09,TAMIL NADU,72147030,7.233145979813722,11915.730973263904,1.9786740701346157,9.385614736645103,2023-09-01,6,0,,2099-01-01,0,0,-99,30,5
MADHYA PRADESH,512.81,69250.13,2023-09,MADHYA PRADESH,72626809,7.060891247473092,9535.064386485712,1.9545712825565278,9.16273127065836,2023-09-01,6,0,,2099-01-01,0,0,-99,19,5
RAJASTHAN,431.28,66104.53,2023-09,RAJASTHAN,68548437,6.291609537355316,9643.477356019073,1.8392169262703073,9.174037044138947,2023-09-01,6,0,,2099-01-01,0,0,-99,28,5
DELHI,416.31,55139.92,2023-09,DELHI,16787941,24.798157201052828,32844.95698430201,3.2107693440009184,10.399553495668295,2023-09-01,6,0,,2099-01-01,0,0,-99,8,5
ANDHRA PRADESH,336.99,67178.11,2023-09,ANDHRA PRADESH,84580777,3.98423864089118,7942.479648774094,1.3823462377505125,8.979980803820476,2023-09-01,6,0,,2099-01-01,0,0,-99,1,5
GUJARAT,319.31,51590.99,2023-09,GUJARAT,60439692,5.283117591002946,8535.945219575242,1.6645163763109452,9.052041375385462,2023-09-01,6,0,,2099-01-01,0,0,-99,10,5
BIHAR,305.39,48595.98,2023-09,BIHAR,104099452,2.9336369609323207,4668.226303439139,1.0762429368680675,8.448534471974089,2023-09-01,6,0,,2099-01-01,0,0,-99,4,5
WEST BENGAL,280.3,48707.55,2023-09,WEST BENGAL,91276115,3.070901955018572,5336.2864972945,1.1219713148723756,8.582285277551149,2023-09-01,6,0,,2099-01-01,0,0,-99,35,5
HARYANA,265.59,39655.16,2023-09,HARYANA,25351462,10.476318880544245,15642.1590202569,2.3491173653330484,9.657725049345459,2023-09-01,6,0,,2099-01-01,0,0,-99,11,5
KERALA,237.42,35412.25,2023-09,KERALA,33406061,7.107093530123171,10600.546409826648,1.9610933740400212,9.268660826868455,2023-09-01,6,0,,2099-01-01,0,0,-99,16,5
ODISHA,224.43,31146.94,2023-09,ODISHA,41974218,5.346853632865775,7420.493218003489,1.6765082818993482,8.912000805381341,2023-09-01,6,0,,2099-01-01,0,0,-99,25,5
PUNJAB,146.64,24711.78,2023-09,PUNJAB,27743338,5.285593247647417,8907.284336153061,1.664984864232991,9.094624685696914,2023-09-01,6,0,,2099-01-01,0,0,-99,27,5
ASSAM,110.01,15968.78,2023-09,ASSAM,31205576,3.525331498447585,5117.28416741931,1.2599744739553398,8.540379141251668,2023-09-01,6,0,,2099-01-01,0,0,-99,3,5
JHARKHAND,104.08,14937.74,2023-09,JHARKHAND,32988134,3.155073882020729,4528.216115528086,1.1490119131582093,8.418083347438406,2023-09-01,6,1,2024-11,2024-11-01,0,0,-14,14,5
CHHATTISGARH,97.4,12764.1,2023-09,CHHATTISGARH,25545198,3.812849679223469,4996.672955911323,1.3383768568681689,8.516527561115797,2023-09-01,6,1,2024-02,2024-02-01,0,0,-5,6,5
UTTARAKHAND,83.19,11010.69,2023-09,UTTARAKHAND,10086292,8.247827843968825,10916.489429415686,2.1099498740391183,9.298029716790118,2023-09-01,6,0,,2099-01-01,0,0,-99,34,5
HIMACHAL PRADESH,36.61,5035.77,2023-09,HIMACHAL PRADESH,6864602,5.33315696962475,7335.851372009623,1.6739433648295474,8.900528753645133,2023-09-01,6,0,,2099-01-01,0,0,-99,12,5
JAMMU AND KASHMIR,35.83,5399.43,2023-09,JAMMU AND KASHMIR,12541302,2.8569601465621353,4305.318538697178,1.0497581737506196,8.367606406853234,2023-09-01,6,0,,2099-01-01,0,0,-99,13,5
CHANDIGARH,21.45,2853.16,2023-09,CHANDIGARH,1055450,20.323084940072956,27032.640106115876,3.0117574291040836,10.204800307683016,2023-09-01,6,0,,2099-01-01,0,0,-99,5,5
GOA,20.69,3017.62,2023-09,GOA,1458545,14.18536966634557,20689.248531927366,2.652211128291046,9.937369449728484,2023-09-01,6,0,,2099-01-01,0,0,-99,9,5
PUDUCHERRY,11.4,1688.3,2023-09,PUDUCHERRY,1247953,9.134959409529046,13528.554360620952,2.2121087464187896,9.512557868495533,2023-09-01,6,0,,2099-01-01,0,0,-99,26,5
ARUNACHAL PRADESH,9.41,1498.65,2023-09,ARUNACHAL PRADESH,1383727,6.80047437102839,10830.532323211153,1.9169923701942657,9.29012449143816,2023-09-01,6,0,,2099-01-01,0,0,-99,2,5
TRIPURA,7.52,1274.91,2023-09,TRIPURA,3673917,2.0468617010128427,3470.1654936679297,0.716307742605273,8.151957564503336,2023-09-01,6,0,,2099-01-01,0,0,-99,32,5
DADRA & NAGAR HAVELI & DAMAN & DIU,6.32,718.59,2023-09,DADRA AND NAGAR HAVELI & DAMAN AND DIU,586956,10.767416978444722,12242.655326804736,2.376524627532816,9.41268147100301,2023-09-01,6,0,,2099-01-01,0,0,-99,7,5
NAGALAND,5.64,1240.15,2023-09,NAGALAND,1978502,2.8506415459777146,6268.126087312522,1.0475440728003182,8.743232719309407,2023-09-01,6,0,,2099-01-01,0,0,-99,24,5
MEGHALAYA,5.41,959.02,2023-09,MEGHALAYA,2966889,1.8234588486458374,3232.409436281573,0.6007351637763287,8.08098309363531,2023-09-01,6,0,,2099-01-01,0,0,-99,22,5
MIZORAM,4.6,1000.59,2023-09,MIZORAM,1097206,4.192467048120408,9119.43609495391,1.4332893549635062,9.118163249463068,2023-09-01,6,0,,2099-01-01,0,0,-99,23,5
SIKKIM,4.1,683.81,2023-09,SIKKIM,610577,6.714959783942073,11199.4064630669,1.9043378409687446,9.323616061509908,2023-09-01,6,0,,2099-01-01,0,0,-99,29,5
MANIPUR,3.53,1069.54,2023-09,MANIPUR,2855794,1.2360835550463374,3745.15808913388,0.21194795792081877,8.228219108447243,2023-09-01,6,0,,2099-01-01,0,0,-99,21,5
LADAKH,2.1,481.1,2023-09,LADAKH,274289,7.656158285603871,17539.894053352487,2.0355103286500835,9.77223322562016,2023-09-01,6,0,,2099-01-01,0,0,-99,17,5
ANDAMAN & NICOBAR,1.87,347.87,2023-09,ANDAMAN AND NICOBAR ISLANDS,380581,4.913540087392697,9140.498343322446,1.5919946774097755,9.120470186301288,2023-09-01,6,0,,2099-01-01,0,0,-99,0,5
LAKSHADWEEP,0.13,25.16,2023-09,LAKSHADWEEP,64473,2.0163479285902626,3902.4087602562313,0.7012879189444038,8.269349272297244,2023-09-01,6,0,,2099-01-01,0,0,-99,18,5
MAHARASHTRA,1859.79,260344.8,2023-04,MAHARASHTRA,112374333,16.54995362686602,23167.63917966926,2.8063832998170932,10.050511720982211,2023-04-01,1,1,2024-08,2024-08-01,0,0,-16,20,0
KARNATAKA,772.62,114007.15,2023-04,KARNATAKA,61095297,12.646145250754735,18660.54436235902,2.5373524454754675,9.83416664666387,2023-04-01,1,0,,2099-01-01,0,0,-99,15,0
TELANGANA,683.07,121761.16,2023-04,TELANGANA,35003674,19.514237276921275,34785.25139961022,2.9711443159293127,10.456948765573546,2023-04-01,1,0,,2099-01-01,0,0,-99,31,0
UTTAR PRADESH,569.78,87585.09,2023-04,UTTAR PRADESH,199812341,2.8515756191455663,4383.367391706802,1.0478716903389556,8.385572518878748,2023-04-01,1,0,,2099-01-01,0,0,-99,33,0
TAMIL NADU,433.99,73484.77,2023-04,TAMIL NADU,72147030,6.015355032632667,10185.418582026175,1.7943153722288465,9.228712425708034,2023-04-01,1,0,,2099-01-01,0,0,-99,30,0
RAJASTHAN,391.83,64347.76,2023-04,RAJASTHAN,68548437,5.716104073970352,9387.195801415573,1.7432874673844336,9.147101890904533,2023-04-01,1,0,,2099-01-01,0,0,-99,28,0
MADHYA PRADESH,375.53,56076.31,2023-04,MADHYA PRADESH,72626809,5.170680154762135,7721.158449905186,1.643004237848416,8.951719690039079,2023-04-01,1,0,,2099-01-01,0,0,-99,19,0
DELHI,330.04,46799.01,2023-04,DELHI,16787941,19.659349529522412,27876.563302194118,2.978553028186032,10.235541589779773,2023-04-01,1,0,,2099-01-01,0,0,-99,8,0
GUJARAT,280.81,46154.94,2023-04,GUJARAT,60439692,4.6461189775752,7636.5279955430615,1.5360322426245414,8.940698328021336,2023-04-01,1,0,,2099-01-01,0,0,-99,10,0
ANDHRA PRADESH,279.96,59444.05,2023-04,ANDHRA PRADESH,84580777,3.3099719573396684,7028.080387580266,1.1969397172502638,8.857668887428861,2023-04-01,1,0,,2099-01-01,0,0,-99,1,0
BIHAR,267.97,48787.79,2023-04,BIHAR,104099452,2.574173012937667,4686.6519527883775,0.9455283225085673,8.45247373717278,2023-04-01,1,0,,2099-01-01,0,0,-99,4,0
WEST BENGAL,233.46,43922.05,2023-04,WEST BENGAL,91276115,2.557733751047577,4811.9981881349795,0.9391216129261502,8.478867700563946,2023-04-01,1,0,,2099-01-01,0,0,-99,35,0
HARYANA,225.35,35256.24,2023-04,HARYANA,25351462,8.889033697543756,13906.984930494344,2.1848183481786383,9.54014650588662,2023-04-01,1,0,,2099-01-01,0,0,-99,11,0
KERALA,201.13,31243.16,2023-04,KERALA,33406061,6.020763717099122,9352.542342540773,1.795214114579763,9.143403493615503,2023-04-01,1,0,,2099-01-01,0,0,-99,16,0
ODISHA,184.79,28296.73,2023-04,ODISHA,41974218,4.40246438897325,6741.454956945237,1.482164472536259,8.816031049592969,2023-04-01,1,0,,2099-01-01,0,0,-99,25,0
PUNJAB,123.33,21576.93,2023-04,PUNJAB,27743338,4.445391538682188,7777.337391773117,1.4918679502794383,8.958969321034502,2023-04-01,1,0,,2099-01-01,0,0,-99,27,0
JHARKHAND,93.42,14905.34,2023-04,JHARKHAND,32988134,2.831927383343356,4518.394402059844,1.0409575340279213,8.415911988937209,2023-04-01,1,1,2024-11,2024-11-01,0,0,-19,14,0
ASSAM,81.02,14333.08,2023-04,ASSAM,31205576,2.596330860869224,4593.115025340343,0.9540992409785399,8.432313727630833,2023-04-01,1,0,,2099-01-01,0,0,-99,3,0
UTTARAKHAND,79.24,11091.58,2023-04,UTTARAKHAND,10086292,7.8562072166857755,10996.687385215499,2.061303947573672,9.305349359628114,2023-04-01,1,0,,2099-01-01,0,0,-99,34,0
CHHATTISGARH,78.23,11254.99,2023-04,CHHATTISGARH,25545198,3.0624150965672685,4405.9122188052725,1.1192038519166685,8.390702604060161,2023-04-01,1,1,2024-02,2024-02-01,0,0,-10,6,0
HIMACHAL PRADESH,34.96,4786.04,2023-04,HIMACHAL PRADESH,6864602,5.092793435074604,6972.057520596241,1.6278264884847373,8.849665656834828,2023-04-01,1,0,,2099-01-01,0,0,-99,12,0
JAMMU AND KASHMIR,28.44,4783.74,2023-04,JAMMU AND KASHMIR,12541302,2.267707132800087,3814.3886495995393,0.8187692473687971,8.246535681755287,2023-04-01,1,0,,2099-01-01,0,0,-99,13,0
GOA,20.03,2988.02,2023-04,GOA,1458545,13.732863915751656,20486.30655893373,2.619791786211321,9.927511969198376,2023-04-01,1,0,,2099-01-01,0,0,-99,9,0
CHANDIGARH,18.64,2531.42,2023-04,CHANDIGARH,1055450,17.66071343976503,23984.27211142167,2.871342592987503,10.085153565817615,2023-04-01,1,0,,2099-01-01,0,0,-99,5,0
PUDUCHERRY,9.52,1432.15,2023-04,PUDUCHERRY,1247953,7.628492419185658,11475.99308627809,2.0318902398216134,9.348012574650577,2023-04-01,1,0,,2099-01-01,0,0,-99,26,0
MANIPUR,8.19,2155.67,2023-04,MANIPUR,2855794,2.86785391383272,7548.408603701808,1.0535639848405913,8.929092039058993,2023-04-01,1,0,,2099-01-01,0,0,-99,21,0
ARUNACHAL PRADESH,6.62,1341.62,2023-04,ARUNACHAL PRADESH,1383727,4.784180694602331,9695.698645758881,1.5653147865458943,9.179437627561953,2023-04-01,1,0,,2099-01-01,0,0,-99,2,0
DADRA & NAGAR HAVELI & DAMAN & DIU,5.67,641.58,2023-04,DADRA AND NAGAR HAVELI & DAMAN AND DIU,586956,9.6600085866743,10930.6319383395,2.2679945371137107,9.299324396364716,2023-04-01,1,0,,2099-01-01,0,0,-99,7,0
TRIPURA,5.52,993.56,2023-04,TRIPURA,3673917,1.502483589041342,2704.361584652021,0.4071194649325284,7.90262115035747,2023-04-01,1,0,,2099-01-01,0,0,-99,32,0
MEGHALAYA,4.26,852.3,2023-04,MEGHALAYA,2966889,1.4358474482867407,2872.7060567483313,0.36175523119921765,7.963009741440236,2023-04-01,1,0,,2099-01-01,0,0,-99,22,0
NAGALAND,3.64,982.4,2023-04,NAGALAND,1978502,1.8397757495317164,4965.372792142743,0.609643688939,8.510243657677275,2023-04-01,1,0,,2099-01-01,0,0,-99,24,0
SIKKIM,3.44,660.99,2023-04,SIKKIM,610577,5.634015038234326,10825.661628263102,1.7288223386437895,9.289674671396735,2023-04-01,1,0,,2099-01-01,0,0,-99,29,0
MIZORAM,3.25,774.43,2023-04,MIZORAM,1097206,2.9620691100850705,7058.200556686711,1.085888047810103,8.861945419343929,2023-04-01,1,0,,2099-01-01,0,0,-99,23,0
ANDAMAN & NICOBAR,1.6,334.49,2023-04,ANDAMAN AND NICOBAR ISLANDS,380581,4.204098470496425,8788.930608727183,1.4360598757890157,9.081248323292515,2023-04-01,1,0,,2099-01-01,0,0,-99,0,0
LADAKH,1.39,368.52,2023-04,LADAKH,274289,5.0676476271377995,13435.46405433685,1.6228767310633063,9.505653061155483,2023-04-01,1,0,,2099-01-01,0,0,-99,17,0
LAKSHADWEEP,0.09,23.34,2023-04,LAKSHADWEEP,64473,1.3959331813317202,3620.1200502535944,0.33356313881908634,8.194262467323414,2023-04-01,1,0,,2099-01-01,0,0,-99,18,0
