snapshot_label,snapshot_year,snapshot_month,region_name_raw,region_name_clean,state_name_raw,state_name_clean,district_name_raw,district_name_clean,credit_million_rs_foreign_banks,credit_million_rs_nationalised_bank,credit_million_rs_nationalised_banks,credit_million_rs_new_private_banks,credit_million_rs_old_private_banks,credit_million_rs_regional_rural_banks,credit_million_rs_state_bank_of_india_and_its_associates,deposits_million_rs_foreign_banks,deposits_million_rs_nationalised_bank,deposits_million_rs_nationalised_banks,deposits_million_rs_new_private_banks,deposits_million_rs_old_private_banks,deposits_million_rs_regional_rural_banks,deposits_million_rs_state_bank_of_india_and_its_associates,offices_foreign_banks,offices_nationalised_bank,offices_nationalised_banks,offices_new_private_banks,offices_old_private_banks,offices_regional_rural_banks,offices_state_bank_of_india_and_its_associates
2013-09,2013,9,EASTERN REGION,EASTERN REGION,ANDAMAN & NICOBAR ISLANDS,ANDAMAN AND NICOBAR ISLANDS,Nicobar,NICOBAR,0.0,0.0,38.0,0.0,0.0,0.0,65.0,0.0,0.0,444.0,0.0,0.0,0.0,692.0,0.0,0.0,1.0,0.0,0.0,0.0,2.0
2013-09,2013,9,EASTERN REGION,EASTERN REGION,ANDAMAN & NICOBAR ISLANDS,ANDAMAN AND NICOBAR ISLANDS,North And Middle Andaman,NORTH AND MIDDLE ANDAMAN,0.0,0.0,58.0,0.0,0.0,0.0,724.0,0.0,0.0,167.0,71.0,0.0,0.0,2387.0,0.0,0.0,2.0,1.0,0.0,0.0,5.0
2013-09,2013,9,EASTERN REGION,EASTERN REGION,ANDAMAN & NICOBAR ISLANDS,ANDAMAN AND NICOBAR ISLANDS,South Andaman,SOUTH ANDAMAN,0.0,0.0,3320.0,78.0,29.0,0.0,5033.0,0.0,0.0,8677.0,1432.0,51.0,0.0,10840.0,0.0,0.0,23.0,4.0,1.0,0.0,15.0
2013-09,2013,9,SOUTHERN REGION,SOUTHERN REGION,ANDHRA PRADESH,ANDHRA PRADESH,Adilabad,ADILABAD,0.0,0.0,10308.0,1685.0,1126.0,13308.0,23076.0,0.0,0.0,10314.0,1716.0,714.0,13144.0,24105.0,0.0,0.0,50.0,13.0,6.0,86.0,63.0
2013-09,2013,9,SOUTHERN REGION,SOUTHERN REGION,ANDHRA PRADESH,ANDHRA PRADESH,Anantapur,ANANTAPUR,0.0,0.0,34226.0,3503.0,7661.0,18349.0,29665.0,0.0,0.0,34597.0,4042.0,9796.0,15640.0,35135.0,0.0,0.0,127.0,21.0,27.0,105.0,72.0
2013-09,2013,9,SOUTHERN REGION,SOUTHERN REGION,ANDHRA PRADESH,ANDHRA PRADESH,Chittoor,CHITTOOR,0.0,0.0,59713.0,3827.0,5781.0,22315.0,32377.0,0.0,0.0,114822.0,4478.0,7081.0,17198.0,46714.0,0.0,0.0,187.0,19.0,31.0,100.0,82.0
2013-09,2013,9,SOUTHERN REGION,SOUTHERN REGION,ANDHRA PRADESH,ANDHRA PRADESH,East Godavari,EAST GODAVARI,0.0,0.0,88515.0,11556.0,8464.0,2620.0,59780.0,0.0,0.0,66771.0,8674.0,7541.0,2612.0,54832.0,1.0,0.0,289.0,32.0,36.0,30.0,150.0
2013-09,2013,9,SOUTHERN REGION,SOUTHERN REGION,ANDHRA PRADESH,ANDHRA PRADESH,Guntur,GUNTUR,0.0,0.0,118206.0,7459.0,15177.0,12562.0,75621.0,0.0,0.0,62174.0,7942.0,8600.0,7544.0,42145.0,0.0,0.0,278.0,30.0,38.0,75.0,148.0
2013-09,2013,9,SOUTHERN REGION,SOUTHERN REGION,ANDHRA PRADESH,ANDHRA PRADESH,Hyderabad,HYDERABAD,65104.0,0.0,1205369.0,271819.0,118086.0,568.0,517439.0,79973.0,0.0,824269.0,301299.0,76877.0,2311.0,477570.0,11.0,0.0,510.0,143.0,79.0,12.0,250.0
2013-09,2013,9,SOUTHERN REGION,SOUTHERN REGION,ANDHRA PRADESH,ANDHRA PRADESH,Karimnagar,KARIMNAGAR,0.0,0.0,26286.0,3872.0,969.0,7430.0,26732.0,0.0,0.0,33230.0,3908.0,1785.0,8224.0,39303.0,0.0,0.0,114.0,39.0,12.0,69.0,92.0
2013-09,2013,9,SOUTHERN REGION,SOUTHERN REGION,ANDHRA PRADESH,ANDHRA PRADESH,Khammam,KHAMMAM,0.0,0.0,20767.0,2750.0,1686.0,10191.0,25022.0,0.0,0.0,18733.0,2579.0,1438.0,6532.0,34475.0,0.0,0.0,65.0,12.0,10.0,75.0,87.0
2013-09,2013,9,SOUTHERN REGION,SOUTHERN REGION,ANDHRA PRADESH,ANDHRA PRADESH,Krishna,KRISHNA,0.0,0.0,103789.0,22272.0,12427.0,7490.0,57807.0,0.0,0.0,91511.0,12864.0,13894.0,4325.0,59409.0,0.0,0.0,313.0,36.0,37.0,54.0,152.0
2013-09,2013,9,SOUTHERN REGION,SOUTHERN REGION,ANDHRA PRADESH,ANDHRA PRADESH,Kurnool,KURNOOL,0.0,0.0,32916.0,5479.0,6269.0,11423.0,32533.0,11.0,0.0,28449.0,3710.0,5625.0,10695.0,25070.0,1.0,0.0,128.0,17.0,18.0,89.0,87.0
2013-09,2013,9,SOUTHERN REGION,SOUTHERN REGION,ANDHRA PRADESH,ANDHRA PRADESH,Mahbubnagar,MAHBUBNAGAR,0.0,0.0,18801.0,1825.0,417.0,11245.0,27757.0,0.0,0.0,11834.0,1518.0,680.0,7276.0,25524.0,0.0,0.0,87.0,22.0,6.0,77.0,91.0
2013-09,2013,9,SOUTHERN REGION,SOUTHERN REGION,ANDHRA PRADESH,ANDHRA PRADESH,Medak,MEDAK,0.0,0.0,33484.0,2755.0,279.0,11392.0,28903.0,1.0,0.0,14903.0,3940.0,1117.0,13994.0,34570.0,1.0,0.0,90.0,26.0,6.0,70.0,77.0
2013-09,2013,9,SOUTHERN REGION,SOUTHERN REGION,ANDHRA PRADESH,ANDHRA PRADESH,Nalgonda,NALGONDA,0.0,0.0,22665.0,4201.0,1009.0,10008.0,34568.0,0.0,0.0,12719.0,2068.0,724.0,7810.0,19889.0,0.0,0.0,94.0,15.0,7.0,81.0,90.0
2013-09,2013,9,SOUTHERN REGION,SOUTHERN REGION,ANDHRA PRADESH,ANDHRA PRADESH,Nellore,NELLORE,0.0,0.0,45361.0,6910.0,4143.0,11432.0,36964.0,0.0,0.0,25990.0,4697.0,3892.0,7190.0,23357.0,0.0,0.0,149.0,13.0,16.0,77.0,67.0
2013-09,2013,9,SOUTHERN REGION,SOUTHERN REGION,ANDHRA PRADESH,ANDHRA PRADESH,Nizamabad,NIZAMABAD,0.0,0.0,23901.0,2428.0,911.0,4727.0,20202.0,0.0,0.0,17879.0,2164.0,1214.0,3593.0,22465.0,0.0,0.0,95.0,17.0,14.0,50.0,84.0
2013-09,2013,9,SOUTHERN REGION,SOUTHERN REGION,ANDHRA PRADESH,ANDHRA PRADESH,Prakasam,PRAKASAM,0.0,0.0,59628.0,3810.0,3524.0,12820.0,36885.0,0.0,0.0,26499.0,2020.0,3250.0,7114.0,21050.0,0.0,0.0,162.0,14.0,17.0,79.0,78.0
2013-09,2013,9,SOUTHERN REGION,SOUTHERN REGION,ANDHRA PRADESH,ANDHRA PRADESH,Rangareddi,RANGAREDDI,0.0,0.0,67826.0,14188.0,13781.0,4693.0,77489.0,0.0,0.0,157029.0,72399.0,17144.0,6829.0,142149.0,0.0,0.0,289.0,68.0,73.0,52.0,190.0
2013-09,2013,9,SOUTHERN REGION,SOUTHERN REGION,ANDHRA PRADESH,ANDHRA PRADESH,Srikakulam,SRIKAKULAM,0.0,0.0,14845.0,1333.0,1231.0,6452.0,16093.0,0.0,0.0,13095.0,1256.0,1535.0,6211.0,17544.0,0.0,0.0,70.0,8.0,8.0,61.0,58.0
2013-09,2013,9,SOUTHERN REGION,SOUTHERN REGION,ANDHRA PRADESH,ANDHRA PRADESH,Visakhapatnam,VISAKHAPATNAM,455.0,0.0,87247.0,19075.0,14083.0,4952.0,103994.0,2944.0,0.0,126959.0,23533.0,14178.0,6187.0,96046.0,1.0,0.0,238.0,29.0,32.0,57.0,170.0
2013-09,2013,9,SOUTHERN REGION,SOUTHERN REGION,ANDHRA PRADESH,ANDHRA PRADESH,Vizianagaram,VIZIANAGARAM,0.0,0.0,9490.0,1425.0,1635.0,5435.0,13372.0,0.0,0.0,11675.0,1260.0,2183.0,4692.0,16577.0,0.0,0.0,68.0,11.0,9.0,57.0,58.0
2013-09,2013,9,SOUTHERN REGION,SOUTHERN REGION,ANDHRA PRADESH,ANDHRA PRADESH,Warangal,WARANGAL,0.0,0.0,28483.0,5909.0,3375.0,6920.0,40291.0,0.0,0.0,25373.0,6188.0,5144.0,4058.0,35996.0,0.0,0.0,108.0,23.0,21.0,51.0,95.0
2013-09,2013,9,SOUTHERN REGION,SOUTHERN REGION,ANDHRA PRADESH,ANDHRA PRADESH,West Godavari,WEST GODAVARI,0.0,0.0,95592.0,6246.0,5900.0,1833.0,43718.0,0.0,0.0,51149.0,4133.0,4879.0,1745.0,32106.0,0.0,0.0,250.0,26.0,30.0,24.0,111.0
2013-09,2013,9,SOUTHERN REGION,SOUTHERN REGION,ANDHRA PRADESH,ANDHRA PRADESH,Y.S.R.,Y S R,0.0,0.0,21533.0,3555.0,4015.0,14858.0,30926.0,4.0,0.0,15618.0,2459.0,3654.0,10958.0,26997.0,1.0,0.0,81.0,20.0,13.0,90.0,76.0
2013-09,2013,9,NORTH-EASTERN REGION,NORTH EASTERN REGION,ARUNACHAL PRADESH,ARUNACHAL PRADESH,Anjaw,ANJAW,0.0,0.0,0.0,0.0,0.0,0.0,50.0,0.0,0.0,0.0,0.0,0.0,0.0,238.0,0.0,0.0,0.0,0.0,0.0,0.0,2.0
2013-09,2013,9,NORTH-EASTERN REGION,NORTH EASTERN REGION,ARUNACHAL PRADESH,ARUNACHAL PRADESH,Chunglang,CHUNGLANG,0.0,0.0,0.0,0.0,0.0,0.0,441.0,0.0,0.0,0.0,0.0,0.0,0.0,2575.0,0.0,0.0,0.0,0.0,0.0,0.0,5.0
2013-09,2013,9,NORTH-EASTERN REGION,NORTH EASTERN REGION,ARUNACHAL PRADESH,ARUNACHAL PRADESH,Dibang Valley,DIBANG VALLEY,0.0,0.0,0.0,0.0,0.0,0.0,47.0,0.0,0.0,0.0,0.0,0.0,0.0,241.0,0.0,0.0,0.0,0.0,0.0,0.0,1.0
2013-09,2013,9,NORTH-EASTERN REGION,NORTH EASTERN REGION,ARUNACHAL PRADESH,ARUNACHAL PRADESH,East Kameng,EAST KAMENG,0.0,0.0,0.0,0.0,0.0,0.0,418.0,0.0,0.0,0.0,0.0,0.0,0.0,1083.0,0.0,0.0,0.0,0.0,0.0,0.0,2.0
2013-09,2013,9,NORTH-EASTERN REGION,NORTH EASTERN REGION,ARUNACHAL PRADESH,ARUNACHAL PRADESH,East Siang,EAST SIANG,0.0,0.0,87.0,3.0,0.0,131.0,930.0,0.0,0.0,395.0,106.0,0.0,811.0,2541.0,0.0,0.0,3.0,2.0,0.0,6.0,3.0
2013-09,2013,9,NORTH-EASTERN REGION,NORTH EASTERN REGION,ARUNACHAL PRADESH,ARUNACHAL PRADESH,Kurung Kumey,KURUNG KUMEY,0.0,0.0,0.0,0.0,0.0,0.0,134.0,0.0,0.0,0.0,0.0,0.0,0.0,491.0,0.0,0.0,0.0,0.0,0.0,0.0,2.0
2013-09,2013,9,NORTH-EASTERN REGION,NORTH EASTERN REGION,ARUNACHAL PRADESH,ARUNACHAL PRADESH,Lohit,LOHIT,0.0,0.0,183.0,0.0,0.0,0.0,799.0,0.0,0.0,402.0,0.0,0.0,0.0,3419.0,0.0,0.0,3.0,0.0,0.0,0.0,4.0
2013-09,2013,9,NORTH-EASTERN REGION,NORTH EASTERN REGION,ARUNACHAL PRADESH,ARUNACHAL PRADESH,Longding,LONGDING,0.0,0.0,0.0,0.0,0.0,0.0,150.0,0.0,0.0,0.0,0.0,0.0,0.0,429.0,0.0,0.0,0.0,0.0,0.0,0.0,3.0
2013-09,2013,9,NORTH-EASTERN REGION,NORTH EASTERN REGION,ARUNACHAL PRADESH,ARUNACHAL PRADESH,Lower Dibang Valley,LOWER DIBANG VALLEY,0.0,0.0,0.0,3.0,0.0,0.0,237.0,0.0,0.0,0.0,79.0,0.0,0.0,1431.0,0.0,0.0,0.0,1.0,0.0,0.0,1.0
2013-09,2013,9,NORTH-EASTERN REGION,NORTH EASTERN REGION,ARUNACHAL PRADESH,ARUNACHAL PRADESH,Lower Subansiri,LOWER SUBANSIRI,0.0,0.0,0.0,0.0,0.0,21.0,794.0,0.0,0.0,0.0,0.0,0.0,61.0,1657.0,0.0,0.0,1.0,0.0,0.0,1.0,3.0
2013-09,2013,9,NORTH-EASTERN REGION,NORTH EASTERN REGION,ARUNACHAL PRADESH,ARUNACHAL PRADESH,Papumpare,PAPUMPARE,0.0,0.0,2788.0,250.0,0.0,131.0,4627.0,0.0,0.0,14570.0,1756.0,0.0,354.0,20071.0,0.0,0.0,22.0,4.0,0.0,4.0,7.0
2013-09,2013,9,NORTH-EASTERN REGION,NORTH EASTERN REGION,ARUNACHAL PRADESH,ARUNACHAL PRADESH,Tawang,TAWANG,0.0,0.0,0.0,0.0,0.0,0.0,319.0,0.0,0.0,0.0,62.0,0.0,0.0,6086.0,0.0,0.0,0.0,1.0,0.0,0.0,3.0
2013-09,2013,9,NORTH-EASTERN REGION,NORTH EASTERN REGION,ARUNACHAL PRADESH,ARUNACHAL PRADESH,Tirap,TIRAP,0.0,0.0,0.0,0.0,0.0,0.0,290.0,0.0,0.0,0.0,0.0,0.0,0.0,1459.0,0.0,0.0,0.0,0.0,0.0,0.0,2.0
2013-09,2013,9,NORTH-EASTERN REGION,NORTH EASTERN REGION,ARUNACHAL PRADESH,ARUNACHAL PRADESH,Upper Siang,UPPER SIANG,0.0,0.0,0.0,0.0,0.0,3.0,188.0,0.0,0.0,0.0,0.0,0.0,49.0,759.0,0.0,0.0,0.0,0.0,0.0,1.0,1.0
2013-09,2013,9,NORTH-EASTERN REGION,NORTH EASTERN REGION,ARUNACHAL PRADESH,ARUNACHAL PRADESH,Upper Subansiri,UPPER SUBANSIRI,0.0,0.0,0.0,0.0,0.0,23.0,486.0,0.0,0.0,0.0,0.0,0.0,291.0,1328.0,0.0,0.0,0.0,0.0,0.0,2.0,1.0
2013-09,2013,9,NORTH-EASTERN REGION,NORTH EASTERN REGION,ARUNACHAL PRADESH,ARUNACHAL PRADESH,West Kameng,WEST KAMENG,0.0,0.0,4.0,0.0,0.0,0.0,856.0,0.0,0.0,21.0,0.0,0.0,0.0,3698.0,0.0,0.0,1.0,0.0,0.0,0.0,7.0
2013-09,2013,9,NORTH-EASTERN REGION,NORTH EASTERN REGION,ARUNACHAL PRADESH,ARUNACHAL PRADESH,West Siang,WEST SIANG,0.0,0.0,20.0,0.0,0.0,116.0,1166.0,0.0,0.0,273.0,0.0,0.0,499.0,3336.0,0.0,0.0,1.0,0.0,0.0,4.0,4.0
2013-09,2013,9,NORTH-EASTERN REGION,NORTH EASTERN REGION,ASSAM,ASSAM,Baksa,BAKSA,0.0,0.0,693.0,0.0,0.0,1040.0,363.0,0.0,0.0,1928.0,0.0,0.0,1146.0,1190.0,0.0,0.0,14.0,0.0,0.0,9.0,4.0
2013-09,2013,9,NORTH-EASTERN REGION,NORTH EASTERN REGION,ASSAM,ASSAM,Barpeta,BARPETA,0.0,0.0,1977.0,342.0,0.0,2015.0,3306.0,0.0,0.0,6358.0,532.0,0.0,3132.0,6800.0,0.0,0.0,32.0,6.0,0.0,17.0,11.0
2013-09,2013,9,NORTH-EASTERN REGION,NORTH EASTERN REGION,ASSAM,ASSAM,Bongaigaon,BONGAIGAON,0.0,0.0,1695.0,308.0,39.0,856.0,1346.0,0.0,0.0,5075.0,611.0,57.0,1681.0,3996.0,0.0,0.0,18.0,4.0,1.0,9.0,5.0
2013-09,2013,9,NORTH-EASTERN REGION,NORTH EASTERN REGION,ASSAM,ASSAM,Cachar,CACHAR,0.0,0.0,6492.0,1626.0,503.0,1686.0,4603.0,0.0,0.0,21346.0,2264.0,1606.0,3023.0,13873.0,0.0,0.0,54.0,5.0,2.0,20.0,19.0
2013-09,2013,9,NORTH-EASTERN REGION,NORTH EASTERN REGION,ASSAM,ASSAM,Chirang,CHIRANG,0.0,0.0,471.0,0.0,0.0,365.0,1412.0,0.0,0.0,1878.0,6.0,0.0,605.0,4661.0,0.0,0.0,6.0,1.0,0.0,5.0,5.0
2013-09,2013,9,NORTH-EASTERN REGION,NORTH EASTERN REGION,ASSAM,ASSAM,Darrang,DARRANG,0.0,0.0,992.0,139.0,0.0,1394.0,2206.0,0.0,0.0,3168.0,346.0,0.0,1719.0,3323.0,0.0,0.0,16.0,3.0,0.0,13.0,4.0
2013-09,2013,9,NORTH-EASTERN REGION,NORTH EASTERN REGION,ASSAM,ASSAM,Dhemaji,DHEMAJI,0.0,0.0,996.0,0.0,0.0,998.0,1358.0,0.0,0.0,1197.0,0.0,0.0,1289.0,2734.0,0.0,0.0,7.0,1.0,0.0,8.0,4.0
2013-09,2013,9,NORTH-EASTERN REGION,NORTH EASTERN REGION,ASSAM,ASSAM,Dhubri,DHUBRI,0.0,0.0,1794.0,51.0,0.0,1331.0,2236.0,0.0,0.0,4770.0,449.0,0.0,2231.0,6387.0,0.0,0.0,26.0,3.0,0.0,13.0,13.0
2013-09,2013,9,NORTH-EASTERN REGION,NORTH EASTERN REGION,ASSAM,ASSAM,Dibrugarh,DIBRUGARH,0.0,0.0,8342.0,1258.0,3.0,837.0,7319.0,0.0,0.0,32999.0,2541.0,25.0,1288.0,20291.0,0.0,0.0,69.0,11.0,1.0,14.0,23.0
2013-09,2013,9,NORTH-EASTERN REGION,NORTH EASTERN REGION,ASSAM,ASSAM,Goalpara,GOALPARA,0.0,0.0,1213.0,93.0,0.0,1249.0,1183.0,0.0,0.0,3389.0,352.0,0.0,2040.0,3741.0,0.0,0.0,23.0,3.0,0.0,12.0,5.0
2013-09,2013,9,NORTH-EASTERN REGION,NORTH EASTERN REGION,ASSAM,ASSAM,Golaghat,GOLAGHAT,0.0,0.0,1806.0,261.0,0.0,1446.0,3390.0,0.0,0.0,4702.0,575.0,0.0,2476.0,6904.0,0.0,0.0,27.0,4.0,0.0,24.0,7.0
2013-09,2013,9,NORTH-EASTERN REGION,NORTH EASTERN REGION,ASSAM,ASSAM,Hailakandi,HAILAKANDI,0.0,0.0,983.0,3.0,0.0,546.0,1008.0,0.0,0.0,3083.0,75.0,0.0,1248.0,2978.0,0.0,0.0,13.0,2.0,0.0,8.0,4.0
2013-09,2013,9,NORTH-EASTERN REGION,NORTH EASTERN REGION,ASSAM,ASSAM,Jorhat,JORHAT,0.0,0.0,5807.0,1711.0,249.0,1136.0,4805.0,0.0,0.0,15601.0,2104.0,719.0,1681.0,13072.0,0.0,0.0,43.0,7.0,1.0,16.0,18.0
2013-09,2013,9,NORTH-EASTERN REGION,NORTH EASTERN REGION,ASSAM,ASSAM,Kamrup,KAMRUP,0.0,0.0,2973.0,26.0,0.0,2498.0,3583.0,0.0,0.0,10082.0,136.0,0.0,3126.0,6840.0,0.0,0.0,48.0,3.0,0.0,15.0,12.0
2013-09,2013,9,NORTH-EASTERN REGION,NORTH EASTERN REGION,ASSAM,ASSAM,Kamrup Metropolitan,KAMRUP METROPOLITAN,1327.0,0.0,51810.0,13810.0,1604.0,2188.0,40121.0,2099.0,0.0,153918.0,18885.0,4553.0,9311.0,114918.0,2.0,0.0,159.0,35.0,9.0,9.0,48.0
2013-09,2013,9,NORTH-EASTERN REGION,NORTH EASTERN REGION,ASSAM,ASSAM,Karbi Anglong,KARBI ANGLONG,0.0,0.0,356.0,59.0,0.0,1736.0,1798.0,0.0,0.0,1373.0,276.0,0.0,2786.0,5864.0,0.0,0.0,8.0,3.0,0.0,32.0,12.0
2013-09,2013,9,NORTH-EASTERN REGION,NORTH EASTERN REGION,ASSAM,ASSAM,Karimganj,KARIMGANJ,0.0,0.0,2647.0,55.0,0.0,849.0,1714.0,0.0,0.0,8464.0,588.0,0.0,2049.0,6641.0,0.0,0.0,25.0,3.0,0.0,17.0,8.0
2013-09,2013,9,NORTH-EASTERN REGION,NORTH EASTERN REGION,ASSAM,ASSAM,Kokrajhar,KOKRAJHAR,0.0,0.0,877.0,58.0,0.0,894.0,1557.0,0.0,0.0,3434.0,445.0,0.0,2075.0,5586.0,0.0,0.0,14.0,3.0,0.0,10.0,5.0
2013-09,2013,9,NORTH-EASTERN REGION,NORTH EASTERN REGION,ASSAM,ASSAM,Lakhimpur,LAKHIMPUR,0.0,0.0,3056.0,38.0,0.0,1371.0,2310.0,0.0,0.0,4935.0,319.0,0.0,1329.0,4215.0,0.0,0.0,28.0,3.0,0.0,18.0,7.0
2013-09,2013,9,NORTH-EASTERN REGION,NORTH EASTERN REGION,ASSAM,ASSAM,Morigaon,MORIGAON,0.0,0.0,2062.0,8.0,0.0,1292.0,953.0,0.0,0.0,3368.0,145.0,0.0,1305.0,2346.0,0.0,0.0,18.0,4.0,0.0,10.0,4.0
2013-09,2013,9,NORTH-EASTERN REGION,NORTH EASTERN REGION,ASSAM,ASSAM,Nagaon,NAGAON,0.0,0.0,5482.0,363.0,0.0,2084.0,6294.0,0.0,0.0,16605.0,851.0,0.0,3843.0,13251.0,0.0,0.0,55.0,8.0,0.0,33.0,16.0
2013-09,2013,9,NORTH-EASTERN REGION,NORTH EASTERN REGION,ASSAM,ASSAM,Nalbari,NALBARI,0.0,0.0,1361.0,229.0,0.0,2002.0,1950.0,0.0,0.0,3621.0,303.0,0.0,2854.0,4676.0,0.0,0.0,23.0,3.0,0.0,17.0,8.0
2013-09,2013,9,NORTH-EASTERN REGION,NORTH EASTERN REGION,ASSAM,ASSAM,North Cachar Hills,NORTH CACHAR HILLS,0.0,0.0,121.0,0.0,0.0,123.0,744.0,0.0,0.0,1161.0,0.0,0.0,628.0,2680.0,0.0,0.0,4.0,0.0,0.0,8.0,6.0
2013-09,2013,9,NORTH-EASTERN REGION,NORTH EASTERN REGION,ASSAM,ASSAM,Sibsagar,SIBSAGAR,0.0,0.0,4041.0,592.0,0.0,1515.0,4351.0,0.0,0.0,10557.0,668.0,0.0,2361.0,10560.0,0.0,0.0,34.0,4.0,0.0,22.0,17.0
2013-09,2013,9,NORTH-EASTERN REGION,NORTH EASTERN REGION,ASSAM,ASSAM,Sonitpur,SONITPUR,0.0,0.0,4303.0,1220.0,175.0,2154.0,5547.0,0.0,0.0,11060.0,1087.0,672.0,3100.0,11982.0,0.0,0.0,49.0,7.0,1.0,30.0,16.0
2013-09,2013,9,NORTH-EASTERN REGION,NORTH EASTERN REGION,ASSAM,ASSAM,Tinsukia,TINSUKIA,0.0,0.0,5507.0,1397.0,124.0,489.0,4215.0,0.0,0.0,19807.0,1901.0,1089.0,820.0,10181.0,0.0,0.0,64.0,10.0,1.0,8.0,12.0
2013-09,2013,9,NORTH-EASTERN REGION,NORTH EASTERN REGION,ASSAM,ASSAM,Udalguri,UDALGURI,0.0,0.0,978.0,1.0,0.0,901.0,1699.0,0.0,0.0,2020.0,174.0,0.0,1130.0,2202.0,0.0,0.0,11.0,1.0,0.0,11.0,5.0
2013-09,2013,9,EASTERN REGION,EASTERN REGION,BIHAR,BIHAR,Araria,ARARIA,0.0,0.0,3238.0,115.0,0.0,1666.0,2634.0,0.0,0.0,8925.0,143.0,0.0,1682.0,8222.0,0.0,0.0,40.0,4.0,0.0,27.0,21.0
2013-09,2013,9,EASTERN REGION,EASTERN REGION,BIHAR,BIHAR,Arwal,ARWAL,0.0,0.0,1033.0,0.0,0.0,618.0,220.0,0.0,0.0,5263.0,0.0,0.0,1505.0,1162.0,0.0,0.0,17.0,0.0,0.0,12.0,4.0
2013-09,2013,9,EASTERN REGION,EASTERN REGION,BIHAR,BIHAR,Aurangabad,AURANGABAD,0.0,0.0,5153.0,121.0,0.0,2680.0,2003.0,0.0,0.0,20384.0,530.0,0.0,6011.0,8729.0,0.0,0.0,52.0,3.0,0.0,42.0,13.0
2013-09,2013,9,EASTERN REGION,EASTERN REGION,BIHAR,BIHAR,Banka,BANKA,0.0,0.0,3537.0,21.0,0.0,821.0,1735.0,0.0,0.0,9215.0,96.0,0.0,1126.0,6340.0,0.0,0.0,49.0,1.0,0.0,12.0,8.0
2013-09,2013,9,EASTERN REGION,EASTERN REGION,BIHAR,BIHAR,Begusarai,BEGUSARAI,0.0,0.0,8630.0,854.0,0.0,1574.0,5970.0,0.0,0.0,21806.0,1258.0,0.0,2414.0,13513.0,0.0,0.0,88.0,4.0,0.0,21.0,22.0
2013-09,2013,9,EASTERN REGION,EASTERN REGION,BIHAR,BIHAR,Bhagalpur,BHAGALPUR,0.0,0.0,8025.0,472.0,0.0,1756.0,6025.0,0.0,0.0,33980.0,2635.0,0.0,2966.0,23966.0,0.0,0.0,116.0,7.0,0.0,23.0,34.0
2013-09,2013,9,EASTERN REGION,EASTERN REGION,BIHAR,BIHAR,Bhojpur,BHOJPUR,0.0,0.0,5428.0,391.0,0.0,2507.0,2102.0,0.0,0.0,25862.0,776.0,0.0,7902.0,11937.0,0.0,0.0,64.0,4.0,0.0,56.0,18.0
2013-09,2013,9,EASTERN REGION,EASTERN REGION,BIHAR,BIHAR,Buxar,BUXAR,0.0,0.0,3780.0,61.0,0.0,1982.0,1585.0,0.0,0.0,16252.0,782.0,0.0,4374.0,7308.0,0.0,0.0,54.0,3.0,0.0,30.0,11.0
2013-09,2013,9,EASTERN REGION,EASTERN REGION,BIHAR,BIHAR,Darbhanga,DARBHANGA,0.0,0.0,11149.0,504.0,0.0,1966.0,3482.0,0.0,0.0,26595.0,1736.0,0.0,6961.0,15686.0,0.0,0.0,78.0,4.0,0.0,83.0,27.0
2013-09,2013,9,EASTERN REGION,EASTERN REGION,BIHAR,BIHAR,Gaya,GAYA,0.0,0.0,10216.0,413.0,0.0,3473.0,4762.0,0.0,0.0,42926.0,2411.0,0.0,6811.0,15207.0,0.0,0.0,111.0,7.0,0.0,59.0,29.0
2013-09,2013,9,EASTERN REGION,EASTERN REGION,BIHAR,BIHAR,Gopalganj,GOPALGANJ,0.0,0.0,2735.0,86.0,2.0,3152.0,2488.0,0.0,0.0,13963.0,724.0,42.0,7117.0,11196.0,0.0,0.0,34.0,3.0,2.0,61.0,20.0
2013-09,2013,9,EASTERN REGION,EASTERN REGION,BIHAR,BIHAR,Jamui,JAMUI,0.0,0.0,1932.0,27.0,0.0,1507.0,1913.0,0.0,0.0,7556.0,244.0,0.0,2197.0,7198.0,0.0,0.0,26.0,3.0,0.0,26.0,12.0
2013-09,2013,9,EASTERN REGION,EASTERN REGION,BIHAR,BIHAR,Jehanabad,JEHANABAD,0.0,0.0,1568.0,1.0,0.0,914.0,1315.0,0.0,0.0,7772.0,264.0,0.0,2277.0,4219.0,0.0,0.0,30.0,3.0,0.0,12.0,12.0
2013-09,2013,9,EASTERN REGION,EASTERN REGION,BIHAR,BIHAR,Kaimur,KAIMUR,0.0,0.0,5005.0,22.0,0.0,1278.0,2829.0,0.0,0.0,11699.0,403.0,0.0,2065.0,4228.0,0.0,0.0,41.0,2.0,0.0,24.0,12.0
2013-09,2013,9,EASTERN REGION,EASTERN REGION,BIHAR,BIHAR,Katihar,KATIHAR,0.0,0.0,5289.0,183.0,0.0,1925.0,2654.0,0.0,0.0,13867.0,731.0,0.0,2348.0,9261.0,0.0,0.0,67.0,3.0,0.0,28.0,23.0
2013-09,2013,9,EASTERN REGION,EASTERN REGION,BIHAR,BIHAR,Khagaria,KHAGARIA,0.0,0.0,1970.0,118.0,0.0,1726.0,1456.0,0.0,0.0,6113.0,252.0,0.0,2618.0,5395.0,0.0,0.0,29.0,2.0,0.0,26.0,11.0
2013-09,2013,9,EASTERN REGION,EASTERN REGION,BIHAR,BIHAR,Kishanganj,KISHANGANJ,0.0,0.0,2205.0,9.0,0.0,1911.0,1601.0,0.0,0.0,4774.0,275.0,0.0,1865.0,3480.0,0.0,0.0,31.0,3.0,0.0,19.0,11.0
2013-09,2013,9,EASTERN REGION,EASTERN REGION,BIHAR,BIHAR,Lakhisarai,LAKHISARAI,0.0,0.0,1260.0,46.0,0.0,1567.0,938.0,0.0,0.0,5084.0,158.0,0.0,3075.0,4508.0,0.0,0.0,21.0,2.0,0.0,22.0,6.0
2013-09,2013,9,EASTERN REGION,EASTERN REGION,BIHAR,BIHAR,Madhepura,MADHEPURA,0.0,0.0,1672.0,233.0,0.0,1504.0,2145.0,0.0,0.0,4778.0,357.0,0.0,2420.0,9802.0,0.0,0.0,23.0,2.0,0.0,21.0,27.0
2013-09,2013,9,EASTERN REGION,EASTERN REGION,BIHAR,BIHAR,Madhubani,MADHUBANI,0.0,0.0,4537.0,147.0,0.0,3035.0,2298.0,0.0,0.0,18456.0,869.0,0.0,7117.0,12170.0,0.0,0.0,73.0,5.0,0.0,96.0,26.0
2013-09,2013,9,EASTERN REGION,EASTERN REGION,BIHAR,BIHAR,Munger,MUNGER,0.0,0.0,2300.0,33.0,0.0,1962.0,1949.0,0.0,0.0,14662.0,658.0,0.0,3848.0,11873.0,0.0,0.0,41.0,4.0,0.0,28.0,15.0
2013-09,2013,9,EASTERN REGION,EASTERN REGION,BIHAR,BIHAR,Muzaffarpur,MUZAFFARPUR,0.0,0.0,14354.0,1188.0,32.0,3214.0,6802.0,0.0,0.0,47875.0,3584.0,175.0,7601.0,24493.0,0.0,0.0,137.0,8.0,2.0,80.0,41.0
2013-09,2013,9,EASTERN REGION,EASTERN REGION,BIHAR,BIHAR,Nalanda,NALANDA,0.0,0.0,5269.0,186.0,0.0,2919.0,2943.0,0.0,0.0,20835.0,1137.0,0.0,8323.0,9405.0,0.0,0.0,58.0,5.0,0.0,66.0,13.0
2013-09,2013,9,EASTERN REGION,EASTERN REGION,BIHAR,BIHAR,Nawada,NAWADA,0.0,0.0,2748.0,65.0,0.0,2255.0,1532.0,0.0,0.0,11532.0,276.0,0.0,3837.0,6116.0,0.0,0.0,36.0,3.0,0.0,40.0,7.0
2013-09,2013,9,EASTERN REGION,EASTERN REGION,BIHAR,BIHAR,Paschimi Champaran,PASCHIMI CHAMPARAN,0.0,0.0,3972.0,139.0,0.0,3540.0,4558.0,0.0,0.0,10901.0,946.0,0.0,4382.0,10301.0,0.0,0.0,48.0,4.0,0.0,66.0,30.0
2013-09,2013,9,EASTERN REGION,EASTERN REGION,BIHAR,BIHAR,Patna,PATNA,2.0,0.0,91275.0,12399.0,495.0,1894.0,38546.0,1389.0,0.0,349591.0,43413.0,4040.0,4173.0,173818.0,2.0,0.0,386.0,39.0,6.0,27.0,127.0
2013-09,2013,9,EASTERN REGION,EASTERN REGION,BIHAR,BIHAR,Purbi Champaran,PURBI CHAMPARAN,0.0,0.0,6161.0,249.0,0.0,4958.0,5819.0,0.0,0.0,17715.0,1338.0,0.0,6537.0,15646.0,0.0,0.0,71.0,5.0,0.0,74.0,48.0
2013-09,2013,9,EASTERN REGION,EASTERN REGION,BIHAR,BIHAR,Purnia,PURNIA,0.0,0.0,6306.0,364.0,0.0,3124.0,5115.0,0.0,0.0,11320.0,1379.0,0.0,3723.0,12323.0,0.0,0.0,52.0,4.0,0.0,35.0,37.0
2013-09,2013,9,EASTERN REGION,EASTERN REGION,BIHAR,BIHAR,Rohtas,ROHTAS,0.0,0.0,8220.0,99.0,0.0,3367.0,3533.0,0.0,0.0,24821.0,824.0,0.0,6141.0,10051.0,0.0,0.0,69.0,4.0,0.0,52.0,17.0
2013-09,2013,9,EASTERN REGION,EASTERN REGION,BIHAR,BIHAR,Saharsa,SAHARSA,0.0,0.0,2205.0,5.0,0.0,1932.0,2006.0,0.0,0.0,8334.0,479.0,0.0,2497.0,7282.0,0.0,0.0,29.0,2.0,0.0,24.0,21.0
2013-09,2013,9,EASTERN REGION,EASTERN REGION,BIHAR,BIHAR,Samastipur,SAMASTIPUR,0.0,0.0,7591.0,169.0,0.0,4326.0,3366.0,0.0,0.0,24695.0,925.0,0.0,6041.0,13184.0,0.0,0.0,91.0,5.0,0.0,72.0,24.0
2013-09,2013,9,EASTERN REGION,EASTERN REGION,BIHAR,BIHAR,Saran,SARAN,0.0,0.0,5179.0,228.0,0.0,3240.0,3240.0,0.0,0.0,30508.0,1370.0,0.0,6994.0,20852.0,0.0,0.0,69.0,4.0,0.0,70.0,27.0
2013-09,2013,9,EASTERN REGION,EASTERN REGION,BIHAR,BIHAR,Sheikhpura,SHEIKHPURA,0.0,0.0,734.0,0.0,0.0,924.0,865.0,0.0,0.0,3160.0,8.0,0.0,1453.0,3338.0,0.0,0.0,17.0,1.0,0.0,13.0,3.0
2013-09,2013,9,EASTERN REGION,EASTERN REGION,BIHAR,BIHAR,Sheohar,SHEOHAR,0.0,0.0,947.0,0.0,0.0,355.0,151.0,0.0,0.0,2793.0,0.0,0.0,460.0,632.0,0.0,0.0,12.0,0.0,0.0,10.0,3.0
2013-09,2013,9,EASTERN REGION,EASTERN REGION,BIHAR,BIHAR,Sitamarhi,SITAMARHI,0.0,0.0,5307.0,192.0,0.0,2227.0,1488.0,0.0,0.0,16221.0,572.0,0.0,2604.0,7016.0,0.0,0.0,60.0,3.0,0.0,46.0,15.0
2013-09,2013,9,EASTERN REGION,EASTERN REGION,BIHAR,BIHAR,Siwan,SIWAN,0.0,0.0,4687.0,158.0,0.0,3187.0,1693.0,0.0,0.0,30310.0,1634.0,0.0,9996.0,10934.0,0.0,0.0,65.0,4.0,0.0,76.0,16.0
2013-09,2013,9,EASTERN REGION,EASTERN REGION,BIHAR,BIHAR,Supaul,SUPAUL,0.0,0.0,2799.0,71.0,0.0,1432.0,1978.0,0.0,0.0,7997.0,130.0,0.0,2678.0,6242.0,0.0,0.0,37.0,4.0,0.0,25.0,21.0
2013-09,2013,9,EASTERN REGION,EASTERN REGION,BIHAR,BIHAR,Vaishali,VAISHALI,0.0,0.0,7079.0,411.0,0.0,2584.0,2255.0,0.0,0.0,25012.0,1449.0,0.0,6543.0,10669.0,0.0,0.0,74.0,9.0,0.0,59.0,21.0
2013-09,2013,9,CENTRAL REGION,CENTRAL REGION,CHHATTISGARH,CHHATTISGARH,Balod,BALOD,0.0,0.0,813.0,32.0,0.0,901.0,1206.0,0.0,0.0,3197.0,263.0,0.0,2737.0,5297.0,0.0,0.0,18.0,4.0,0.0,27.0,8.0
2013-09,2013,9,CENTRAL REGION,CENTRAL REGION,CHHATTISGARH,CHHATTISGARH,Balodabazar,BALODABAZAR,0.0,0.0,2734.0,593.0,0.0,479.0,2348.0,0.0,0.0,5406.0,970.0,0.0,1672.0,5766.0,0.0,0.0,37.0,8.0,0.0,18.0,16.0
2013-09,2013,9,CENTRAL REGION,CENTRAL REGION,CHHATTISGARH,CHHATTISGARH,Balrampur,BALRAMPUR,0.0,0.0,91.0,0.0,0.0,869.0,456.0,0.0,0.0,756.0,0.0,0.0,2818.0,2855.0,0.0,0.0,3.0,0.0,0.0,23.0,6.0
2013-09,2013,9,CENTRAL REGION,CENTRAL REGION,CHHATTISGARH,CHHATTISGARH,Bastar,BASTAR,0.0,0.0,2048.0,751.0,0.0,535.0,4706.0,0.0,0.0,6808.0,592.0,0.0,1911.0,8380.0,0.0,0.0,24.0,5.0,0.0,18.0,16.0
2013-09,2013,9,CENTRAL REGION,CENTRAL REGION,CHHATTISGARH,CHHATTISGARH,Bemetara,BEMETARA,0.0,0.0,894.0,22.0,0.0,988.0,611.0,0.0,0.0,2048.0,88.0,0.0,2163.0,1986.0,0.0,0.0,14.0,3.0,0.0,21.0,7.0
2013-09,2013,9,CENTRAL REGION,CENTRAL REGION,CHHATTISGARH,CHHATTISGARH,Bijapur,BIJAPUR,0.0,0.0,30.0,0.0,0.0,60.0,489.0,0.0,0.0,329.0,0.0,0.0,542.0,2972.0,0.0,0.0,3.0,0.0,0.0,4.0,5.0
2013-09,2013,9,CENTRAL REGION,CENTRAL REGION,CHHATTISGARH,CHHATTISGARH,Bilaspur,BILASPUR,0.0,0.0,13784.0,3184.0,742.0,1172.0,9850.0,0.0,0.0,127943.0,9505.0,913.0,3275.0,30197.0,0.0,0.0,65.0,14.0,4.0,37.0,37.0
2013-09,2013,9,CENTRAL REGION,CENTRAL REGION,CHHATTISGARH,CHHATTISGARH,Dantewada,DANTEWADA,0.0,0.0,2440.0,0.0,0.0,192.0,4107.0,0.0,0.0,1050.0,0.0,0.0,1065.0,5695.0,0.0,0.0,5.0,0.0,0.0,6.0,6.0
2013-09,2013,9,CENTRAL REGION,CENTRAL REGION,CHHATTISGARH,CHHATTISGARH,Dhamtari,DHAMTARI,0.0,0.0,3499.0,362.0,0.0,532.0,1248.0,0.0,0.0,6690.0,801.0,0.0,1211.0,3269.0,0.0,0.0,32.0,3.0,0.0,19.0,7.0
2013-09,2013,9,CENTRAL REGION,CENTRAL REGION,CHHATTISGARH,CHHATTISGARH,Durg,DURG,0.0,0.0,22177.0,3114.0,1002.0,1548.0,20547.0,0.0,0.0,57070.0,6450.0,666.0,4513.0,39301.0,0.0,0.0,91.0,16.0,3.0,28.0,36.0
2013-09,2013,9,CENTRAL REGION,CENTRAL REGION,CHHATTISGARH,CHHATTISGARH,Gariyaband,GARIYABAND,0.0,0.0,348.0,289.0,0.0,316.0,218.0,0.0,0.0,2156.0,309.0,0.0,735.0,1067.0,0.0,0.0,9.0,4.0,0.0,8.0,2.0
2013-09,2013,9,CENTRAL REGION,CENTRAL REGION,CHHATTISGARH,CHHATTISGARH,Janjgir-Champa,JANJGIR CHAMPA,0.0,0.0,2779.0,197.0,0.0,989.0,2779.0,0.0,0.0,8766.0,1129.0,0.0,2910.0,11926.0,0.0,0.0,38.0,7.0,0.0,30.0,17.0
2013-09,2013,9,CENTRAL REGION,CENTRAL REGION,CHHATTISGARH,CHHATTISGARH,Jashpur,JASHPUR,0.0,0.0,740.0,18.0,0.0,617.0,1673.0,0.0,0.0,2263.0,278.0,0.0,2624.0,6848.0,0.0,0.0,15.0,2.0,0.0,25.0,14.0
2013-09,2013,9,CENTRAL REGION,CENTRAL REGION,CHHATTISGARH,CHHATTISGARH,Kanker,KANKER,0.0,0.0,587.0,130.0,0.0,455.0,2065.0,0.0,0.0,2336.0,124.0,0.0,1452.0,5640.0,0.0,0.0,14.0,2.0,0.0,17.0,15.0
2013-09,2013,9,CENTRAL REGION,CENTRAL REGION,CHHATTISGARH,CHHATTISGARH,Kawardha,KAWARDHA,0.0,0.0,1222.0,127.0,0.0,625.0,1169.0,0.0,0.0,2672.0,525.0,0.0,1073.0,3051.0,0.0,0.0,18.0,3.0,0.0,15.0,7.0
2013-09,2013,9,CENTRAL REGION,CENTRAL REGION,CHHATTISGARH,CHHATTISGARH,Kondagaon,KONDAGAON,0.0,0.0,253.0,0.0,0.0,473.0,931.0,0.0,0.0,1208.0,0.0,0.0,1168.0,2566.0,0.0,0.0,7.0,0.0,0.0,16.0,3.0
2013-09,2013,9,CENTRAL REGION,CENTRAL REGION,CHHATTISGARH,CHHATTISGARH,Korba,KORBA,0.0,0.0,4652.0,3336.0,0.0,317.0,6608.0,0.0,0.0,9844.0,2841.0,0.0,1694.0,21035.0,0.0,0.0,33.0,5.0,0.0,16.0,31.0
2013-09,2013,9,CENTRAL REGION,CENTRAL REGION,CHHATTISGARH,CHHATTISGARH,Koriya,KORIYA,0.0,0.0,1492.0,40.0,0.0,997.0,1657.0,0.0,0.0,8072.0,510.0,0.0,2696.0,8278.0,0.0,0.0,32.0,3.0,0.0,22.0,9.0
2013-09,2013,9,CENTRAL REGION,CENTRAL REGION,CHHATTISGARH,CHHATTISGARH,Mahasamund,MAHASAMUND,0.0,0.0,2604.0,619.0,0.0,819.0,1964.0,0.0,0.0,5934.0,695.0,0.0,1164.0,4048.0,0.0,0.0,30.0,5.0,0.0,18.0,11.0
2013-09,2013,9,CENTRAL REGION,CENTRAL REGION,CHHATTISGARH,CHHATTISGARH,Mungeli,MUNGELI,0.0,0.0,800.0,103.0,0.0,512.0,851.0,0.0,0.0,2214.0,145.0,0.0,488.0,1926.0,0.0,0.0,11.0,1.0,0.0,9.0,4.0
2013-09,2013,9,CENTRAL REGION,CENTRAL REGION,CHHATTISGARH,CHHATTISGARH,Narayanpur,NARAYANPUR,0.0,0.0,47.0,0.0,0.0,47.0,212.0,0.0,0.0,692.0,0.0,0.0,166.0,1042.0,0.0,0.0,3.0,0.0,0.0,4.0,1.0
2013-09,2013,9,CENTRAL REGION,CENTRAL REGION,CHHATTISGARH,CHHATTISGARH,Raigarh,RAIGARH,0.0,0.0,6355.0,2097.0,179.0,1981.0,9585.0,0.0,0.0,11230.0,2517.0,420.0,4724.0,16501.0,0.0,0.0,38.0,8.0,2.0,46.0,24.0
2013-09,2013,9,CENTRAL REGION,CENTRAL REGION,CHHATTISGARH,CHHATTISGARH,Raipur,RAIPUR,10.0,0.0,150888.0,26100.0,3486.0,801.0,66870.0,210.0,0.0,136658.0,21264.0,2837.0,4334.0,64434.0,1.0,0.0,187.0,34.0,9.0,29.0,55.0
2013-09,2013,9,CENTRAL REGION,CENTRAL REGION,CHHATTISGARH,CHHATTISGARH,Rajnandgaon,RAJNANDGAON,0.0,0.0,5188.0,685.0,0.0,1840.0,3569.0,0.0,0.0,11688.0,1208.0,0.0,4142.0,8637.0,0.0,0.0,43.0,4.0,0.0,43.0,12.0
2013-09,2013,9,CENTRAL REGION,CENTRAL REGION,CHHATTISGARH,CHHATTISGARH,Sukma,SUKMA,0.0,0.0,30.0,0.0,0.0,132.0,378.0,0.0,0.0,626.0,0.0,0.0,718.0,1127.0,0.0,0.0,2.0,0.0,0.0,5.0,2.0
2013-09,2013,9,CENTRAL REGION,CENTRAL REGION,CHHATTISGARH,CHHATTISGARH,Surajpur,SURAJPUR,0.0,0.0,462.0,50.0,0.0,1498.0,1522.0,0.0,0.0,2879.0,162.0,0.0,4291.0,5660.0,0.0,0.0,13.0,2.0,0.0,34.0,6.0
2013-09,2013,9,CENTRAL REGION,CENTRAL REGION,CHHATTISGARH,CHHATTISGARH,Surguja,SURGUJA,0.0,0.0,2621.0,886.0,0.0,1280.0,1715.0,0.0,0.0,8879.0,1457.0,0.0,5008.0,6793.0,0.0,0.0,30.0,4.0,0.0,25.0,9.0
2013-09,2013,9,WESTERN REGION,WESTERN REGION,DADRA & NAGAR HAVELI,DADRA AND NAGAR HAVELI,Dadra & Nagar Haveli,DADRA AND NAGAR HAVELI,0.0,0.0,4005.0,2213.0,359.0,0.0,761.0,0.0,0.0,17018.0,3939.0,522.0,0.0,1478.0,0.0,0.0,25.0,13.0,6.0,0.0,3.0
2013-09,2013,9,WESTERN REGION,WESTERN REGION,DAMAN & DIU,DAMAN AND DIU,Daman,DAMAN,0.0,0.0,3359.0,1212.0,21.0,0.0,569.0,0.0,0.0,6663.0,4726.0,48.0,0.0,7276.0,0.0,0.0,14.0,7.0,2.0,0.0,4.0
2013-09,2013,9,WESTERN REGION,WESTERN REGION,DAMAN & DIU,DAMAN AND DIU,Diu,DIU,0.0,0.0,65.0,14.0,0.0,0.0,262.0,0.0,0.0,2551.0,398.0,0.0,0.0,7021.0,0.0,0.0,4.0,3.0,0.0,0.0,5.0
2013-09,2013,9,WESTERN REGION,WESTERN REGION,GOA,GOA,North Goa,NORTH GOA,0.0,0.0,41713.0,9815.0,4202.0,0.0,17380.0,0.0,0.0,136718.0,36239.0,6988.0,0.0,52852.0,0.0,0.0,196.0,57.0,20.0,0.0,58.0
2013-09,2013,9,WESTERN REGION,WESTERN REGION,GOA,GOA,South Goa,SOUTH GOA,0.0,0.0,27700.0,2215.0,2115.0,0.0,9678.0,0.0,0.0,121081.0,24822.0,7141.0,0.0,32554.0,0.0,0.0,142.0,47.0,9.0,0.0,33.0
2013-09,2013,9,WESTERN REGION,WESTERN REGION,GUJARAT,GUJARAT,Ahmedabad,AHMEDABAD,27783.0,0.0,602331.0,217837.0,20753.0,344.0,288731.0,16129.0,0.0,553637.0,225198.0,23139.0,881.0,221826.0,7.0,0.0,597.0,140.0,27.0,5.0,195.0
2013-09,2013,9,WESTERN REGION,WESTERN REGION,GUJARAT,GUJARAT,Amreli,AMRELI,0.0,0.0,5144.0,2018.0,46.0,851.0,9358.0,0.0,0.0,12401.0,2384.0,50.0,884.0,17153.0,0.0,0.0,60.0,13.0,1.0,18.0,51.0
2013-09,2013,9,WESTERN REGION,WESTERN REGION,GUJARAT,GUJARAT,Anand,ANAND,0.0,0.0,20206.0,4984.0,560.0,122.0,9939.0,0.0,0.0,136534.0,16042.0,892.0,107.0,28520.0,0.0,0.0,189.0,30.0,5.0,3.0,33.0
2013-09,2013,9,WESTERN REGION,WESTERN REGION,GUJARAT,GUJARAT,Aravalli,ARAVALLI,0.0,0.0,5634.0,1789.0,0.0,789.0,2000.0,0.0,0.0,8457.0,573.0,0.0,1346.0,3616.0,0.0,0.0,38.0,4.0,0.0,11.0,12.0
2013-09,2013,9,WESTERN REGION,WESTERN REGION,GUJARAT,GUJARAT,Banas Kantha,BANAS KANTHA,0.0,0.0,14085.0,9704.0,47.0,3022.0,8634.0,0.0,0.0,21849.0,3739.0,30.0,2737.0,11242.0,0.0,0.0,67.0,20.0,2.0,27.0,36.0
2013-09,2013,9,WESTERN REGION,WESTERN REGION,GUJARAT,GUJARAT,Bharuch,BHARUCH,0.0,0.0,20658.0,11035.0,365.0,1009.0,7248.0,0.0,0.0,50176.0,16048.0,493.0,4777.0,21334.0,0.0,0.0,110.0,30.0,3.0,23.0,37.0
2013-09,2013,9,WESTERN REGION,WESTERN REGION,GUJARAT,GUJARAT,Bhavnagar,BHAVNAGAR,0.0,0.0,15082.0,6867.0,709.0,2069.0,22486.0,0.0,0.0,52902.0,8634.0,808.0,1964.0,48951.0,0.0,0.0,87.0,31.0,4.0,26.0,74.0
2013-09,2013,9,WESTERN REGION,WESTERN REGION,GUJARAT,GUJARAT,Dangs,DANGS,0.0,0.0,324.0,0.0,0.0,213.0,140.0,0.0,0.0,1855.0,0.0,0.0,475.0,1198.0,0.0,0.0,5.0,0.0,0.0,3.0,4.0
2013-09,2013,9,WESTERN REGION,WESTERN REGION,GUJARAT,GUJARAT,Dohad,DOHAD,0.0,0.0,3677.0,300.0,0.0,1480.0,1616.0,0.0,0.0,10742.0,1857.0,0.0,2550.0,7478.0,0.0,0.0,34.0,17.0,0.0,24.0,13.0
2013-09,2013,9,WESTERN REGION,WESTERN REGION,GUJARAT,GUJARAT,Gandhinagar,GANDHINAGAR,0.0,0.0,65028.0,3253.0,58.0,409.0,9195.0,0.0,0.0,98387.0,11831.0,245.0,2379.0,39544.0,0.0,0.0,102.0,27.0,1.0,13.0,40.0
2013-09,2013,9,WESTERN REGION,WESTERN REGION,GUJARAT,GUJARAT,Jamnagar,JAMNAGAR,0.0,0.0,14833.0,8245.0,504.0,5361.0,8797.0,0.0,0.0,57252.0,14237.0,589.0,6449.0,31719.0,0.0,0.0,101.0,33.0,4.0,56.0,47.0
2013-09,2013,9,WESTERN REGION,WESTERN REGION,GUJARAT,GUJARAT,Junagadh,JUNAGADH,0.0,0.0,14056.0,3656.0,115.0,1915.0,15679.0,128.0,0.0,34695.0,5774.0,101.0,2890.0,40441.0,1.0,0.0,101.0,22.0,2.0,30.0,77.0
2013-09,2013,9,WESTERN REGION,WESTERN REGION,GUJARAT,GUJARAT,Kachchh,KACHCHH,0.0,0.0,27806.0,14614.0,797.0,2839.0,10499.0,0.0,0.0,142409.0,17474.0,794.0,7887.0,41027.0,0.0,0.0,182.0,38.0,8.0,39.0,46.0
2013-09,2013,9,WESTERN REGION,WESTERN REGION,GUJARAT,GUJARAT,Kheda,KHEDA,0.0,0.0,15454.0,1359.0,0.0,138.0,3800.0,0.0,0.0,66629.0,5753.0,0.0,266.0,16801.0,0.0,0.0,143.0,15.0,0.0,6.0,38.0
2013-09,2013,9,WESTERN REGION,WESTERN REGION,GUJARAT,GUJARAT,Mahesana,MAHESANA,0.0,0.0,20222.0,13380.0,578.0,1857.0,5937.0,0.0,0.0,40971.0,7893.0,634.0,4273.0,14242.0,0.0,0.0,122.0,29.0,5.0,33.0,30.0
2013-09,2013,9,WESTERN REGION,WESTERN REGION,GUJARAT,GUJARAT,Narmada,NARMADA,0.0,0.0,2000.0,262.0,0.0,352.0,1153.0,0.0,0.0,4570.0,560.0,0.0,441.0,3329.0,0.0,0.0,22.0,5.0,0.0,6.0,8.0
2013-09,2013,9,WESTERN REGION,WESTERN REGION,GUJARAT,GUJARAT,Navsari,NAVSARI,0.0,0.0,12809.0,2052.0,92.0,1082.0,3346.0,0.0,0.0,90385.0,8480.0,102.0,3159.0,23008.0,0.0,0.0,129.0,26.0,2.0,24.0,24.0
2013-09,2013,9,WESTERN REGION,WESTERN REGION,GUJARAT,GUJARAT,Panch Mahals,PANCH MAHALS,0.0,0.0,10470.0,1075.0,0.0,2091.0,2125.0,0.0,0.0,24984.0,2942.0,0.0,4502.0,11210.0,0.0,0.0,76.0,10.0,0.0,31.0,18.0
2013-09,2013,9,WESTERN REGION,WESTERN REGION,GUJARAT,GUJARAT,Patan,PATAN,0.0,0.0,6978.0,1805.0,0.0,1280.0,3177.0,0.0,0.0,14658.0,2746.0,0.0,2471.0,8283.0,0.0,0.0,53.0,11.0,0.0,20.0,17.0
2013-09,2013,9,WESTERN REGION,WESTERN REGION,GUJARAT,GUJARAT,Porbandar,PORBANDAR,0.0,0.0,5849.0,991.0,0.0,545.0,2688.0,0.0,0.0,23183.0,2823.0,0.0,901.0,18005.0,0.0,0.0,34.0,5.0,0.0,12.0,17.0
2013-09,2013,9,WESTERN REGION,WESTERN REGION,GUJARAT,GUJARAT,Rajkot,RAJKOT,777.0,0.0,89589.0,43243.0,3603.0,2394.0,38928.0,663.0,0.0,125881.0,34069.0,3450.0,1398.0,56930.0,1.0,0.0,224.0,68.0,13.0,25.0,95.0
2013-09,2013,9,WESTERN REGION,WESTERN REGION,GUJARAT,GUJARAT,Sabar Kantha,SABAR KANTHA,0.0,0.0,14792.0,3697.0,0.0,1412.0,3753.0,0.0,0.0,16803.0,2815.0,0.0,3614.0,8574.0,0.0,0.0,68.0,11.0,0.0,21.0,19.0
2013-09,2013,9,WESTERN REGION,WESTERN REGION,GUJARAT,GUJARAT,Surat,SURAT,10633.0,0.0,167562.0,56554.0,16178.0,417.0,57209.0,2543.0,0.0,216108.0,51263.0,9207.0,576.0,62183.0,6.0,0.0,311.0,91.0,28.0,9.0,85.0
2013-09,2013,9,WESTERN REGION,WESTERN REGION,GUJARAT,GUJARAT,Surendranagar,SURENDRANAGAR,0.0,0.0,7538.0,2347.0,14.0,4109.0,8587.0,0.0,0.0,17082.0,3959.0,44.0,4782.0,15912.0,0.0,0.0,58.0,15.0,1.0,38.0,43.0
2013-09,2013,9,WESTERN REGION,WESTERN REGION,GUJARAT,GUJARAT,Tapi,TAPI,0.0,0.0,2633.0,268.0,0.0,125.0,1275.0,0.0,0.0,6434.0,889.0,0.0,270.0,6098.0,0.0,0.0,28.0,5.0,0.0,3.0,9.0
2013-09,2013,9,WESTERN REGION,WESTERN REGION,GUJARAT,GUJARAT,Vadodara,VADODARA,3615.0,0.0,251970.0,49040.0,5997.0,634.0,108836.0,12538.0,0.0,294826.0,74600.0,7402.0,834.0,122943.0,4.0,0.0,328.0,79.0,14.0,8.0,123.0
2013-09,2013,9,WESTERN REGION,WESTERN REGION,GUJARAT,GUJARAT,Valsad,VALSAD,769.0,0.0,19514.0,8336.0,184.0,874.0,10897.0,681.0,0.0,46453.0,17787.0,191.0,1461.0,17696.0,1.0,0.0,89.0,32.0,3.0,13.0,29.0
2013-09,2013,9,NORTHERN REGION,NORTHERN REGION,HARYANA,HARYANA,Ambala,AMBALA,0.0,0.0,22683.0,4628.0,143.0,1403.0,10140.0,0.0,0.0,51159.0,10059.0,404.0,997.0,23052.0,0.0,0.0,123.0,29.0,1.0,13.0,34.0
2013-09,2013,9,NORTHERN REGION,NORTHERN REGION,HARYANA,HARYANA,Bhiwani,BHIWANI,0.0,0.0,13991.0,2953.0,0.0,9992.0,4903.0,0.0,0.0,22430.0,2654.0,0.0,6607.0,9178.0,0.0,0.0,68.0,9.0,0.0,61.0,21.0
2013-09,2013,9,NORTHERN REGION,NORTHERN REGION,HARYANA,HARYANA,Faridabad,FARIDABAD,201.0,0.0,72413.0,18389.0,6664.0,3431.0,25204.0,832.0,0.0,118741.0,47022.0,5632.0,5279.0,28135.0,1.0,0.0,144.0,32.0,11.0,23.0,31.0
2013-09,2013,9,NORTHERN REGION,NORTHERN REGION,HARYANA,HARYANA,Fatehabad,FATEHABAD,0.0,0.0,11038.0,3575.0,0.0,3010.0,7306.0,0.0,0.0,9266.0,1580.0,0.0,1091.0,6936.0,0.0,0.0,50.0,16.0,0.0,23.0,27.0
2013-09,2013,9,NORTHERN REGION,NORTHERN REGION,HARYANA,HARYANA,Gurgaon,GURGAON,33512.0,0.0,101948.0,89001.0,9063.0,6183.0,65129.0,49229.0,0.0,203747.0,246373.0,15699.0,24901.0,61218.0,6.0,0.0,212.0,113.0,22.0,51.0,61.0
2013-09,2013,9,NORTHERN REGION,NORTHERN REGION,HARYANA,HARYANA,Hisar,HISAR,0.0,0.0,73017.0,9921.0,1044.0,11013.0,27141.0,0.0,0.0,35395.0,5176.0,149.0,3448.0,16396.0,0.0,0.0,99.0,20.0,1.0,31.0,44.0
2013-09,2013,9,NORTHERN REGION,NORTHERN REGION,HARYANA,HARYANA,Jhajjar,JHAJJAR,0.0,0.0,18706.0,2844.0,101.0,6293.0,8181.0,0.0,0.0,23870.0,4747.0,204.0,4042.0,8752.0,0.0,0.0,66.0,14.0,1.0,20.0,16.0
2013-09,2013,9,NORTHERN REGION,NORTHERN REGION,HARYANA,HARYANA,Jind,JIND,0.0,0.0,22015.0,3032.0,0.0,1004.0,7376.0,0.0,0.0,13311.0,2055.0,0.0,220.0,8761.0,0.0,0.0,81.0,13.0,0.0,6.0,25.0
2013-09,2013,9,NORTHERN REGION,NORTHERN REGION,HARYANA,HARYANA,Kaithal,KAITHAL,0.0,0.0,14020.0,4165.0,0.0,4853.0,9411.0,0.0,0.0,11350.0,2371.0,0.0,1151.0,5626.0,0.0,0.0,54.0,17.0,0.0,23.0,24.0
2013-09,2013,9,NORTHERN REGION,NORTHERN REGION,HARYANA,HARYANA,Karnal,KARNAL,0.0,0.0,45794.0,11377.0,729.0,585.0,31962.0,0.0,0.0,41902.0,8369.0,992.0,243.0,17019.0,0.0,0.0,141.0,31.0,4.0,8.0,40.0
2013-09,2013,9,NORTHERN REGION,NORTHERN REGION,HARYANA,HARYANA,Kurukshetra,KURUKSHETRA,0.0,0.0,18522.0,3558.0,0.0,1742.0,8703.0,0.0,0.0,26683.0,4351.0,0.0,1130.0,12316.0,0.0,0.0,88.0,28.0,0.0,14.0,22.0
2013-09,2013,9,NORTHERN REGION,NORTHERN REGION,HARYANA,HARYANA,Mahendragarh,MAHENDRAGARH,0.0,0.0,5602.0,351.0,0.0,2978.0,1970.0,0.0,0.0,12302.0,2184.0,0.0,3772.0,7329.0,0.0,0.0,39.0,8.0,0.0,35.0,14.0
2013-09,2013,9,NORTHERN REGION,NORTHERN REGION,HARYANA,HARYANA,Mewat,MEWAT,0.0,0.0,1705.0,4.0,0.0,3061.0,739.0,0.0,0.0,5379.0,93.0,0.0,2865.0,3151.0,0.0,0.0,16.0,3.0,0.0,31.0,6.0
2013-09,2013,9,NORTHERN REGION,NORTHERN REGION,HARYANA,HARYANA,Palwal,PALWAL,0.0,0.0,5737.0,888.0,0.0,5098.0,1973.0,0.0,0.0,10558.0,2317.0,0.0,3468.0,4841.0,0.0,0.0,40.0,4.0,0.0,29.0,8.0
2013-09,2013,9,NORTHERN REGION,NORTHERN REGION,HARYANA,HARYANA,Panchkula,PANCHKULA,0.0,0.0,147179.0,4953.0,2048.0,770.0,18847.0,0.0,0.0,81576.0,52847.0,3020.0,21133.0,26660.0,0.0,0.0,87.0,31.0,5.0,7.0,35.0
2013-09,2013,9,NORTHERN REGION,NORTHERN REGION,HARYANA,HARYANA,Panipat,PANIPAT,94.0,0.0,35165.0,8148.0,1630.0,901.0,21341.0,28.0,0.0,33271.0,7328.0,1058.0,427.0,11828.0,1.0,0.0,92.0,29.0,6.0,7.0,32.0
2013-09,2013,9,NORTHERN REGION,NORTHERN REGION,HARYANA,HARYANA,Rewari,REWARI,0.0,0.0,11159.0,2642.0,0.0,3663.0,3785.0,0.0,0.0,26479.0,7619.0,0.0,7617.0,8918.0,0.0,0.0,61.0,12.0,0.0,36.0,13.0
2013-09,2013,9,NORTHERN REGION,NORTHERN REGION,HARYANA,HARYANA,Rohtak,ROHTAK,0.0,0.0,27506.0,7218.0,237.0,3605.0,6293.0,0.0,0.0,48779.0,8753.0,510.0,6145.0,19330.0,0.0,0.0,87.0,15.0,3.0,22.0,34.0
2013-09,2013,9,NORTHERN REGION,NORTHERN REGION,HARYANA,HARYANA,Sirsa,SIRSA,0.0,0.0,16811.0,5628.0,0.0,3535.0,10799.0,0.0,0.0,17843.0,2491.0,0.0,1766.0,7864.0,0.0,0.0,75.0,16.0,0.0,24.0,37.0
2013-09,2013,9,NORTHERN REGION,NORTHERN REGION,HARYANA,HARYANA,Sonipat,SONIPAT,0.0,0.0,22542.0,3825.0,79.0,2317.0,88127.0,0.0,0.0,60078.0,6773.0,30.0,1666.0,14882.0,0.0,0.0,124.0,26.0,2.0,32.0,29.0
2013-09,2013,9,NORTHERN REGION,NORTHERN REGION,HARYANA,HARYANA,Yamunanagar,YAMUNANAGAR,0.0,0.0,20033.0,3802.0,0.0,1070.0,10156.0,0.0,0.0,35412.0,6054.0,0.0,1170.0,14933.0,0.0,0.0,91.0,25.0,0.0,15.0,28.0
2013-09,2013,9,NORTHERN REGION,NORTHERN REGION,HIMACHAL PRADESH,HIMACHAL PRADESH,Bilaspur,BILASPUR,0.0,0.0,2397.0,7.0,0.0,245.0,1998.0,0.0,0.0,10588.0,195.0,0.0,417.0,8481.0,0.0,0.0,35.0,3.0,0.0,7.0,23.0
2013-09,2013,9,NORTHERN REGION,NORTHERN REGION,HIMACHAL PRADESH,HIMACHAL PRADESH,Chamba,CHAMBA,0.0,0.0,667.0,14.0,0.0,2314.0,2202.0,0.0,0.0,3846.0,140.0,0.0,3316.0,9908.0,0.0,0.0,15.0,3.0,0.0,35.0,19.0
2013-09,2013,9,NORTHERN REGION,NORTHERN REGION,HIMACHAL PRADESH,HIMACHAL PRADESH,Hamirpur,HAMIRPUR,0.0,0.0,3660.0,73.0,0.0,122.0,1785.0,0.0,0.0,23151.0,420.0,0.0,348.0,10677.0,0.0,0.0,59.0,3.0,0.0,7.0,17.0
2013-09,2013,9,NORTHERN REGION,NORTHERN REGION,HIMACHAL PRADESH,HIMACHAL PRADESH,Kangra,KANGRA,0.0,0.0,9378.0,248.0,185.0,1827.0,8096.0,0.0,0.0,48484.0,2356.0,175.0,6834.0,40077.0,0.0,0.0,121.0,12.0,1.0,46.0,58.0
2013-09,2013,9,NORTHERN REGION,NORTHERN REGION,HIMACHAL PRADESH,HIMACHAL PRADESH,Kinnaur,KINNAUR,0.0,0.0,811.0,0.0,0.0,55.0,1246.0,0.0,0.0,2080.0,0.0,0.0,82.0,2655.0,0.0,0.0,15.0,0.0,0.0,1.0,10.0
2013-09,2013,9,NORTHERN REGION,NORTHERN REGION,HIMACHAL PRADESH,HIMACHAL PRADESH,Kulu,KULU,0.0,0.0,5154.0,232.0,274.0,895.0,4254.0,0.0,0.0,13006.0,508.0,385.0,2468.0,8253.0,0.0,0.0,41.0,5.0,2.0,18.0,17.0
2013-09,2013,9,NORTHERN REGION,NORTHERN REGION,HIMACHAL PRADESH,HIMACHAL PRADESH,Lahul & Spiti,LAHUL AND SPITI,0.0,0.0,68.0,0.0,0.0,46.0,392.0,0.0,0.0,429.0,0.0,0.0,38.0,1885.0,0.0,0.0,3.0,0.0,0.0,1.0,8.0
2013-09,2013,9,NORTHERN REGION,NORTHERN REGION,HIMACHAL PRADESH,HIMACHAL PRADESH,Mandi,MANDI,0.0,0.0,6248.0,409.0,0.0,2454.0,5119.0,0.0,0.0,24693.0,848.0,0.0,8209.0,14813.0,0.0,0.0,75.0,5.0,0.0,51.0,29.0
2013-09,2013,9,NORTHERN REGION,NORTHERN REGION,HIMACHAL PRADESH,HIMACHAL PRADESH,Simla,SIMLA,0.0,0.0,23688.0,1170.0,270.0,164.0,11340.0,0.0,0.0,87859.0,9848.0,2701.0,1141.0,34350.0,0.0,0.0,118.0,13.0,2.0,3.0,57.0
2013-09,2013,9,NORTHERN REGION,NORTHERN REGION,HIMACHAL PRADESH,HIMACHAL PRADESH,Sirmaur,SIRMAUR,0.0,0.0,5187.0,380.0,0.0,197.0,7549.0,0.0,0.0,6757.0,1064.0,0.0,106.0,8685.0,0.0,0.0,39.0,6.0,0.0,4.0,30.0
2013-09,2013,9,NORTHERN REGION,NORTHERN REGION,HIMACHAL PRADESH,HIMACHAL PRADESH,Solan,SOLAN,0.0,0.0,21448.0,1995.0,7.0,643.0,16443.0,0.0,0.0,27273.0,4260.0,56.0,212.0,17185.0,0.0,0.0,97.0,13.0,2.0,9.0,40.0
2013-09,2013,9,NORTHERN REGION,NORTHERN REGION,HIMACHAL PRADESH,HIMACHAL PRADESH,Una,UNA,0.0,0.0,4799.0,137.0,0.0,177.0,3519.0,0.0,0.0,20621.0,835.0,0.0,514.0,10114.0,0.0,0.0,63.0,7.0,0.0,6.0,16.0
2013-09,2013,9,NORTHERN REGION,NORTHERN REGION,JAMMU & KASHMIR,JAMMU AND KASHMIR,Anantnag,ANANTNAG,0.0,0.0,260.0,323.0,9494.0,619.0,768.0,0.0,0.0,989.0,457.0,18488.0,815.0,2123.0,0.0,0.0,7.0,6.0,43.0,17.0,7.0
2013-09,2013,9,NORTHERN REGION,NORTHERN REGION,JAMMU & KASHMIR,JAMMU AND KASHMIR,Badgam,BADGAM,0.0,0.0,13.0,44.0,6488.0,303.0,446.0,0.0,0.0,62.0,107.0,9190.0,611.0,1055.0,0.0,0.0,1.0,3.0,36.0,12.0,7.0
2013-09,2013,9,NORTHERN REGION,NORTHERN REGION,JAMMU & KASHMIR,JAMMU AND KASHMIR,Bandipora,BANDIPORA,0.0,0.0,0.0,0.0,2914.0,273.0,288.0,0.0,0.0,0.0,0.0,4409.0,513.0,1071.0,0.0,0.0,0.0,0.0,10.0,8.0,2.0
2013-09,2013,9,NORTHERN REGION,NORTHERN REGION,JAMMU & KASHMIR,JAMMU AND KASHMIR,Baramulla,BARAMULLA,0.0,0.0,215.0,127.0,14013.0,2693.0,795.0,0.0,0.0,892.0,190.0,16663.0,3205.0,2534.0,0.0,0.0,7.0,2.0,47.0,49.0,8.0
2013-09,2013,9,NORTHERN REGION,NORTHERN REGION,JAMMU & KASHMIR,JAMMU AND KASHMIR,Doda,DODA,0.0,0.0,66.0,9.0,1646.0,0.0,443.0,0.0,0.0,609.0,90.0,6317.0,0.0,2445.0,0.0,0.0,2.0,2.0,21.0,0.0,8.0
2013-09,2013,9,NORTHERN REGION,NORTHERN REGION,JAMMU & KASHMIR,JAMMU AND KASHMIR,Ganderbal,GANDERBAL,0.0,0.0,10.0,24.0,3798.0,171.0,73.0,0.0,0.0,66.0,85.0,5350.0,472.0,275.0,0.0,0.0,1.0,2.0,17.0,8.0,2.0
2013-09,2013,9,NORTHERN REGION,NORTHERN REGION,JAMMU & KASHMIR,JAMMU AND KASHMIR,Jammu,JAMMU,0.0,0.0,17006.0,3548.0,24591.0,2680.0,8706.0,0.0,0.0,52468.0,8274.0,86083.0,8168.0,34248.0,0.0,0.0,100.0,24.0,72.0,47.0,46.0
2013-09,2013,9,NORTHERN REGION,NORTHERN REGION,JAMMU & KASHMIR,JAMMU AND KASHMIR,Kargil,KARGIL,0.0,0.0,0.0,0.0,1154.0,0.0,309.0,0.0,0.0,0.0,69.0,4497.0,0.0,1538.0,0.0,0.0,0.0,1.0,11.0,0.0,5.0
2013-09,2013,9,NORTHERN REGION,NORTHERN REGION,JAMMU & KASHMIR,JAMMU AND KASHMIR,Kathua,KATHUA,0.0,0.0,645.0,89.0,5985.0,780.0,1178.0,0.0,0.0,3297.0,222.0,13017.0,2025.0,5351.0,0.0,0.0,13.0,3.0,27.0,14.0,12.0
2013-09,2013,9,NORTHERN REGION,NORTHERN REGION,JAMMU & KASHMIR,JAMMU AND KASHMIR,Kishtwar,KISHTWAR,0.0,0.0,7.0,0.0,1177.0,0.0,142.0,0.0,0.0,145.0,0.0,4789.0,0.0,1192.0,0.0,0.0,1.0,0.0,15.0,0.0,1.0
2013-09,2013,9,NORTHERN REGION,NORTHERN REGION,JAMMU & KASHMIR,JAMMU AND KASHMIR,Kulgam,KULGAM,0.0,0.0,158.0,31.0,3987.0,368.0,198.0,0.0,0.0,327.0,56.0,5758.0,328.0,367.0,0.0,0.0,3.0,1.0,20.0,8.0,2.0
2013-09,2013,9,NORTHERN REGION,NORTHERN REGION,JAMMU & KASHMIR,JAMMU AND KASHMIR,Kupwara,KUPWARA,0.0,0.0,44.0,15.0,5142.0,888.0,376.0,0.0,0.0,219.0,67.0,7532.0,1784.0,1387.0,0.0,0.0,2.0,3.0,30.0,23.0,4.0
2013-09,2013,9,NORTHERN REGION,NORTHERN REGION,JAMMU & KASHMIR,JAMMU AND KASHMIR,Leh Ladakh,LEH LADAKH,0.0,0.0,102.0,10.0,1828.0,0.0,985.0,0.0,0.0,498.0,377.0,6725.0,0.0,5823.0,0.0,0.0,2.0,2.0,14.0,0.0,7.0
2013-09,2013,9,NORTHERN REGION,NORTHERN REGION,JAMMU & KASHMIR,JAMMU AND KASHMIR,Poonch,POONCH,0.0,0.0,49.0,5.0,1501.0,224.0,343.0,0.0,0.0,805.0,47.0,6013.0,1050.0,3353.0,0.0,0.0,2.0,1.0,13.0,8.0,3.0
2013-09,2013,9,NORTHERN REGION,NORTHERN REGION,JAMMU & KASHMIR,JAMMU AND KASHMIR,Pulwama,PULWAMA,0.0,0.0,49.0,134.0,7288.0,468.0,630.0,0.0,0.0,215.0,172.0,10374.0,512.0,1226.0,0.0,0.0,2.0,3.0,25.0,12.0,5.0
2013-09,2013,9,NORTHERN REGION,NORTHERN REGION,JAMMU & KASHMIR,JAMMU AND KASHMIR,Rajouri,RAJOURI,0.0,0.0,84.0,6.0,2957.0,542.0,370.0,0.0,0.0,786.0,44.0,9421.0,2380.0,4295.0,0.0,0.0,3.0,2.0,18.0,21.0,6.0
2013-09,2013,9,NORTHERN REGION,NORTHERN REGION,JAMMU & KASHMIR,JAMMU AND KASHMIR,Ramban,RAMBAN,0.0,0.0,81.0,0.0,1068.0,0.0,266.0,0.0,0.0,264.0,0.0,4632.0,0.0,1070.0,0.0,0.0,4.0,0.0,11.0,0.0,4.0
2013-09,2013,9,NORTHERN REGION,NORTHERN REGION,JAMMU & KASHMIR,JAMMU AND KASHMIR,Reasi,REASI,0.0,0.0,439.0,52.0,1896.0,108.0,465.0,0.0,0.0,1824.0,1186.0,6176.0,223.0,2177.0,0.0,0.0,9.0,2.0,14.0,2.0,6.0
2013-09,2013,9,NORTHERN REGION,NORTHERN REGION,JAMMU & KASHMIR,JAMMU AND KASHMIR,Samba,SAMBA,0.0,0.0,767.0,53.0,6037.0,650.0,1708.0,0.0,0.0,2587.0,361.0,7431.0,2171.0,4686.0,0.0,0.0,12.0,4.0,13.0,13.0,9.0
2013-09,2013,9,NORTHERN REGION,NORTHERN REGION,JAMMU & KASHMIR,JAMMU AND KASHMIR,Shopian,SHOPIAN,0.0,0.0,14.0,18.0,6359.0,44.0,137.0,0.0,0.0,51.0,51.0,3953.0,29.0,273.0,0.0,0.0,1.0,2.0,16.0,3.0,1.0
2013-09,2013,9,NORTHERN REGION,NORTHERN REGION,JAMMU & KASHMIR,JAMMU AND KASHMIR,Srinagar,SRINAGAR,0.0,0.0,2937.0,1241.0,60489.0,431.0,2259.0,0.0,0.0,8846.0,6441.0,129600.0,1238.0,11859.0,0.0,0.0,36.0,21.0,87.0,15.0,27.0
2013-09,2013,9,NORTHERN REGION,NORTHERN REGION,JAMMU & KASHMIR,JAMMU AND KASHMIR,Udhampur,UDHAMPUR,0.0,0.0,640.0,61.0,3118.0,134.0,1394.0,0.0,0.0,4781.0,1114.0,8772.0,412.0,5815.0,0.0,0.0,17.0,6.0,20.0,6.0,9.0
2013-09,2013,9,EASTERN REGION,EASTERN REGION,JHARKHAND,JHARKHAND,Bokaro,BOKARO,0.0,0.0,16242.0,2821.0,21.0,143.0,10811.0,0.0,0.0,61442.0,5078.0,256.0,793.0,33152.0,0.0,0.0,110.0,13.0,1.0,11.0,38.0
2013-09,2013,9,EASTERN REGION,EASTERN REGION,JHARKHAND,JHARKHAND,Chatra,CHATRA,0.0,0.0,1475.0,11.0,0.0,476.0,674.0,0.0,0.0,6199.0,57.0,0.0,1266.0,4129.0,0.0,0.0,23.0,1.0,0.0,11.0,11.0
2013-09,2013,9,EASTERN REGION,EASTERN REGION,JHARKHAND,JHARKHAND,Deoghar,DEOGHAR,0.0,0.0,3803.0,358.0,0.0,1091.0,3252.0,0.0,0.0,14776.0,1270.0,0.0,1659.0,11508.0,0.0,0.0,52.0,4.0,0.0,20.0,28.0
2013-09,2013,9,EASTERN REGION,EASTERN REGION,JHARKHAND,JHARKHAND,Dhanbad,DHANBAD,0.0,0.0,14537.0,3755.0,271.0,84.0,15243.0,0.0,0.0,77286.0,12075.0,635.0,225.0,57874.0,0.0,0.0,135.0,12.0,5.0,11.0,51.0
2013-09,2013,9,EASTERN REGION,EASTERN REGION,JHARKHAND,JHARKHAND,Dumka,DUMKA,0.0,0.0,1580.0,88.0,0.0,1121.0,2109.0,0.0,0.0,6414.0,701.0,0.0,2309.0,9338.0,0.0,0.0,30.0,3.0,0.0,27.0,35.0
2013-09,2013,9,EASTERN REGION,EASTERN REGION,JHARKHAND,JHARKHAND,Garhwa,GARHWA,0.0,0.0,971.0,10.0,0.0,1262.0,1661.0,0.0,0.0,2494.0,71.0,0.0,2071.0,7252.0,0.0,0.0,13.0,1.0,0.0,22.0,13.0
2013-09,2013,9,EASTERN REGION,EASTERN REGION,JHARKHAND,JHARKHAND,Giridih,GIRIDIH,0.0,0.0,6982.0,697.0,0.0,457.0,6972.0,0.0,0.0,22262.0,1055.0,0.0,2302.0,8562.0,0.0,0.0,83.0,4.0,0.0,19.0,19.0
2013-09,2013,9,EASTERN REGION,EASTERN REGION,JHARKHAND,JHARKHAND,Godda,GODDA,0.0,0.0,678.0,37.0,0.0,614.0,3132.0,0.0,0.0,3158.0,157.0,0.0,2213.0,9939.0,0.0,0.0,20.0,2.0,0.0,21.0,35.0
2013-09,2013,9,EASTERN REGION,EASTERN REGION,JHARKHAND,JHARKHAND,Gumla,GUMLA,0.0,0.0,2394.0,22.0,0.0,446.0,341.0,0.0,0.0,8766.0,329.0,0.0,1300.0,2348.0,0.0,0.0,32.0,2.0,0.0,21.0,2.0
2013-09,2013,9,EASTERN REGION,EASTERN REGION,JHARKHAND,JHARKHAND,Hazaribag,HAZARIBAG,0.0,0.0,7335.0,1677.0,0.0,680.0,2890.0,0.0,0.0,24723.0,1879.0,0.0,2158.0,18147.0,0.0,0.0,71.0,8.0,0.0,16.0,27.0
2013-09,2013,9,EASTERN REGION,EASTERN REGION,JHARKHAND,JHARKHAND,Jamtara,JAMTARA,0.0,0.0,426.0,0.0,0.0,544.0,1622.0,0.0,0.0,2563.0,2.0,0.0,1012.0,6284.0,0.0,0.0,19.0,1.0,0.0,12.0,21.0
2013-09,2013,9,EASTERN REGION,EASTERN REGION,JHARKHAND,JHARKHAND,Khunti,KHUNTI,0.0,0.0,1062.0,1.0,0.0,116.0,585.0,0.0,0.0,3281.0,75.0,0.0,427.0,3072.0,0.0,0.0,22.0,1.0,0.0,9.0,7.0
2013-09,2013,9,EASTERN REGION,EASTERN REGION,JHARKHAND,JHARKHAND,Koderma,KODERMA,0.0,0.0,2811.0,527.0,0.0,123.0,1154.0,0.0,0.0,9192.0,619.0,0.0,283.0,4794.0,0.0,0.0,33.0,4.0,0.0,4.0,10.0
2013-09,2013,9,EASTERN REGION,EASTERN REGION,JHARKHAND,JHARKHAND,Latehar,LATEHAR,0.0,0.0,569.0,0.0,0.0,722.0,1122.0,0.0,0.0,1257.0,0.0,0.0,1393.0,5738.0,0.0,0.0,11.0,0.0,0.0,10.0,11.0
2013-09,2013,9,EASTERN REGION,EASTERN REGION,JHARKHAND,JHARKHAND,Lohardagga,LOHARDAGGA,0.0,0.0,1678.0,20.0,0.0,220.0,420.0,0.0,0.0,3987.0,84.0,0.0,464.0,1617.0,0.0,0.0,21.0,2.0,0.0,7.0,3.0
2013-09,2013,9,EASTERN REGION,EASTERN REGION,JHARKHAND,JHARKHAND,Pakur,PAKUR,0.0,0.0,382.0,85.0,0.0,340.0,1041.0,0.0,0.0,1881.0,61.0,0.0,784.0,3272.0,0.0,0.0,14.0,1.0,0.0,11.0,20.0
2013-09,2013,9,EASTERN REGION,EASTERN REGION,JHARKHAND,JHARKHAND,Palamau,PALAMAU,0.0,0.0,1428.0,99.0,0.0,2753.0,4106.0,0.0,0.0,4609.0,1125.0,0.0,5485.0,18428.0,0.0,0.0,22.0,3.0,0.0,45.0,30.0
2013-09,2013,9,EASTERN REGION,EASTERN REGION,JHARKHAND,JHARKHAND,Paschimi Singhbhum,PASCHIMI SINGHBHUM,0.0,0.0,10292.0,115.0,0.0,891.0,4879.0,0.0,0.0,76194.0,678.0,0.0,2442.0,37200.0,0.0,0.0,56.0,8.0,0.0,36.0,13.0
2013-09,2013,9,EASTERN REGION,EASTERN REGION,JHARKHAND,JHARKHAND,Purbi Singhbhum,PURBI SINGHBHUM,0.0,0.0,31237.0,12981.0,555.0,933.0,25073.0,0.0,0.0,81266.0,17352.0,2255.0,3805.0,44769.0,0.0,0.0,150.0,24.0,6.0,32.0,49.0
2013-09,2013,9,EASTERN REGION,EASTERN REGION,JHARKHAND,JHARKHAND,Ramgarh,RAMGARH,0.0,0.0,6600.0,380.0,0.0,133.0,3623.0,0.0,0.0,16038.0,1208.0,0.0,481.0,13516.0,0.0,0.0,51.0,6.0,0.0,5.0,17.0
2013-09,2013,9,EASTERN REGION,EASTERN REGION,JHARKHAND,JHARKHAND,Ranchi,RANCHI,0.0,0.0,46121.0,7982.0,398.0,1075.0,18675.0,0.0,0.0,146761.0,17555.0,2087.0,4025.0,82513.0,0.0,0.0,204.0,26.0,7.0,36.0,59.0
2013-09,2013,9,EASTERN REGION,EASTERN REGION,JHARKHAND,JHARKHAND,Sahebganj,SAHEBGANJ,0.0,0.0,776.0,13.0,0.0,561.0,3492.0,0.0,0.0,3106.0,187.0,0.0,1596.0,6202.0,0.0,0.0,19.0,1.0,0.0,18.0,22.0
2013-09,2013,9,EASTERN REGION,EASTERN REGION,JHARKHAND,JHARKHAND,Seraikela-Kharsawan,SERAIKELA KHARSAWAN,0.0,0.0,5663.0,279.0,0.0,328.0,4121.0,0.0,0.0,12729.0,521.0,0.0,1370.0,5855.0,0.0,0.0,52.0,5.0,0.0,15.0,11.0
2013-09,2013,9,EASTERN REGION,EASTERN REGION,JHARKHAND,JHARKHAND,Simdega,SIMDEGA,0.0,0.0,1097.0,22.0,0.0,209.0,322.0,0.0,0.0,4877.0,136.0,0.0,859.0,1459.0,0.0,0.0,18.0,2.0,0.0,14.0,3.0
2013-09,2013,9,SOUTHERN REGION,SOUTHERN REGION,KARNATAKA,KARNATAKA,Bagalkote,BAGALKOTE,0.0,0.0,15919.0,7600.0,1040.0,8308.0,12350.0,0.0,0.0,14115.0,2324.0,2495.0,10866.0,12700.0,0.0,0.0,75.0,18.0,8.0,66.0,32.0
2013-09,2013,9,SOUTHERN REGION,SOUTHERN REGION,KARNATAKA,KARNATAKA,Bangalore Rural,BANGALORE RURAL,1251.0,0.0,11655.0,1201.0,4140.0,1281.0,5051.0,1042.0,0.0,16757.0,3543.0,4448.0,1800.0,8760.0,2.0,0.0,76.0,17.0,25.0,13.0,24.0
2013-09,2013,9,SOUTHERN REGION,SOUTHERN REGION,KARNATAKA,KARNATAKA,Bangalore Urban,BANGALORE URBAN,222691.0,0.0,1087242.0,304019.0,176617.0,3020.0,477421.0,279261.0,0.0,1472474.0,542497.0,261845.0,10640.0,624761.0,13.0,0.0,910.0,236.0,214.0,21.0,408.0
2013-09,2013,9,SOUTHERN REGION,SOUTHERN REGION,KARNATAKA,KARNATAKA,Belgaum,BELGAUM,0.0,0.0,49192.0,7850.0,5836.0,15205.0,22422.0,0.0,0.0,66681.0,8728.0,9272.0,16749.0,36736.0,0.0,0.0,218.0,30.0,34.0,132.0,61.0
2013-09,2013,9,SOUTHERN REGION,SOUTHERN REGION,KARNATAKA,KARNATAKA,Bellary,BELLARY,0.0,0.0,27689.0,4646.0,3542.0,13136.0,34444.0,0.0,0.0,22020.0,4220.0,6243.0,14298.0,28669.0,0.0,0.0,84.0,11.0,18.0,78.0,63.0
2013-09,2013,9,SOUTHERN REGION,SOUTHERN REGION,KARNATAKA,KARNATAKA,Bidar,BIDAR,0.0,0.0,5188.0,644.0,618.0,2664.0,9678.0,0.0,0.0,6155.0,1093.0,1145.0,3931.0,10664.0,0.0,0.0,38.0,7.0,9.0,49.0,39.0
2013-09,2013,9,SOUTHERN REGION,SOUTHERN REGION,KARNATAKA,KARNATAKA,Bijapur,BIJAPUR,0.0,0.0,16707.0,1266.0,2725.0,9633.0,7579.0,0.0,0.0,14475.0,1670.0,3253.0,7811.0,11441.0,0.0,0.0,70.0,5.0,11.0,65.0,26.0
2013-09,2013,9,SOUTHERN REGION,SOUTHERN REGION,KARNATAKA,KARNATAKA,Chamarajanagar,CHAMARAJANAGAR,0.0,0.0,6730.0,177.0,391.0,1602.0,5065.0,0.0,0.0,4198.0,291.0,414.0,1536.0,5907.0,0.0,0.0,38.0,3.0,5.0,21.0,31.0
2013-09,2013,9,SOUTHERN REGION,SOUTHERN REGION,KARNATAKA,KARNATAKA,Chikkaballapura,CHIKKABALLAPURA,0.0,0.0,7267.0,60.0,605.0,3187.0,9108.0,0.0,0.0,6844.0,297.0,2000.0,3533.0,7035.0,0.0,0.0,48.0,4.0,10.0,34.0,23.0
2013-09,2013,9,SOUTHERN REGION,SOUTHERN REGION,KARNATAKA,KARNATAKA,Chikmagalur,CHIKMAGALUR,0.0,0.0,17463.0,450.0,3731.0,2495.0,5617.0,0.0,0.0,16722.0,946.0,9949.0,3302.0,10265.0,0.0,0.0,89.0,5.0,29.0,38.0,27.0
2013-09,2013,9,SOUTHERN REGION,SOUTHERN REGION,KARNATAKA,KARNATAKA,Chitradurga,CHITRADURGA,0.0,0.0,9299.0,742.0,2067.0,8416.0,4671.0,0.0,0.0,9128.0,650.0,2669.0,7213.0,7651.0,0.0,0.0,51.0,8.0,15.0,78.0,20.0
2013-09,2013,9,SOUTHERN REGION,SOUTHERN REGION,KARNATAKA,KARNATAKA,Dakshin Kannad,DAKSHIN KANNAD,0.0,0.0,78896.0,6350.0,15972.0,1641.0,19916.0,0.0,0.0,152793.0,13568.0,38571.0,2814.0,43714.0,0.0,0.0,320.0,25.0,56.0,22.0,56.0
2013-09,2013,9,SOUTHERN REGION,SOUTHERN REGION,KARNATAKA,KARNATAKA,Davangere,DAVANGERE,0.0,0.0,16651.0,2925.0,3669.0,6634.0,11119.0,0.0,0.0,15659.0,1696.0,5319.0,5169.0,11993.0,0.0,0.0,67.0,5.0,19.0,58.0,31.0
2013-09,2013,9,SOUTHERN REGION,SOUTHERN REGION,KARNATAKA,KARNATAKA,Dharwad,DHARWAD,0.0,0.0,29994.0,8293.0,5143.0,8309.0,24445.0,0.0,0.0,48385.0,5517.0,11925.0,14869.0,31232.0,0.0,0.0,130.0,14.0,27.0,68.0,61.0
2013-09,2013,9,SOUTHERN REGION,SOUTHERN REGION,KARNATAKA,KARNATAKA,Gadag,GADAG,0.0,0.0,7611.0,434.0,387.0,5445.0,5793.0,0.0,0.0,6278.0,963.0,1073.0,5058.0,7864.0,0.0,0.0,44.0,5.0,6.0,51.0,21.0
2013-09,2013,9,SOUTHERN REGION,SOUTHERN REGION,KARNATAKA,KARNATAKA,Gulbarga,GULBARGA,0.0,0.0,11965.0,2010.0,1189.0,10139.0,18523.0,0.0,0.0,17733.0,3324.0,2144.0,9572.0,24169.0,0.0,0.0,49.0,9.0,10.0,84.0,56.0
2013-09,2013,9,SOUTHERN REGION,SOUTHERN REGION,KARNATAKA,KARNATAKA,Hassan,HASSAN,0.0,0.0,20832.0,966.0,3765.0,4310.0,8487.0,0.0,0.0,18685.0,1374.0,7097.0,3659.0,13292.0,0.0,0.0,117.0,9.0,25.0,47.0,39.0
2013-09,2013,9,SOUTHERN REGION,SOUTHERN REGION,KARNATAKA,KARNATAKA,Haveri,HAVERI,0.0,0.0,8492.0,892.0,871.0,7682.0,4847.0,0.0,0.0,7839.0,912.0,1980.0,6634.0,6316.0,0.0,0.0,53.0,6.0,11.0,67.0,23.0
2013-09,2013,9,SOUTHERN REGION,SOUTHERN REGION,KARNATAKA,KARNATAKA,Kodagu,KODAGU,0.0,0.0,11806.0,300.0,1422.0,838.0,3382.0,0.0,0.0,17976.0,535.0,3294.0,1625.0,6934.0,0.0,0.0,84.0,6.0,12.0,20.0,14.0
2013-09,2013,9,SOUTHERN REGION,SOUTHERN REGION,KARNATAKA,KARNATAKA,Kolar,KOLAR,0.0,0.0,9515.0,181.0,1048.0,5146.0,5961.0,0.0,0.0,9314.0,508.0,3965.0,5914.0,9475.0,0.0,0.0,49.0,5.0,8.0,41.0,24.0
2013-09,2013,9,SOUTHERN REGION,SOUTHERN REGION,KARNATAKA,KARNATAKA,Koppal,KOPPAL,0.0,0.0,7791.0,1027.0,1207.0,5240.0,8520.0,0.0,0.0,5035.0,1365.0,458.0,6190.0,7551.0,0.0,0.0,35.0,8.0,6.0,48.0,29.0
2013-09,2013,9,SOUTHERN REGION,SOUTHERN REGION,KARNATAKA,KARNATAKA,Mandya,MANDYA,0.0,0.0,13081.0,422.0,1166.0,2610.0,9436.0,0.0,0.0,10489.0,576.0,2028.0,2951.0,11431.0,0.0,0.0,78.0,3.0,9.0,32.0,38.0
2013-09,2013,9,SOUTHERN REGION,SOUTHERN REGION,KARNATAKA,KARNATAKA,Mysore,MYSORE,8.0,0.0,41475.0,9429.0,10454.0,7162.0,42310.0,473.0,0.0,70329.0,18741.0,23142.0,6259.0,56467.0,1.0,0.0,165.0,17.0,43.0,65.0,87.0
2013-09,2013,9,SOUTHERN REGION,SOUTHERN REGION,KARNATAKA,KARNATAKA,Raichur,RAICHUR,0.0,0.0,10959.0,1811.0,1512.0,10223.0,12135.0,0.0,0.0,8622.0,1626.0,1731.0,6859.0,14263.0,0.0,0.0,49.0,9.0,7.0,61.0,47.0
2013-09,2013,9,SOUTHERN REGION,SOUTHERN REGION,KARNATAKA,KARNATAKA,Ramanagara,RAMANAGARA,0.0,0.0,10141.0,3395.0,2129.0,1246.0,5152.0,0.0,0.0,10516.0,11286.0,2426.0,1272.0,9372.0,0.0,0.0,64.0,13.0,14.0,14.0,26.0
2013-09,2013,9,SOUTHERN REGION,SOUTHERN REGION,KARNATAKA,KARNATAKA,Shimoga,SHIMOGA,0.0,0.0,21136.0,1469.0,4054.0,3292.0,10592.0,0.0,0.0,33143.0,1693.0,11859.0,3837.0,19048.0,0.0,0.0,118.0,8.0,25.0,37.0,40.0
2013-09,2013,9,SOUTHERN REGION,SOUTHERN REGION,KARNATAKA,KARNATAKA,Tumkur,TUMKUR,0.0,0.0,17042.0,1053.0,4220.0,7675.0,18202.0,0.0,0.0,16672.0,1409.0,7300.0,5010.0,19368.0,0.0,0.0,78.0,5.0,27.0,50.0,73.0
2013-09,2013,9,SOUTHERN REGION,SOUTHERN REGION,KARNATAKA,KARNATAKA,Udipi,UDIPI,0.0,0.0,42108.0,608.0,5891.0,1134.0,7712.0,0.0,0.0,91996.0,4867.0,12987.0,1765.0,14360.0,0.0,0.0,215.0,11.0,30.0,19.0,22.0
2013-09,2013,9,SOUTHERN REGION,SOUTHERN REGION,KARNATAKA,KARNATAKA,Uttar Kannad,UTTAR KANNAD,0.0,0.0,9991.0,303.0,1338.0,1624.0,4981.0,0.0,0.0,34137.0,1564.0,5754.0,3659.0,19712.0,0.0,0.0,134.0,10.0,19.0,37.0,34.0
2013-09,2013,9,SOUTHERN REGION,SOUTHERN REGION,KARNATAKA,KARNATAKA,Yadgir,YADGIR,0.0,0.0,2399.0,650.0,1254.0,2739.0,6107.0,0.0,0.0,1531.0,879.0,970.0,2773.0,5698.0,0.0,0.0,16.0,6.0,5.0,35.0,26.0
2013-09,2013,9,SOUTHERN REGION,SOUTHERN REGION,KERALA,KERALA,Alapuzha,ALAPUZHA,0.0,0.0,25618.0,3571.0,17949.0,1283.0,33949.0,0.0,0.0,36177.0,4638.0,45003.0,785.0,61660.0,0.0,0.0,104.0,22.0,103.0,10.0,91.0
2013-09,2013,9,SOUTHERN REGION,SOUTHERN REGION,KERALA,KERALA,Ernakulam,ERNAKULAM,5415.0,0.0,179658.0,53537.0,104386.0,2330.0,146316.0,7331.0,0.0,129413.0,48719.0,178584.0,4242.0,136446.0,6.0,0.0,312.0,81.0,233.0,25.0,183.0
2013-09,2013,9,SOUTHERN REGION,SOUTHERN REGION,KERALA,KERALA,Idukki,IDUKKI,0.0,0.0,10064.0,2679.0,9364.0,671.0,13581.0,0.0,0.0,4881.0,1168.0,9761.0,350.0,11291.0,0.0,0.0,44.0,5.0,45.0,12.0,44.0
2013-09,2013,9,SOUTHERN REGION,SOUTHERN REGION,KERALA,KERALA,Kannur,KANNUR,0.0,0.0,23796.0,5287.0,9687.0,15985.0,17965.0,0.0,0.0,45739.0,7830.0,19106.0,12074.0,45567.0,0.0,0.0,110.0,21.0,57.0,83.0,54.0
2013-09,2013,9,SOUTHERN REGION,SOUTHERN REGION,KERALA,KERALA,Kasaragod,KASARAGOD,0.0,0.0,14576.0,1336.0,3848.0,9985.0,5224.0,0.0,0.0,19137.0,1630.0,5509.0,5948.0,9114.0,0.0,0.0,78.0,9.0,28.0,53.0,18.0
2013-09,2013,9,SOUTHERN REGION,SOUTHERN REGION,KERALA,KERALA,Kollam,KOLLAM,0.0,0.0,39969.0,5233.0,24833.0,1396.0,41942.0,0.0,0.0,37319.0,3748.0,57773.0,2408.0,59076.0,0.0,0.0,138.0,13.0,90.0,18.0,76.0
2013-09,2013,9,SOUTHERN REGION,SOUTHERN REGION,KERALA,KERALA,Kottayam,KOTTAYAM,0.0,0.0,24427.0,8674.0,23711.0,2779.0,54107.0,0.0,0.0,30835.0,9004.0,64851.0,1737.0,83824.0,0.0,0.0,112.0,24.0,138.0,23.0,138.0
2013-09,2013,9,SOUTHERN REGION,SOUTHERN REGION,KERALA,KERALA,Kozhikode,KOZHIKODE,0.0,0.0,35452.0,10777.0,16382.0,11541.0,29050.0,0.0,0.0,48592.0,9893.0,25387.0,9840.0,46177.0,0.0,0.0,130.0,25.0,67.0,69.0,73.0
2013-09,2013,9,SOUTHERN REGION,SOUTHERN REGION,KERALA,KERALA,Malappuram,MALAPPURAM,0.0,0.0,21054.0,6615.0,14918.0,13846.0,16473.0,0.0,0.0,28812.0,4877.0,31713.0,11631.0,36014.0,0.0,0.0,111.0,23.0,98.0,83.0,58.0
2013-09,2013,9,SOUTHERN REGION,SOUTHERN REGION,KERALA,KERALA,Palakkad,PALAKKAD,0.0,0.0,31108.0,3799.0,15946.0,2155.0,29551.0,0.0,0.0,42707.0,5624.0,21943.0,1687.0,43046.0,0.0,0.0,137.0,20.0,98.0,17.0,78.0
2013-09,2013,9,SOUTHERN REGION,SOUTHERN REGION,KERALA,KERALA,Pathanamthitta,PATHANAMTHITTA,0.0,0.0,17610.0,2809.0,14106.0,1801.0,27234.0,0.0,0.0,47728.0,7931.0,74415.0,2965.0,83583.0,0.0,0.0,110.0,17.0,114.0,26.0,85.0
2013-09,2013,9,SOUTHERN REGION,SOUTHERN REGION,KERALA,KERALA,Thiruvananthapuram,THIRUVANANTHAPURAM,158.0,0.0,102264.0,18456.0,39441.0,4863.0,102887.0,4241.0,0.0,114696.0,24983.0,73120.0,5870.0,186590.0,2.0,0.0,249.0,40.0,120.0,30.0,168.0
2013-09,2013,9,SOUTHERN REGION,SOUTHERN REGION,KERALA,KERALA,Thrissur,THRISSUR,0.0,0.0,54449.0,12122.0,53500.0,3909.0,45272.0,0.0,0.0,61367.0,19762.0,120925.0,6308.0,74333.0,0.0,0.0,155.0,48.0,254.0,30.0,109.0
2013-09,2013,9,SOUTHERN REGION,SOUTHERN REGION,KERALA,KERALA,Wayanad,WAYANAD,0.0,0.0,6354.0,598.0,2593.0,4899.0,5736.0,0.0,0.0,4316.0,623.0,3120.0,2534.0,5328.0,0.0,0.0,35.0,5.0,16.0,28.0,19.0
2013-09,2013,9,CENTRAL REGION,CENTRAL REGION,MADHYA PRADESH,MADHYA PRADESH,Agar-Malwa,AGAR MALWA,0.0,0.0,2327.0,0.0,0.0,621.0,971.0,0.0,0.0,1563.0,0.0,0.0,580.0,1306.0,0.0,0.0,12.0,0.0,0.0,7.0,7.0
2013-09,2013,9,CENTRAL REGION,CENTRAL REGION,MADHYA PRADESH,MADHYA PRADESH,Alirajpur,ALIRAJPUR,0.0,0.0,644.0,52.0,0.0,275.0,266.0,0.0,0.0,2324.0,272.0,0.0,1105.0,1742.0,0.0,0.0,8.0,2.0,0.0,11.0,3.0
2013-09,2013,9,CENTRAL REGION,CENTRAL REGION,MADHYA PRADESH,MADHYA PRADESH,Anuppur,ANUPPUR,0.0,0.0,1181.0,0.0,0.0,360.0,2104.0,0.0,0.0,7055.0,0.0,0.0,1583.0,7606.0,0.0,0.0,21.0,0.0,0.0,13.0,11.0
2013-09,2013,9,CENTRAL REGION,CENTRAL REGION,MADHYA PRADESH,MADHYA PRADESH,Ashoknagar,ASHOKNAGAR,0.0,0.0,2422.0,596.0,0.0,1194.0,2585.0,0.0,0.0,4164.0,419.0,0.0,1190.0,4491.0,0.0,0.0,23.0,5.0,0.0,14.0,11.0
2013-09,2013,9,CENTRAL REGION,CENTRAL REGION,MADHYA PRADESH,MADHYA PRADESH,Balaghat,BALAGHAT,0.0,0.0,3117.0,126.0,0.0,655.0,3287.0,0.0,0.0,9043.0,728.0,0.0,2168.0,8060.0,0.0,0.0,50.0,3.0,0.0,26.0,18.0
2013-09,2013,9,CENTRAL REGION,CENTRAL REGION,MADHYA PRADESH,MADHYA PRADESH,Barwani,BARWANI,0.0,0.0,5259.0,342.0,0.0,1284.0,3706.0,0.0,0.0,5339.0,529.0,0.0,2131.0,5184.0,0.0,0.0,31.0,7.0,0.0,19.0,19.0
2013-09,2013,9,CENTRAL REGION,CENTRAL REGION,MADHYA PRADESH,MADHYA PRADESH,Betul,BETUL,0.0,0.0,5675.0,399.0,0.0,137.0,3407.0,0.0,0.0,14543.0,541.0,0.0,159.0,12578.0,0.0,0.0,62.0,5.0,0.0,6.0,24.0
2013-09,2013,9,CENTRAL REGION,CENTRAL REGION,MADHYA PRADESH,MADHYA PRADESH,Bhind,BHIND,0.0,0.0,2904.0,29.0,0.0,629.0,2306.0,0.0,0.0,7164.0,368.0,0.0,1680.0,8149.0,0.0,0.0,33.0,3.0,0.0,16.0,18.0
2013-09,2013,9,CENTRAL REGION,CENTRAL REGION,MADHYA PRADESH,MADHYA PRADESH,Bhopal,BHOPAL,64.0,0.0,109481.0,23701.0,3260.0,1026.0,94175.0,734.0,0.0,255179.0,28068.0,8657.0,3343.0,306026.0,2.0,0.0,233.0,36.0,7.0,9.0,101.0
2013-09,2013,9,CENTRAL REGION,CENTRAL REGION,MADHYA PRADESH,MADHYA PRADESH,Burhanpur,BURHANPUR,0.0,0.0,5658.0,690.0,0.0,912.0,2065.0,0.0,0.0,8312.0,636.0,0.0,921.0,4078.0,0.0,0.0,24.0,3.0,0.0,9.0,8.0
2013-09,2013,9,CENTRAL REGION,CENTRAL REGION,MADHYA PRADESH,MADHYA PRADESH,Chhatarpur,CHHATARPUR,0.0,0.0,1577.0,478.0,0.0,2125.0,4311.0,0.0,0.0,6417.0,872.0,0.0,5364.0,15785.0,0.0,0.0,17.0,3.0,0.0,45.0,22.0
2013-09,2013,9,CENTRAL REGION,CENTRAL REGION,MADHYA PRADESH,MADHYA PRADESH,Chhindwara,CHHINDWARA,0.0,0.0,7815.0,2448.0,0.0,1962.0,4995.0,7.0,0.0,21804.0,1021.0,0.0,3508.0,15941.0,1.0,0.0,70.0,8.0,0.0,37.0,27.0
2013-09,2013,9,CENTRAL REGION,CENTRAL REGION,MADHYA PRADESH,MADHYA PRADESH,Damoh,DAMOH,0.0,0.0,1732.0,259.0,0.0,1552.0,3413.0,0.0,0.0,4452.0,551.0,0.0,1859.0,8505.0,0.0,0.0,19.0,3.0,0.0,24.0,21.0
2013-09,2013,9,CENTRAL REGION,CENTRAL REGION,MADHYA PRADESH,MADHYA PRADESH,Datia,DATIA,0.0,0.0,3868.0,140.0,0.0,473.0,1926.0,0.0,0.0,4370.0,381.0,0.0,901.0,4742.0,0.0,0.0,24.0,2.0,0.0,13.0,11.0
2013-09,2013,9,CENTRAL REGION,CENTRAL REGION,MADHYA PRADESH,MADHYA PRADESH,Dewas,DEWAS,0.0,0.0,10778.0,1464.0,113.0,3954.0,6991.0,0.0,0.0,11746.0,1367.0,94.0,4797.0,7399.0,0.0,0.0,50.0,6.0,1.0,37.0,18.0
2013-09,2013,9,CENTRAL REGION,CENTRAL REGION,MADHYA PRADESH,MADHYA PRADESH,Dhar,DHAR,0.0,0.0,10832.0,1100.0,2.0,3684.0,7343.0,0.0,0.0,15076.0,1525.0,5.0,5551.0,10008.0,0.0,0.0,76.0,13.0,1.0,60.0,19.0
2013-09,2013,9,CENTRAL REGION,CENTRAL REGION,MADHYA PRADESH,MADHYA PRADESH,Dindori,DINDORI,0.0,0.0,472.0,0.0,0.0,324.0,580.0,0.0,0.0,2980.0,120.0,0.0,984.0,2303.0,0.0,0.0,13.0,1.0,0.0,11.0,6.0
2013-09,2013,9,CENTRAL REGION,CENTRAL REGION,MADHYA PRADESH,MADHYA PRADESH,East Nimar,EAST NIMAR,0.0,0.0,8184.0,962.0,0.0,1449.0,3440.0,0.0,0.0,11686.0,635.0,0.0,2010.0,6432.0,0.0,0.0,44.0,3.0,0.0,20.0,15.0
2013-09,2013,9,CENTRAL REGION,CENTRAL REGION,MADHYA PRADESH,MADHYA PRADESH,Guna,GUNA,0.0,0.0,3685.0,1718.0,0.0,2203.0,5973.0,0.0,0.0,6605.0,958.0,0.0,1796.0,9048.0,0.0,0.0,24.0,6.0,0.0,22.0,26.0
2013-09,2013,9,CENTRAL REGION,CENTRAL REGION,MADHYA PRADESH,MADHYA PRADESH,Gwalior,GWALIOR,0.0,0.0,18737.0,4786.0,176.0,1303.0,12762.0,0.0,0.0,61745.0,7296.0,421.0,2313.0,36796.0,0.0,0.0,111.0,19.0,2.0,17.0,50.0
2013-09,2013,9,CENTRAL REGION,CENTRAL REGION,MADHYA PRADESH,MADHYA PRADESH,Harda,HARDA,0.0,0.0,12068.0,823.0,0.0,2044.0,3508.0,0.0,0.0,5900.0,466.0,0.0,1490.0,3703.0,0.0,0.0,26.0,5.0,0.0,14.0,6.0
2013-09,2013,9,CENTRAL REGION,CENTRAL REGION,MADHYA PRADESH,MADHYA PRADESH,Hoshangabad,HOSHANGABAD,0.0,0.0,7864.0,2925.0,38.0,3116.0,9963.0,0.0,0.0,11540.0,2097.0,1.0,4066.0,12906.0,0.0,0.0,57.0,17.0,1.0,33.0,24.0
2013-09,2013,9,CENTRAL REGION,CENTRAL REGION,MADHYA PRADESH,MADHYA PRADESH,Indore,INDORE,1561.0,0.0,143466.0,56636.0,5546.0,1058.0,117034.0,1846.0,0.0,151647.0,52004.0,5699.0,2481.0,93374.0,3.0,0.0,255.0,55.0,8.0,17.0,104.0
2013-09,2013,9,CENTRAL REGION,CENTRAL REGION,MADHYA PRADESH,MADHYA PRADESH,Jabalpur,JABALPUR,0.0,0.0,25328.0,7291.0,1.0,695.0,17000.0,0.0,0.0,82114.0,6193.0,129.0,1085.0,45132.0,0.0,0.0,161.0,12.0,1.0,12.0,60.0
2013-09,2013,9,CENTRAL REGION,CENTRAL REGION,MADHYA PRADESH,MADHYA PRADESH,Jhabua,JHABUA,0.0,0.0,1738.0,35.0,0.0,806.0,1316.0,0.0,0.0,3425.0,146.0,0.0,2005.0,4152.0,0.0,0.0,15.0,2.0,0.0,19.0,9.0
2013-09,2013,9,CENTRAL REGION,CENTRAL REGION,MADHYA PRADESH,MADHYA PRADESH,Katni,KATNI,0.0,0.0,5217.0,1484.0,0.0,171.0,3942.0,0.0,0.0,13731.0,1461.0,0.0,744.0,10576.0,0.0,0.0,44.0,3.0,0.0,10.0,25.0
2013-09,2013,9,CENTRAL REGION,CENTRAL REGION,MADHYA PRADESH,MADHYA PRADESH,Mandla,MANDLA,0.0,0.0,1361.0,312.0,0.0,626.0,1521.0,0.0,0.0,6887.0,294.0,0.0,1755.0,5957.0,0.0,0.0,24.0,4.0,0.0,18.0,12.0
2013-09,2013,9,CENTRAL REGION,CENTRAL REGION,MADHYA PRADESH,MADHYA PRADESH,Mandsaur,MANDSAUR,0.0,0.0,4366.0,1006.0,0.0,1241.0,3169.0,0.0,0.0,8261.0,1505.0,0.0,1991.0,6806.0,0.0,0.0,40.0,6.0,0.0,18.0,17.0
2013-09,2013,9,CENTRAL REGION,CENTRAL REGION,MADHYA PRADESH,MADHYA PRADESH,Morena,MORENA,0.0,0.0,8947.0,273.0,0.0,849.0,5238.0,0.0,0.0,8076.0,457.0,0.0,1947.0,8815.0,0.0,0.0,41.0,4.0,0.0,11.0,23.0
2013-09,2013,9,CENTRAL REGION,CENTRAL REGION,MADHYA PRADESH,MADHYA PRADESH,Narsimhapur,NARSIMHAPUR,0.0,0.0,7534.0,76.0,0.0,646.0,5494.0,0.0,0.0,10399.0,232.0,0.0,1700.0,5782.0,0.0,0.0,44.0,4.0,0.0,21.0,15.0
2013-09,2013,9,CENTRAL REGION,CENTRAL REGION,MADHYA PRADESH,MADHYA PRADESH,Neemuch,NEEMUCH,0.0,0.0,3491.0,765.0,0.0,1008.0,2049.0,0.0,0.0,5788.0,1493.0,0.0,1719.0,5903.0,0.0,0.0,28.0,7.0,0.0,15.0,15.0
2013-09,2013,9,CENTRAL REGION,CENTRAL REGION,MADHYA PRADESH,MADHYA PRADESH,Panna,PANNA,0.0,0.0,508.0,0.0,0.0,751.0,2280.0,0.0,0.0,2102.0,9.0,0.0,1819.0,8316.0,0.0,0.0,12.0,1.0,0.0,16.0,19.0
2013-09,2013,9,CENTRAL REGION,CENTRAL REGION,MADHYA PRADESH,MADHYA PRADESH,Raisen,RAISEN,0.0,0.0,6357.0,472.0,69.0,4163.0,8739.0,0.0,0.0,6872.0,422.0,5.0,3539.0,5837.0,0.0,0.0,41.0,11.0,1.0,34.0,18.0
2013-09,2013,9,CENTRAL REGION,CENTRAL REGION,MADHYA PRADESH,MADHYA PRADESH,Rajgarh,RAJGARH,0.0,0.0,7553.0,355.0,0.0,3568.0,4309.0,0.0,0.0,5767.0,242.0,0.0,3128.0,5439.0,0.0,0.0,32.0,5.0,0.0,33.0,21.0
2013-09,2013,9,CENTRAL REGION,CENTRAL REGION,MADHYA PRADESH,MADHYA PRADESH,Ratlam,RATLAM,0.0,0.0,8380.0,3186.0,0.0,1243.0,5074.0,0.0,0.0,14583.0,1658.0,0.0,1911.0,11216.0,0.0,0.0,59.0,10.0,0.0,13.0,28.0
2013-09,2013,9,CENTRAL REGION,CENTRAL REGION,MADHYA PRADESH,MADHYA PRADESH,Rewa,REWA,0.0,0.0,6162.0,953.0,0.0,1362.0,3508.0,0.0,0.0,30093.0,1088.0,0.0,9894.0,12345.0,0.0,0.0,71.0,4.0,0.0,58.0,13.0
2013-09,2013,9,CENTRAL REGION,CENTRAL REGION,MADHYA PRADESH,MADHYA PRADESH,Sagar,SAGAR,0.0,0.0,9706.0,1553.0,56.0,2642.0,6518.0,0.0,0.0,24030.0,1662.0,1.0,3951.0,31821.0,0.0,0.0,83.0,9.0,1.0,37.0,30.0
2013-09,2013,9,CENTRAL REGION,CENTRAL REGION,MADHYA PRADESH,MADHYA PRADESH,Satna,SATNA,0.0,0.0,7058.0,2468.0,0.0,2425.0,3697.0,0.0,0.0,22717.0,2300.0,0.0,8408.0,11983.0,0.0,0.0,59.0,8.0,0.0,62.0,18.0
2013-09,2013,9,CENTRAL REGION,CENTRAL REGION,MADHYA PRADESH,MADHYA PRADESH,Sehore,SEHORE,0.0,0.0,9348.0,779.0,0.0,1204.0,6846.0,0.0,0.0,9662.0,542.0,0.0,1678.0,5309.0,0.0,0.0,60.0,7.0,0.0,16.0,18.0
2013-09,2013,9,CENTRAL REGION,CENTRAL REGION,MADHYA PRADESH,MADHYA PRADESH,Seoni,SEONI,0.0,0.0,3047.0,360.0,0.0,1242.0,2106.0,0.0,0.0,7941.0,498.0,0.0,1813.0,6107.0,0.0,0.0,31.0,3.0,0.0,26.0,9.0
2013-09,2013,9,CENTRAL REGION,CENTRAL REGION,MADHYA PRADESH,MADHYA PRADESH,Shahdol,SHAHDOL,0.0,0.0,1569.0,115.0,0.0,542.0,2636.0,0.0,0.0,8256.0,467.0,0.0,2165.0,8901.0,0.0,0.0,26.0,3.0,0.0,18.0,11.0
2013-09,2013,9,CENTRAL REGION,CENTRAL REGION,MADHYA PRADESH,MADHYA PRADESH,Shajapur,SHAJAPUR,0.0,0.0,5545.0,720.0,0.0,1515.0,4186.0,0.0,0.0,5108.0,297.0,0.0,1500.0,4261.0,0.0,0.0,30.0,8.0,0.0,14.0,13.0
2013-09,2013,9,CENTRAL REGION,CENTRAL REGION,MADHYA PRADESH,MADHYA PRADESH,Sheopur,SHEOPUR,0.0,0.0,1187.0,87.0,0.0,451.0,1783.0,0.0,0.0,2094.0,335.0,0.0,844.0,2785.0,0.0,0.0,9.0,3.0,0.0,6.0,8.0
2013-09,2013,9,CENTRAL REGION,CENTRAL REGION,MADHYA PRADESH,MADHYA PRADESH,Shivpuri,SHIVPURI,0.0,0.0,2778.0,388.0,0.0,1872.0,3373.0,0.0,0.0,6478.0,854.0,0.0,3589.0,10325.0,0.0,0.0,22.0,3.0,0.0,31.0,21.0
2013-09,2013,9,CENTRAL REGION,CENTRAL REGION,MADHYA PRADESH,MADHYA PRADESH,Sidhi,SIDHI,0.0,0.0,934.0,117.0,0.0,428.0,948.0,0.0,0.0,7676.0,584.0,0.0,2697.0,4743.0,0.0,0.0,24.0,4.0,0.0,22.0,4.0
2013-09,2013,9,CENTRAL REGION,CENTRAL REGION,MADHYA PRADESH,MADHYA PRADESH,Singrauli,SINGRAULI,0.0,0.0,2006.0,658.0,0.0,402.0,2074.0,0.0,0.0,29088.0,1891.0,0.0,2867.0,17777.0,0.0,0.0,25.0,6.0,0.0,19.0,15.0
2013-09,2013,9,CENTRAL REGION,CENTRAL REGION,MADHYA PRADESH,MADHYA PRADESH,Tikamgarh,TIKAMGARH,0.0,0.0,597.0,58.0,0.0,1774.0,2433.0,0.0,0.0,2715.0,358.0,0.0,4962.0,11368.0,0.0,0.0,7.0,4.0,0.0,41.0,16.0
2013-09,2013,9,CENTRAL REGION,CENTRAL REGION,MADHYA PRADESH,MADHYA PRADESH,Ujjain,UJJAIN,0.0,0.0,19313.0,1973.0,474.0,2393.0,8596.0,0.0,0.0,32289.0,2890.0,272.0,2079.0,16193.0,0.0,0.0,88.0,13.0,3.0,25.0,33.0
2013-09,2013,9,CENTRAL REGION,CENTRAL REGION,MADHYA PRADESH,MADHYA PRADESH,Umaria,UMARIA,0.0,0.0,582.0,0.0,0.0,241.0,1145.0,0.0,0.0,4714.0,0.0,0.0,1326.0,6295.0,0.0,0.0,11.0,1.0,0.0,11.0,8.0
2013-09,2013,9,CENTRAL REGION,CENTRAL REGION,MADHYA PRADESH,MADHYA PRADESH,Vidisha,VIDISHA,0.0,0.0,6571.0,1280.0,0.0,2377.0,7547.0,0.0,0.0,7692.0,1011.0,0.0,3262.0,8130.0,0.0,0.0,43.0,8.0,0.0,21.0,26.0
2013-09,2013,9,CENTRAL REGION,CENTRAL REGION,MADHYA PRADESH,MADHYA PRADESH,West Nimar,WEST NIMAR,0.0,0.0,8464.0,1174.0,0.0,3118.0,4710.0,0.0,0.0,9088.0,523.0,0.0,4056.0,8401.0,0.0,0.0,49.0,4.0,0.0,28.0,23.0
2013-09,2013,9,WESTERN REGION,WESTERN REGION,MAHARASHTRA,MAHARASHTRA,Ahmadnagar,AHMADNAGAR,0.0,0.0,65074.0,6940.0,587.0,189.0,16764.0,0.0,0.0,58267.0,6389.0,405.0,201.0,30883.0,1.0,0.0,233.0,32.0,5.0,6.0,54.0
2013-09,2013,9,WESTERN REGION,WESTERN REGION,MAHARASHTRA,MAHARASHTRA,Akola,AKOLA,11.0,0.0,7555.0,1934.0,0.0,1935.0,7279.0,41.0,0.0,19486.0,1940.0,0.0,2495.0,14536.0,1.0,0.0,70.0,9.0,0.0,28.0,31.0
2013-09,2013,9,WESTERN REGION,WESTERN REGION,MAHARASHTRA,MAHARASHTRA,Amravati,AMRAVATI,0.0,0.0,17410.0,2124.0,25.0,160.0,12023.0,0.0,0.0,35674.0,3390.0,27.0,334.0,22736.0,0.0,0.0,144.0,11.0,3.0,7.0,50.0
2013-09,2013,9,WESTERN REGION,WESTERN REGION,MAHARASHTRA,MAHARASHTRA,Aurangabad,AURANGABAD,617.0,0.0,43521.0,15811.0,1828.0,4038.0,38127.0,668.0,0.0,39701.0,12924.0,1582.0,5279.0,41478.0,2.0,0.0,111.0,27.0,9.0,31.0,73.0
2013-09,2013,9,WESTERN REGION,WESTERN REGION,MAHARASHTRA,MAHARASHTRA,Bhandara,BHANDARA,0.0,0.0,3930.0,201.0,0.0,1145.0,2196.0,0.0,0.0,22379.0,347.0,0.0,2210.0,6632.0,0.0,0.0,54.0,5.0,0.0,21.0,18.0
2013-09,2013,9,WESTERN REGION,WESTERN REGION,MAHARASHTRA,MAHARASHTRA,Bid,BID,0.0,0.0,4002.0,775.0,0.0,3015.0,15940.0,0.0,0.0,6108.0,971.0,0.0,4077.0,21941.0,0.0,0.0,27.0,8.0,0.0,49.0,44.0
2013-09,2013,9,WESTERN REGION,WESTERN REGION,MAHARASHTRA,MAHARASHTRA,Buldhana,BULDHANA,0.0,0.0,7731.0,818.0,0.0,2852.0,13116.0,0.0,0.0,11307.0,1129.0,0.0,3397.0,16297.0,0.0,0.0,65.0,12.0,0.0,25.0,46.0
2013-09,2013,9,WESTERN REGION,WESTERN REGION,MAHARASHTRA,MAHARASHTRA,Chandrapur,CHANDRAPUR,0.0,0.0,8885.0,1074.0,0.0,1856.0,4868.0,0.0,0.0,34053.0,1645.0,0.0,3267.0,15894.0,0.0,0.0,101.0,12.0,0.0,37.0,31.0
2013-09,2013,9,WESTERN REGION,WESTERN REGION,MAHARASHTRA,MAHARASHTRA,Dhule,DHULE,0.0,0.0,12651.0,1935.0,0.0,106.0,7923.0,0.0,0.0,21830.0,2548.0,0.0,43.0,14196.0,0.0,0.0,66.0,11.0,0.0,2.0,22.0
2013-09,2013,9,WESTERN REGION,WESTERN REGION,MAHARASHTRA,MAHARASHTRA,Gadchiroli,GADCHIROLI,0.0,0.0,2105.0,0.0,0.0,812.0,1405.0,0.0,0.0,7140.0,0.0,0.0,2215.0,5240.0,0.0,0.0,29.0,0.0,0.0,18.0,11.0
2013-09,2013,9,WESTERN REGION,WESTERN REGION,MAHARASHTRA,MAHARASHTRA,Gondia,GONDIA,0.0,0.0,4087.0,287.0,0.0,1139.0,2218.0,0.0,0.0,10080.0,1296.0,0.0,2181.0,4645.0,0.0,0.0,44.0,4.0,0.0,24.0,9.0
2013-09,2013,9,WESTERN REGION,WESTERN REGION,MAHARASHTRA,MAHARASHTRA,Hingoli,HINGOLI,0.0,0.0,2298.0,394.0,0.0,1098.0,5675.0,0.0,0.0,2022.0,284.0,0.0,1792.0,5606.0,0.0,0.0,12.0,3.0,0.0,23.0,13.0
2013-09,2013,9,WESTERN REGION,WESTERN REGION,MAHARASHTRA,MAHARASHTRA,Jalgaon,JALGAON,0.0,0.0,23259.0,5863.0,232.0,127.0,20405.0,51.0,0.0,43197.0,5496.0,163.0,347.0,24936.0,1.0,0.0,159.0,27.0,2.0,7.0,51.0
2013-09,2013,9,WESTERN REGION,WESTERN REGION,MAHARASHTRA,MAHARASHTRA,Jalna,JALNA,0.0,0.0,11244.0,1832.0,0.0,4631.0,9681.0,0.0,0.0,6597.0,1274.0,0.0,2511.0,9359.0,0.0,0.0,44.0,4.0,0.0,26.0,24.0
2013-09,2013,9,WESTERN REGION,WESTERN REGION,MAHARASHTRA,MAHARASHTRA,Kolhapur,KOLHAPUR,929.0,0.0,57519.0,13264.0,9616.0,314.0,15301.0,390.0,0.0,71490.0,8792.0,11025.0,95.0,21151.0,2.0,0.0,188.0,56.0,53.0,5.0,39.0
2013-09,2013,9,WESTERN REGION,WESTERN REGION,MAHARASHTRA,MAHARASHTRA,Latur,LATUR,0.0,0.0,10591.0,1845.0,0.0,2115.0,11449.0,0.0,0.0,11478.0,1967.0,0.0,2901.0,17426.0,0.0,0.0,48.0,10.0,0.0,42.0,44.0
2013-09,2013,9,WESTERN REGION,WESTERN REGION,MAHARASHTRA,MAHARASHTRA,Mumbai,MUMBAI,809374.0,0.0,5755370.0,1115395.0,298347.0,0.0,1533099.0,1068216.0,0.0,5219531.0,1817921.0,273787.0,0.0,1008340.0,33.0,0.0,606.0,167.0,54.0,0.0,122.0
2013-09,2013,9,WESTERN REGION,WESTERN REGION,MAHARASHTRA,MAHARASHTRA,Mumbai Suburban,MUMBAI SUBURBAN,233162.0,0.0,779535.0,2008614.0,75799.0,0.0,710530.0,511447.0,0.0,1872015.0,981056.0,155126.0,0.0,468983.0,30.0,0.0,660.0,322.0,90.0,0.0,180.0
2013-09,2013,9,WESTERN REGION,WESTERN REGION,MAHARASHTRA,MAHARASHTRA,Nagpur,NAGPUR,827.0,0.0,151938.0,41975.0,7159.0,685.0,84513.0,967.0,0.0,278852.0,32956.0,4230.0,438.0,78220.0,2.0,0.0,346.0,55.0,10.0,9.0,87.0
2013-09,2013,9,WESTERN REGION,WESTERN REGION,MAHARASHTRA,MAHARASHTRA,Nanded,NANDED,1.0,0.0,10795.0,1858.0,55.0,4143.0,21460.0,21.0,0.0,14312.0,2455.0,198.0,5684.0,25829.0,1.0,0.0,48.0,8.0,2.0,62.0,56.0
2013-09,2013,9,WESTERN REGION,WESTERN REGION,MAHARASHTRA,MAHARASHTRA,Nandurbar,NANDURBAR,0.0,0.0,6656.0,517.0,0.0,43.0,2080.0,0.0,0.0,10857.0,827.0,0.0,44.0,8102.0,0.0,0.0,45.0,5.0,0.0,1.0,9.0
2013-09,2013,9,WESTERN REGION,WESTERN REGION,MAHARASHTRA,MAHARASHTRA,Nasik,NASIK,453.0,0.0,70142.0,19814.0,3184.0,338.0,33967.0,1415.0,0.0,116886.0,24830.0,2181.0,211.0,54446.0,4.0,0.0,262.0,70.0,9.0,6.0,81.0
2013-09,2013,9,WESTERN REGION,WESTERN REGION,MAHARASHTRA,MAHARASHTRA,Osmanabad,OSMANABAD,0.0,0.0,5048.0,983.0,12.0,1819.0,6084.0,0.0,0.0,6624.0,643.0,25.0,2931.0,12054.0,0.0,0.0,27.0,5.0,1.0,34.0,30.0
2013-09,2013,9,WESTERN REGION,WESTERN REGION,MAHARASHTRA,MAHARASHTRA,Parbhani,PARBHANI,0.0,0.0,4969.0,590.0,0.0,2283.0,15870.0,0.0,0.0,4206.0,450.0,0.0,2425.0,13435.0,0.0,0.0,21.0,6.0,0.0,39.0,30.0
2013-09,2013,9,WESTERN REGION,WESTERN REGION,MAHARASHTRA,MAHARASHTRA,Pune,PUNE,81765.0,0.0,530147.0,183691.0,25766.0,159.0,193515.0,93787.0,0.0,772835.0,280405.0,20273.0,326.0,193810.0,11.0,0.0,733.0,184.0,42.0,7.0,135.0
2013-09,2013,9,WESTERN REGION,WESTERN REGION,MAHARASHTRA,MAHARASHTRA,Raigad,RAIGAD,0.0,0.0,60069.0,1157.0,1142.0,86.0,12663.0,0.0,0.0,116635.0,14000.0,1913.0,19.0,47670.0,0.0,0.0,205.0,41.0,7.0,2.0,66.0
2013-09,2013,9,WESTERN REGION,WESTERN REGION,MAHARASHTRA,MAHARASHTRA,Ratnagiri,RATNAGIRI,0.0,0.0,15028.0,849.0,542.0,1378.0,3855.0,0.0,0.0,31282.0,2587.0,580.0,1557.0,12559.0,0.0,0.0,130.0,21.0,5.0,23.0,21.0
2013-09,2013,9,WESTERN REGION,WESTERN REGION,MAHARASHTRA,MAHARASHTRA,Sangli,SANGLI,0.0,0.0,31573.0,4771.0,4160.0,96.0,8266.0,0.0,0.0,45056.0,7799.0,5204.0,62.0,15788.0,0.0,0.0,123.0,60.0,26.0,3.0,25.0
2013-09,2013,9,WESTERN REGION,WESTERN REGION,MAHARASHTRA,MAHARASHTRA,Satara,SATARA,0.0,0.0,20933.0,3226.0,1173.0,42.0,11145.0,0.0,0.0,41613.0,5243.0,970.0,28.0,15342.0,0.0,0.0,160.0,31.0,6.0,2.0,31.0
2013-09,2013,9,WESTERN REGION,WESTERN REGION,MAHARASHTRA,MAHARASHTRA,Sindhudurg,SINDHUDURG,0.0,0.0,7604.0,157.0,172.0,985.0,3059.0,0.0,0.0,19315.0,433.0,147.0,1209.0,9060.0,0.0,0.0,81.0,6.0,2.0,15.0,18.0
2013-09,2013,9,WESTERN REGION,WESTERN REGION,MAHARASHTRA,MAHARASHTRA,Solapur,SOLAPUR,0.0,0.0,50818.0,5060.0,1199.0,3801.0,12426.0,0.0,0.0,52652.0,3942.0,1633.0,2437.0,18497.0,0.0,0.0,168.0,26.0,7.0,31.0,42.0
2013-09,2013,9,WESTERN REGION,WESTERN REGION,MAHARASHTRA,MAHARASHTRA,Thane,THANE,74.0,0.0,217350.0,51153.0,22717.0,1831.0,68824.0,1959.0,0.0,539536.0,203480.0,48282.0,3318.0,135889.0,2.0,0.0,597.0,216.0,85.0,23.0,130.0
2013-09,2013,9,WESTERN REGION,WESTERN REGION,MAHARASHTRA,MAHARASHTRA,Wardha,WARDHA,0.0,0.0,12254.0,752.0,0.0,482.0,5474.0,0.0,0.0,21207.0,1157.0,0.0,181.0,10311.0,0.0,0.0,82.0,9.0,0.0,6.0,28.0
2013-09,2013,9,WESTERN REGION,WESTERN REGION,MAHARASHTRA,MAHARASHTRA,Washim,WASHIM,0.0,0.0,2190.0,562.0,0.0,1266.0,2815.0,0.0,0.0,4025.0,457.0,0.0,1525.0,4286.0,0.0,0.0,31.0,4.0,0.0,16.0,15.0
2013-09,2013,9,WESTERN REGION,WESTERN REGION,MAHARASHTRA,MAHARASHTRA,Yavatmal,YAVATMAL,0.0,0.0,12305.0,1377.0,0.0,1938.0,8862.0,0.0,0.0,16193.0,1063.0,0.0,3349.0,12820.0,0.0,0.0,84.0,10.0,0.0,24.0,42.0
2013-09,2013,9,NORTH-EASTERN REGION,NORTH EASTERN REGION,MANIPUR,MANIPUR,Bishenpur,BISHENPUR,0.0,0.0,314.0,0.0,0.0,49.0,212.0,0.0,0.0,334.0,0.0,0.0,70.0,255.0,0.0,0.0,5.0,0.0,0.0,3.0,1.0
2013-09,2013,9,NORTH-EASTERN REGION,NORTH EASTERN REGION,MANIPUR,MANIPUR,Chandel,CHANDEL,0.0,0.0,36.0,0.0,0.0,0.0,584.0,0.0,0.0,123.0,0.0,0.0,0.0,733.0,0.0,0.0,1.0,0.0,0.0,0.0,3.0
2013-09,2013,9,NORTH-EASTERN REGION,NORTH EASTERN REGION,MANIPUR,MANIPUR,Churachandpur,CHURACHANDPUR,0.0,0.0,408.0,20.0,0.0,1.0,611.0,0.0,0.0,788.0,260.0,0.0,0.0,1863.0,0.0,0.0,3.0,2.0,0.0,1.0,5.0
2013-09,2013,9,NORTH-EASTERN REGION,NORTH EASTERN REGION,MANIPUR,MANIPUR,Imphal East,IMPHAL EAST,0.0,0.0,319.0,85.0,0.0,122.0,276.0,0.0,0.0,1041.0,3676.0,0.0,269.0,746.0,0.0,0.0,8.0,3.0,0.0,3.0,3.0
2013-09,2013,9,NORTH-EASTERN REGION,NORTH EASTERN REGION,MANIPUR,MANIPUR,Imphal West,IMPHAL WEST,0.0,0.0,5080.0,300.0,0.0,185.0,4219.0,0.0,0.0,12872.0,1042.0,0.0,586.0,12612.0,0.0,0.0,22.0,6.0,0.0,5.0,6.0
2013-09,2013,9,NORTH-EASTERN REGION,NORTH EASTERN REGION,MANIPUR,MANIPUR,Senapati,SENAPATI,0.0,0.0,130.0,0.0,0.0,25.0,1155.0,0.0,0.0,700.0,0.0,0.0,34.0,1554.0,0.0,0.0,3.0,0.0,0.0,5.0,7.0
2013-09,2013,9,NORTH-EASTERN REGION,NORTH EASTERN REGION,MANIPUR,MANIPUR,Tamenglong,TAMENGLONG,0.0,0.0,102.0,0.0,0.0,5.0,18.0,0.0,0.0,354.0,0.0,0.0,24.0,29.0,0.0,0.0,2.0,0.0,0.0,3.0,1.0
2013-09,2013,9,NORTH-EASTERN REGION,NORTH EASTERN REGION,MANIPUR,MANIPUR,Thoubal,THOUBAL,0.0,0.0,284.0,91.0,0.0,83.0,744.0,0.0,0.0,486.0,187.0,0.0,141.0,636.0,0.0,0.0,4.0,2.0,0.0,4.0,2.0
2013-09,2013,9,NORTH-EASTERN REGION,NORTH EASTERN REGION,MANIPUR,MANIPUR,Ukhrul,UKHRUL,0.0,0.0,159.0,0.0,0.0,27.0,16.0,0.0,0.0,928.0,0.0,0.0,42.0,167.0,0.0,0.0,2.0,0.0,0.0,3.0,2.0
2013-09,2013,9,NORTH-EASTERN REGION,NORTH EASTERN REGION,MEGHALAYA,MEGHALAYA,East Garo Hills,EAST GARO HILLS,0.0,0.0,19.0,55.0,0.0,25.0,1050.0,0.0,0.0,52.0,127.0,0.0,32.0,4354.0,0.0,0.0,1.0,2.0,0.0,1.0,14.0
2013-09,2013,9,NORTH-EASTERN REGION,NORTH EASTERN REGION,MEGHALAYA,MEGHALAYA,East Khasi Hills,EAST KHASI HILLS,0.0,0.0,8189.0,1104.0,831.0,1851.0,11235.0,0.0,0.0,34689.0,6526.0,2444.0,3648.0,48855.0,0.0,0.0,56.0,12.0,3.0,23.0,31.0
2013-09,2013,9,NORTH-EASTERN REGION,NORTH EASTERN REGION,MEGHALAYA,MEGHALAYA,Jaintia Hills,JAINTIA HILLS,0.0,0.0,589.0,104.0,0.0,796.0,813.0,0.0,0.0,3419.0,1242.0,0.0,3297.0,4987.0,0.0,0.0,13.0,7.0,0.0,13.0,9.0
2013-09,2013,9,NORTH-EASTERN REGION,NORTH EASTERN REGION,MEGHALAYA,MEGHALAYA,Ri Bhoi,RI BHOI,0.0,0.0,108.0,60.0,0.0,190.0,2819.0,0.0,0.0,510.0,140.0,0.0,448.0,4860.0,0.0,0.0,8.0,3.0,0.0,2.0,9.0
2013-09,2013,9,NORTH-EASTERN REGION,NORTH EASTERN REGION,MEGHALAYA,MEGHALAYA,South Garo Hills,SOUTH GARO HILLS,0.0,0.0,0.0,0.0,0.0,0.0,187.0,0.0,0.0,0.0,0.0,0.0,0.0,1021.0,0.0,0.0,0.0,0.0,0.0,0.0,3.0
2013-09,2013,9,NORTH-EASTERN REGION,NORTH EASTERN REGION,MEGHALAYA,MEGHALAYA,West Garo Hills,WEST GARO HILLS,0.0,0.0,118.0,36.0,0.0,101.0,2386.0,0.0,0.0,838.0,801.0,0.0,63.0,7741.0,0.0,0.0,3.0,3.0,0.0,1.0,25.0
2013-09,2013,9,NORTH-EASTERN REGION,NORTH EASTERN REGION,MEGHALAYA,MEGHALAYA,West Khasi Hills,WEST KHASI HILLS,0.0,0.0,2.0,13.0,0.0,916.0,685.0,0.0,0.0,9.0,37.0,0.0,2037.0,2740.0,0.0,0.0,2.0,1.0,0.0,15.0,5.0
2013-09,2013,9,NORTH-EASTERN REGION,NORTH EASTERN REGION,MIZORAM,MIZORAM,Aizawl,AIZAWL,0.0,0.0,1385.0,752.0,10.0,1468.0,4755.0,0.0,0.0,6221.0,3531.0,135.0,5992.0,16798.0,0.0,0.0,17.0,6.0,2.0,17.0,14.0
2013-09,2013,9,NORTH-EASTERN REGION,NORTH EASTERN REGION,MIZORAM,MIZORAM,Champhai,CHAMPHAI,0.0,0.0,0.0,27.0,0.0,333.0,424.0,0.0,0.0,0.0,136.0,0.0,619.0,765.0,0.0,0.0,0.0,1.0,0.0,8.0,3.0
2013-09,2013,9,NORTH-EASTERN REGION,NORTH EASTERN REGION,MIZORAM,MIZORAM,Kolasib,KOLASIB,0.0,0.0,0.0,0.0,0.0,398.0,301.0,0.0,0.0,5.0,0.0,0.0,790.0,828.0,0.0,0.0,2.0,0.0,0.0,6.0,2.0
2013-09,2013,9,NORTH-EASTERN REGION,NORTH EASTERN REGION,MIZORAM,MIZORAM,Lawngtlai,LAWNGTLAI,0.0,0.0,0.0,0.0,0.0,346.0,1055.0,0.0,0.0,0.0,41.0,0.0,439.0,539.0,0.0,0.0,0.0,1.0,0.0,1.0,2.0
2013-09,2013,9,NORTH-EASTERN REGION,NORTH EASTERN REGION,MIZORAM,MIZORAM,Lunglei,LUNGLEI,0.0,0.0,1.0,23.0,0.0,845.0,900.0,0.0,0.0,46.0,94.0,0.0,1166.0,1240.0,0.0,0.0,2.0,2.0,0.0,8.0,4.0
2013-09,2013,9,NORTH-EASTERN REGION,NORTH EASTERN REGION,MIZORAM,MIZORAM,Mamit,MAMIT,0.0,0.0,0.0,0.0,0.0,546.0,184.0,0.0,0.0,0.0,0.0,0.0,2139.0,464.0,0.0,0.0,0.0,0.0,0.0,9.0,3.0
2013-09,2013,9,NORTH-EASTERN REGION,NORTH EASTERN REGION,MIZORAM,MIZORAM,Saiha,SAIHA,0.0,0.0,0.0,22.0,0.0,136.0,578.0,0.0,0.0,0.0,136.0,0.0,92.0,416.0,0.0,0.0,0.0,1.0,0.0,3.0,1.0
2013-09,2013,9,NORTH-EASTERN REGION,NORTH EASTERN REGION,MIZORAM,MIZORAM,Serchhip,SERCHHIP,0.0,0.0,0.0,0.0,0.0,368.0,214.0,0.0,0.0,0.0,0.0,0.0,558.0,440.0,0.0,0.0,0.0,0.0,0.0,6.0,3.0
2013-09,2013,9,NORTH-EASTERN REGION,NORTH EASTERN REGION,NAGALAND,NAGALAND,Dimapur,DIMAPUR,0.0,0.0,3290.0,414.0,267.0,78.0,4197.0,0.0,0.0,11384.0,3620.0,2653.0,179.0,10257.0,0.0,0.0,19.0,5.0,2.0,3.0,12.0
2013-09,2013,9,NORTH-EASTERN REGION,NORTH EASTERN REGION,NAGALAND,NAGALAND,Kiphire,KIPHIRE,0.0,0.0,0.0,0.0,0.0,0.0,156.0,0.0,0.0,0.0,0.0,0.0,0.0,314.0,0.0,0.0,0.0,0.0,0.0,0.0,2.0
2013-09,2013,9,NORTH-EASTERN REGION,NORTH EASTERN REGION,NAGALAND,NAGALAND,Kohima,KOHIMA,0.0,0.0,803.0,85.0,1.0,99.0,2821.0,0.0,0.0,6942.0,3487.0,60.0,409.0,12229.0,0.0,0.0,10.0,4.0,1.0,3.0,10.0
2013-09,2013,9,NORTH-EASTERN REGION,NORTH EASTERN REGION,NAGALAND,NAGALAND,Longleng,LONGLENG,0.0,0.0,0.0,0.0,0.0,0.0,158.0,0.0,0.0,0.0,0.0,0.0,0.0,311.0,0.0,0.0,0.0,0.0,0.0,0.0,1.0
2013-09,2013,9,NORTH-EASTERN REGION,NORTH EASTERN REGION,NAGALAND,NAGALAND,Mokokchung,MOKOKCHUNG,0.0,0.0,279.0,19.0,0.0,15.0,1301.0,0.0,0.0,637.0,334.0,0.0,16.0,1684.0,0.0,0.0,8.0,3.0,0.0,1.0,6.0
2013-09,2013,9,NORTH-EASTERN REGION,NORTH EASTERN REGION,NAGALAND,NAGALAND,Mon,MON,0.0,0.0,35.0,0.0,0.0,0.0,481.0,0.0,0.0,107.0,0.0,0.0,0.0,886.0,0.0,0.0,2.0,0.0,0.0,0.0,3.0
2013-09,2013,9,NORTH-EASTERN REGION,NORTH EASTERN REGION,NAGALAND,NAGALAND,Peren,PEREN,0.0,0.0,0.0,0.0,0.0,0.0,578.0,0.0,0.0,0.0,0.0,0.0,0.0,465.0,0.0,0.0,0.0,0.0,0.0,0.0,3.0
2013-09,2013,9,NORTH-EASTERN REGION,NORTH EASTERN REGION,NAGALAND,NAGALAND,Phek,PHEK,0.0,0.0,0.0,0.0,0.0,0.0,645.0,0.0,0.0,0.0,0.0,0.0,0.0,717.0,0.0,0.0,0.0,0.0,0.0,0.0,5.0
2013-09,2013,9,NORTH-EASTERN REGION,NORTH EASTERN REGION,NAGALAND,NAGALAND,Tuensang,TUENSANG,0.0,0.0,0.0,0.0,0.0,0.0,780.0,0.0,0.0,0.0,0.0,0.0,0.0,785.0,0.0,0.0,0.0,0.0,0.0,0.0,7.0
2013-09,2013,9,NORTH-EASTERN REGION,NORTH EASTERN REGION,NAGALAND,NAGALAND,Wokha,WOKHA,0.0,0.0,39.0,1.0,0.0,7.0,926.0,0.0,0.0,164.0,82.0,0.0,12.0,846.0,0.0,0.0,1.0,2.0,0.0,1.0,6.0
2013-09,2013,9,NORTH-EASTERN REGION,NORTH EASTERN REGION,NAGALAND,NAGALAND,Zunheboto,ZUNHEBOTO,0.0,0.0,0.0,0.0,0.0,14.0,827.0,0.0,0.0,0.0,0.0,0.0,37.0,1092.0,0.0,0.0,1.0,0.0,0.0,1.0,5.0
2013-09,2013,9,EASTERN REGION,EASTERN REGION,ODISHA,ODISHA,Angul,ANGUL,0.0,0.0,6537.0,1494.0,161.0,2824.0,4472.0,0.0,0.0,18974.0,3941.0,120.0,5486.0,15441.0,0.0,0.0,56.0,11.0,3.0,30.0,20.0
2013-09,2013,9,EASTERN REGION,EASTERN REGION,ODISHA,ODISHA,Balangir,BALANGIR,0.0,0.0,2292.0,260.0,0.0,2789.0,4139.0,0.0,0.0,5524.0,1776.0,0.0,4021.0,14405.0,0.0,0.0,34.0,6.0,0.0,42.0,22.0
2013-09,2013,9,EASTERN REGION,EASTERN REGION,ODISHA,ODISHA,Baleshwar,BALESHWAR,0.0,0.0,11518.0,1604.0,346.0,2784.0,7719.0,0.0,0.0,21337.0,3277.0,494.0,4662.0,14595.0,0.0,0.0,74.0,8.0,2.0,44.0,29.0
2013-09,2013,9,EASTERN REGION,EASTERN REGION,ODISHA,ODISHA,Bargarh,BARGARH,0.0,0.0,3199.0,1049.0,0.0,2654.0,5574.0,0.0,0.0,5720.0,1575.0,0.0,2829.0,10876.0,0.0,0.0,36.0,6.0,0.0,34.0,27.0
2013-09,2013,9,EASTERN REGION,EASTERN REGION,ODISHA,ODISHA,Bhadrak,BHADRAK,0.0,0.0,5520.0,457.0,91.0,770.0,2675.0,0.0,0.0,11458.0,1887.0,75.0,1688.0,8085.0,0.0,0.0,57.0,4.0,1.0,18.0,14.0
2013-09,2013,9,EASTERN REGION,EASTERN REGION,ODISHA,ODISHA,Boudh,BOUDH,0.0,0.0,203.0,2.0,0.0,351.0,1250.0,0.0,0.0,842.0,230.0,0.0,370.0,2822.0,0.0,0.0,12.0,1.0,0.0,5.0,11.0
2013-09,2013,9,EASTERN REGION,EASTERN REGION,ODISHA,ODISHA,Cuttack,CUTTACK,0.0,0.0,25299.0,5682.0,670.0,4412.0,16298.0,0.0,0.0,58017.0,9619.0,2930.0,5340.0,42888.0,0.0,0.0,140.0,24.0,7.0,46.0,58.0
2013-09,2013,9,EASTERN REGION,EASTERN REGION,ODISHA,ODISHA,Deogarh,DEOGARH,0.0,0.0,513.0,18.0,0.0,280.0,525.0,0.0,0.0,1949.0,170.0,0.0,506.0,2381.0,0.0,0.0,14.0,2.0,0.0,7.0,4.0
2013-09,2013,9,EASTERN REGION,EASTERN REGION,ODISHA,ODISHA,Dhenkanal,DHENKANAL,0.0,0.0,3302.0,275.0,0.0,2294.0,2784.0,0.0,0.0,8489.0,1181.0,0.0,4132.0,11420.0,0.0,0.0,38.0,5.0,0.0,26.0,16.0
2013-09,2013,9,EASTERN REGION,EASTERN REGION,ODISHA,ODISHA,Gajapati,GAJAPATI,0.0,0.0,934.0,51.0,0.0,461.0,599.0,0.0,0.0,3885.0,641.0,0.0,1785.0,2867.0,0.0,0.0,24.0,3.0,0.0,10.0,5.0
2013-09,2013,9,EASTERN REGION,EASTERN REGION,ODISHA,ODISHA,Ganjam,GANJAM,0.0,0.0,14459.0,892.0,544.0,5175.0,9991.0,0.0,0.0,34831.0,3732.0,1550.0,9926.0,40821.0,0.0,0.0,137.0,12.0,4.0,71.0,70.0
2013-09,2013,9,EASTERN REGION,EASTERN REGION,ODISHA,ODISHA,Jagatsinghpur,JAGATSINGHPUR,0.0,0.0,5404.0,364.0,28.0,1191.0,1994.0,0.0,0.0,36845.0,1487.0,37.0,2199.0,8287.0,0.0,0.0,70.0,7.0,1.0,22.0,16.0
2013-09,2013,9,EASTERN REGION,EASTERN REGION,ODISHA,ODISHA,Jajpur,JAJPUR,0.0,0.0,5990.0,831.0,179.0,2362.0,6486.0,0.0,0.0,15025.0,2759.0,85.0,3926.0,13033.0,0.0,0.0,72.0,12.0,2.0,32.0,20.0
2013-09,2013,9,EASTERN REGION,EASTERN REGION,ODISHA,ODISHA,Jharsuguda,JHARSUGUDA,0.0,0.0,3412.0,834.0,0.0,653.0,3373.0,0.0,0.0,8049.0,3058.0,0.0,954.0,8084.0,0.0,0.0,33.0,5.0,0.0,12.0,14.0
2013-09,2013,9,EASTERN REGION,EASTERN REGION,ODISHA,ODISHA,Kalahandi,KALAHANDI,0.0,0.0,1907.0,197.0,0.0,2852.0,5131.0,0.0,0.0,3525.0,900.0,0.0,2164.0,10700.0,0.0,0.0,26.0,5.0,0.0,42.0,34.0
2013-09,2013,9,EASTERN REGION,EASTERN REGION,ODISHA,ODISHA,Kandhamal,KANDHAMAL,0.0,0.0,489.0,36.0,0.0,533.0,2133.0,0.0,0.0,1954.0,425.0,0.0,1219.0,8199.0,0.0,0.0,14.0,2.0,0.0,10.0,26.0
2013-09,2013,9,EASTERN REGION,EASTERN REGION,ODISHA,ODISHA,Kendrapara,KENDRAPARA,0.0,0.0,2985.0,173.0,0.0,1247.0,3014.0,0.0,0.0,9133.0,1202.0,0.0,2607.0,11315.0,0.0,0.0,45.0,4.0,0.0,25.0,21.0
2013-09,2013,9,EASTERN REGION,EASTERN REGION,ODISHA,ODISHA,Keonjhar,KEONJHAR,0.0,0.0,9749.0,1474.0,0.0,2912.0,7062.0,0.0,0.0,24923.0,11636.0,167.0,6215.0,13456.0,0.0,0.0,84.0,15.0,1.0,45.0,22.0
2013-09,2013,9,EASTERN REGION,EASTERN REGION,ODISHA,ODISHA,Khurda,KHURDA,77.0,0.0,178130.0,30758.0,5632.0,5262.0,94900.0,795.0,0.0,247549.0,77176.0,7026.0,10208.0,118298.0,2.0,0.0,234.0,44.0,11.0,50.0,89.0
2013-09,2013,9,EASTERN REGION,EASTERN REGION,ODISHA,ODISHA,Koraput,KORAPUT,0.0,0.0,2035.0,889.0,0.0,2100.0,4224.0,0.0,0.0,7144.0,1761.0,0.0,3241.0,13734.0,0.0,0.0,22.0,10.0,0.0,36.0,19.0
2013-09,2013,9,EASTERN REGION,EASTERN REGION,ODISHA,ODISHA,Malkangiri,MALKANGIRI,0.0,0.0,115.0,0.0,0.0,591.0,617.0,0.0,0.0,1395.0,329.0,0.0,1691.0,4184.0,0.0,0.0,7.0,2.0,0.0,14.0,6.0
2013-09,2013,9,EASTERN REGION,EASTERN REGION,ODISHA,ODISHA,Mayurbhanj,MAYURBHANJ,0.0,0.0,6531.0,168.0,0.0,4538.0,4725.0,0.0,0.0,20835.0,2370.0,0.0,7629.0,14057.0,0.0,0.0,93.0,6.0,0.0,68.0,31.0
2013-09,2013,9,EASTERN REGION,EASTERN REGION,ODISHA,ODISHA,Nawapara,NAWAPARA,0.0,0.0,174.0,5.0,0.0,1183.0,1601.0,0.0,0.0,562.0,385.0,0.0,1339.0,5977.0,0.0,0.0,7.0,1.0,0.0,19.0,12.0
2013-09,2013,9,EASTERN REGION,EASTERN REGION,ODISHA,ODISHA,Nawrangpur,NAWRANGPUR,0.0,0.0,199.0,208.0,0.0,2159.0,1712.0,0.0,0.0,753.0,571.0,0.0,2057.0,4503.0,0.0,0.0,10.0,6.0,0.0,23.0,11.0
2013-09,2013,9,EASTERN REGION,EASTERN REGION,ODISHA,ODISHA,Nayagarh,NAYAGARH,0.0,0.0,2927.0,351.0,0.0,1643.0,1860.0,0.0,0.0,6248.0,691.0,0.0,2811.0,4713.0,0.0,0.0,40.0,3.0,0.0,23.0,9.0
2013-09,2013,9,EASTERN REGION,EASTERN REGION,ODISHA,ODISHA,Puri,PURI,0.0,0.0,5935.0,503.0,0.0,3592.0,4136.0,0.0,0.0,19294.0,2203.0,0.0,6038.0,10999.0,0.0,0.0,66.0,9.0,0.0,45.0,26.0
2013-09,2013,9,EASTERN REGION,EASTERN REGION,ODISHA,ODISHA,Rayagada,RAYAGADA,0.0,0.0,2149.0,156.0,0.0,1120.0,2258.0,0.0,0.0,5343.0,1721.0,0.0,2277.0,8892.0,0.0,0.0,23.0,4.0,0.0,21.0,23.0
2013-09,2013,9,EASTERN REGION,EASTERN REGION,ODISHA,ODISHA,Sambalpur,SAMBALPUR,0.0,0.0,6401.0,1693.0,0.0,1497.0,5315.0,0.0,0.0,127996.0,16203.0,533.0,2443.0,23087.0,0.0,0.0,55.0,8.0,1.0,25.0,34.0
2013-09,2013,9,EASTERN REGION,EASTERN REGION,ODISHA,ODISHA,Sonepur,SONEPUR,0.0,0.0,395.0,53.0,0.0,1328.0,1747.0,0.0,0.0,1405.0,221.0,0.0,1582.0,4921.0,0.0,0.0,13.0,4.0,0.0,18.0,11.0
2013-09,2013,9,EASTERN REGION,EASTERN REGION,ODISHA,ODISHA,Sundargarh,SUNDARGARH,0.0,0.0,20206.0,3140.0,83.0,1086.0,21120.0,0.0,0.0,33960.0,10877.0,381.0,1248.0,47849.0,0.0,0.0,84.0,23.0,3.0,21.0,64.0
2013-09,2013,9,SOUTHERN REGION,SOUTHERN REGION,PUDUCHERRY,PUDUCHERRY,Karaikal,KARAIKAL,0.0,0.0,4141.0,312.0,1774.0,473.0,1680.0,0.0,0.0,5594.0,374.0,1881.0,386.0,2301.0,0.0,0.0,22.0,3.0,5.0,7.0,4.0
2013-09,2013,9,SOUTHERN REGION,SOUTHERN REGION,PUDUCHERRY,PUDUCHERRY,Mahe,MAHE,0.0,0.0,794.0,0.0,277.0,57.0,641.0,0.0,0.0,1837.0,0.0,1186.0,50.0,1702.0,0.0,0.0,4.0,0.0,2.0,1.0,1.0
2013-09,2013,9,SOUTHERN REGION,SOUTHERN REGION,PUDUCHERRY,PUDUCHERRY,Puducherry,PUDUCHERRY,100.0,0.0,25990.0,8266.0,5662.0,1936.0,14028.0,590.0,0.0,37230.0,6452.0,7353.0,1638.0,18496.0,1.0,0.0,66.0,10.0,11.0,19.0,23.0
2013-09,2013,9,SOUTHERN REGION,SOUTHERN REGION,PUDUCHERRY,PUDUCHERRY,Yanam,YANAM,0.0,0.0,674.0,0.0,0.0,79.0,321.0,0.0,0.0,513.0,0.0,0.0,90.0,770.0,0.0,0.0,3.0,0.0,0.0,1.0,1.0
2013-09,2013,9,NORTHERN REGION,NORTHERN REGION,PUNJAB,PUNJAB,Amritsar,AMRITSAR,2.0,0.0,54193.0,12131.0,4095.0,2922.0,14343.0,1395.0,0.0,135025.0,25765.0,4907.0,2995.0,37259.0,1.0,0.0,273.0,67.0,9.0,23.0,65.0
2013-09,2013,9,NORTHERN REGION,NORTHERN REGION,PUNJAB,PUNJAB,Barnala,BARNALA,0.0,0.0,5940.0,1798.0,14.0,1403.0,8668.0,0.0,0.0,8369.0,1493.0,15.0,1125.0,8463.0,0.0,0.0,43.0,9.0,1.0,9.0,22.0
2013-09,2013,9,NORTHERN REGION,NORTHERN REGION,PUNJAB,PUNJAB,Bathinda,BATHINDA,0.0,0.0,27515.0,7496.0,706.0,258.0,23355.0,0.0,0.0,30544.0,7126.0,194.0,310.0,27425.0,0.0,0.0,110.0,30.0,4.0,3.0,74.0
2013-09,2013,9,NORTHERN REGION,NORTHERN REGION,PUNJAB,PUNJAB,Faridkot,FARIDKOT,0.0,0.0,8390.0,3839.0,0.0,426.0,6344.0,0.0,0.0,12888.0,2524.0,0.0,937.0,10026.0,0.0,0.0,57.0,12.0,0.0,6.0,22.0
2013-09,2013,9,NORTHERN REGION,NORTHERN REGION,PUNJAB,PUNJAB,Fatehgarh Sahib,FATEHGARH SAHIB,0.0,0.0,14906.0,4796.0,900.0,783.0,17917.0,0.0,0.0,15541.0,4693.0,279.0,1091.0,12469.0,0.0,0.0,57.0,29.0,3.0,7.0,26.0
2013-09,2013,9,NORTHERN REGION,NORTHERN REGION,PUNJAB,PUNJAB,Fazilka,FAZILKA,0.0,0.0,13874.0,4165.0,726.0,2185.0,10615.0,0.0,0.0,14147.0,2075.0,77.0,1090.0,6916.0,0.0,0.0,60.0,13.0,2.0,13.0,25.0
2013-09,2013,9,NORTHERN REGION,NORTHERN REGION,PUNJAB,PUNJAB,Ferozpur,FEROZPUR,0.0,0.0,19459.0,4429.0,146.0,2440.0,8769.0,0.0,0.0,18825.0,3265.0,208.0,1384.0,8997.0,0.0,0.0,67.0,19.0,3.0,15.0,25.0
2013-09,2013,9,NORTHERN REGION,NORTHERN REGION,PUNJAB,PUNJAB,Gurdaspur,GURDASPUR,0.0,0.0,23311.0,4381.0,215.0,4056.0,6474.0,0.0,0.0,48707.0,6606.0,680.0,4232.0,19091.0,0.0,0.0,136.0,27.0,3.0,25.0,30.0
2013-09,2013,9,NORTHERN REGION,NORTHERN REGION,PUNJAB,PUNJAB,Hoshiarpur,HOSHIARPUR,0.0,0.0,25897.0,3018.0,0.0,1890.0,7923.0,0.0,0.0,96443.0,10191.0,0.0,4397.0,36656.0,0.0,0.0,172.0,41.0,0.0,30.0,43.0
2013-09,2013,9,NORTHERN REGION,NORTHERN REGION,PUNJAB,PUNJAB,Jalandhar,JALANDHAR,306.0,0.0,67964.0,13107.0,2463.0,992.0,30132.0,1613.0,0.0,252954.0,30777.0,2861.0,793.0,92353.0,3.0,0.0,381.0,93.0,10.0,18.0,107.0
2013-09,2013,9,NORTHERN REGION,NORTHERN REGION,PUNJAB,PUNJAB,Kapurthala,KAPURTHALA,0.0,0.0,23395.0,3083.0,367.0,2044.0,5414.0,0.0,0.0,70646.0,9903.0,379.0,6552.0,24394.0,0.0,0.0,116.0,34.0,6.0,29.0,24.0
2013-09,2013,9,NORTHERN REGION,NORTHERN REGION,PUNJAB,PUNJAB,Ludhiana,LUDHIANA,3018.0,0.0,344174.0,51244.0,10891.0,183.0,151964.0,3849.0,0.0,209143.0,49419.0,4749.0,262.0,77434.0,4.0,0.0,430.0,104.0,19.0,6.0,133.0
2013-09,2013,9,NORTHERN REGION,NORTHERN REGION,PUNJAB,PUNJAB,Mansa,MANSA,0.0,0.0,7434.0,2997.0,296.0,685.0,7292.0,0.0,0.0,5658.0,1980.0,108.0,556.0,6928.0,0.0,0.0,38.0,9.0,2.0,9.0,26.0
2013-09,2013,9,NORTHERN REGION,NORTHERN REGION,PUNJAB,PUNJAB,Moga,MOGA,0.0,0.0,20012.0,3364.0,192.0,492.0,6007.0,0.0,0.0,33496.0,4596.0,212.0,559.0,12128.0,0.0,0.0,101.0,15.0,1.0,9.0,28.0
2013-09,2013,9,NORTHERN REGION,NORTHERN REGION,PUNJAB,PUNJAB,Muktsar,MUKTSAR,0.0,0.0,11252.0,6060.0,0.0,611.0,9000.0,0.0,0.0,12897.0,3814.0,0.0,503.0,8915.0,0.0,0.0,66.0,20.0,0.0,5.0,27.0
2013-09,2013,9,NORTHERN REGION,NORTHERN REGION,PUNJAB,PUNJAB,Pathankot,PATHANKOT,0.0,0.0,8489.0,1183.0,436.0,1198.0,4523.0,0.0,0.0,20227.0,2838.0,376.0,2182.0,12600.0,0.0,0.0,45.0,11.0,1.0,8.0,22.0
2013-09,2013,9,NORTHERN REGION,NORTHERN REGION,PUNJAB,PUNJAB,Patiala,PATIALA,0.0,0.0,132979.0,12869.0,3775.0,2063.0,39183.0,0.0,0.0,65226.0,16114.0,1064.0,2116.0,69425.0,0.0,0.0,161.0,37.0,6.0,13.0,94.0
2013-09,2013,9,NORTHERN REGION,NORTHERN REGION,PUNJAB,PUNJAB,Rupnagar,RUPNAGAR,0.0,0.0,5609.0,1385.0,354.0,1421.0,4801.0,0.0,0.0,20057.0,3812.0,155.0,1850.0,16849.0,0.0,0.0,70.0,14.0,3.0,15.0,20.0
2013-09,2013,9,NORTHERN REGION,NORTHERN REGION,PUNJAB,PUNJAB,Sahibzada Ajit Singh Nagar,SAHIBZADA AJIT SINGH NAGAR,0.0,0.0,44258.0,6856.0,2588.0,1259.0,91180.0,0.0,0.0,67263.0,29139.0,2837.0,2538.0,23595.0,0.0,0.0,154.0,61.0,9.0,13.0,41.0
2013-09,2013,9,NORTHERN REGION,NORTHERN REGION,PUNJAB,PUNJAB,Sangrur,SANGRUR,0.0,0.0,20719.0,5929.0,991.0,3093.0,22030.0,0.0,0.0,26442.0,5196.0,95.0,2731.0,26405.0,0.0,0.0,107.0,32.0,3.0,23.0,59.0
2013-09,2013,9,NORTHERN REGION,NORTHERN REGION,PUNJAB,PUNJAB,Shahid Bhagat Singh Nagar,SHAHID BHAGAT SINGH NAGAR,0.0,0.0,8519.0,1801.0,916.0,352.0,3383.0,0.0,0.0,41894.0,4707.0,138.0,585.0,19245.0,0.0,0.0,92.0,23.0,2.0,6.0,21.0
2013-09,2013,9,NORTHERN REGION,NORTHERN REGION,PUNJAB,PUNJAB,Tarn Taran,TARN TARAN,0.0,0.0,10361.0,3266.0,0.0,2424.0,3750.0,0.0,0.0,18012.0,3683.0,0.0,1508.0,5859.0,0.0,0.0,72.0,23.0,0.0,16.0,19.0
2013-09,2013,9,NORTHERN REGION,NORTHERN REGION,RAJASTHAN,RAJASTHAN,Ajmer,AJMER,0.0,0.0,31511.0,8825.0,0.0,1858.0,16859.0,0.0,0.0,61672.0,13521.0,0.0,2758.0,34157.0,0.0,0.0,134.0,38.0,0.0,24.0,56.0
2013-09,2013,9,NORTHERN REGION,NORTHERN REGION,RAJASTHAN,RAJASTHAN,Alwar,ALWAR,684.0,0.0,28341.0,8036.0,443.0,7041.0,16316.0,512.0,0.0,39801.0,10985.0,626.0,10021.0,22978.0,1.0,0.0,131.0,42.0,6.0,65.0,61.0
2013-09,2013,9,NORTHERN REGION,NORTHERN REGION,RAJASTHAN,RAJASTHAN,Banswara,BANSWARA,0.0,0.0,8955.0,965.0,0.0,1413.0,4069.0,0.0,0.0,9790.0,2530.0,0.0,1567.0,10081.0,0.0,0.0,47.0,21.0,0.0,22.0,19.0
2013-09,2013,9,NORTHERN REGION,NORTHERN REGION,RAJASTHAN,RAJASTHAN,Baran,BARAN,0.0,0.0,3442.0,551.0,0.0,1897.0,7100.0,0.0,0.0,3736.0,1147.0,0.0,2577.0,6136.0,0.0,0.0,24.0,6.0,0.0,30.0,21.0
2013-09,2013,9,NORTHERN REGION,NORTHERN REGION,RAJASTHAN,RAJASTHAN,Barmer,BARMER,0.0,0.0,3328.0,3200.0,0.0,1453.0,14091.0,0.0,0.0,8534.0,2955.0,1.0,2718.0,15470.0,0.0,0.0,30.0,14.0,1.0,28.0,41.0
2013-09,2013,9,NORTHERN REGION,NORTHERN REGION,RAJASTHAN,RAJASTHAN,Bharatpur,BHARATPUR,0.0,0.0,14936.0,868.0,12.0,3221.0,6595.0,0.0,0.0,20179.0,2236.0,19.0,5173.0,8398.0,0.0,0.0,74.0,11.0,1.0,35.0,26.0
2013-09,2013,9,NORTHERN REGION,NORTHERN REGION,RAJASTHAN,RAJASTHAN,Bhilwara,BHILWARA,0.0,0.0,30900.0,7797.0,1172.0,3331.0,25541.0,0.0,0.0,18517.0,7891.0,1632.0,4363.0,15874.0,0.0,0.0,66.0,27.0,4.0,37.0,44.0
2013-09,2013,9,NORTHERN REGION,NORTHERN REGION,RAJASTHAN,RAJASTHAN,Bikaner,BIKANER,0.0,0.0,17546.0,7200.0,0.0,3865.0,20225.0,0.0,0.0,26589.0,5049.0,0.0,2624.0,31872.0,0.0,0.0,70.0,22.0,0.0,34.0,86.0
2013-09,2013,9,NORTHERN REGION,NORTHERN REGION,RAJASTHAN,RAJASTHAN,Bundi,BUNDI,0.0,0.0,6398.0,722.0,0.0,3116.0,3510.0,0.0,0.0,5904.0,1831.0,0.0,3277.0,5422.0,0.0,0.0,37.0,10.0,0.0,31.0,13.0
2013-09,2013,9,NORTHERN REGION,NORTHERN REGION,RAJASTHAN,RAJASTHAN,Chittaurgarh,CHITTAURGARH,0.0,0.0,7414.0,3009.0,0.0,1927.0,5963.0,0.0,0.0,12163.0,4089.0,0.0,2861.0,15019.0,0.0,0.0,52.0,20.0,0.0,29.0,29.0
2013-09,2013,9,NORTHERN REGION,NORTHERN REGION,RAJASTHAN,RAJASTHAN,Churu,CHURU,0.0,0.0,9664.0,437.0,0.0,5597.0,5684.0,0.0,0.0,13730.0,1354.0,0.0,5116.0,10289.0,0.0,0.0,52.0,9.0,0.0,50.0,24.0
2013-09,2013,9,NORTHERN REGION,NORTHERN REGION,RAJASTHAN,RAJASTHAN,Dausa,DAUSA,0.0,0.0,5893.0,647.0,0.0,1015.0,4124.0,0.0,0.0,7824.0,1688.0,0.0,1856.0,6919.0,0.0,0.0,56.0,15.0,0.0,19.0,20.0
2013-09,2013,9,NORTHERN REGION,NORTHERN REGION,RAJASTHAN,RAJASTHAN,Dholpur,DHOLPUR,0.0,0.0,3334.0,263.0,0.0,990.0,2108.0,0.0,0.0,5035.0,322.0,0.0,1861.0,3604.0,0.0,0.0,21.0,1.0,0.0,13.0,10.0
2013-09,2013,9,NORTHERN REGION,NORTHERN REGION,RAJASTHAN,RAJASTHAN,Dungarpur,DUNGARPUR,0.0,0.0,3802.0,271.0,0.0,963.0,4025.0,0.0,0.0,10132.0,1635.0,0.0,1995.0,7159.0,0.0,0.0,38.0,13.0,0.0,22.0,13.0
2013-09,2013,9,NORTHERN REGION,NORTHERN REGION,RAJASTHAN,RAJASTHAN,Ganganagar,GANGANAGAR,0.0,0.0,22286.0,5223.0,0.0,3676.0,21249.0,0.0,0.0,22448.0,3954.0,0.0,2132.0,18765.0,0.0,0.0,93.0,19.0,0.0,25.0,66.0
2013-09,2013,9,NORTHERN REGION,NORTHERN REGION,RAJASTHAN,RAJASTHAN,Hanumangarh,HANUMANGARH,0.0,0.0,13657.0,3495.0,0.0,4243.0,15405.0,0.0,0.0,10107.0,2874.0,0.0,1691.0,9423.0,0.0,0.0,60.0,29.0,0.0,25.0,48.0
2013-09,2013,9,NORTHERN REGION,NORTHERN REGION,RAJASTHAN,RAJASTHAN,Jaipur,JAIPUR,6887.0,0.0,590653.0,70026.0,31143.0,4191.0,99341.0,4189.0,0.0,234546.0,104424.0,6033.0,11307.0,194657.0,3.0,0.0,375.0,115.0,13.0,81.0,205.0
2013-09,2013,9,NORTHERN REGION,NORTHERN REGION,RAJASTHAN,RAJASTHAN,Jaisalmer,JAISALMER,0.0,0.0,2467.0,368.0,0.0,803.0,6756.0,0.0,0.0,2595.0,1558.0,0.0,1065.0,5758.0,0.0,0.0,13.0,4.0,0.0,13.0,20.0
2013-09,2013,9,NORTHERN REGION,NORTHERN REGION,RAJASTHAN,RAJASTHAN,Jalor,JALOR,0.0,0.0,1827.0,595.0,0.0,5753.0,6667.0,0.0,0.0,2492.0,677.0,0.0,4515.0,9638.0,0.0,0.0,20.0,10.0,0.0,43.0,27.0
2013-09,2013,9,NORTHERN REGION,NORTHERN REGION,RAJASTHAN,RAJASTHAN,Jhalawar,JHALAWAR,0.0,0.0,4991.0,1318.0,0.0,2058.0,3474.0,0.0,0.0,5218.0,1855.0,0.0,2949.0,5765.0,0.0,0.0,37.0,9.0,0.0,26.0,14.0
2013-09,2013,9,NORTHERN REGION,NORTHERN REGION,RAJASTHAN,RAJASTHAN,Jhunjhunu,JHUNJHUNU,0.0,0.0,6889.0,2405.0,0.0,6327.0,4861.0,0.0,0.0,16343.0,3103.0,0.0,7833.0,14796.0,0.0,0.0,58.0,15.0,0.0,65.0,28.0
2013-09,2013,9,NORTHERN REGION,NORTHERN REGION,RAJASTHAN,RAJASTHAN,Jodhpur,JODHPUR,213.0,0.0,40919.0,19975.0,1245.0,1699.0,27868.0,485.0,0.0,57702.0,19042.0,1092.0,1823.0,52139.0,3.0,0.0,131.0,50.0,4.0,30.0,81.0
2013-09,2013,9,NORTHERN REGION,NORTHERN REGION,RAJASTHAN,RAJASTHAN,Karauli,KARAULI,0.0,0.0,4487.0,192.0,0.0,678.0,2437.0,0.0,0.0,6553.0,728.0,0.0,1549.0,5944.0,0.0,0.0,43.0,3.0,0.0,15.0,14.0
2013-09,2013,9,NORTHERN REGION,NORTHERN REGION,RAJASTHAN,RAJASTHAN,Kota,KOTA,0.0,0.0,23226.0,8098.0,0.0,3256.0,16922.0,0.0,0.0,41094.0,14052.0,0.0,4887.0,28673.0,0.0,0.0,81.0,27.0,0.0,39.0,47.0
2013-09,2013,9,NORTHERN REGION,NORTHERN REGION,RAJASTHAN,RAJASTHAN,Nagaur,NAGAUR,0.0,0.0,5781.0,3668.0,0.0,3699.0,9330.0,0.0,0.0,11454.0,2736.0,0.0,4571.0,15407.0,0.0,0.0,59.0,22.0,0.0,60.0,42.0
2013-09,2013,9,NORTHERN REGION,NORTHERN REGION,RAJASTHAN,RAJASTHAN,Pali,PALI,0.0,0.0,4132.0,4782.0,2.0,4497.0,7544.0,0.0,0.0,5293.0,2912.0,2.0,11197.0,17161.0,0.0,0.0,27.0,18.0,1.0,82.0,40.0
2013-09,2013,9,NORTHERN REGION,NORTHERN REGION,RAJASTHAN,RAJASTHAN,Pratapgarh,PRATAPGARH,0.0,0.0,2839.0,157.0,0.0,766.0,3928.0,0.0,0.0,3572.0,1048.0,0.0,921.0,4580.0,0.0,0.0,24.0,4.0,0.0,12.0,11.0
2013-09,2013,9,NORTHERN REGION,NORTHERN REGION,RAJASTHAN,RAJASTHAN,Rajsamand,RAJSAMAND,0.0,0.0,2739.0,1228.0,0.0,576.0,5784.0,0.0,0.0,5883.0,4239.0,0.0,1495.0,12074.0,0.0,0.0,24.0,22.0,0.0,20.0,26.0
2013-09,2013,9,NORTHERN REGION,NORTHERN REGION,RAJASTHAN,RAJASTHAN,Sawai Madhopur,SAWAI MADHOPUR,0.0,0.0,6963.0,595.0,0.0,1285.0,4322.0,0.0,0.0,8535.0,1548.0,0.0,1522.0,6669.0,0.0,0.0,67.0,9.0,0.0,20.0,17.0
2013-09,2013,9,NORTHERN REGION,NORTHERN REGION,RAJASTHAN,RAJASTHAN,Sikar,SIKAR,0.0,0.0,11813.0,3250.0,0.0,8525.0,6259.0,0.0,0.0,19989.0,3008.0,0.0,8089.0,13187.0,0.0,0.0,72.0,21.0,0.0,76.0,32.0
2013-09,2013,9,NORTHERN REGION,NORTHERN REGION,RAJASTHAN,RAJASTHAN,Sirohi,SIROHI,0.0,0.0,1559.0,458.0,0.0,1814.0,5470.0,0.0,0.0,4853.0,1117.0,0.0,3326.0,13761.0,0.0,0.0,20.0,7.0,0.0,29.0,25.0
2013-09,2013,9,NORTHERN REGION,NORTHERN REGION,RAJASTHAN,RAJASTHAN,Tonk,TONK,0.0,0.0,6659.0,1321.0,0.0,2191.0,4137.0,0.0,0.0,8566.0,1239.0,0.0,2964.0,7163.0,0.0,0.0,54.0,10.0,0.0,31.0,18.0
2013-09,2013,9,NORTHERN REGION,NORTHERN REGION,RAJASTHAN,RAJASTHAN,Udaipur,UDAIPUR,0.0,0.0,23667.0,11347.0,559.0,1985.0,26069.0,62.0,0.0,56072.0,32992.0,1600.0,4022.0,43516.0,1.0,0.0,86.0,51.0,6.0,38.0,71.0
2013-09,2013,9,EASTERN REGION,EASTERN REGION,SIKKIM,SIKKIM,East Sikkim,EAST SIKKIM,0.0,0.0,4884.0,1520.0,0.0,0.0,4249.0,0.0,0.0,21836.0,6095.0,0.0,0.0,11849.0,0.0,0.0,40.0,9.0,0.0,0.0,15.0
2013-09,2013,9,EASTERN REGION,EASTERN REGION,SIKKIM,SIKKIM,North Sikkim,NORTH SIKKIM,0.0,0.0,38.0,0.0,0.0,0.0,367.0,0.0,0.0,113.0,0.0,0.0,0.0,809.0,0.0,0.0,2.0,0.0,0.0,0.0,6.0
2013-09,2013,9,EASTERN REGION,EASTERN REGION,SIKKIM,SIKKIM,South Sikkim,SOUTH SIKKIM,0.0,0.0,415.0,44.0,0.0,0.0,1299.0,0.0,0.0,956.0,608.0,0.0,0.0,2605.0,0.0,0.0,6.0,3.0,0.0,0.0,9.0
2013-09,2013,9,EASTERN REGION,EASTERN REGION,SIKKIM,SIKKIM,West Sikkim,WEST SIKKIM,0.0,0.0,409.0,0.0,0.0,0.0,360.0,0.0,0.0,1168.0,0.0,0.0,0.0,497.0,0.0,0.0,7.0,0.0,0.0,0.0,2.0
2013-09,2013,9,SOUTHERN REGION,SOUTHERN REGION,TAMIL NADU,TAMIL NADU,Ariyalur,ARIYALUR,0.0,0.0,9951.0,508.0,3665.0,0.0,5047.0,0.0,0.0,4022.0,233.0,1604.0,0.0,2734.0,0.0,0.0,27.0,8.0,9.0,0.0,13.0
2013-09,2013,9,SOUTHERN REGION,SOUTHERN REGION,TAMIL NADU,TAMIL NADU,Chennai,CHENNAI,353702.0,0.0,1267069.0,515901.0,177819.0,0.0,594515.0,162732.0,0.0,1064648.0,350515.0,217521.0,0.0,365237.0,19.0,0.0,687.0,187.0,148.0,0.0,231.0
2013-09,2013,9,SOUTHERN REGION,SOUTHERN REGION,TAMIL NADU,TAMIL NADU,Coimbatore,COIMBATORE,10442.0,0.0,234012.0,53067.0,94803.0,546.0,91969.0,8626.0,0.0,175450.0,32089.0,79638.0,541.0,62580.0,4.0,0.0,308.0,51.0,134.0,8.0,97.0
2013-09,2013,9,SOUTHERN REGION,SOUTHERN REGION,TAMIL NADU,TAMIL NADU,Cuddalore,CUDDALORE,176.0,0.0,49878.0,4431.0,13209.0,1419.0,13546.0,79.0,0.0,45722.0,5119.0,10069.0,1029.0,15792.0,1.0,0.0,122.0,23.0,30.0,9.0,24.0
2013-09,2013,9,SOUTHERN REGION,SOUTHERN REGION,TAMIL NADU,TAMIL NADU,Dharmapuri,DHARMAPURI,0.0,0.0,19310.0,1495.0,5284.0,2384.0,8744.0,0.0,0.0,8909.0,756.0,2293.0,1450.0,4018.0,0.0,0.0,48.0,4.0,14.0,14.0,15.0
2013-09,2013,9,SOUTHERN REGION,SOUTHERN REGION,TAMIL NADU,TAMIL NADU,Dindigul,DINDIGUL,0.0,0.0,35066.0,3920.0,12980.0,1492.0,16398.0,0.0,0.0,24032.0,2103.0,10624.0,509.0,9245.0,0.0,0.0,132.0,18.0,40.0,8.0,28.0
2013-09,2013,9,SOUTHERN REGION,SOUTHERN REGION,TAMIL NADU,TAMIL NADU,Erode,ERODE,0.0,0.0,51345.0,9341.0,21832.0,1115.0,33362.0,0.0,0.0,39002.0,5977.0,22298.0,699.0,17154.0,0.0,0.0,141.0,22.0,64.0,13.0,39.0
2013-09,2013,9,SOUTHERN REGION,SOUTHERN REGION,TAMIL NADU,TAMIL NADU,Kancheepuram,KANCHEEPURAM,1490.0,0.0,67648.0,18292.0,28991.0,120.0,20975.0,446.0,0.0,134504.0,28523.0,38684.0,133.0,42174.0,2.0,0.0,314.0,67.0,108.0,3.0,63.0
2013-09,2013,9,SOUTHERN REGION,SOUTHERN REGION,TAMIL NADU,TAMIL NADU,Kanyakumari,KANYAKUMARI,0.0,0.0,51312.0,2176.0,18471.0,772.0,23570.0,0.0,0.0,28668.0,2452.0,11701.0,201.0,20877.0,0.0,0.0,114.0,5.0,44.0,6.0,50.0
2013-09,2013,9,SOUTHERN REGION,SOUTHERN REGION,TAMIL NADU,TAMIL NADU,Karur,KARUR,0.0,0.0,20136.0,2769.0,12520.0,643.0,8595.0,0.0,0.0,14181.0,1311.0,59855.0,243.0,3893.0,0.0,0.0,60.0,5.0,32.0,9.0,17.0
2013-09,2013,9,SOUTHERN REGION,SOUTHERN REGION,TAMIL NADU,TAMIL NADU,Krishnagiri,KRISHNAGIRI,0.0,0.0,32169.0,4406.0,7805.0,2860.0,8873.0,0.0,0.0,19912.0,4500.0,4690.0,2504.0,7950.0,0.0,0.0,79.0,11.0,20.0,16.0,23.0
2013-09,2013,9,SOUTHERN REGION,SOUTHERN REGION,TAMIL NADU,TAMIL NADU,Madurai,MADURAI,0.0,0.0,72455.0,17141.0,23273.0,3479.0,39255.0,0.0,0.0,68459.0,10228.0,24503.0,1502.0,35247.0,0.0,0.0,200.0,29.0,53.0,8.0,63.0
2013-09,2013,9,SOUTHERN REGION,SOUTHERN REGION,TAMIL NADU,TAMIL NADU,Nagapattinam,NAGAPATTINAM,0.0,0.0,26474.0,1514.0,5488.0,480.0,4187.0,0.0,0.0,25041.0,1614.0,7279.0,123.0,5218.0,0.0,0.0,93.0,11.0,20.0,5.0,12.0
2013-09,2013,9,SOUTHERN REGION,SOUTHERN REGION,TAMIL NADU,TAMIL NADU,Namakkal,NAMAKKAL,0.0,0.0,43383.0,6328.0,19060.0,511.0,12433.0,0.0,0.0,24381.0,2139.0,15175.0,547.0,6955.0,0.0,0.0,106.0,16.0,48.0,11.0,13.0
2013-09,2013,9,SOUTHERN REGION,SOUTHERN REGION,TAMIL NADU,TAMIL NADU,Nilgiris,NILGIRIS,0.0,0.0,12661.0,228.0,1111.0,74.0,5200.0,0.0,0.0,16352.0,1795.0,2104.0,42.0,9099.0,0.0,0.0,64.0,5.0,10.0,2.0,13.0
2013-09,2013,9,SOUTHERN REGION,SOUTHERN REGION,TAMIL NADU,TAMIL NADU,Perambalur,PERAMBALUR,0.0,0.0,15562.0,1123.0,1726.0,120.0,2962.0,0.0,0.0,9105.0,474.0,726.0,50.0,2261.0,0.0,0.0,44.0,4.0,5.0,1.0,6.0
2013-09,2013,9,SOUTHERN REGION,SOUTHERN REGION,TAMIL NADU,TAMIL NADU,Pudukkottai,PUDUKKOTTAI,0.0,0.0,26817.0,3007.0,3980.0,749.0,8513.0,0.0,0.0,16414.0,2420.0,2159.0,464.0,6092.0,0.0,0.0,93.0,25.0,11.0,6.0,18.0
2013-09,2013,9,SOUTHERN REGION,SOUTHERN REGION,TAMIL NADU,TAMIL NADU,Ramanathapuram,RAMANATHAPURAM,0.0,0.0,13829.0,2155.0,5378.0,4542.0,7544.0,0.0,0.0,11724.0,1538.0,2349.0,2598.0,6121.0,0.0,0.0,48.0,11.0,13.0,23.0,17.0
2013-09,2013,9,SOUTHERN REGION,SOUTHERN REGION,TAMIL NADU,TAMIL NADU,Salem,SALEM,49.0,0.0,54289.0,19584.0,25292.0,929.0,29644.0,250.0,0.0,42123.0,7956.0,21434.0,1191.0,18718.0,3.0,0.0,151.0,36.0,64.0,13.0,45.0
2013-09,2013,9,SOUTHERN REGION,SOUTHERN REGION,TAMIL NADU,TAMIL NADU,Sivaganga,SIVAGANGA,0.0,0.0,25860.0,2620.0,3808.0,5493.0,8240.0,0.0,0.0,23279.0,3678.0,4223.0,4160.0,7098.0,0.0,0.0,106.0,29.0,10.0,31.0,17.0
2013-09,2013,9,SOUTHERN REGION,SOUTHERN REGION,TAMIL NADU,TAMIL NADU,Thanjavur,THANJAVUR,0.0,0.0,46991.0,2997.0,18077.0,264.0,15026.0,0.0,0.0,39664.0,3195.0,22277.0,184.0,11111.0,0.0,0.0,144.0,11.0,53.0,2.0,26.0
2013-09,2013,9,SOUTHERN REGION,SOUTHERN REGION,TAMIL NADU,TAMIL NADU,Theni,THENI,0.0,0.0,22890.0,2472.0,10858.0,971.0,13833.0,0.0,0.0,9285.0,1050.0,6077.0,325.0,5003.0,0.0,0.0,69.0,5.0,37.0,6.0,19.0
2013-09,2013,9,SOUTHERN REGION,SOUTHERN REGION,TAMIL NADU,TAMIL NADU,Thiruvallur,THIRUVALLUR,0.0,0.0,53798.0,6125.0,12836.0,839.0,18503.0,0.0,0.0,81694.0,13118.0,14974.0,465.0,27575.0,0.0,0.0,210.0,32.0,49.0,8.0,40.0
2013-09,2013,9,SOUTHERN REGION,SOUTHERN REGION,TAMIL NADU,TAMIL NADU,Thiruvarur,THIRUVARUR,0.0,0.0,12836.0,1398.0,6348.0,339.0,6147.0,0.0,0.0,14108.0,1253.0,6345.0,92.0,4830.0,0.0,0.0,63.0,14.0,29.0,4.0,14.0
2013-09,2013,9,SOUTHERN REGION,SOUTHERN REGION,TAMIL NADU,TAMIL NADU,Tiruchirapalli,TIRUCHIRAPALLI,0.0,0.0,64926.0,14143.0,21856.0,450.0,27148.0,0.0,0.0,65462.0,9714.0,27249.0,195.0,30953.0,0.0,0.0,179.0,30.0,54.0,2.0,49.0
2013-09,2013,9,SOUTHERN REGION,SOUTHERN REGION,TAMIL NADU,TAMIL NADU,Tirunelvali,TIRUNELVALI,0.0,0.0,44966.0,6859.0,19206.0,7888.0,14377.0,0.0,0.0,49294.0,3868.0,13743.0,8085.0,17281.0,0.0,0.0,167.0,14.0,43.0,52.0,29.0
2013-09,2013,9,SOUTHERN REGION,SOUTHERN REGION,TAMIL NADU,TAMIL NADU,Tiruppur,TIRUPPUR,11.0,0.0,83822.0,12302.0,41170.0,534.0,56382.0,3.0,0.0,40638.0,7314.0,26037.0,330.0,21106.0,1.0,0.0,123.0,25.0,63.0,9.0,45.0
2013-09,2013,9,SOUTHERN REGION,SOUTHERN REGION,TAMIL NADU,TAMIL NADU,Tiruvannamalai,TIRUVANNAMALAI,0.0,0.0,23101.0,2510.0,8086.0,514.0,9889.0,0.0,0.0,16869.0,1279.0,4788.0,279.0,8903.0,0.0,0.0,88.0,17.0,21.0,7.0,26.0
2013-09,2013,9,SOUTHERN REGION,SOUTHERN REGION,TAMIL NADU,TAMIL NADU,Toothukudi,TOOTHUKUDI,0.0,0.0,27394.0,3030.0,19167.0,4069.0,11516.0,0.0,0.0,30084.0,3041.0,27157.0,4933.0,10411.0,0.0,0.0,93.0,7.0,39.0,30.0,19.0
2013-09,2013,9,SOUTHERN REGION,SOUTHERN REGION,TAMIL NADU,TAMIL NADU,Vellore,VELLORE,5787.0,0.0,46263.0,5363.0,9365.0,458.0,23486.0,2407.0,0.0,45190.0,4177.0,7640.0,226.0,27574.0,2.0,0.0,179.0,21.0,44.0,6.0,50.0
2013-09,2013,9,SOUTHERN REGION,SOUTHERN REGION,TAMIL NADU,TAMIL NADU,Villupuram,VILLUPURAM,0.0,0.0,34518.0,4191.0,13526.0,2058.0,13328.0,0.0,0.0,21261.0,1395.0,5070.0,1798.0,8900.0,0.0,0.0,117.0,15.0,38.0,18.0,28.0
2013-09,2013,9,SOUTHERN REGION,SOUTHERN REGION,TAMIL NADU,TAMIL NADU,Virudhunagar,VIRUDHUNAGAR,0.0,0.0,36073.0,4740.0,21812.0,4989.0,22363.0,0.0,0.0,21912.0,2932.0,15787.0,5018.0,10649.0,0.0,0.0,93.0,11.0,40.0,31.0,22.0
2013-09,2013,9,NORTH-EASTERN REGION,NORTH EASTERN REGION,TRIPURA,TRIPURA,Dhalai,DHALAI,0.0,0.0,659.0,0.0,0.0,1589.0,247.0,0.0,0.0,2092.0,0.0,0.0,2139.0,903.0,0.0,0.0,13.0,1.0,0.0,9.0,3.0
2013-09,2013,9,NORTH-EASTERN REGION,NORTH EASTERN REGION,TRIPURA,TRIPURA,Gomati,GOMATI,0.0,0.0,807.0,57.0,0.0,1167.0,812.0,0.0,0.0,2731.0,271.0,0.0,2032.0,2639.0,0.0,0.0,18.0,3.0,0.0,13.0,3.0
2013-09,2013,9,NORTH-EASTERN REGION,NORTH EASTERN REGION,TRIPURA,TRIPURA,Khowai,KHOWAI,0.0,0.0,634.0,3.0,0.0,1575.0,809.0,0.0,0.0,2193.0,19.0,0.0,1617.0,1203.0,0.0,0.0,8.0,1.0,0.0,9.0,2.0
2013-09,2013,9,NORTH-EASTERN REGION,NORTH EASTERN REGION,TRIPURA,TRIPURA,North Tripura,NORTH TRIPURA,0.0,0.0,584.0,355.0,0.0,1561.0,636.0,0.0,0.0,1421.0,381.0,0.0,2506.0,2830.0,0.0,0.0,10.0,4.0,0.0,13.0,9.0
2013-09,2013,9,NORTH-EASTERN REGION,NORTH EASTERN REGION,TRIPURA,TRIPURA,Sepahijala,SEPAHIJALA,0.0,0.0,574.0,1.0,0.0,1623.0,881.0,0.0,0.0,1902.0,56.0,0.0,3301.0,2195.0,0.0,0.0,10.0,1.0,0.0,14.0,5.0
2013-09,2013,9,NORTH-EASTERN REGION,NORTH EASTERN REGION,TRIPURA,TRIPURA,South Tripura,SOUTH TRIPURA,0.0,0.0,575.0,0.0,0.0,1646.0,673.0,0.0,0.0,2005.0,0.0,0.0,2853.0,1642.0,0.0,0.0,8.0,0.0,0.0,18.0,6.0
2013-09,2013,9,NORTH-EASTERN REGION,NORTH EASTERN REGION,TRIPURA,TRIPURA,Unakoti,UNAKOTI,0.0,0.0,408.0,0.0,0.0,1001.0,515.0,0.0,0.0,1242.0,0.0,0.0,1702.0,1287.0,0.0,0.0,5.0,0.0,0.0,8.0,2.0
2013-09,2013,9,NORTH-EASTERN REGION,NORTH EASTERN REGION,TRIPURA,TRIPURA,West Tripura,WEST TRIPURA,0.0,0.0,8534.0,2307.0,743.0,3832.0,6302.0,0.0,0.0,31347.0,2647.0,381.0,15578.0,27949.0,0.0,0.0,51.0,11.0,2.0,30.0,17.0
2013-09,2013,9,CENTRAL REGION,CENTRAL REGION,UTTAR PRADESH,UTTAR PRADESH,Agra,AGRA,0.0,0.0,68747.0,11495.0,901.0,4066.0,13398.0,25.0,0.0,113345.0,14789.0,4054.0,9010.0,36389.0,2.0,0.0,263.0,25.0,7.0,50.0,71.0
2013-09,2013,9,CENTRAL REGION,CENTRAL REGION,UTTAR PRADESH,UTTAR PRADESH,Aligarh,ALIGARH,0.0,0.0,20973.0,1922.0,203.0,9542.0,9159.0,0.0,0.0,53530.0,4860.0,199.0,11053.0,25581.0,0.0,0.0,131.0,10.0,2.0,71.0,38.0
2013-09,2013,9,CENTRAL REGION,CENTRAL REGION,UTTAR PRADESH,UTTAR PRADESH,Allahabad,ALLAHABAD,1.0,0.0,30342.0,2844.0,1080.0,3114.0,7518.0,245.0,0.0,134067.0,13013.0,2013.0,13533.0,61072.0,1.0,0.0,214.0,18.0,6.0,84.0,86.0
2013-09,2013,9,CENTRAL REGION,CENTRAL REGION,UTTAR PRADESH,UTTAR PRADESH,Ambedkar Nagar,AMBEDKAR NAGAR,0.0,0.0,4017.0,134.0,0.0,2355.0,1259.0,0.0,0.0,16760.0,742.0,0.0,5208.0,6240.0,0.0,0.0,66.0,4.0,0.0,40.0,12.0
2013-09,2013,9,CENTRAL REGION,CENTRAL REGION,UTTAR PRADESH,UTTAR PRADESH,Amethi,AMETHI,0.0,0.0,6755.0,532.0,55.0,2328.0,1416.0,0.0,0.0,15942.0,444.0,60.0,6309.0,7340.0,0.0,0.0,82.0,4.0,1.0,50.0,15.0
2013-09,2013,9,CENTRAL REGION,CENTRAL REGION,UTTAR PRADESH,UTTAR PRADESH,Auraiya,AURAIYA,0.0,1735.0,0.0,64.0,0.0,1148.0,952.0,0.0,9027.0,0.0,196.0,0.0,2526.0,4963.0,0.0,39.0,0.0,3.0,0.0,25.0,9.0
2013-09,2013,9,CENTRAL REGION,CENTRAL REGION,UTTAR PRADESH,UTTAR PRADESH,Azamgarh,AZAMGARH,0.0,7223.0,0.0,78.0,0.0,3753.0,1945.0,0.0,48720.0,0.0,1558.0,0.0,14212.0,14979.0,0.0,136.0,0.0,6.0,0.0,80.0,31.0
2013-09,2013,9,CENTRAL REGION,CENTRAL REGION,UTTAR PRADESH,UTTAR PRADESH,Baghpat,BAGHPAT,0.0,8300.0,0.0,109.0,0.0,30.0,1719.0,0.0,15436.0,0.0,476.0,0.0,75.0,3719.0,0.0,69.0,0.0,7.0,0.0,4.0,12.0
2013-09,2013,9,CENTRAL REGION,CENTRAL REGION,UTTAR PRADESH,UTTAR PRADESH,Bahraich,BAHRAICH,0.0,8865.0,0.0,235.0,0.0,4341.0,1009.0,0.0,16421.0,0.0,743.0,0.0,6687.0,4889.0,0.0,55.0,0.0,3.0,0.0,61.0,12.0
2013-09,2013,9,CENTRAL REGION,CENTRAL REGION,UTTAR PRADESH,UTTAR PRADESH,Ballia,BALLIA,0.0,4077.0,0.0,57.0,0.0,3739.0,2333.0,0.0,25880.0,0.0,1072.0,0.0,11724.0,16979.0,0.0,59.0,0.0,4.0,0.0,85.0,26.0
2013-09,2013,9,CENTRAL REGION,CENTRAL REGION,UTTAR PRADESH,UTTAR PRADESH,Balrampur,BALRAMPUR,0.0,3949.0,0.0,141.0,0.0,2394.0,832.0,0.0,11284.0,0.0,492.0,0.0,4529.0,5334.0,0.0,44.0,0.0,4.0,0.0,31.0,12.0
2013-09,2013,9,CENTRAL REGION,CENTRAL REGION,UTTAR PRADESH,UTTAR PRADESH,Banda,BANDA,0.0,7335.0,0.0,39.0,0.0,7335.0,847.0,0.0,10982.0,0.0,498.0,0.0,7262.0,4232.0,0.0,34.0,0.0,2.0,0.0,68.0,7.0
2013-09,2013,9,CENTRAL REGION,CENTRAL REGION,UTTAR PRADESH,UTTAR PRADESH,Bara Banki,BARA BANKI,0.0,8254.0,0.0,588.0,9.0,9039.0,1649.0,0.0,20492.0,0.0,1226.0,23.0,11291.0,6697.0,0.0,85.0,0.0,8.0,1.0,97.0,16.0
2013-09,2013,9,CENTRAL REGION,CENTRAL REGION,UTTAR PRADESH,UTTAR PRADESH,Bareilly,BAREILLY,0.0,25689.0,0.0,4021.0,1186.0,4385.0,7683.0,0.0,59924.0,0.0,6316.0,1416.0,5738.0,23164.0,0.0,167.0,0.0,16.0,7.0,68.0,55.0
2013-09,2013,9,CENTRAL REGION,CENTRAL REGION,UTTAR PRADESH,UTTAR PRADESH,Basti,BASTI,0.0,4187.0,0.0,130.0,0.0,2954.0,2337.0,0.0,15013.0,0.0,801.0,0.0,5352.0,12284.0,0.0,44.0,0.0,3.0,0.0,55.0,31.0
2013-09,2013,9,CENTRAL REGION,CENTRAL REGION,UTTAR PRADESH,UTTAR PRADESH,Bhim Nagar,BHIM NAGAR,0.0,5101.0,0.0,95.0,0.0,6115.0,1864.0,0.0,8538.0,0.0,635.0,0.0,5194.0,3847.0,0.0,35.0,0.0,5.0,0.0,46.0,14.0
2013-09,2013,9,CENTRAL REGION,CENTRAL REGION,UTTAR PRADESH,UTTAR PRADESH,Bijnor,BIJNOR,0.0,27643.0,0.0,616.0,195.0,4159.0,3326.0,0.0,32859.0,0.0,1552.0,142.0,4834.0,13506.0,0.0,112.0,0.0,12.0,1.0,42.0,35.0
2013-09,2013,9,CENTRAL REGION,CENTRAL REGION,UTTAR PRADESH,UTTAR PRADESH,Budaun,BUDAUN,0.0,6364.0,0.0,211.0,0.0,3547.0,3394.0,0.0,12602.0,0.0,478.0,0.0,4104.0,7000.0,0.0,60.0,0.0,3.0,0.0,48.0,28.0
2013-09,2013,9,CENTRAL REGION,CENTRAL REGION,UTTAR PRADESH,UTTAR PRADESH,Bulandshahr,BULANDSHAHR,0.0,26046.0,0.0,318.0,92.0,726.0,4254.0,0.0,43414.0,0.0,2200.0,431.0,858.0,12695.0,0.0,155.0,0.0,15.0,1.0,10.0,24.0
2013-09,2013,9,CENTRAL REGION,CENTRAL REGION,UTTAR PRADESH,UTTAR PRADESH,Chandauli,CHANDAULI,0.0,4650.0,0.0,78.0,0.0,1525.0,679.0,0.0,19192.0,0.0,368.0,0.0,3687.0,5667.0,0.0,52.0,0.0,3.0,0.0,41.0,14.0
2013-09,2013,9,CENTRAL REGION,CENTRAL REGION,UTTAR PRADESH,UTTAR PRADESH,Chitrakoot,CHITRAKOOT,0.0,1871.0,0.0,4.0,0.0,3417.0,641.0,0.0,4395.0,0.0,58.0,0.0,3753.0,2581.0,0.0,15.0,0.0,1.0,0.0,32.0,6.0
2013-09,2013,9,CENTRAL REGION,CENTRAL REGION,UTTAR PRADESH,UTTAR PRADESH,Deoria,DEORIA,0.0,4890.0,0.0,183.0,0.0,4001.0,1952.0,0.0,29873.0,0.0,1266.0,0.0,8377.0,12020.0,0.0,70.0,0.0,5.0,0.0,69.0,20.0
2013-09,2013,9,CENTRAL REGION,CENTRAL REGION,UTTAR PRADESH,UTTAR PRADESH,Etah,ETAH,0.0,3383.0,0.0,203.0,0.0,3551.0,2411.0,0.0,8930.0,0.0,547.0,0.0,5624.0,6243.0,0.0,35.0,0.0,3.0,0.0,39.0,17.0
2013-09,2013,9,CENTRAL REGION,CENTRAL REGION,UTTAR PRADESH,UTTAR PRADESH,Etawah,ETAWAH,0.0,3897.0,0.0,252.0,0.0,1102.0,2932.0,0.0,15872.0,0.0,1523.0,0.0,2306.0,9487.0,0.0,44.0,0.0,7.0,0.0,27.0,18.0
2013-09,2013,9,CENTRAL REGION,CENTRAL REGION,UTTAR PRADESH,UTTAR PRADESH,Faizabad,FAIZABAD,0.0,8377.0,0.0,467.0,0.0,2369.0,1414.0,0.0,33973.0,0.0,1948.0,0.0,5705.0,8888.0,0.0,94.0,0.0,6.0,0.0,39.0,18.0
2013-09,2013,9,CENTRAL REGION,CENTRAL REGION,UTTAR PRADESH,UTTAR PRADESH,Farrukhabad,FARRUKHABAD,0.0,4676.0,0.0,102.0,0.0,4018.0,1275.0,0.0,13804.0,0.0,892.0,0.0,6986.0,6320.0,0.0,35.0,0.0,3.0,0.0,52.0,14.0
2013-09,2013,9,CENTRAL REGION,CENTRAL REGION,UTTAR PRADESH,UTTAR PRADESH,Fatehpur,FATEHPUR,0.0,5147.0,0.0,1179.0,0.0,2364.0,2009.0,0.0,15796.0,0.0,817.0,0.0,7649.0,9739.0,0.0,70.0,0.0,5.0,0.0,63.0,18.0
2013-09,2013,9,CENTRAL REGION,CENTRAL REGION,UTTAR PRADESH,UTTAR PRADESH,Firozabad,FIROZABAD,0.0,14538.0,0.0,795.0,0.0,1475.0,2959.0,0.0,22088.0,0.0,1649.0,0.0,2619.0,8683.0,0.0,64.0,0.0,10.0,0.0,28.0,20.0
2013-09,2013,9,CENTRAL REGION,CENTRAL REGION,UTTAR PRADESH,UTTAR PRADESH,Gautam Buddha Nagar,GAUTAM BUDDHA NAGAR,2198.0,172957.0,0.0,36911.0,8543.0,70.0,17416.0,16580.0,293940.0,0.0,144328.0,12398.0,201.0,52793.0,5.0,200.0,0.0,70.0,15.0,9.0,54.0
2013-09,2013,9,CENTRAL REGION,CENTRAL REGION,UTTAR PRADESH,UTTAR PRADESH,Ghaziabad,GHAZIABAD,0.0,76175.0,0.0,18709.0,4537.0,566.0,16599.0,0.0,183136.0,0.0,35842.0,7175.0,914.0,34609.0,0.0,251.0,0.0,38.0,16.0,6.0,47.0
2013-09,2013,9,CENTRAL REGION,CENTRAL REGION,UTTAR PRADESH,UTTAR PRADESH,Ghazipur,GHAZIPUR,0.0,8310.0,0.0,44.0,0.0,2664.0,1759.0,0.0,40745.0,0.0,621.0,0.0,9512.0,13083.0,0.0,105.0,0.0,4.0,0.0,72.0,21.0
2013-09,2013,9,CENTRAL REGION,CENTRAL REGION,UTTAR PRADESH,UTTAR PRADESH,Gonda,GONDA,0.0,8561.0,0.0,251.0,0.0,4734.0,2079.0,0.0,22414.0,0.0,899.0,0.0,7412.0,8966.0,0.0,73.0,0.0,3.0,0.0,51.0,21.0
2013-09,2013,9,CENTRAL REGION,CENTRAL REGION,UTTAR PRADESH,UTTAR PRADESH,Gorakhpur,GORAKHPUR,0.0,19993.0,0.0,3265.0,1.0,4868.0,8020.0,0.0,78532.0,0.0,5226.0,169.0,10925.0,60248.0,0.0,133.0,0.0,13.0,1.0,73.0,75.0
2013-09,2013,9,CENTRAL REGION,CENTRAL REGION,UTTAR PRADESH,UTTAR PRADESH,Hamirpur,HAMIRPUR,0.0,4429.0,0.0,63.0,0.0,2866.0,2422.0,0.0,7516.0,0.0,282.0,0.0,2345.0,5255.0,0.0,31.0,0.0,3.0,0.0,35.0,11.0
2013-09,2013,9,CENTRAL REGION,CENTRAL REGION,UTTAR PRADESH,UTTAR PRADESH,Hardoi,HARDOI,0.0,11357.0,0.0,288.0,0.0,4133.0,2017.0,0.0,22158.0,0.0,988.0,0.0,8543.0,8185.0,0.0,97.0,0.0,5.0,0.0,62.0,26.0
2013-09,2013,9,CENTRAL REGION,CENTRAL REGION,UTTAR PRADESH,UTTAR PRADESH,Hathras,HATHRAS,0.0,8676.0,0.0,156.0,0.0,3280.0,1851.0,0.0,12103.0,0.0,433.0,0.0,5274.0,5250.0,0.0,57.0,0.0,5.0,0.0,35.0,15.0
2013-09,2013,9,CENTRAL REGION,CENTRAL REGION,UTTAR PRADESH,UTTAR PRADESH,Jalaun,JALAUN,0.0,10853.0,0.0,100.0,0.0,3191.0,2183.0,0.0,15182.0,0.0,275.0,0.0,4661.0,5510.0,0.0,49.0,0.0,1.0,0.0,48.0,10.0
2013-09,2013,9,CENTRAL REGION,CENTRAL REGION,UTTAR PRADESH,UTTAR PRADESH,Jaunpur,JAUNPUR,0.0,7782.0,0.0,114.0,0.0,4388.0,1965.0,0.0,50383.0,0.0,1139.0,0.0,14634.0,12345.0,0.0,125.0,0.0,4.0,0.0,94.0,26.0
2013-09,2013,9,CENTRAL REGION,CENTRAL REGION,UTTAR PRADESH,UTTAR PRADESH,Jhansi,JHANSI,0.0,14821.0,0.0,1819.0,0.0,2235.0,6062.0,0.0,42608.0,0.0,2952.0,101.0,3415.0,18362.0,0.0,95.0,0.0,11.0,1.0,24.0,31.0
2013-09,2013,9,CENTRAL REGION,CENTRAL REGION,UTTAR PRADESH,UTTAR PRADESH,Jyotiba Phule Nagar,JYOTIBA PHULE NAGAR,0.0,3349.0,0.0,164.0,0.0,8231.0,775.0,0.0,9296.0,0.0,697.0,0.0,7444.0,3703.0,0.0,42.0,0.0,9.0,0.0,71.0,10.0
2013-09,2013,9,CENTRAL REGION,CENTRAL REGION,UTTAR PRADESH,UTTAR PRADESH,Kanauj,KANAUJ,0.0,4902.0,0.0,93.0,0.0,2925.0,1171.0,0.0,9344.0,0.0,558.0,0.0,4861.0,3893.0,0.0,38.0,0.0,5.0,0.0,38.0,9.0
2013-09,2013,9,CENTRAL REGION,CENTRAL REGION,UTTAR PRADESH,UTTAR PRADESH,Kanpur Dehat,KANPUR DEHAT,0.0,4245.0,0.0,0.0,0.0,4243.0,1748.0,0.0,10137.0,0.0,0.0,0.0,10900.0,7008.0,0.0,53.0,0.0,0.0,0.0,78.0,24.0
2013-09,2013,9,CENTRAL REGION,CENTRAL REGION,UTTAR PRADESH,UTTAR PRADESH,Kanpur Nagar,KANPUR NAGAR,381.0,97950.0,0.0,12053.0,1656.0,1804.0,34540.0,4017.0,362584.0,0.0,28869.0,3477.0,6672.0,90288.0,1.0,313.0,0.0,30.0,7.0,27.0,115.0
2013-09,2013,9,CENTRAL REGION,CENTRAL REGION,UTTAR PRADESH,UTTAR PRADESH,Kanshiram Nagar,KANSHIRAM NAGAR,0.0,2229.0,0.0,48.0,0.0,2162.0,1344.0,0.0,5478.0,0.0,111.0,0.0,3150.0,3912.0,0.0,24.0,0.0,2.0,0.0,27.0,15.0
2013-09,2013,9,CENTRAL REGION,CENTRAL REGION,UTTAR PRADESH,UTTAR PRADESH,Kaushambi,KAUSHAMBI,0.0,0.0,2031.0,2.0,0.0,822.0,825.0,0.0,0.0,6946.0,57.0,0.0,2500.0,5975.0,0.0,0.0,40.0,1.0,0.0,27.0,22.0
2013-09,2013,9,CENTRAL REGION,CENTRAL REGION,UTTAR PRADESH,UTTAR PRADESH,Kheri,KHERI,0.0,0.0,14084.0,600.0,0.0,7138.0,4430.0,0.0,0.0,23865.0,1010.0,0.0,5425.0,6729.0,0.0,0.0,105.0,10.0,0.0,61.0,21.0
2013-09,2013,9,CENTRAL REGION,CENTRAL REGION,UTTAR PRADESH,UTTAR PRADESH,Kushi Nagar,KUSHI NAGAR,0.0,0.0,5643.0,93.0,0.0,5449.0,1436.0,0.0,0.0,22806.0,698.0,0.0,6939.0,7014.0,0.0,0.0,66.0,6.0,0.0,70.0,16.0
2013-09,2013,9,CENTRAL REGION,CENTRAL REGION,UTTAR PRADESH,UTTAR PRADESH,Lalitpur,LALITPUR,0.0,0.0,5570.0,86.0,0.0,2145.0,2290.0,0.0,0.0,9908.0,204.0,0.0,1871.0,3275.0,0.0,0.0,31.0,2.0,0.0,21.0,11.0
2013-09,2013,9,CENTRAL REGION,CENTRAL REGION,UTTAR PRADESH,UTTAR PRADESH,Lucknow,LUCKNOW,261.0,0.0,384783.0,21867.0,5238.0,1922.0,53460.0,2873.0,0.0,550662.0,59703.0,9804.0,6416.0,149128.0,4.0,0.0,512.0,57.0,18.0,38.0,122.0
2013-09,2013,9,CENTRAL REGION,CENTRAL REGION,UTTAR PRADESH,UTTAR PRADESH,Maharajganj,MAHARAJGANJ,0.0,0.0,2622.0,117.0,0.0,3264.0,2680.0,0.0,0.0,8245.0,574.0,0.0,4105.0,10201.0,0.0,0.0,33.0,4.0,0.0,54.0,28.0
2013-09,2013,9,CENTRAL REGION,CENTRAL REGION,UTTAR PRADESH,UTTAR PRADESH,Mahoba,MAHOBA,0.0,0.0,4053.0,55.0,0.0,2325.0,1305.0,0.0,0.0,6417.0,180.0,0.0,2489.0,3295.0,0.0,0.0,18.0,2.0,0.0,21.0,6.0
2013-09,2013,9,CENTRAL REGION,CENTRAL REGION,UTTAR PRADESH,UTTAR PRADESH,Mainpuri,MAINPURI,0.0,0.0,4880.0,70.0,0.0,1812.0,2142.0,0.0,0.0,12775.0,647.0,0.0,3720.0,5705.0,0.0,0.0,32.0,3.0,0.0,40.0,14.0
2013-09,2013,9,CENTRAL REGION,CENTRAL REGION,UTTAR PRADESH,UTTAR PRADESH,Mathura,MATHURA,0.0,0.0,27343.0,1434.0,14.0,568.0,7329.0,58.0,0.0,40305.0,3949.0,78.0,646.0,20104.0,1.0,0.0,157.0,14.0,2.0,15.0,50.0
2013-09,2013,9,CENTRAL REGION,CENTRAL REGION,UTTAR PRADESH,UTTAR PRADESH,Mau,MAU,0.0,0.0,3804.0,38.0,0.0,1886.0,965.0,0.0,0.0,21968.0,928.0,0.0,6912.0,8801.0,0.0,0.0,65.0,5.0,0.0,39.0,15.0
2013-09,2013,9,CENTRAL REGION,CENTRAL REGION,UTTAR PRADESH,UTTAR PRADESH,Meerut,MEERUT,0.0,0.0,62765.0,4354.0,890.0,708.0,13106.0,0.0,0.0,102926.0,13485.0,1656.0,301.0,31114.0,0.0,0.0,237.0,22.0,6.0,4.0,63.0
2013-09,2013,9,CENTRAL REGION,CENTRAL REGION,UTTAR PRADESH,UTTAR PRADESH,Mirzapur,MIRZAPUR,0.0,0.0,8264.0,135.0,0.0,2831.0,911.0,0.0,0.0,26831.0,1133.0,0.0,4968.0,6730.0,0.0,0.0,74.0,3.0,0.0,51.0,17.0
2013-09,2013,9,CENTRAL REGION,CENTRAL REGION,UTTAR PRADESH,UTTAR PRADESH,Moradabad,MORADABAD,937.0,0.0,21451.0,8708.0,611.0,10453.0,9427.0,333.0,0.0,36517.0,5276.0,820.0,14791.0,15726.0,3.0,0.0,90.0,12.0,5.0,84.0,36.0
2013-09,2013,9,CENTRAL REGION,CENTRAL REGION,UTTAR PRADESH,UTTAR PRADESH,Muzaffarnagar,MUZAFFARNAGAR,0.0,0.0,42813.0,1042.0,158.0,1655.0,9302.0,0.0,0.0,36471.0,2442.0,478.0,2469.0,12434.0,0.0,0.0,133.0,10.0,2.0,26.0,36.0
2013-09,2013,9,CENTRAL REGION,CENTRAL REGION,UTTAR PRADESH,UTTAR PRADESH,Panchsheel Nagar,PANCHSHEEL NAGAR,0.0,0.0,14106.0,291.0,0.0,668.0,2372.0,0.0,0.0,18861.0,1437.0,0.0,816.0,3896.0,0.0,0.0,69.0,5.0,0.0,10.0,10.0
2013-09,2013,9,CENTRAL REGION,CENTRAL REGION,UTTAR PRADESH,UTTAR PRADESH,Pilibhit,PILIBHIT,0.0,0.0,9466.0,812.0,70.0,1418.0,3179.0,0.0,0.0,13406.0,1109.0,177.0,1437.0,4489.0,0.0,0.0,68.0,5.0,1.0,19.0,19.0
2013-09,2013,9,CENTRAL REGION,CENTRAL REGION,UTTAR PRADESH,UTTAR PRADESH,Prabudh Nagar,PRABUDH NAGAR,0.0,0.0,8084.0,105.0,0.0,586.0,2251.0,0.0,0.0,10589.0,421.0,0.0,779.0,3895.0,0.0,0.0,47.0,3.0,0.0,9.0,14.0
2013-09,2013,9,CENTRAL REGION,CENTRAL REGION,UTTAR PRADESH,UTTAR PRADESH,Pratapgarh,PRATAPGARH,0.0,0.0,3736.0,187.0,0.0,2700.0,1921.0,0.0,0.0,19846.0,2110.0,0.0,11282.0,16133.0,0.0,0.0,69.0,5.0,0.0,80.0,28.0
2013-09,2013,9,CENTRAL REGION,CENTRAL REGION,UTTAR PRADESH,UTTAR PRADESH,Rai Bareli,RAI BARELI,0.0,0.0,6973.0,380.0,0.0,2354.0,1239.0,0.0,0.0,24989.0,1298.0,0.0,8269.0,9781.0,0.0,0.0,97.0,6.0,0.0,67.0,25.0
2013-09,2013,9,CENTRAL REGION,CENTRAL REGION,UTTAR PRADESH,UTTAR PRADESH,Rampur,RAMPUR,0.0,0.0,6530.0,295.0,186.0,7147.0,2768.0,0.0,0.0,13143.0,972.0,378.0,3678.0,6339.0,0.0,0.0,68.0,4.0,2.0,51.0,22.0
2013-09,2013,9,CENTRAL REGION,CENTRAL REGION,UTTAR PRADESH,UTTAR PRADESH,Saharanpur,SAHARANPUR,3.0,0.0,32460.0,1313.0,259.0,521.0,7648.0,64.0,0.0,44919.0,3558.0,397.0,299.0,14384.0,1.0,0.0,172.0,10.0,3.0,12.0,43.0
2013-09,2013,9,CENTRAL REGION,CENTRAL REGION,UTTAR PRADESH,UTTAR PRADESH,Sant Kabir Nagar,SANT KABIR NAGAR,0.0,0.0,1686.0,13.0,0.0,2290.0,1196.0,0.0,0.0,7125.0,262.0,0.0,4445.0,6909.0,0.0,0.0,25.0,3.0,0.0,52.0,18.0
2013-09,2013,9,CENTRAL REGION,CENTRAL REGION,UTTAR PRADESH,UTTAR PRADESH,Sant Ravidas Nagar,SANT RAVIDAS NAGAR,0.0,0.0,6015.0,61.0,1065.0,712.0,1579.0,0.0,0.0,17373.0,1011.0,554.0,2014.0,5029.0,0.0,0.0,52.0,8.0,1.0,18.0,9.0
2013-09,2013,9,CENTRAL REGION,CENTRAL REGION,UTTAR PRADESH,UTTAR PRADESH,Shahjahanpur,SHAHJAHANPUR,0.0,0.0,14114.0,1174.0,94.0,4002.0,2690.0,0.0,0.0,22470.0,1113.0,303.0,4780.0,8242.0,0.0,0.0,96.0,4.0,1.0,41.0,30.0
2013-09,2013,9,CENTRAL REGION,CENTRAL REGION,UTTAR PRADESH,UTTAR PRADESH,Shravasti,SHRAVASTI,0.0,0.0,3545.0,16.0,0.0,2138.0,17.0,0.0,0.0,6469.0,99.0,0.0,3293.0,231.0,0.0,0.0,28.0,1.0,0.0,35.0,1.0
2013-09,2013,9,CENTRAL REGION,CENTRAL REGION,UTTAR PRADESH,UTTAR PRADESH,Sidharthanagar,SIDHARTHANAGAR,0.0,0.0,1077.0,38.0,0.0,2742.0,2802.0,0.0,0.0,5217.0,175.0,0.0,4568.0,12402.0,0.0,0.0,26.0,3.0,0.0,54.0,34.0
2013-09,2013,9,CENTRAL REGION,CENTRAL REGION,UTTAR PRADESH,UTTAR PRADESH,Sitapur,SITAPUR,0.0,0.0,8405.0,545.0,123.0,7705.0,2199.0,0.0,0.0,19009.0,1328.0,250.0,11613.0,7808.0,0.0,0.0,76.0,5.0,1.0,115.0,18.0
2013-09,2013,9,CENTRAL REGION,CENTRAL REGION,UTTAR PRADESH,UTTAR PRADESH,Sonbhadra,SONBHADRA,0.0,0.0,7723.0,260.0,0.0,1126.0,1456.0,0.0,0.0,24889.0,1184.0,80.0,1506.0,12756.0,0.0,0.0,71.0,8.0,1.0,15.0,19.0
2013-09,2013,9,CENTRAL REGION,CENTRAL REGION,UTTAR PRADESH,UTTAR PRADESH,Sultanpur,SULTANPUR,0.0,0.0,4015.0,362.0,0.0,3913.0,956.0,0.0,0.0,17424.0,1149.0,0.0,11256.0,6599.0,0.0,0.0,58.0,3.0,0.0,63.0,13.0
2013-09,2013,9,CENTRAL REGION,CENTRAL REGION,UTTAR PRADESH,UTTAR PRADESH,Unnao,UNNAO,0.0,0.0,5872.0,285.0,0.0,4083.0,2107.0,0.0,0.0,25401.0,868.0,0.0,10251.0,10455.0,0.0,0.0,82.0,4.0,0.0,57.0,19.0
2013-09,2013,9,CENTRAL REGION,CENTRAL REGION,UTTAR PRADESH,UTTAR PRADESH,Varanasi,VARANASI,0.0,0.0,44375.0,6260.0,657.0,3520.0,9218.0,0.0,0.0,143682.0,14592.0,2321.0,9687.0,50548.0,0.0,0.0,191.0,21.0,6.0,63.0,69.0
2013-09,2013,9,CENTRAL REGION,CENTRAL REGION,UTTARAKHAND,UTTARAKHAND,Almora,ALMORA,0.0,0.0,1064.0,27.0,312.0,794.0,2677.0,0.0,0.0,7225.0,292.0,1015.0,2188.0,13190.0,0.0,0.0,36.0,2.0,4.0,23.0,38.0
2013-09,2013,9,CENTRAL REGION,CENTRAL REGION,UTTARAKHAND,UTTARAKHAND,Bageshwar,BAGESHWAR,0.0,0.0,328.0,0.0,123.0,590.0,709.0,0.0,0.0,1040.0,0.0,589.0,1275.0,4040.0,0.0,0.0,12.0,0.0,3.0,13.0,9.0
2013-09,2013,9,CENTRAL REGION,CENTRAL REGION,UTTARAKHAND,UTTARAKHAND,Chamoli,CHAMOLI,0.0,0.0,426.0,0.0,35.0,451.0,2228.0,0.0,0.0,2516.0,0.0,115.0,965.0,9277.0,0.0,0.0,17.0,0.0,2.0,13.0,26.0
2013-09,2013,9,CENTRAL REGION,CENTRAL REGION,UTTARAKHAND,UTTARAKHAND,Champawat,CHAMPAWAT,0.0,0.0,384.0,0.0,281.0,316.0,741.0,0.0,0.0,1607.0,0.0,939.0,672.0,3955.0,0.0,0.0,13.0,0.0,6.0,7.0,9.0
2013-09,2013,9,CENTRAL REGION,CENTRAL REGION,UTTARAKHAND,UTTARAKHAND,Dehra Dun,DEHRA DUN,164.0,0.0,47526.0,6156.0,1593.0,2517.0,17010.0,515.0,0.0,156897.0,21209.0,3133.0,3763.0,169517.0,1.0,0.0,252.0,23.0,12.0,32.0,88.0
2013-09,2013,9,CENTRAL REGION,CENTRAL REGION,UTTARAKHAND,UTTARAKHAND,Garhwal,GARHWAL,0.0,0.0,2451.0,106.0,235.0,1296.0,3091.0,0.0,0.0,13482.0,509.0,668.0,3297.0,18364.0,0.0,0.0,58.0,6.0,3.0,38.0,45.0
2013-09,2013,9,CENTRAL REGION,CENTRAL REGION,UTTARAKHAND,UTTARAKHAND,Haridwar,HARIDWAR,0.0,0.0,31916.0,1536.0,599.0,574.0,10513.0,0.0,0.0,65834.0,5798.0,1072.0,436.0,26549.0,0.0,0.0,135.0,8.0,4.0,10.0,40.0
2013-09,2013,9,CENTRAL REGION,CENTRAL REGION,UTTARAKHAND,UTTARAKHAND,Nainital,NAINITAL,0.0,0.0,9621.0,610.0,2244.0,1960.0,4910.0,0.0,0.0,28098.0,2714.0,4583.0,3119.0,16883.0,0.0,0.0,77.0,10.0,17.0,24.0,31.0
2013-09,2013,9,CENTRAL REGION,CENTRAL REGION,UTTARAKHAND,UTTARAKHAND,Pithoragarh,PITHORAGARH,0.0,0.0,502.0,9.0,196.0,1502.0,2657.0,0.0,0.0,2184.0,83.0,604.0,2704.0,11013.0,0.0,0.0,16.0,1.0,2.0,28.0,29.0
2013-09,2013,9,CENTRAL REGION,CENTRAL REGION,UTTARAKHAND,UTTARAKHAND,Rudraprayag,RUDRAPRAYAG,0.0,0.0,227.0,0.0,21.0,335.0,1277.0,0.0,0.0,1259.0,0.0,54.0,553.0,5637.0,0.0,0.0,15.0,0.0,1.0,7.0,16.0
2013-09,2013,9,CENTRAL REGION,CENTRAL REGION,UTTARAKHAND,UTTARAKHAND,Tehri Garhwal,TEHRI GARHWAL,0.0,0.0,1258.0,0.0,35.0,757.0,1862.0,0.0,0.0,7143.0,0.0,110.0,1393.0,9749.0,0.0,0.0,31.0,0.0,1.0,20.0,32.0
2013-09,2013,9,CENTRAL REGION,CENTRAL REGION,UTTARAKHAND,UTTARAKHAND,Udham Singh Nagar,UDHAM SINGH NAGAR,0.0,0.0,30883.0,4759.0,6176.0,1546.0,13763.0,0.0,0.0,31837.0,5554.0,3088.0,1216.0,12212.0,0.0,0.0,134.0,23.0,15.0,10.0,34.0
2013-09,2013,9,CENTRAL REGION,CENTRAL REGION,UTTARAKHAND,UTTARAKHAND,Uttar Kashi,UTTAR KASHI,0.0,0.0,657.0,0.0,0.0,251.0,1537.0,0.0,0.0,2795.0,0.0,0.0,397.0,4217.0,0.0,0.0,16.0,0.0,0.0,6.0,17.0
2013-09,2013,9,EASTERN REGION,EASTERN REGION,WEST BENGAL,WEST BENGAL,Bankura,BANKURA,0.0,0.0,6959.0,249.0,0.0,4134.0,2928.0,0.0,0.0,36128.0,1379.0,0.0,11095.0,18571.0,0.0,0.0,100.0,4.0,0.0,70.0,34.0
2013-09,2013,9,EASTERN REGION,EASTERN REGION,WEST BENGAL,WEST BENGAL,Barddhaman,BARDDHAMAN,0.0,0.0,50535.0,11733.0,219.0,4828.0,26810.0,0.0,0.0,186015.0,21108.0,593.0,10638.0,119970.0,0.0,0.0,317.0,44.0,11.0,71.0,126.0
2013-09,2013,9,EASTERN REGION,EASTERN REGION,WEST BENGAL,WEST BENGAL,Birbhum,BIRBHUM,0.0,0.0,7229.0,506.0,0.0,3262.0,4637.0,0.0,0.0,32599.0,3321.0,0.0,9961.0,24979.0,0.0,0.0,114.0,11.0,0.0,67.0,38.0
2013-09,2013,9,EASTERN REGION,EASTERN REGION,WEST BENGAL,WEST BENGAL,Dakshin Dinajpur,DAKSHIN DINAJPUR,0.0,0.0,3283.0,26.0,0.0,3382.0,1780.0,0.0,0.0,8845.0,383.0,0.0,3835.0,6345.0,0.0,0.0,39.0,3.0,0.0,30.0,12.0
2013-09,2013,9,EASTERN REGION,EASTERN REGION,WEST BENGAL,WEST BENGAL,Darjiling,DARJILING,312.0,0.0,15500.0,8384.0,142.0,2007.0,11795.0,291.0,0.0,35888.0,11330.0,608.0,4328.0,30490.0,2.0,0.0,87.0,19.0,2.0,30.0,37.0
2013-09,2013,9,EASTERN REGION,EASTERN REGION,WEST BENGAL,WEST BENGAL,Haora,HAORA,301.0,0.0,20220.0,1338.0,1306.0,2061.0,11444.0,1630.0,0.0,119846.0,11447.0,4498.0,7976.0,45788.0,2.0,0.0,191.0,26.0,9.0,45.0,59.0
2013-09,2013,9,EASTERN REGION,EASTERN REGION,WEST BENGAL,WEST BENGAL,Hugli,HUGLI,0.0,0.0,20477.0,1582.0,0.0,1584.0,10244.0,0.0,0.0,130251.0,15763.0,0.0,3921.0,51380.0,0.0,0.0,238.0,31.0,0.0,35.0,60.0
2013-09,2013,9,EASTERN REGION,EASTERN REGION,WEST BENGAL,WEST BENGAL,Jalpaiguri,JALPAIGURI,0.0,0.0,8062.0,363.0,409.0,3773.0,4508.0,0.0,0.0,28894.0,3762.0,421.0,6352.0,23896.0,0.0,0.0,104.0,14.0,1.0,43.0,29.0
2013-09,2013,9,EASTERN REGION,EASTERN REGION,WEST BENGAL,WEST BENGAL,Koch Bihar,KOCH BIHAR,0.0,0.0,5606.0,342.0,0.0,4124.0,4301.0,0.0,0.0,16017.0,1559.0,0.0,5386.0,10646.0,0.0,0.0,67.0,5.0,0.0,49.0,23.0
2013-09,2013,9,EASTERN REGION,EASTERN REGION,WEST BENGAL,WEST BENGAL,Kolkata,KOLKATA,86059.0,0.0,1177845.0,249897.0,66416.0,0.0,551478.0,90799.0,0.0,1304158.0,364037.0,56489.0,0.0,372151.0,30.0,0.0,873.0,166.0,51.0,0.0,232.0
2013-09,2013,9,EASTERN REGION,EASTERN REGION,WEST BENGAL,WEST BENGAL,Maldah,MALDAH,0.0,0.0,7816.0,2274.0,0.0,5750.0,3478.0,0.0,0.0,25589.0,2288.0,0.0,8928.0,12864.0,0.0,0.0,80.0,4.0,0.0,58.0,34.0
2013-09,2013,9,EASTERN REGION,EASTERN REGION,WEST BENGAL,WEST BENGAL,Murshidabad,MURSHIDABAD,0.0,0.0,14750.0,907.0,0.0,4713.0,7137.0,0.0,0.0,49966.0,3120.0,0.0,10388.0,25791.0,0.0,0.0,180.0,11.0,0.0,70.0,58.0
2013-09,2013,9,EASTERN REGION,EASTERN REGION,WEST BENGAL,WEST BENGAL,Nadia,NADIA,0.0,0.0,12355.0,476.0,0.0,4638.0,7918.0,0.0,0.0,58504.0,5071.0,0.0,8824.0,39953.0,0.0,0.0,140.0,14.0,0.0,68.0,51.0
2013-09,2013,9,EASTERN REGION,EASTERN REGION,WEST BENGAL,WEST BENGAL,North 24 Parganas,NORTH 24 PARGANAS,0.0,0.0,73625.0,6217.0,1358.0,2961.0,28207.0,0.0,0.0,372277.0,74100.0,2792.0,7948.0,143368.0,0.0,0.0,424.0,74.0,8.0,54.0,120.0
2013-09,2013,9,EASTERN REGION,EASTERN REGION,WEST BENGAL,WEST BENGAL,Paschim Medinipur,PASCHIM MEDINIPUR,0.0,0.0,28050.0,2635.0,78.0,2390.0,9291.0,0.0,0.0,87839.0,3777.0,128.0,5515.0,31598.0,0.0,0.0,238.0,10.0,1.0,37.0,64.0
2013-09,2013,9,EASTERN REGION,EASTERN REGION,WEST BENGAL,WEST BENGAL,Purba Medinipur,PURBA MEDINIPUR,0.0,0.0,16137.0,2183.0,0.0,3748.0,5467.0,0.0,0.0,60169.0,4535.0,0.0,6347.0,25870.0,0.0,0.0,154.0,14.0,0.0,47.0,46.0
2013-09,2013,9,EASTERN REGION,EASTERN REGION,WEST BENGAL,WEST BENGAL,Puruliya,PURULIYA,0.0,0.0,5018.0,99.0,0.0,1900.0,1230.0,0.0,0.0,28094.0,1230.0,0.0,5272.0,13431.0,0.0,0.0,76.0,3.0,0.0,31.0,28.0
2013-09,2013,9,EASTERN REGION,EASTERN REGION,WEST BENGAL,WEST BENGAL,South 24 Parganas,SOUTH 24 PARGANAS,0.0,0.0,30489.0,2981.0,306.0,4255.0,8242.0,0.0,0.0,89910.0,8133.0,553.0,9872.0,42392.0,0.0,0.0,226.0,28.0,7.0,68.0,67.0
2013-09,2013,9,EASTERN REGION,EASTERN REGION,WEST BENGAL,WEST BENGAL,Uttar Dinajpur,UTTAR DINAJPUR,0.0,0.0,3897.0,529.0,0.0,3826.0,3394.0,0.0,0.0,10909.0,1205.0,0.0,4227.0,11209.0,0.0,0.0,44.0,10.0,0.0,34.0,21.0
2013-12,2013,12,EASTERN REGION,EASTERN REGION,ANDAMAN & NICOBAR ISLANDS,ANDAMAN AND NICOBAR ISLANDS,Nicobar,NICOBAR,0.0,0.0,40.0,0.0,0.0,0.0,70.0,0.0,0.0,440.0,0.0,0.0,0.0,726.0,0.0,0.0,1.0,0.0,0.0,0.0,2.0
2013-12,2013,12,EASTERN REGION,EASTERN REGION,ANDAMAN & NICOBAR ISLANDS,ANDAMAN AND NICOBAR ISLANDS,North And Middle Andaman,NORTH AND MIDDLE ANDAMAN,0.0,0.0,57.0,0.0,0.0,0.0,725.0,0.0,0.0,175.0,92.0,0.0,0.0,2479.0,0.0,0.0,2.0,1.0,0.0,0.0,5.0
2013-12,2013,12,EASTERN REGION,EASTERN REGION,ANDAMAN & NICOBAR ISLANDS,ANDAMAN AND NICOBAR ISLANDS,South Andaman,SOUTH ANDAMAN,0.0,0.0,3453.0,90.0,60.0,0.0,5086.0,0.0,0.0,9106.0,1377.0,77.0,0.0,11416.0,0.0,0.0,24.0,4.0,1.0,0.0,16.0
2013-12,2013,12,SOUTHERN REGION,SOUTHERN REGION,ANDHRA PRADESH,ANDHRA PRADESH,Adilabad,ADILABAD,0.0,0.0,11438.0,1910.0,1464.0,13399.0,25440.0,0.0,0.0,10814.0,1591.0,771.0,13469.0,24978.0,0.0,0.0,53.0,13.0,6.0,86.0,63.0
2013-12,2013,12,SOUTHERN REGION,SOUTHERN REGION,ANDHRA PRADESH,ANDHRA PRADESH,Anantapur,ANANTAPUR,0.0,0.0,35260.0,3611.0,7584.0,18778.0,30460.0,0.0,0.0,35028.0,4112.0,10095.0,15000.0,35952.0,0.0,0.0,132.0,21.0,27.0,106.0,73.0
2013-12,2013,12,SOUTHERN REGION,SOUTHERN REGION,ANDHRA PRADESH,ANDHRA PRADESH,Chittoor,CHITTOOR,0.0,0.0,60195.0,4017.0,6218.0,23234.0,33745.0,0.0,0.0,119898.0,5473.0,7344.0,18406.0,46133.0,0.0,0.0,199.0,20.0,31.0,100.0,85.0
2013-12,2013,12,SOUTHERN REGION,SOUTHERN REGION,ANDHRA PRADESH,ANDHRA PRADESH,East Godavari,EAST GODAVARI,0.0,0.0,93619.0,11499.0,8684.0,2917.0,60671.0,0.0,0.0,68770.0,8805.0,8119.0,2907.0,52652.0,1.0,0.0,300.0,36.0,38.0,31.0,152.0
2013-12,2013,12,SOUTHERN REGION,SOUTHERN REGION,ANDHRA PRADESH,ANDHRA PRADESH,Guntur,GUNTUR,0.0,0.0,119819.0,8055.0,16363.0,13530.0,78608.0,0.0,0.0,62930.0,7757.0,8782.0,7868.0,43200.0,0.0,0.0,285.0,31.0,40.0,75.0,150.0
2013-12,2013,12,SOUTHERN REGION,SOUTHERN REGION,ANDHRA PRADESH,ANDHRA PRADESH,Hyderabad,HYDERABAD,62102.0,0.0,1233691.0,274134.0,121523.0,656.0,525518.0,79001.0,0.0,843600.0,289685.0,71095.0,2425.0,511701.0,11.0,0.0,517.0,145.0,79.0,12.0,252.0
2013-12,2013,12,SOUTHERN REGION,SOUTHERN REGION,ANDHRA PRADESH,ANDHRA PRADESH,Karimnagar,KARIMNAGAR,0.0,0.0,27900.0,4146.0,1009.0,7647.0,28874.0,0.0,0.0,34317.0,4216.0,1823.0,8789.0,40434.0,0.0,0.0,116.0,40.0,12.0,70.0,92.0
2013-12,2013,12,SOUTHERN REGION,SOUTHERN REGION,ANDHRA PRADESH,ANDHRA PRADESH,Khammam,KHAMMAM,0.0,0.0,20985.0,2901.0,1673.0,10691.0,26061.0,0.0,0.0,18239.0,2539.0,1538.0,6821.0,33818.0,0.0,0.0,69.0,12.0,10.0,75.0,87.0
2013-12,2013,12,SOUTHERN REGION,SOUTHERN REGION,ANDHRA PRADESH,ANDHRA PRADESH,Krishna,KRISHNA,0.0,0.0,107928.0,22341.0,12813.0,7598.0,60229.0,0.0,0.0,97745.0,12707.0,14002.0,4864.0,61059.0,0.0,0.0,322.0,39.0,37.0,54.0,154.0
2013-12,2013,12,SOUTHERN REGION,SOUTHERN REGION,ANDHRA PRADESH,ANDHRA PRADESH,Kurnool,KURNOOL,0.0,0.0,33937.0,5838.0,6354.0,11643.0,33059.0,13.0,0.0,29024.0,3530.0,5679.0,11050.0,26369.0,1.0,0.0,139.0,20.0,18.0,89.0,87.0
2013-12,2013,12,SOUTHERN REGION,SOUTHERN REGION,ANDHRA PRADESH,ANDHRA PRADESH,Mahbubnagar,MAHBUBNAGAR,0.0,0.0,19482.0,2086.0,411.0,11630.0,28995.0,0.0,0.0,12304.0,1426.0,677.0,7619.0,26013.0,0.0,0.0,92.0,22.0,6.0,77.0,94.0
2013-12,2013,12,SOUTHERN REGION,SOUTHERN REGION,ANDHRA PRADESH,ANDHRA PRADESH,Medak,MEDAK,0.0,0.0,36431.0,2987.0,290.0,11989.0,30545.0,0.0,0.0,15141.0,3590.0,1119.0,13866.0,35056.0,1.0,0.0,92.0,27.0,6.0,70.0,77.0
2013-12,2013,12,SOUTHERN REGION,SOUTHERN REGION,ANDHRA PRADESH,ANDHRA PRADESH,Nalgonda,NALGONDA,0.0,0.0,23665.0,4400.0,994.0,10198.0,36227.0,0.0,0.0,13305.0,2108.0,727.0,8234.0,20875.0,0.0,0.0,97.0,17.0,7.0,81.0,91.0
2013-12,2013,12,SOUTHERN REGION,SOUTHERN REGION,ANDHRA PRADESH,ANDHRA PRADESH,Nellore,NELLORE,0.0,0.0,47322.0,7344.0,4125.0,11854.0,36917.0,0.0,0.0,26681.0,5585.0,4012.0,7371.0,23940.0,0.0,0.0,154.0,15.0,16.0,77.0,70.0
2013-12,2013,12,SOUTHERN REGION,SOUTHERN REGION,ANDHRA PRADESH,ANDHRA PRADESH,Nizamabad,NIZAMABAD,0.0,0.0,25703.0,2763.0,938.0,4868.0,22140.0,0.0,0.0,18257.0,2313.0,1215.0,3869.0,23205.0,0.0,0.0,97.0,18.0,14.0,51.0,85.0
2013-12,2013,12,SOUTHERN REGION,SOUTHERN REGION,ANDHRA PRADESH,ANDHRA PRADESH,Prakasam,PRAKASAM,0.0,0.0,63405.0,3774.0,3584.0,13432.0,38509.0,0.0,0.0,26515.0,2113.0,3527.0,7347.0,21727.0,0.0,0.0,169.0,14.0,17.0,79.0,78.0
2013-12,2013,12,SOUTHERN REGION,SOUTHERN REGION,ANDHRA PRADESH,ANDHRA PRADESH,Rangareddi,RANGAREDDI,0.0,0.0,70245.0,15006.0,13985.0,5045.0,80664.0,0.0,0.0,156490.0,73429.0,17886.0,6890.0,144158.0,0.0,0.0,303.0,69.0,73.0,54.0,191.0
2013-12,2013,12,SOUTHERN REGION,SOUTHERN REGION,ANDHRA PRADESH,ANDHRA PRADESH,Srikakulam,SRIKAKULAM,0.0,0.0,15359.0,1363.0,1219.0,6626.0,16276.0,0.0,0.0,13505.0,1398.0,1548.0,6448.0,18645.0,0.0,0.0,73.0,8.0,8.0,61.0,59.0
2013-12,2013,12,SOUTHERN REGION,SOUTHERN REGION,ANDHRA PRADESH,ANDHRA PRADESH,Visakhapatnam,VISAKHAPATNAM,805.0,0.0,90280.0,19995.0,14870.0,5087.0,95736.0,3191.0,0.0,128061.0,22836.0,14436.0,6536.0,101027.0,1.0,0.0,243.0,31.0,32.0,57.0,175.0
2013-12,2013,12,SOUTHERN REGION,SOUTHERN REGION,ANDHRA PRADESH,ANDHRA PRADESH,Vizianagaram,VIZIANAGARAM,0.0,0.0,9783.0,1475.0,1627.0,5829.0,13648.0,0.0,0.0,12039.0,1372.0,2245.0,4871.0,17231.0,0.0,0.0,70.0,11.0,9.0,57.0,58.0
2013-12,2013,12,SOUTHERN REGION,SOUTHERN REGION,ANDHRA PRADESH,ANDHRA PRADESH,Warangal,WARANGAL,0.0,0.0,29986.0,6319.0,3611.0,7173.0,35488.0,0.0,0.0,25775.0,5957.0,5133.0,4178.0,37068.0,0.0,0.0,109.0,23.0,21.0,51.0,95.0
2013-12,2013,12,SOUTHERN REGION,SOUTHERN REGION,ANDHRA PRADESH,ANDHRA PRADESH,West Godavari,WEST GODAVARI,0.0,0.0,96849.0,6411.0,5800.0,1959.0,44459.0,0.0,0.0,51685.0,4293.0,5139.0,1833.0,33017.0,0.0,0.0,254.0,26.0,30.0,24.0,114.0
2013-12,2013,12,SOUTHERN REGION,SOUTHERN REGION,ANDHRA PRADESH,ANDHRA PRADESH,Y.S.R.,Y S R,0.0,0.0,22600.0,3449.0,3943.0,15090.0,31604.0,5.0,0.0,15891.0,2472.0,3862.0,10857.0,28802.0,1.0,0.0,84.0,20.0,13.0,90.0,77.0
2013-12,2013,12,NORTH-EASTERN REGION,NORTH EASTERN REGION,ARUNACHAL PRADESH,ARUNACHAL PRADESH,Anjaw,ANJAW,0.0,0.0,0.0,0.0,0.0,0.0,52.0,0.0,0.0,0.0,0.0,0.0,0.0,240.0,0.0,0.0,0.0,0.0,0.0,0.0,2.0
2013-12,2013,12,NORTH-EASTERN REGION,NORTH EASTERN REGION,ARUNACHAL PRADESH,ARUNACHAL PRADESH,Chunglang,CHUNGLANG,0.0,0.0,0.0,0.0,0.0,0.0,446.0,0.0,0.0,0.0,0.0,0.0,0.0,2686.0,0.0,0.0,0.0,0.0,0.0,0.0,5.0
2013-12,2013,12,NORTH-EASTERN REGION,NORTH EASTERN REGION,ARUNACHAL PRADESH,ARUNACHAL PRADESH,Dibang Valley,DIBANG VALLEY,0.0,0.0,0.0,0.0,0.0,0.0,46.0,0.0,0.0,0.0,0.0,0.0,0.0,223.0,0.0,0.0,0.0,0.0,0.0,0.0,1.0
2013-12,2013,12,NORTH-EASTERN REGION,NORTH EASTERN REGION,ARUNACHAL PRADESH,ARUNACHAL PRADESH,East Kameng,EAST KAMENG,0.0,0.0,0.0,0.0,0.0,0.0,422.0,0.0,0.0,0.0,0.0,0.0,0.0,933.0,0.0,0.0,0.0,0.0,0.0,0.0,2.0
2013-12,2013,12,NORTH-EASTERN REGION,NORTH EASTERN REGION,ARUNACHAL PRADESH,ARUNACHAL PRADESH,East Siang,EAST SIANG,0.0,0.0,101.0,6.0,0.0,142.0,954.0,0.0,0.0,416.0,116.0,0.0,850.0,2411.0,0.0,0.0,3.0,2.0,0.0,6.0,3.0
2013-12,2013,12,NORTH-EASTERN REGION,NORTH EASTERN REGION,ARUNACHAL PRADESH,ARUNACHAL PRADESH,Kurung Kumey,KURUNG KUMEY,0.0,0.0,0.0,0.0,0.0,0.0,134.0,0.0,0.0,0.0,0.0,0.0,0.0,390.0,0.0,0.0,0.0,0.0,0.0,0.0,2.0
2013-12,2013,12,NORTH-EASTERN REGION,NORTH EASTERN REGION,ARUNACHAL PRADESH,ARUNACHAL PRADESH,Lohit,LOHIT,0.0,0.0,187.0,0.0,0.0,0.0,827.0,0.0,0.0,419.0,0.0,0.0,0.0,3456.0,0.0,0.0,3.0,0.0,0.0,0.0,4.0
2013-12,2013,12,NORTH-EASTERN REGION,NORTH EASTERN REGION,ARUNACHAL PRADESH,ARUNACHAL PRADESH,Longding,LONGDING,0.0,0.0,0.0,0.0,0.0,0.0,148.0,0.0,0.0,0.0,0.0,0.0,0.0,426.0,0.0,0.0,0.0,0.0,0.0,0.0,3.0
2013-12,2013,12,NORTH-EASTERN REGION,NORTH EASTERN REGION,ARUNACHAL PRADESH,ARUNACHAL PRADESH,Lower Dibang Valley,LOWER DIBANG VALLEY,0.0,0.0,0.0,7.0,0.0,0.0,219.0,0.0,0.0,0.0,83.0,0.0,0.0,1427.0,0.0,0.0,0.0,1.0,0.0,0.0,1.0
2013-12,2013,12,NORTH-EASTERN REGION,NORTH EASTERN REGION,ARUNACHAL PRADESH,ARUNACHAL PRADESH,Lower Subansiri,LOWER SUBANSIRI,0.0,0.0,1.0,0.0,0.0,23.0,821.0,0.0,0.0,7.0,0.0,0.0,62.0,1599.0,0.0,0.0,2.0,0.0,0.0,1.0,3.0
2013-12,2013,12,NORTH-EASTERN REGION,NORTH EASTERN REGION,ARUNACHAL PRADESH,ARUNACHAL PRADESH,Papumpare,PAPUMPARE,0.0,0.0,3225.0,256.0,0.0,175.0,4921.0,0.0,0.0,13848.0,1837.0,0.0,354.0,18165.0,0.0,0.0,24.0,4.0,0.0,4.0,7.0
2013-12,2013,12,NORTH-EASTERN REGION,NORTH EASTERN REGION,ARUNACHAL PRADESH,ARUNACHAL PRADESH,Tawang,TAWANG,0.0,0.0,6.0,1.0,0.0,0.0,336.0,0.0,0.0,6.0,62.0,0.0,0.0,6103.0,0.0,0.0,2.0,1.0,0.0,0.0,3.0
2013-12,2013,12,NORTH-EASTERN REGION,NORTH EASTERN REGION,ARUNACHAL PRADESH,ARUNACHAL PRADESH,Tirap,TIRAP,0.0,0.0,0.0,0.0,0.0,0.0,301.0,0.0,0.0,0.0,0.0,0.0,0.0,1603.0,0.0,0.0,0.0,0.0,0.0,0.0,2.0
2013-12,2013,12,NORTH-EASTERN REGION,NORTH EASTERN REGION,ARUNACHAL PRADESH,ARUNACHAL PRADESH,Upper Siang,UPPER SIANG,0.0,0.0,0.0,0.0,0.0,3.0,196.0,0.0,0.0,0.0,0.0,0.0,51.0,708.0,0.0,0.0,0.0,0.0,0.0,1.0,1.0
2013-12,2013,12,NORTH-EASTERN REGION,NORTH EASTERN REGION,ARUNACHAL PRADESH,ARUNACHAL PRADESH,Upper Subansiri,UPPER SUBANSIRI,0.0,0.0,0.0,0.0,0.0,22.0,490.0,0.0,0.0,0.0,0.0,0.0,344.0,1007.0,0.0,0.0,1.0,0.0,0.0,2.0,1.0
2013-12,2013,12,NORTH-EASTERN REGION,NORTH EASTERN REGION,ARUNACHAL PRADESH,ARUNACHAL PRADESH,West Kameng,WEST KAMENG,0.0,0.0,9.0,0.0,0.0,0.0,898.0,0.0,0.0,31.0,0.0,0.0,0.0,3856.0,0.0,0.0,2.0,0.0,0.0,0.0,7.0
2013-12,2013,12,NORTH-EASTERN REGION,NORTH EASTERN REGION,ARUNACHAL PRADESH,ARUNACHAL PRADESH,West Siang,WEST SIANG,0.0,0.0,20.0,0.0,0.0,126.0,1224.0,0.0,0.0,326.0,0.0,0.0,476.0,3293.0,0.0,0.0,1.0,0.0,0.0,4.0,4.0
2013-12,2013,12,NORTH-EASTERN REGION,NORTH EASTERN REGION,ASSAM,ASSAM,Baksa,BAKSA,0.0,0.0,691.0,0.0,0.0,1066.0,372.0,0.0,0.0,2051.0,0.0,0.0,1139.0,1177.0,0.0,0.0,15.0,0.0,0.0,9.0,4.0
2013-12,2013,12,NORTH-EASTERN REGION,NORTH EASTERN REGION,ASSAM,ASSAM,Barpeta,BARPETA,0.0,0.0,2054.0,416.0,0.0,2078.0,3419.0,0.0,0.0,6617.0,635.0,0.0,2946.0,6915.0,0.0,0.0,35.0,6.0,0.0,17.0,11.0
2013-12,2013,12,NORTH-EASTERN REGION,NORTH EASTERN REGION,ASSAM,ASSAM,Bongaigaon,BONGAIGAON,0.0,0.0,2017.0,361.0,43.0,883.0,1374.0,0.0,0.0,5411.0,651.0,73.0,1713.0,3939.0,0.0,0.0,19.0,4.0,1.0,9.0,5.0
2013-12,2013,12,NORTH-EASTERN REGION,NORTH EASTERN REGION,ASSAM,ASSAM,Cachar,CACHAR,0.0,0.0,6757.0,1660.0,488.0,1722.0,4663.0,0.0,0.0,21863.0,2486.0,1589.0,3070.0,14112.0,0.0,0.0,58.0,5.0,2.0,20.0,19.0
2013-12,2013,12,NORTH-EASTERN REGION,NORTH EASTERN REGION,ASSAM,ASSAM,Chirang,CHIRANG,0.0,0.0,494.0,0.0,0.0,374.0,1431.0,0.0,0.0,2116.0,5.0,0.0,586.0,4644.0,0.0,0.0,6.0,1.0,0.0,5.0,5.0
2013-12,2013,12,NORTH-EASTERN REGION,NORTH EASTERN REGION,ASSAM,ASSAM,Darrang,DARRANG,0.0,0.0,1056.0,161.0,0.0,1449.0,2181.0,0.0,0.0,3153.0,339.0,0.0,1737.0,3164.0,0.0,0.0,18.0,3.0,0.0,13.0,4.0
2013-12,2013,12,NORTH-EASTERN REGION,NORTH EASTERN REGION,ASSAM,ASSAM,Dhemaji,DHEMAJI,0.0,0.0,1005.0,0.0,0.0,1023.0,1394.0,0.0,0.0,1122.0,12.0,0.0,1392.0,2342.0,0.0,0.0,8.0,1.0,0.0,8.0,4.0
2013-12,2013,12,NORTH-EASTERN REGION,NORTH EASTERN REGION,ASSAM,ASSAM,Dhubri,DHUBRI,0.0,0.0,1740.0,51.0,0.0,1362.0,2232.0,0.0,0.0,4828.0,409.0,0.0,2282.0,6336.0,0.0,0.0,26.0,3.0,0.0,13.0,13.0
2013-12,2013,12,NORTH-EASTERN REGION,NORTH EASTERN REGION,ASSAM,ASSAM,Dibrugarh,DIBRUGARH,0.0,0.0,8481.0,1375.0,5.0,905.0,7436.0,0.0,0.0,35728.0,2895.0,40.0,1326.0,21876.0,0.0,0.0,69.0,11.0,1.0,14.0,23.0
2013-12,2013,12,NORTH-EASTERN REGION,NORTH EASTERN REGION,ASSAM,ASSAM,Goalpara,GOALPARA,0.0,0.0,1256.0,94.0,0.0,1294.0,1181.0,0.0,0.0,3533.0,401.0,0.0,1962.0,3565.0,0.0,0.0,24.0,3.0,0.0,12.0,5.0
2013-12,2013,12,NORTH-EASTERN REGION,NORTH EASTERN REGION,ASSAM,ASSAM,Golaghat,GOLAGHAT,0.0,0.0,1919.0,327.0,0.0,1482.0,3267.0,0.0,0.0,5093.0,607.0,0.0,2401.0,6839.0,0.0,0.0,27.0,4.0,0.0,24.0,7.0
2013-12,2013,12,NORTH-EASTERN REGION,NORTH EASTERN REGION,ASSAM,ASSAM,Hailakandi,HAILAKANDI,0.0,0.0,1065.0,4.0,0.0,546.0,1003.0,0.0,0.0,3310.0,89.0,0.0,1205.0,2891.0,0.0,0.0,14.0,2.0,0.0,8.0,4.0
2013-12,2013,12,NORTH-EASTERN REGION,NORTH EASTERN REGION,ASSAM,ASSAM,Jorhat,JORHAT,0.0,0.0,5977.0,1640.0,271.0,1194.0,4909.0,0.0,0.0,15384.0,2156.0,735.0,1727.0,13253.0,0.0,0.0,44.0,7.0,1.0,16.0,18.0
2013-12,2013,12,NORTH-EASTERN REGION,NORTH EASTERN REGION,ASSAM,ASSAM,Kamrup,KAMRUP,0.0,0.0,3071.0,36.0,0.0,2609.0,3593.0,0.0,0.0,10364.0,172.0,0.0,3264.0,7307.0,0.0,0.0,51.0,5.0,0.0,15.0,12.0
2013-12,2013,12,NORTH-EASTERN REGION,NORTH EASTERN REGION,ASSAM,ASSAM,Kamrup Metropolitan,KAMRUP METROPOLITAN,1324.0,0.0,53932.0,14211.0,1700.0,2301.0,38707.0,1848.0,0.0,154825.0,20546.0,4859.0,12062.0,117711.0,2.0,0.0,164.0,36.0,9.0,9.0,49.0
2013-12,2013,12,NORTH-EASTERN REGION,NORTH EASTERN REGION,ASSAM,ASSAM,Karbi Anglong,KARBI ANGLONG,0.0,0.0,371.0,71.0,0.0,1796.0,1874.0,0.0,0.0,1417.0,331.0,0.0,2746.0,5780.0,0.0,0.0,8.0,3.0,0.0,32.0,12.0
2013-12,2013,12,NORTH-EASTERN REGION,NORTH EASTERN REGION,ASSAM,ASSAM,Karimganj,KARIMGANJ,0.0,0.0,2902.0,70.0,0.0,886.0,1780.0,0.0,0.0,8644.0,575.0,0.0,2096.0,6828.0,0.0,0.0,25.0,3.0,0.0,17.0,9.0
2013-12,2013,12,NORTH-EASTERN REGION,NORTH EASTERN REGION,ASSAM,ASSAM,Kokrajhar,KOKRAJHAR,0.0,0.0,891.0,65.0,0.0,943.0,1568.0,0.0,0.0,3980.0,496.0,0.0,2114.0,5638.0,0.0,0.0,14.0,3.0,0.0,10.0,5.0
2013-12,2013,12,NORTH-EASTERN REGION,NORTH EASTERN REGION,ASSAM,ASSAM,Lakhimpur,LAKHIMPUR,0.0,0.0,3176.0,61.0,0.0,1405.0,2372.0,0.0,0.0,5138.0,415.0,0.0,1405.0,3932.0,0.0,0.0,28.0,3.0,0.0,18.0,7.0
2013-12,2013,12,NORTH-EASTERN REGION,NORTH EASTERN REGION,ASSAM,ASSAM,Morigaon,MORIGAON,0.0,0.0,2179.0,23.0,0.0,1356.0,996.0,0.0,0.0,3521.0,153.0,0.0,1154.0,2534.0,0.0,0.0,20.0,4.0,0.0,10.0,4.0
2013-12,2013,12,NORTH-EASTERN REGION,NORTH EASTERN REGION,ASSAM,ASSAM,Nagaon,NAGAON,0.0,0.0,5777.0,431.0,0.0,2156.0,6462.0,0.0,0.0,17714.0,896.0,0.0,3844.0,13145.0,0.0,0.0,60.0,8.0,0.0,33.0,17.0
2013-12,2013,12,NORTH-EASTERN REGION,NORTH EASTERN REGION,ASSAM,ASSAM,Nalbari,NALBARI,0.0,0.0,1395.0,247.0,0.0,2100.0,1941.0,0.0,0.0,3774.0,307.0,0.0,2860.0,4395.0,0.0,0.0,24.0,3.0,0.0,17.0,8.0
2013-12,2013,12,NORTH-EASTERN REGION,NORTH EASTERN REGION,ASSAM,ASSAM,North Cachar Hills,NORTH CACHAR HILLS,0.0,0.0,121.0,0.0,0.0,127.0,761.0,0.0,0.0,1182.0,0.0,0.0,626.0,2579.0,0.0,0.0,5.0,0.0,0.0,8.0,6.0
2013-12,2013,12,NORTH-EASTERN REGION,NORTH EASTERN REGION,ASSAM,ASSAM,Sibsagar,SIBSAGAR,0.0,0.0,4160.0,648.0,0.0,1579.0,4487.0,0.0,0.0,10824.0,728.0,0.0,2421.0,10787.0,0.0,0.0,35.0,4.0,0.0,22.0,17.0
2013-12,2013,12,NORTH-EASTERN REGION,NORTH EASTERN REGION,ASSAM,ASSAM,Sonitpur,SONITPUR,0.0,0.0,4443.0,1259.0,169.0,2221.0,5532.0,0.0,0.0,11296.0,1146.0,722.0,3121.0,12288.0,0.0,0.0,50.0,7.0,1.0,30.0,16.0
2013-12,2013,12,NORTH-EASTERN REGION,NORTH EASTERN REGION,ASSAM,ASSAM,Tinsukia,TINSUKIA,0.0,0.0,5687.0,1405.0,127.0,518.0,4321.0,0.0,0.0,20337.0,2039.0,1137.0,826.0,10326.0,0.0,0.0,64.0,10.0,1.0,8.0,12.0
2013-12,2013,12,NORTH-EASTERN REGION,NORTH EASTERN REGION,ASSAM,ASSAM,Udalguri,UDALGURI,0.0,0.0,1023.0,1.0,0.0,926.0,1786.0,0.0,0.0,2100.0,146.0,0.0,1165.0,2163.0,0.0,0.0,11.0,2.0,0.0,11.0,5.0
2013-12,2013,12,EASTERN REGION,EASTERN REGION,BIHAR,BIHAR,Araria,ARARIA,0.0,0.0,3384.0,146.0,0.0,1760.0,2692.0,0.0,0.0,9228.0,169.0,0.0,1783.0,8024.0,0.0,0.0,42.0,4.0,0.0,27.0,21.0
2013-12,2013,12,EASTERN REGION,EASTERN REGION,BIHAR,BIHAR,Arwal,ARWAL,0.0,0.0,1093.0,0.0,0.0,608.0,240.0,0.0,0.0,5265.0,0.0,0.0,1584.0,1211.0,0.0,0.0,18.0,0.0,0.0,12.0,4.0
2013-12,2013,12,EASTERN REGION,EASTERN REGION,BIHAR,BIHAR,Aurangabad,AURANGABAD,0.0,0.0,5658.0,139.0,0.0,2647.0,2070.0,0.0,0.0,20717.0,559.0,0.0,5942.0,8673.0,0.0,0.0,55.0,3.0,0.0,43.0,14.0
2013-12,2013,12,EASTERN REGION,EASTERN REGION,BIHAR,BIHAR,Banka,BANKA,0.0,0.0,3661.0,28.0,0.0,813.0,1835.0,0.0,0.0,8643.0,102.0,0.0,1262.0,6342.0,0.0,0.0,49.0,1.0,0.0,12.0,8.0
2013-12,2013,12,EASTERN REGION,EASTERN REGION,BIHAR,BIHAR,Begusarai,BEGUSARAI,0.0,0.0,8865.0,921.0,0.0,1920.0,6131.0,0.0,0.0,23236.0,1366.0,0.0,2723.0,13937.0,0.0,0.0,89.0,5.0,0.0,21.0,23.0
2013-12,2013,12,EASTERN REGION,EASTERN REGION,BIHAR,BIHAR,Bhagalpur,BHAGALPUR,0.0,0.0,8327.0,500.0,0.0,1776.0,6251.0,0.0,0.0,34737.0,2687.0,0.0,2608.0,25039.0,0.0,0.0,122.0,7.0,0.0,23.0,35.0
2013-12,2013,12,EASTERN REGION,EASTERN REGION,BIHAR,BIHAR,Bhojpur,BHOJPUR,0.0,0.0,5739.0,472.0,0.0,2444.0,2192.0,0.0,0.0,26752.0,737.0,0.0,8936.0,11787.0,0.0,0.0,65.0,4.0,0.0,57.0,18.0
2013-12,2013,12,EASTERN REGION,EASTERN REGION,BIHAR,BIHAR,Buxar,BUXAR,0.0,0.0,3998.0,76.0,0.0,1963.0,1695.0,0.0,0.0,16723.0,758.0,0.0,4573.0,7417.0,0.0,0.0,56.0,3.0,0.0,32.0,12.0
2013-12,2013,12,EASTERN REGION,EASTERN REGION,BIHAR,BIHAR,Darbhanga,DARBHANGA,0.0,0.0,11899.0,515.0,0.0,2056.0,3503.0,0.0,0.0,26923.0,1852.0,0.0,7177.0,16116.0,0.0,0.0,78.0,4.0,0.0,83.0,28.0
2013-12,2013,12,EASTERN REGION,EASTERN REGION,BIHAR,BIHAR,Gaya,GAYA,0.0,0.0,10809.0,428.0,0.0,3263.0,4876.0,0.0,0.0,44661.0,2629.0,0.0,7395.0,15533.0,0.0,0.0,115.0,7.0,0.0,61.0,29.0
2013-12,2013,12,EASTERN REGION,EASTERN REGION,BIHAR,BIHAR,Gopalganj,GOPALGANJ,0.0,0.0,2852.0,124.0,6.0,3395.0,2455.0,0.0,0.0,14947.0,766.0,64.0,7501.0,11444.0,0.0,0.0,38.0,3.0,2.0,61.0,20.0
2013-12,2013,12,EASTERN REGION,EASTERN REGION,BIHAR,BIHAR,Jamui,JAMUI,0.0,0.0,2039.0,34.0,0.0,1929.0,2012.0,0.0,0.0,7712.0,296.0,0.0,2488.0,7329.0,0.0,0.0,26.0,3.0,0.0,26.0,12.0
2013-12,2013,12,EASTERN REGION,EASTERN REGION,BIHAR,BIHAR,Jehanabad,JEHANABAD,0.0,0.0,1632.0,9.0,0.0,897.0,1329.0,0.0,0.0,8108.0,262.0,0.0,2261.0,4296.0,0.0,0.0,31.0,3.0,0.0,13.0,12.0
2013-12,2013,12,EASTERN REGION,EASTERN REGION,BIHAR,BIHAR,Kaimur,KAIMUR,0.0,0.0,5521.0,37.0,0.0,1283.0,2995.0,0.0,0.0,11994.0,251.0,0.0,2089.0,4283.0,0.0,0.0,42.0,2.0,0.0,25.0,12.0
2013-12,2013,12,EASTERN REGION,EASTERN REGION,BIHAR,BIHAR,Katihar,KATIHAR,0.0,0.0,5484.0,225.0,0.0,2020.0,2628.0,0.0,0.0,14157.0,681.0,0.0,2433.0,9237.0,0.0,0.0,69.0,3.0,0.0,28.0,24.0
2013-12,2013,12,EASTERN REGION,EASTERN REGION,BIHAR,BIHAR,Khagaria,KHAGARIA,0.0,0.0,2024.0,138.0,0.0,2090.0,1528.0,0.0,0.0,6384.0,272.0,0.0,2446.0,5311.0,0.0,0.0,30.0,2.0,0.0,26.0,11.0
2013-12,2013,12,EASTERN REGION,EASTERN REGION,BIHAR,BIHAR,Kishanganj,KISHANGANJ,0.0,0.0,2331.0,14.0,0.0,2004.0,1654.0,0.0,0.0,4946.0,298.0,0.0,1821.0,3583.0,0.0,0.0,32.0,3.0,0.0,19.0,11.0
2013-12,2013,12,EASTERN REGION,EASTERN REGION,BIHAR,BIHAR,Lakhisarai,LAKHISARAI,0.0,0.0,1336.0,55.0,0.0,1570.0,973.0,0.0,0.0,5476.0,166.0,0.0,3217.0,4601.0,0.0,0.0,21.0,2.0,0.0,22.0,6.0
2013-12,2013,12,EASTERN REGION,EASTERN REGION,BIHAR,BIHAR,Madhepura,MADHEPURA,0.0,0.0,1763.0,297.0,0.0,1577.0,2262.0,0.0,0.0,4913.0,500.0,0.0,2480.0,9718.0,0.0,0.0,24.0,2.0,0.0,21.0,27.0
2013-12,2013,12,EASTERN REGION,EASTERN REGION,BIHAR,BIHAR,Madhubani,MADHUBANI,0.0,0.0,4763.0,181.0,0.0,3243.0,2356.0,0.0,0.0,19960.0,686.0,0.0,7118.0,12874.0,0.0,0.0,74.0,5.0,0.0,96.0,26.0
2013-12,2013,12,EASTERN REGION,EASTERN REGION,BIHAR,BIHAR,Munger,MUNGER,0.0,0.0,2396.0,42.0,0.0,1895.0,1971.0,0.0,0.0,15002.0,715.0,0.0,4430.0,12102.0,0.0,0.0,42.0,4.0,0.0,28.0,17.0
2013-12,2013,12,EASTERN REGION,EASTERN REGION,BIHAR,BIHAR,Muzaffarpur,MUZAFFARPUR,0.0,0.0,15079.0,1257.0,35.0,3480.0,7069.0,0.0,0.0,50440.0,4186.0,180.0,7933.0,24396.0,0.0,0.0,140.0,8.0,2.0,80.0,43.0
2013-12,2013,12,EASTERN REGION,EASTERN REGION,BIHAR,BIHAR,Nalanda,NALANDA,0.0,0.0,5372.0,223.0,0.0,2891.0,3001.0,0.0,0.0,22096.0,1735.0,0.0,9144.0,9757.0,0.0,0.0,62.0,5.0,0.0,70.0,13.0
2013-12,2013,12,EASTERN REGION,EASTERN REGION,BIHAR,BIHAR,Nawada,NAWADA,0.0,0.0,2849.0,77.0,0.0,2201.0,1561.0,0.0,0.0,12341.0,316.0,0.0,3921.0,6445.0,0.0,0.0,37.0,3.0,0.0,40.0,7.0
2013-12,2013,12,EASTERN REGION,EASTERN REGION,BIHAR,BIHAR,Paschimi Champaran,PASCHIMI CHAMPARAN,0.0,0.0,4074.0,196.0,0.0,3637.0,4523.0,0.0,0.0,11140.0,914.0,0.0,4142.0,10432.0,0.0,0.0,52.0,4.0,0.0,66.0,30.0
2013-12,2013,12,EASTERN REGION,EASTERN REGION,BIHAR,BIHAR,Patna,PATNA,2.0,0.0,91303.0,13531.0,516.0,1815.0,39360.0,1487.0,0.0,358167.0,44710.0,3879.0,3642.0,176291.0,2.0,0.0,403.0,46.0,6.0,28.0,130.0
2013-12,2013,12,EASTERN REGION,EASTERN REGION,BIHAR,BIHAR,Purbi Champaran,PURBI CHAMPARAN,0.0,0.0,6505.0,298.0,0.0,5239.0,5948.0,0.0,0.0,17857.0,1239.0,0.0,6663.0,15983.0,0.0,0.0,74.0,5.0,0.0,74.0,48.0
2013-12,2013,12,EASTERN REGION,EASTERN REGION,BIHAR,BIHAR,Purnia,PURNIA,0.0,0.0,6488.0,415.0,0.0,3294.0,5277.0,0.0,0.0,11267.0,1255.0,0.0,4009.0,12520.0,0.0,0.0,56.0,4.0,0.0,35.0,38.0
2013-12,2013,12,EASTERN REGION,EASTERN REGION,BIHAR,BIHAR,Rohtas,ROHTAS,0.0,0.0,8876.0,124.0,0.0,3332.0,3738.0,0.0,0.0,24940.0,728.0,0.0,6210.0,10175.0,0.0,0.0,70.0,4.0,0.0,53.0,18.0
2013-12,2013,12,EASTERN REGION,EASTERN REGION,BIHAR,BIHAR,Saharsa,SAHARSA,0.0,0.0,2268.0,7.0,0.0,2015.0,2085.0,0.0,0.0,8071.0,474.0,0.0,2588.0,7623.0,0.0,0.0,29.0,2.0,0.0,24.0,21.0
2013-12,2013,12,EASTERN REGION,EASTERN REGION,BIHAR,BIHAR,Samastipur,SAMASTIPUR,0.0,0.0,7789.0,227.0,0.0,5180.0,3342.0,0.0,0.0,26212.0,1648.0,0.0,6339.0,14390.0,0.0,0.0,97.0,5.0,0.0,72.0,24.0
2013-12,2013,12,EASTERN REGION,EASTERN REGION,BIHAR,BIHAR,Saran,SARAN,0.0,0.0,5299.0,264.0,0.0,3364.0,3350.0,0.0,0.0,31686.0,1501.0,0.0,7390.0,21322.0,0.0,0.0,74.0,4.0,0.0,70.0,28.0
2013-12,2013,12,EASTERN REGION,EASTERN REGION,BIHAR,BIHAR,Sheikhpura,SHEIKHPURA,0.0,0.0,779.0,0.0,0.0,876.0,850.0,0.0,0.0,3358.0,18.0,0.0,1389.0,3445.0,0.0,0.0,18.0,1.0,0.0,13.0,3.0
2013-12,2013,12,EASTERN REGION,EASTERN REGION,BIHAR,BIHAR,Sheohar,SHEOHAR,0.0,0.0,995.0,0.0,0.0,372.0,155.0,0.0,0.0,2810.0,0.0,0.0,470.0,717.0,0.0,0.0,14.0,0.0,0.0,10.0,3.0
2013-12,2013,12,EASTERN REGION,EASTERN REGION,BIHAR,BIHAR,Sitamarhi,SITAMARHI,0.0,0.0,5606.0,224.0,0.0,2348.0,1484.0,0.0,0.0,16600.0,644.0,0.0,2652.0,7197.0,0.0,0.0,63.0,3.0,0.0,46.0,16.0
2013-12,2013,12,EASTERN REGION,EASTERN REGION,BIHAR,BIHAR,Siwan,SIWAN,0.0,0.0,4841.0,191.0,0.0,3365.0,1693.0,0.0,0.0,31452.0,2067.0,0.0,10481.0,10912.0,0.0,0.0,67.0,4.0,0.0,76.0,16.0
2013-12,2013,12,EASTERN REGION,EASTERN REGION,BIHAR,BIHAR,Supaul,SUPAUL,0.0,0.0,2907.0,100.0,0.0,1514.0,2006.0,0.0,0.0,8224.0,182.0,0.0,2970.0,6289.0,0.0,0.0,37.0,4.0,0.0,25.0,21.0
2013-12,2013,12,EASTERN REGION,EASTERN REGION,BIHAR,BIHAR,Vaishali,VAISHALI,0.0,0.0,7330.0,431.0,0.0,2716.0,2255.0,0.0,0.0,25575.0,1434.0,0.0,6795.0,11016.0,0.0,0.0,79.0,9.0,0.0,59.0,21.0
2013-12,2013,12,CENTRAL REGION,CENTRAL REGION,CHHATTISGARH,CHHATTISGARH,Balod,BALOD,0.0,0.0,885.0,42.0,0.0,862.0,1153.0,0.0,0.0,3116.0,261.0,0.0,2661.0,5232.0,0.0,0.0,18.0,4.0,0.0,27.0,8.0
2013-12,2013,12,CENTRAL REGION,CENTRAL REGION,CHHATTISGARH,CHHATTISGARH,Balodabazar,BALODABAZAR,0.0,0.0,2961.0,627.0,0.0,491.0,2430.0,0.0,0.0,5641.0,1080.0,0.0,1838.0,6111.0,0.0,0.0,38.0,8.0,0.0,18.0,16.0
2013-12,2013,12,CENTRAL REGION,CENTRAL REGION,CHHATTISGARH,CHHATTISGARH,Balrampur,BALRAMPUR,0.0,0.0,111.0,0.0,0.0,859.0,479.0,0.0,0.0,788.0,0.0,0.0,3194.0,3077.0,0.0,0.0,5.0,0.0,0.0,23.0,6.0
2013-12,2013,12,CENTRAL REGION,CENTRAL REGION,CHHATTISGARH,CHHATTISGARH,Bastar,BASTAR,0.0,0.0,2097.0,757.0,0.0,563.0,4755.0,0.0,0.0,7339.0,715.0,0.0,1862.0,7881.0,0.0,0.0,24.0,5.0,0.0,18.0,16.0
2013-12,2013,12,CENTRAL REGION,CENTRAL REGION,CHHATTISGARH,CHHATTISGARH,Bemetara,BEMETARA,0.0,0.0,973.0,31.0,0.0,973.0,635.0,0.0,0.0,2159.0,120.0,0.0,2176.0,2024.0,0.0,0.0,14.0,3.0,0.0,21.0,7.0
2013-12,2013,12,CENTRAL REGION,CENTRAL REGION,CHHATTISGARH,CHHATTISGARH,Bijapur,BIJAPUR,0.0,0.0,33.0,0.0,0.0,60.0,490.0,0.0,0.0,321.0,0.0,0.0,550.0,2913.0,0.0,0.0,3.0,0.0,0.0,4.0,5.0
2013-12,2013,12,CENTRAL REGION,CENTRAL REGION,CHHATTISGARH,CHHATTISGARH,Bilaspur,BILASPUR,0.0,0.0,12874.0,3503.0,777.0,1225.0,10179.0,0.0,0.0,121281.0,15994.0,1103.0,3386.0,30799.0,0.0,0.0,66.0,14.0,4.0,39.0,37.0
2013-12,2013,12,CENTRAL REGION,CENTRAL REGION,CHHATTISGARH,CHHATTISGARH,Dantewada,DANTEWADA,0.0,0.0,1925.0,0.0,0.0,203.0,6341.0,0.0,0.0,1453.0,0.0,0.0,1091.0,5588.0,0.0,0.0,5.0,0.0,0.0,6.0,6.0
2013-12,2013,12,CENTRAL REGION,CENTRAL REGION,CHHATTISGARH,CHHATTISGARH,Dhamtari,DHAMTARI,0.0,0.0,3546.0,394.0,0.0,536.0,1106.0,0.0,0.0,7397.0,931.0,0.0,1362.0,3349.0,0.0,0.0,33.0,3.0,0.0,19.0,7.0
2013-12,2013,12,CENTRAL REGION,CENTRAL REGION,CHHATTISGARH,CHHATTISGARH,Durg,DURG,0.0,0.0,24000.0,3199.0,982.0,1485.0,20528.0,0.0,0.0,60410.0,6733.0,655.0,4583.0,40799.0,0.0,0.0,92.0,16.0,3.0,28.0,36.0
2013-12,2013,12,CENTRAL REGION,CENTRAL REGION,CHHATTISGARH,CHHATTISGARH,Gariyaband,GARIYABAND,0.0,0.0,367.0,232.0,0.0,326.0,222.0,0.0,0.0,2318.0,303.0,0.0,753.0,1022.0,0.0,0.0,9.0,4.0,0.0,8.0,2.0
2013-12,2013,12,CENTRAL REGION,CENTRAL REGION,CHHATTISGARH,CHHATTISGARH,Janjgir-Champa,JANJGIR CHAMPA,0.0,0.0,3013.0,216.0,0.0,1034.0,2886.0,0.0,0.0,8906.0,1152.0,0.0,2820.0,11752.0,0.0,0.0,41.0,7.0,0.0,30.0,17.0
2013-12,2013,12,CENTRAL REGION,CENTRAL REGION,CHHATTISGARH,CHHATTISGARH,Jashpur,JASHPUR,0.0,0.0,822.0,28.0,0.0,641.0,1713.0,0.0,0.0,2444.0,249.0,0.0,2759.0,7422.0,0.0,0.0,15.0,2.0,0.0,26.0,14.0
2013-12,2013,12,CENTRAL REGION,CENTRAL REGION,CHHATTISGARH,CHHATTISGARH,Kanker,KANKER,0.0,0.0,744.0,204.0,0.0,481.0,2040.0,0.0,0.0,2435.0,152.0,0.0,1407.0,5862.0,0.0,0.0,14.0,2.0,0.0,17.0,15.0
2013-12,2013,12,CENTRAL REGION,CENTRAL REGION,CHHATTISGARH,CHHATTISGARH,Kawardha,KAWARDHA,0.0,0.0,1366.0,153.0,0.0,631.0,1233.0,0.0,0.0,2676.0,651.0,0.0,1057.0,3090.0,0.0,0.0,19.0,3.0,0.0,15.0,7.0
2013-12,2013,12,CENTRAL REGION,CENTRAL REGION,CHHATTISGARH,CHHATTISGARH,Kondagaon,KONDAGAON,0.0,0.0,281.0,0.0,0.0,490.0,929.0,0.0,0.0,1684.0,0.0,0.0,1187.0,2556.0,0.0,0.0,7.0,0.0,0.0,16.0,3.0
2013-12,2013,12,CENTRAL REGION,CENTRAL REGION,CHHATTISGARH,CHHATTISGARH,Korba,KORBA,0.0,0.0,4745.0,3129.0,0.0,317.0,6775.0,0.0,0.0,10001.0,2676.0,0.0,1782.0,21924.0,0.0,0.0,35.0,5.0,0.0,16.0,31.0
2013-12,2013,12,CENTRAL REGION,CENTRAL REGION,CHHATTISGARH,CHHATTISGARH,Koriya,KORIYA,0.0,0.0,1635.0,46.0,0.0,967.0,1691.0,0.0,0.0,8591.0,448.0,0.0,2645.0,8545.0,0.0,0.0,32.0,3.0,0.0,22.0,9.0
2013-12,2013,12,CENTRAL REGION,CENTRAL REGION,CHHATTISGARH,CHHATTISGARH,Mahasamund,MAHASAMUND,0.0,0.0,2721.0,659.0,0.0,829.0,1913.0,0.0,0.0,6035.0,759.0,0.0,1136.0,4063.0,0.0,0.0,32.0,5.0,0.0,18.0,11.0
2013-12,2013,12,CENTRAL REGION,CENTRAL REGION,CHHATTISGARH,CHHATTISGARH,Mungeli,MUNGELI,0.0,0.0,851.0,114.0,0.0,565.0,877.0,0.0,0.0,2331.0,141.0,0.0,486.0,1922.0,0.0,0.0,12.0,1.0,0.0,9.0,4.0
2013-12,2013,12,CENTRAL REGION,CENTRAL REGION,CHHATTISGARH,CHHATTISGARH,Narayanpur,NARAYANPUR,0.0,0.0,56.0,0.0,0.0,46.0,213.0,0.0,0.0,700.0,0.0,0.0,171.0,1036.0,0.0,0.0,3.0,0.0,0.0,4.0,1.0
2013-12,2013,12,CENTRAL REGION,CENTRAL REGION,CHHATTISGARH,CHHATTISGARH,Raigarh,RAIGARH,0.0,0.0,6642.0,2949.0,203.0,1983.0,9189.0,0.0,0.0,10623.0,2171.0,397.0,5226.0,16796.0,0.0,0.0,39.0,8.0,2.0,46.0,24.0
2013-12,2013,12,CENTRAL REGION,CENTRAL REGION,CHHATTISGARH,CHHATTISGARH,Raipur,RAIPUR,11.0,0.0,154571.0,29895.0,3657.0,825.0,69197.0,211.0,0.0,129640.0,22018.0,2818.0,4410.0,66659.0,1.0,0.0,195.0,35.0,9.0,29.0,55.0
2013-12,2013,12,CENTRAL REGION,CENTRAL REGION,CHHATTISGARH,CHHATTISGARH,Rajnandgaon,RAJNANDGAON,0.0,0.0,5003.0,912.0,0.0,1802.0,3637.0,0.0,0.0,11618.0,1197.0,0.0,3974.0,8780.0,0.0,0.0,43.0,4.0,0.0,43.0,12.0
2013-12,2013,12,CENTRAL REGION,CENTRAL REGION,CHHATTISGARH,CHHATTISGARH,Sukma,SUKMA,0.0,0.0,29.0,0.0,0.0,134.0,372.0,0.0,0.0,610.0,0.0,0.0,727.0,1157.0,0.0,0.0,2.0,0.0,0.0,5.0,2.0
2013-12,2013,12,CENTRAL REGION,CENTRAL REGION,CHHATTISGARH,CHHATTISGARH,Surajpur,SURAJPUR,0.0,0.0,530.0,61.0,0.0,1469.0,1558.0,0.0,0.0,3730.0,304.0,0.0,4416.0,5804.0,0.0,0.0,15.0,2.0,0.0,34.0,6.0
2013-12,2013,12,CENTRAL REGION,CENTRAL REGION,CHHATTISGARH,CHHATTISGARH,Surguja,SURGUJA,0.0,0.0,2890.0,965.0,0.0,1255.0,1842.0,0.0,0.0,9440.0,1564.0,0.0,4885.0,6981.0,0.0,0.0,30.0,4.0,0.0,25.0,9.0
2013-12,2013,12,WESTERN REGION,WESTERN REGION,DADRA & NAGAR HAVELI,DADRA AND NAGAR HAVELI,Dadra & Nagar Haveli,DADRA AND NAGAR HAVELI,0.0,0.0,4044.0,2015.0,392.0,0.0,822.0,0.0,0.0,17900.0,3828.0,447.0,0.0,1518.0,0.0,0.0,25.0,13.0,6.0,0.0,3.0
2013-12,2013,12,WESTERN REGION,WESTERN REGION,DAMAN & DIU,DAMAN AND DIU,Daman,DAMAN,0.0,0.0,3664.0,1342.0,30.0,0.0,550.0,0.0,0.0,6461.0,5108.0,59.0,0.0,7756.0,0.0,0.0,14.0,7.0,2.0,0.0,4.0
2013-12,2013,12,WESTERN REGION,WESTERN REGION,DAMAN & DIU,DAMAN AND DIU,Diu,DIU,0.0,0.0,73.0,18.0,0.0,0.0,257.0,0.0,0.0,2654.0,524.0,0.0,0.0,7296.0,0.0,0.0,5.0,3.0,0.0,0.0,5.0
2013-12,2013,12,WESTERN REGION,WESTERN REGION,GOA,GOA,North Goa,NORTH GOA,0.0,0.0,42868.0,12173.0,4287.0,0.0,17904.0,0.0,0.0,142327.0,36839.0,7312.0,0.0,57212.0,0.0,0.0,201.0,63.0,20.0,0.0,60.0
2013-12,2013,12,WESTERN REGION,WESTERN REGION,GOA,GOA,South Goa,SOUTH GOA,0.0,0.0,29961.0,2570.0,2000.0,0.0,9796.0,0.0,0.0,124141.0,25386.0,7195.0,0.0,33833.0,0.0,0.0,147.0,47.0,9.0,0.0,34.0
2013-12,2013,12,WESTERN REGION,WESTERN REGION,GUJARAT,GUJARAT,Ahmedabad,AHMEDABAD,25673.0,0.0,613136.0,233389.0,22009.0,285.0,312491.0,15194.0,0.0,581254.0,225446.0,28667.0,1028.0,233191.0,6.0,0.0,598.0,148.0,27.0,5.0,194.0
2013-12,2013,12,WESTERN REGION,WESTERN REGION,GUJARAT,GUJARAT,Amreli,AMRELI,0.0,0.0,6198.0,2284.0,71.0,808.0,10242.0,0.0,0.0,13036.0,2429.0,43.0,993.0,18206.0,0.0,0.0,61.0,13.0,1.0,18.0,51.0
2013-12,2013,12,WESTERN REGION,WESTERN REGION,GUJARAT,GUJARAT,Anand,ANAND,0.0,0.0,21533.0,4790.0,585.0,126.0,9320.0,0.0,0.0,143309.0,17413.0,911.0,111.0,26457.0,0.0,0.0,193.0,33.0,6.0,3.0,33.0
2013-12,2013,12,WESTERN REGION,WESTERN REGION,GUJARAT,GUJARAT,Aravalli,ARAVALLI,0.0,0.0,5985.0,1924.0,0.0,840.0,2065.0,0.0,0.0,8604.0,692.0,0.0,1350.0,3738.0,0.0,0.0,41.0,4.0,0.0,11.0,12.0
2013-12,2013,12,WESTERN REGION,WESTERN REGION,GUJARAT,GUJARAT,Banas Kantha,BANAS KANTHA,0.0,0.0,14712.0,9039.0,48.0,2908.0,6817.0,0.0,0.0,22642.0,3068.0,39.0,2753.0,11377.0,0.0,0.0,69.0,22.0,2.0,28.0,36.0
2013-12,2013,12,WESTERN REGION,WESTERN REGION,GUJARAT,GUJARAT,Bharuch,BHARUCH,0.0,0.0,21762.0,7943.0,429.0,1076.0,7190.0,0.0,0.0,52139.0,17311.0,481.0,4835.0,21915.0,0.0,0.0,112.0,31.0,3.0,24.0,37.0
2013-12,2013,12,WESTERN REGION,WESTERN REGION,GUJARAT,GUJARAT,Bhavnagar,BHAVNAGAR,0.0,0.0,14562.0,6343.0,700.0,1703.0,24861.0,0.0,0.0,47541.0,8282.0,754.0,1803.0,44941.0,0.0,0.0,78.0,32.0,4.0,20.0,67.0
2013-12,2013,12,WESTERN REGION,WESTERN REGION,GUJARAT,GUJARAT,Botad,BOTAD,0.0,0.0,2521.0,1055.0,0.0,375.0,2285.0,0.0,0.0,4285.0,934.0,0.0,420.0,2918.0,0.0,0.0,18.0,7.0,0.0,6.0,9.0
2013-12,2013,12,WESTERN REGION,WESTERN REGION,GUJARAT,GUJARAT,Dangs,DANGS,0.0,0.0,336.0,0.0,0.0,212.0,134.0,0.0,0.0,1797.0,0.0,0.0,481.0,1256.0,0.0,0.0,5.0,0.0,0.0,3.0,4.0
2013-12,2013,12,WESTERN REGION,WESTERN REGION,GUJARAT,GUJARAT,Dohad,DOHAD,0.0,0.0,3879.0,343.0,0.0,1514.0,1628.0,0.0,0.0,10714.0,2062.0,0.0,2601.0,7535.0,0.0,0.0,34.0,17.0,0.0,24.0,13.0
2013-12,2013,12,WESTERN REGION,WESTERN REGION,GUJARAT,GUJARAT,Gandhinagar,GANDHINAGAR,0.0,0.0,70663.0,3789.0,57.0,444.0,9951.0,0.0,0.0,107383.0,12861.0,259.0,2437.0,47993.0,0.0,0.0,110.0,30.0,1.0,13.0,41.0
2013-12,2013,12,WESTERN REGION,WESTERN REGION,GUJARAT,GUJARAT,Jamnagar,JAMNAGAR,0.0,0.0,16062.0,8990.0,546.0,5021.0,8470.0,0.0,0.0,58875.0,14271.0,633.0,7036.0,33546.0,0.0,0.0,102.0,35.0,4.0,57.0,47.0
2013-12,2013,12,WESTERN REGION,WESTERN REGION,GUJARAT,GUJARAT,Junagadh,JUNAGADH,0.0,0.0,15092.0,4086.0,148.0,1876.0,16221.0,128.0,0.0,36300.0,6200.0,117.0,2996.0,41020.0,1.0,0.0,102.0,23.0,2.0,30.0,77.0
2013-12,2013,12,WESTERN REGION,WESTERN REGION,GUJARAT,GUJARAT,Kachchh,KACHCHH,0.0,0.0,29471.0,15409.0,862.0,2921.0,10766.0,0.0,0.0,144552.0,19047.0,884.0,8171.0,42391.0,0.0,0.0,185.0,44.0,8.0,39.0,46.0
2013-12,2013,12,WESTERN REGION,WESTERN REGION,GUJARAT,GUJARAT,Kheda,KHEDA,0.0,0.0,15281.0,1393.0,0.0,111.0,3730.0,0.0,0.0,65204.0,5951.0,0.0,212.0,15958.0,0.0,0.0,133.0,18.0,0.0,4.0,36.0
2013-12,2013,12,WESTERN REGION,WESTERN REGION,GUJARAT,GUJARAT,Mahesana,MAHESANA,0.0,0.0,24121.0,16504.0,717.0,1926.0,6992.0,0.0,0.0,42664.0,8382.0,787.0,4519.0,14905.0,0.0,0.0,128.0,35.0,5.0,35.0,31.0
2013-12,2013,12,WESTERN REGION,WESTERN REGION,GUJARAT,GUJARAT,Mahisagar,MAHISAGAR,0.0,0.0,3333.0,50.0,0.0,561.0,814.0,0.0,0.0,8963.0,381.0,0.0,1101.0,5042.0,0.0,0.0,32.0,2.0,0.0,10.0,6.0
2013-12,2013,12,WESTERN REGION,WESTERN REGION,GUJARAT,GUJARAT,Narmada,NARMADA,0.0,0.0,1814.0,287.0,0.0,363.0,1147.0,0.0,0.0,4681.0,572.0,0.0,450.0,3205.0,0.0,0.0,23.0,5.0,0.0,6.0,8.0
2013-12,2013,12,WESTERN REGION,WESTERN REGION,GUJARAT,GUJARAT,Navsari,NAVSARI,0.0,0.0,13556.0,2428.0,90.0,1138.0,3421.0,0.0,0.0,93312.0,8836.0,118.0,3236.0,22770.0,0.0,0.0,131.0,26.0,2.0,25.0,24.0
2013-12,2013,12,WESTERN REGION,WESTERN REGION,GUJARAT,GUJARAT,Panch Mahals,PANCH MAHALS,0.0,0.0,9014.0,1291.0,0.0,1650.0,1763.0,0.0,0.0,19155.0,2759.0,0.0,3578.0,7805.0,0.0,0.0,58.0,9.0,0.0,23.0,14.0
2013-12,2013,12,WESTERN REGION,WESTERN REGION,GUJARAT,GUJARAT,Patan,PATAN,0.0,0.0,7821.0,2138.0,1.0,1307.0,3119.0,0.0,0.0,15145.0,3407.0,13.0,2562.0,8318.0,0.0,0.0,54.0,13.0,1.0,21.0,17.0
2013-12,2013,12,WESTERN REGION,WESTERN REGION,GUJARAT,GUJARAT,Porbandar,PORBANDAR,0.0,0.0,6010.0,1067.0,0.0,571.0,2966.0,0.0,0.0,23903.0,2888.0,0.0,918.0,19043.0,0.0,0.0,35.0,5.0,0.0,12.0,17.0
2013-12,2013,12,WESTERN REGION,WESTERN REGION,GUJARAT,GUJARAT,Rajkot,RAJKOT,782.0,0.0,101232.0,46534.0,3868.0,2316.0,57227.0,598.0,0.0,130701.0,35525.0,3584.0,1664.0,61263.0,1.0,0.0,231.0,72.0,13.0,25.0,95.0
2013-12,2013,12,WESTERN REGION,WESTERN REGION,GUJARAT,GUJARAT,Sabar Kantha,SABAR KANTHA,0.0,0.0,15493.0,3629.0,0.0,1492.0,3800.0,0.0,0.0,17039.0,2776.0,0.0,3798.0,8401.0,0.0,0.0,74.0,17.0,0.0,22.0,19.0
2013-12,2013,12,WESTERN REGION,WESTERN REGION,GUJARAT,GUJARAT,Surat,SURAT,10025.0,0.0,173995.0,60527.0,17247.0,489.0,54743.0,2381.0,0.0,235246.0,54077.0,10037.0,635.0,65955.0,5.0,0.0,317.0,99.0,28.0,10.0,86.0
2013-12,2013,12,WESTERN REGION,WESTERN REGION,GUJARAT,GUJARAT,Surendranagar,SURENDRANAGAR,0.0,0.0,8429.0,2608.0,47.0,4149.0,9005.0,0.0,0.0,17564.0,4092.0,55.0,5259.0,16238.0,0.0,0.0,59.0,19.0,1.0,38.0,43.0
2013-12,2013,12,WESTERN REGION,WESTERN REGION,GUJARAT,GUJARAT,Tapi,TAPI,0.0,0.0,2730.0,423.0,0.0,144.0,1323.0,0.0,0.0,6626.0,869.0,0.0,262.0,6144.0,0.0,0.0,28.0,5.0,0.0,3.0,9.0
2013-12,2013,12,WESTERN REGION,WESTERN REGION,GUJARAT,GUJARAT,Vadodara,VADODARA,3488.0,0.0,273713.0,47461.0,6266.0,680.0,108233.0,13457.0,0.0,291854.0,77881.0,8844.0,882.0,126995.0,4.0,0.0,333.0,82.0,15.0,11.0,122.0
2013-12,2013,12,WESTERN REGION,WESTERN REGION,GUJARAT,GUJARAT,Valsad,VALSAD,1100.0,0.0,20864.0,8658.0,305.0,923.0,10965.0,457.0,0.0,47803.0,18383.0,196.0,1470.0,17913.0,1.0,0.0,92.0,35.0,3.0,13.0,29.0
2013-12,2013,12,NORTHERN REGION,NORTHERN REGION,HARYANA,HARYANA,Ambala,AMBALA,0.0,0.0,23565.0,4627.0,144.0,1076.0,10011.0,0.0,0.0,52707.0,10806.0,408.0,1330.0,23840.0,0.0,0.0,125.0,44.0,1.0,16.0,36.0
2013-12,2013,12,NORTHERN REGION,NORTHERN REGION,HARYANA,HARYANA,Bhiwani,BHIWANI,0.0,0.0,14103.0,3209.0,0.0,5236.0,5071.0,0.0,0.0,22165.0,2736.0,0.0,6812.0,9319.0,0.0,0.0,71.0,9.0,0.0,66.0,22.0
2013-12,2013,12,NORTHERN REGION,NORTHERN REGION,HARYANA,HARYANA,Faridabad,FARIDABAD,213.0,0.0,75918.0,19313.0,6930.0,3430.0,26643.0,771.0,0.0,113795.0,48086.0,5663.0,5501.0,29872.0,1.0,0.0,151.0,33.0,11.0,23.0,32.0
2013-12,2013,12,NORTHERN REGION,NORTHERN REGION,HARYANA,HARYANA,Fatehabad,FATEHABAD,0.0,0.0,11013.0,4151.0,0.0,1199.0,7468.0,0.0,0.0,9672.0,1826.0,0.0,1095.0,7366.0,0.0,0.0,52.0,19.0,0.0,23.0,27.0
2013-12,2013,12,NORTHERN REGION,NORTHERN REGION,HARYANA,HARYANA,Gurgaon,GURGAON,35967.0,0.0,107090.0,99366.0,9157.0,6191.0,48659.0,51268.0,0.0,212478.0,245878.0,16211.0,24488.0,64562.0,6.0,0.0,220.0,126.0,22.0,51.0,62.0
2013-12,2013,12,NORTHERN REGION,NORTHERN REGION,HARYANA,HARYANA,Hisar,HISAR,0.0,0.0,64458.0,11216.0,948.0,8452.0,31687.0,0.0,0.0,34106.0,5839.0,150.0,3767.0,17150.0,0.0,0.0,102.0,24.0,1.0,35.0,45.0
2013-12,2013,12,NORTHERN REGION,NORTHERN REGION,HARYANA,HARYANA,Jhajjar,JHAJJAR,0.0,0.0,18833.0,2861.0,110.0,5293.0,8353.0,0.0,0.0,24530.0,5622.0,209.0,4129.0,9066.0,0.0,0.0,69.0,15.0,1.0,22.0,16.0
2013-12,2013,12,NORTHERN REGION,NORTHERN REGION,HARYANA,HARYANA,Jind,JIND,0.0,0.0,22360.0,3564.0,0.0,696.0,7729.0,0.0,0.0,15133.0,2252.0,0.0,309.0,9058.0,0.0,0.0,84.0,14.0,0.0,9.0,26.0
2013-12,2013,12,NORTHERN REGION,NORTHERN REGION,HARYANA,HARYANA,Kaithal,KAITHAL,0.0,0.0,16059.0,4680.0,0.0,3616.0,10041.0,0.0,0.0,11935.0,2595.0,0.0,1119.0,6129.0,0.0,0.0,55.0,17.0,0.0,26.0,24.0
2013-12,2013,12,NORTHERN REGION,NORTHERN REGION,HARYANA,HARYANA,Karnal,KARNAL,0.0,0.0,64631.0,13515.0,818.0,329.0,40066.0,0.0,0.0,42696.0,8189.0,1105.0,283.0,17596.0,0.0,0.0,148.0,32.0,4.0,9.0,40.0
2013-12,2013,12,NORTHERN REGION,NORTHERN REGION,HARYANA,HARYANA,Kurukshetra,KURUKSHETRA,0.0,0.0,18643.0,3763.0,0.0,1093.0,9138.0,0.0,0.0,27970.0,4944.0,0.0,1402.0,12798.0,0.0,0.0,90.0,32.0,0.0,15.0,23.0
2013-12,2013,12,NORTHERN REGION,NORTHERN REGION,HARYANA,HARYANA,Mahendragarh,MAHENDRAGARH,0.0,0.0,22687.0,441.0,0.0,2912.0,2060.0,0.0,0.0,12329.0,2186.0,0.0,3866.0,7265.0,0.0,0.0,42.0,8.0,0.0,36.0,14.0
2013-12,2013,12,NORTHERN REGION,NORTHERN REGION,HARYANA,HARYANA,Mewat,MEWAT,0.0,0.0,1696.0,21.0,0.0,3112.0,741.0,0.0,0.0,5794.0,138.0,0.0,2872.0,3244.0,0.0,0.0,18.0,3.0,0.0,31.0,6.0
2013-12,2013,12,NORTHERN REGION,NORTHERN REGION,HARYANA,HARYANA,Palwal,PALWAL,0.0,0.0,6011.0,1050.0,0.0,5170.0,2071.0,0.0,0.0,10925.0,2300.0,0.0,3462.0,4964.0,0.0,0.0,45.0,4.0,0.0,30.0,8.0
2013-12,2013,12,NORTHERN REGION,NORTHERN REGION,HARYANA,HARYANA,Panchkula,PANCHKULA,0.0,0.0,128250.0,5623.0,1593.0,598.0,16836.0,0.0,0.0,85754.0,50972.0,2994.0,19352.0,28645.0,0.0,0.0,91.0,32.0,5.0,6.0,37.0
2013-12,2013,12,NORTHERN REGION,NORTHERN REGION,HARYANA,HARYANA,Panipat,PANIPAT,0.0,0.0,38160.0,8410.0,1707.0,783.0,22978.0,0.0,0.0,35175.0,7710.0,1166.0,531.0,12520.0,0.0,0.0,94.0,32.0,6.0,7.0,34.0
2013-12,2013,12,NORTHERN REGION,NORTHERN REGION,HARYANA,HARYANA,Rewari,REWARI,0.0,0.0,11681.0,2744.0,0.0,3550.0,3664.0,0.0,0.0,26801.0,7219.0,0.0,7655.0,9160.0,0.0,0.0,62.0,12.0,0.0,38.0,14.0
2013-12,2013,12,NORTHERN REGION,NORTHERN REGION,HARYANA,HARYANA,Rohtak,ROHTAK,0.0,0.0,22975.0,7491.0,293.0,2204.0,6322.0,0.0,0.0,48660.0,9219.0,482.0,4310.0,20461.0,0.0,0.0,90.0,16.0,3.0,23.0,34.0
2013-12,2013,12,NORTHERN REGION,NORTHERN REGION,HARYANA,HARYANA,Sirsa,SIRSA,0.0,0.0,17209.0,6422.0,0.0,1178.0,11141.0,0.0,0.0,18428.0,2936.0,0.0,1819.0,8187.0,0.0,0.0,75.0,18.0,0.0,28.0,37.0
2013-12,2013,12,NORTHERN REGION,NORTHERN REGION,HARYANA,HARYANA,Sonipat,SONIPAT,0.0,0.0,23356.0,4326.0,114.0,2386.0,89742.0,0.0,0.0,59539.0,7210.0,61.0,1698.0,14919.0,0.0,0.0,128.0,26.0,2.0,31.0,30.0
2013-12,2013,12,NORTHERN REGION,NORTHERN REGION,HARYANA,HARYANA,Yamunanagar,YAMUNANAGAR,0.0,0.0,20496.0,4104.0,0.0,528.0,10371.0,0.0,0.0,36230.0,6497.0,0.0,1197.0,15574.0,0.0,0.0,94.0,25.0,0.0,16.0,29.0
2013-12,2013,12,NORTHERN REGION,NORTHERN REGION,HIMACHAL PRADESH,HIMACHAL PRADESH,Bilaspur,BILASPUR,0.0,0.0,2475.0,177.0,0.0,260.0,2028.0,0.0,0.0,10584.0,533.0,0.0,435.0,9004.0,0.0,0.0,37.0,3.0,0.0,7.0,23.0
2013-12,2013,12,NORTHERN REGION,NORTHERN REGION,HIMACHAL PRADESH,HIMACHAL PRADESH,Chamba,CHAMBA,0.0,0.0,717.0,14.0,0.0,2318.0,2256.0,0.0,0.0,4109.0,175.0,0.0,3384.0,10061.0,0.0,0.0,17.0,3.0,0.0,35.0,19.0
2013-12,2013,12,NORTHERN REGION,NORTHERN REGION,HIMACHAL PRADESH,HIMACHAL PRADESH,Hamirpur,HAMIRPUR,0.0,0.0,3879.0,75.0,0.0,132.0,1830.0,0.0,0.0,23480.0,497.0,0.0,351.0,10858.0,0.0,0.0,61.0,3.0,0.0,7.0,17.0
2013-12,2013,12,NORTHERN REGION,NORTHERN REGION,HIMACHAL PRADESH,HIMACHAL PRADESH,Kangra,KANGRA,0.0,0.0,10125.0,268.0,188.0,1853.0,8261.0,0.0,0.0,49753.0,2479.0,171.0,7064.0,41091.0,0.0,0.0,129.0,12.0,1.0,46.0,59.0
2013-12,2013,12,NORTHERN REGION,NORTHERN REGION,HIMACHAL PRADESH,HIMACHAL PRADESH,Kinnaur,KINNAUR,0.0,0.0,796.0,0.0,0.0,53.0,1203.0,0.0,0.0,2254.0,0.0,0.0,85.0,2878.0,0.0,0.0,16.0,0.0,0.0,1.0,10.0
2013-12,2013,12,NORTHERN REGION,NORTHERN REGION,HIMACHAL PRADESH,HIMACHAL PRADESH,Kulu,KULU,0.0,0.0,5448.0,267.0,257.0,917.0,4349.0,0.0,0.0,13431.0,499.0,404.0,2536.0,8513.0,0.0,0.0,43.0,5.0,2.0,18.0,17.0
2013-12,2013,12,NORTHERN REGION,NORTHERN REGION,HIMACHAL PRADESH,HIMACHAL PRADESH,Lahul & Spiti,LAHUL AND SPITI,0.0,0.0,73.0,0.0,0.0,48.0,406.0,0.0,0.0,461.0,0.0,0.0,36.0,1816.0,0.0,0.0,4.0,0.0,0.0,1.0,8.0
2013-12,2013,12,NORTHERN REGION,NORTHERN REGION,HIMACHAL PRADESH,HIMACHAL PRADESH,Mandi,MANDI,0.0,0.0,6444.0,449.0,0.0,2435.0,5172.0,0.0,0.0,25389.0,896.0,0.0,8516.0,15213.0,0.0,0.0,77.0,5.0,0.0,51.0,29.0
2013-12,2013,12,NORTHERN REGION,NORTHERN REGION,HIMACHAL PRADESH,HIMACHAL PRADESH,Simla,SIMLA,0.0,0.0,23393.0,1386.0,286.0,169.0,11497.0,0.0,0.0,87082.0,14263.0,808.0,240.0,34835.0,0.0,0.0,121.0,14.0,2.0,3.0,59.0
2013-12,2013,12,NORTHERN REGION,NORTHERN REGION,HIMACHAL PRADESH,HIMACHAL PRADESH,Sirmaur,SIRMAUR,0.0,0.0,5398.0,393.0,0.0,206.0,7633.0,0.0,0.0,6877.0,1198.0,0.0,101.0,9033.0,0.0,0.0,42.0,6.0,0.0,4.0,30.0
2013-12,2013,12,NORTHERN REGION,NORTHERN REGION,HIMACHAL PRADESH,HIMACHAL PRADESH,Solan,SOLAN,0.0,0.0,20759.0,2404.0,10.0,667.0,16766.0,0.0,0.0,27563.0,4402.0,53.0,203.0,17480.0,0.0,0.0,99.0,14.0,2.0,9.0,41.0
2013-12,2013,12,NORTHERN REGION,NORTHERN REGION,HIMACHAL PRADESH,HIMACHAL PRADESH,Una,UNA,0.0,0.0,4955.0,174.0,0.0,180.0,3715.0,0.0,0.0,21054.0,916.0,0.0,538.0,10545.0,0.0,0.0,67.0,7.0,0.0,6.0,16.0
2013-12,2013,12,NORTHERN REGION,NORTHERN REGION,JAMMU & KASHMIR,JAMMU AND KASHMIR,Anantnag,ANANTNAG,0.0,0.0,263.0,383.0,9456.0,633.0,760.0,0.0,0.0,1111.0,537.0,18846.0,884.0,2207.0,0.0,0.0,7.0,6.0,48.0,17.0,8.0
2013-12,2013,12,NORTHERN REGION,NORTHERN REGION,JAMMU & KASHMIR,JAMMU AND KASHMIR,Badgam,BADGAM,0.0,0.0,14.0,58.0,6820.0,305.0,480.0,0.0,0.0,63.0,157.0,9514.0,613.0,1161.0,0.0,0.0,1.0,3.0,42.0,12.0,7.0
2013-12,2013,12,NORTHERN REGION,NORTHERN REGION,JAMMU & KASHMIR,JAMMU AND KASHMIR,Bandipora,BANDIPORA,0.0,0.0,0.0,0.0,3010.0,285.0,284.0,0.0,0.0,0.0,0.0,4568.0,545.0,778.0,0.0,0.0,0.0,0.0,10.0,8.0,2.0
2013-12,2013,12,NORTHERN REGION,NORTHERN REGION,JAMMU & KASHMIR,JAMMU AND KASHMIR,Baramulla,BARAMULLA,0.0,0.0,215.0,145.0,13752.0,2750.0,835.0,0.0,0.0,947.0,216.0,17639.0,3363.0,2590.0,0.0,0.0,7.0,4.0,49.0,49.0,8.0
2013-12,2013,12,NORTHERN REGION,NORTHERN REGION,JAMMU & KASHMIR,JAMMU AND KASHMIR,Doda,DODA,0.0,0.0,66.0,12.0,1778.0,0.0,436.0,0.0,0.0,635.0,93.0,6343.0,0.0,2512.0,0.0,0.0,2.0,4.0,21.0,0.0,8.0
2013-12,2013,12,NORTHERN REGION,NORTHERN REGION,JAMMU & KASHMIR,JAMMU AND KASHMIR,Ganderbal,GANDERBAL,0.0,0.0,11.0,31.0,3932.0,173.0,73.0,0.0,0.0,68.0,103.0,5446.0,486.0,276.0,0.0,0.0,1.0,2.0,17.0,8.0,2.0
2013-12,2013,12,NORTHERN REGION,NORTHERN REGION,JAMMU & KASHMIR,JAMMU AND KASHMIR,Jammu,JAMMU,0.0,0.0,17555.0,3741.0,25511.0,2755.0,8937.0,0.0,0.0,53490.0,9193.0,87264.0,8366.0,34846.0,0.0,0.0,100.0,25.0,76.0,47.0,47.0
2013-12,2013,12,NORTHERN REGION,NORTHERN REGION,JAMMU & KASHMIR,JAMMU AND KASHMIR,Kargil,KARGIL,0.0,0.0,0.0,0.0,1209.0,0.0,327.0,0.0,0.0,0.0,87.0,4453.0,0.0,1545.0,0.0,0.0,0.0,1.0,11.0,0.0,5.0
2013-12,2013,12,NORTHERN REGION,NORTHERN REGION,JAMMU & KASHMIR,JAMMU AND KASHMIR,Kathua,KATHUA,0.0,0.0,620.0,87.0,6251.0,804.0,1228.0,0.0,0.0,3397.0,239.0,13395.0,2062.0,5479.0,0.0,0.0,13.0,3.0,30.0,14.0,12.0
2013-12,2013,12,NORTHERN REGION,NORTHERN REGION,JAMMU & KASHMIR,JAMMU AND KASHMIR,Kishtwar,KISHTWAR,0.0,0.0,6.0,0.0,1288.0,0.0,152.0,0.0,0.0,146.0,0.0,5604.0,0.0,1163.0,0.0,0.0,1.0,0.0,17.0,0.0,2.0
2013-12,2013,12,NORTHERN REGION,NORTHERN REGION,JAMMU & KASHMIR,JAMMU AND KASHMIR,Kulgam,KULGAM,0.0,0.0,153.0,42.0,4063.0,372.0,193.0,0.0,0.0,373.0,75.0,6718.0,368.0,388.0,0.0,0.0,3.0,1.0,22.0,8.0,2.0
2013-12,2013,12,NORTHERN REGION,NORTHERN REGION,JAMMU & KASHMIR,JAMMU AND KASHMIR,Kupwara,KUPWARA,0.0,0.0,44.0,19.0,5551.0,925.0,389.0,0.0,0.0,241.0,92.0,7466.0,1787.0,1333.0,0.0,0.0,2.0,3.0,31.0,23.0,4.0
2013-12,2013,12,NORTHERN REGION,NORTHERN REGION,JAMMU & KASHMIR,JAMMU AND KASHMIR,Leh Ladakh,LEH LADAKH,0.0,0.0,101.0,12.0,1831.0,0.0,960.0,0.0,0.0,536.0,362.0,6715.0,0.0,5920.0,0.0,0.0,3.0,2.0,17.0,0.0,7.0
2013-12,2013,12,NORTHERN REGION,NORTHERN REGION,JAMMU & KASHMIR,JAMMU AND KASHMIR,Poonch,POONCH,0.0,0.0,49.0,8.0,1611.0,236.0,345.0,0.0,0.0,824.0,52.0,6050.0,1060.0,3440.0,0.0,0.0,2.0,1.0,13.0,8.0,3.0
2013-12,2013,12,NORTHERN REGION,NORTHERN REGION,JAMMU & KASHMIR,JAMMU AND KASHMIR,Pulwama,PULWAMA,0.0,0.0,50.0,159.0,7486.0,467.0,632.0,0.0,0.0,239.0,183.0,11039.0,564.0,1294.0,0.0,0.0,2.0,4.0,27.0,12.0,5.0
2013-12,2013,12,NORTHERN REGION,NORTHERN REGION,JAMMU & KASHMIR,JAMMU AND KASHMIR,Rajouri,RAJOURI,0.0,0.0,85.0,10.0,3124.0,577.0,384.0,0.0,0.0,842.0,89.0,9806.0,2456.0,4389.0,0.0,0.0,4.0,2.0,21.0,21.0,6.0
2013-12,2013,12,NORTHERN REGION,NORTHERN REGION,JAMMU & KASHMIR,JAMMU AND KASHMIR,Ramban,RAMBAN,0.0,0.0,86.0,0.0,1107.0,0.0,259.0,0.0,0.0,273.0,0.0,4635.0,0.0,1077.0,0.0,0.0,4.0,1.0,11.0,0.0,4.0
2013-12,2013,12,NORTHERN REGION,NORTHERN REGION,JAMMU & KASHMIR,JAMMU AND KASHMIR,Reasi,REASI,0.0,0.0,457.0,54.0,1993.0,110.0,462.0,0.0,0.0,2389.0,1431.0,5955.0,225.0,2065.0,0.0,0.0,9.0,2.0,15.0,2.0,6.0
2013-12,2013,12,NORTHERN REGION,NORTHERN REGION,JAMMU & KASHMIR,JAMMU AND KASHMIR,Samba,SAMBA,0.0,0.0,807.0,79.0,6795.0,660.0,1730.0,0.0,0.0,2692.0,415.0,7452.0,2216.0,4767.0,0.0,0.0,17.0,4.0,15.0,13.0,9.0
2013-12,2013,12,NORTHERN REGION,NORTHERN REGION,JAMMU & KASHMIR,JAMMU AND KASHMIR,Shopian,SHOPIAN,0.0,0.0,14.0,24.0,6040.0,49.0,130.0,0.0,0.0,70.0,84.0,4598.0,39.0,309.0,0.0,0.0,1.0,2.0,16.0,4.0,1.0
2013-12,2013,12,NORTHERN REGION,NORTHERN REGION,JAMMU & KASHMIR,JAMMU AND KASHMIR,Srinagar,SRINAGAR,0.0,0.0,2896.0,1354.0,63017.0,436.0,2321.0,0.0,0.0,8970.0,6786.0,133455.0,1299.0,12033.0,0.0,0.0,36.0,21.0,89.0,15.0,27.0
2013-12,2013,12,NORTHERN REGION,NORTHERN REGION,JAMMU & KASHMIR,JAMMU AND KASHMIR,Udhampur,UDHAMPUR,0.0,0.0,668.0,262.0,3320.0,138.0,1400.0,0.0,0.0,4837.0,1178.0,8981.0,421.0,5999.0,0.0,0.0,17.0,6.0,22.0,6.0,9.0
2013-12,2013,12,EASTERN REGION,EASTERN REGION,JHARKHAND,JHARKHAND,Bokaro,BOKARO,0.0,0.0,16536.0,2790.0,24.0,156.0,10987.0,0.0,0.0,63894.0,5353.0,173.0,809.0,33888.0,0.0,0.0,113.0,13.0,1.0,11.0,40.0
2013-12,2013,12,EASTERN REGION,EASTERN REGION,JHARKHAND,JHARKHAND,Chatra,CHATRA,0.0,0.0,1553.0,17.0,0.0,484.0,697.0,0.0,0.0,6343.0,57.0,0.0,1306.0,4183.0,0.0,0.0,23.0,1.0,0.0,11.0,11.0
2013-12,2013,12,EASTERN REGION,EASTERN REGION,JHARKHAND,JHARKHAND,Deoghar,DEOGHAR,0.0,0.0,4099.0,369.0,0.0,1214.0,3341.0,0.0,0.0,15239.0,1332.0,0.0,1662.0,11926.0,0.0,0.0,54.0,4.0,0.0,20.0,29.0
2013-12,2013,12,EASTERN REGION,EASTERN REGION,JHARKHAND,JHARKHAND,Dhanbad,DHANBAD,0.0,0.0,15022.0,3975.0,296.0,93.0,15585.0,0.0,0.0,81938.0,12814.0,644.0,238.0,56651.0,0.0,0.0,139.0,12.0,5.0,11.0,51.0
2013-12,2013,12,EASTERN REGION,EASTERN REGION,JHARKHAND,JHARKHAND,Dumka,DUMKA,0.0,0.0,1695.0,99.0,0.0,1105.0,2013.0,0.0,0.0,6260.0,767.0,0.0,2198.0,9928.0,0.0,0.0,30.0,3.0,0.0,27.0,35.0
2013-12,2013,12,EASTERN REGION,EASTERN REGION,JHARKHAND,JHARKHAND,Garhwa,GARHWA,0.0,0.0,1010.0,10.0,0.0,1331.0,1689.0,0.0,0.0,2574.0,111.0,0.0,2105.0,7052.0,0.0,0.0,13.0,1.0,0.0,22.0,13.0
2013-12,2013,12,EASTERN REGION,EASTERN REGION,JHARKHAND,JHARKHAND,Giridih,GIRIDIH,0.0,0.0,7100.0,665.0,0.0,481.0,6740.0,0.0,0.0,22709.0,1111.0,0.0,2320.0,8979.0,0.0,0.0,84.0,4.0,0.0,19.0,20.0
2013-12,2013,12,EASTERN REGION,EASTERN REGION,JHARKHAND,JHARKHAND,Godda,GODDA,0.0,0.0,698.0,35.0,0.0,655.0,3224.0,0.0,0.0,3148.0,142.0,0.0,2332.0,9698.0,0.0,0.0,20.0,2.0,0.0,21.0,35.0
2013-12,2013,12,EASTERN REGION,EASTERN REGION,JHARKHAND,JHARKHAND,Gumla,GUMLA,0.0,0.0,2445.0,24.0,0.0,463.0,336.0,0.0,0.0,9017.0,342.0,0.0,1307.0,2382.0,0.0,0.0,33.0,2.0,0.0,21.0,2.0
2013-12,2013,12,EASTERN REGION,EASTERN REGION,JHARKHAND,JHARKHAND,Hazaribag,HAZARIBAG,0.0,0.0,7752.0,1652.0,0.0,731.0,2993.0,0.0,0.0,25240.0,2089.0,0.0,2144.0,18637.0,0.0,0.0,75.0,8.0,0.0,16.0,27.0
2013-12,2013,12,EASTERN REGION,EASTERN REGION,JHARKHAND,JHARKHAND,Jamtara,JAMTARA,0.0,0.0,458.0,0.0,0.0,573.0,1648.0,0.0,0.0,2764.0,7.0,0.0,1005.0,6416.0,0.0,0.0,19.0,1.0,0.0,12.0,21.0
2013-12,2013,12,EASTERN REGION,EASTERN REGION,JHARKHAND,JHARKHAND,Khunti,KHUNTI,0.0,0.0,1083.0,2.0,0.0,119.0,594.0,0.0,0.0,3382.0,74.0,0.0,428.0,3065.0,0.0,0.0,24.0,1.0,0.0,9.0,7.0
2013-12,2013,12,EASTERN REGION,EASTERN REGION,JHARKHAND,JHARKHAND,Koderma,KODERMA,0.0,0.0,3039.0,568.0,0.0,130.0,1184.0,0.0,0.0,9495.0,653.0,0.0,280.0,4907.0,0.0,0.0,33.0,4.0,0.0,4.0,10.0
2013-12,2013,12,EASTERN REGION,EASTERN REGION,JHARKHAND,JHARKHAND,Latehar,LATEHAR,0.0,0.0,604.0,0.0,0.0,760.0,1137.0,0.0,0.0,1269.0,0.0,0.0,1380.0,5617.0,0.0,0.0,13.0,0.0,0.0,10.0,11.0
2013-12,2013,12,EASTERN REGION,EASTERN REGION,JHARKHAND,JHARKHAND,Lohardagga,LOHARDAGGA,0.0,0.0,1679.0,26.0,0.0,227.0,437.0,0.0,0.0,4001.0,98.0,0.0,467.0,1770.0,0.0,0.0,23.0,2.0,0.0,7.0,3.0
2013-12,2013,12,EASTERN REGION,EASTERN REGION,JHARKHAND,JHARKHAND,Pakur,PAKUR,0.0,0.0,382.0,150.0,0.0,354.0,1060.0,0.0,0.0,1964.0,69.0,0.0,797.0,3282.0,0.0,0.0,16.0,1.0,0.0,11.0,20.0
2013-12,2013,12,EASTERN REGION,EASTERN REGION,JHARKHAND,JHARKHAND,Palamau,PALAMAU,0.0,0.0,1503.0,109.0,0.0,2885.0,4203.0,0.0,0.0,4661.0,1030.0,0.0,5507.0,18581.0,0.0,0.0,22.0,3.0,0.0,45.0,30.0
2013-12,2013,12,EASTERN REGION,EASTERN REGION,JHARKHAND,JHARKHAND,Paschimi Singhbhum,PASCHIMI SINGHBHUM,0.0,0.0,9913.0,169.0,0.0,899.0,4538.0,0.0,0.0,80486.0,704.0,0.0,2485.0,38595.0,0.0,0.0,58.0,8.0,0.0,36.0,14.0
2013-12,2013,12,EASTERN REGION,EASTERN REGION,JHARKHAND,JHARKHAND,Purbi Singhbhum,PURBI SINGHBHUM,0.0,0.0,33429.0,13939.0,517.0,963.0,26030.0,0.0,0.0,83150.0,17284.0,2331.0,3857.0,45628.0,0.0,0.0,151.0,24.0,6.0,32.0,52.0
2013-12,2013,12,EASTERN REGION,EASTERN REGION,JHARKHAND,JHARKHAND,Ramgarh,RAMGARH,0.0,0.0,6916.0,422.0,0.0,140.0,3137.0,0.0,0.0,16407.0,1207.0,0.0,484.0,13987.0,0.0,0.0,56.0,6.0,0.0,5.0,17.0
2013-12,2013,12,EASTERN REGION,EASTERN REGION,JHARKHAND,JHARKHAND,Ranchi,RANCHI,0.0,0.0,48461.0,8738.0,419.0,1116.0,19033.0,0.0,0.0,154773.0,18206.0,2188.0,4103.0,80274.0,0.0,0.0,214.0,26.0,7.0,36.0,63.0
2013-12,2013,12,EASTERN REGION,EASTERN REGION,JHARKHAND,JHARKHAND,Sahebganj,SAHEBGANJ,0.0,0.0,790.0,17.0,0.0,518.0,3582.0,0.0,0.0,3213.0,157.0,0.0,1604.0,6328.0,0.0,0.0,21.0,1.0,0.0,18.0,22.0
2013-12,2013,12,EASTERN REGION,EASTERN REGION,JHARKHAND,JHARKHAND,Seraikela-Kharsawan,SERAIKELA KHARSAWAN,0.0,0.0,5877.0,264.0,0.0,335.0,4464.0,0.0,0.0,12987.0,598.0,0.0,1401.0,5783.0,0.0,0.0,55.0,5.0,0.0,15.0,11.0
2013-12,2013,12,EASTERN REGION,EASTERN REGION,JHARKHAND,JHARKHAND,Simdega,SIMDEGA,0.0,0.0,1103.0,21.0,0.0,215.0,323.0,0.0,0.0,5016.0,151.0,0.0,841.0,1476.0,0.0,0.0,19.0,2.0,0.0,14.0,3.0
2013-12,2013,12,SOUTHERN REGION,SOUTHERN REGION,KARNATAKA,KARNATAKA,Bagalkote,BAGALKOTE,0.0,0.0,17563.0,10566.0,1153.0,8765.0,11896.0,0.0,0.0,14104.0,2436.0,2556.0,11078.0,12955.0,0.0,0.0,79.0,18.0,10.0,66.0,33.0
2013-12,2013,12,SOUTHERN REGION,SOUTHERN REGION,KARNATAKA,KARNATAKA,Bangalore Rural,BANGALORE RURAL,2673.0,0.0,12590.0,1798.0,4342.0,1362.0,4875.0,2382.0,0.0,17632.0,3227.0,4546.0,1931.0,9022.0,2.0,0.0,79.0,17.0,25.0,14.0,26.0
2013-12,2013,12,SOUTHERN REGION,SOUTHERN REGION,KARNATAKA,KARNATAKA,Bangalore Urban,BANGALORE URBAN,228383.0,0.0,1091296.0,323771.0,185618.0,3349.0,466051.0,311617.0,0.0,1493445.0,571689.0,266261.0,9380.0,640214.0,13.0,0.0,926.0,244.0,220.0,21.0,424.0
2013-12,2013,12,SOUTHERN REGION,SOUTHERN REGION,KARNATAKA,KARNATAKA,Belgaum,BELGAUM,0.0,0.0,51429.0,8687.0,5429.0,16078.0,21635.0,0.0,0.0,68623.0,9040.0,9672.0,16905.0,37698.0,0.0,0.0,226.0,33.0,34.0,132.0,65.0
2013-12,2013,12,SOUTHERN REGION,SOUTHERN REGION,KARNATAKA,KARNATAKA,Bellary,BELLARY,0.0,0.0,24134.0,4740.0,3691.0,13412.0,35363.0,0.0,0.0,23527.0,4304.0,6457.0,15701.0,29018.0,0.0,0.0,85.0,11.0,18.0,78.0,69.0
2013-12,2013,12,SOUTHERN REGION,SOUTHERN REGION,KARNATAKA,KARNATAKA,Bidar,BIDAR,0.0,0.0,5523.0,705.0,644.0,2698.0,10004.0,0.0,0.0,6500.0,1136.0,1196.0,3791.0,10744.0,0.0,0.0,38.0,7.0,9.0,49.0,40.0
2013-12,2013,12,SOUTHERN REGION,SOUTHERN REGION,KARNATAKA,KARNATAKA,Bijapur,BIJAPUR,0.0,0.0,18232.0,1436.0,2229.0,10260.0,8171.0,0.0,0.0,14860.0,1668.0,3828.0,7895.0,11376.0,0.0,0.0,74.0,5.0,12.0,65.0,29.0
2013-12,2013,12,SOUTHERN REGION,SOUTHERN REGION,KARNATAKA,KARNATAKA,Chamarajanagar,CHAMARAJANAGAR,0.0,0.0,6946.0,173.0,388.0,1659.0,5185.0,0.0,0.0,4411.0,295.0,420.0,1618.0,6103.0,0.0,0.0,38.0,3.0,5.0,21.0,31.0
2013-12,2013,12,SOUTHERN REGION,SOUTHERN REGION,KARNATAKA,KARNATAKA,Chikkaballapura,CHIKKABALLAPURA,0.0,0.0,7717.0,75.0,661.0,3333.0,10302.0,0.0,0.0,6965.0,347.0,2129.0,3571.0,7143.0,0.0,0.0,52.0,4.0,12.0,34.0,24.0
2013-12,2013,12,SOUTHERN REGION,SOUTHERN REGION,KARNATAKA,KARNATAKA,Chikmagalur,CHIKMAGALUR,0.0,0.0,18201.0,497.0,4016.0,2611.0,5942.0,0.0,0.0,17218.0,906.0,10210.0,3497.0,10419.0,0.0,0.0,95.0,5.0,29.0,38.0,28.0
2013-12,2013,12,SOUTHERN REGION,SOUTHERN REGION,KARNATAKA,KARNATAKA,Chitradurga,CHITRADURGA,0.0,0.0,9404.0,825.0,2266.0,8577.0,4764.0,0.0,0.0,9114.0,670.0,2779.0,7524.0,7991.0,0.0,0.0,53.0,11.0,15.0,78.0,20.0
2013-12,2013,12,SOUTHERN REGION,SOUTHERN REGION,KARNATAKA,KARNATAKA,Dakshin Kannad,DAKSHIN KANNAD,0.0,0.0,79273.0,6512.0,15062.0,1665.0,20573.0,0.0,0.0,161733.0,14992.0,32811.0,2938.0,45615.0,0.0,0.0,329.0,25.0,57.0,22.0,61.0
2013-12,2013,12,SOUTHERN REGION,SOUTHERN REGION,KARNATAKA,KARNATAKA,Davangere,DAVANGERE,0.0,0.0,17415.0,3131.0,3684.0,6915.0,10644.0,0.0,0.0,16164.0,1696.0,5573.0,5473.0,12570.0,0.0,0.0,69.0,5.0,19.0,58.0,33.0
2013-12,2013,12,SOUTHERN REGION,SOUTHERN REGION,KARNATAKA,KARNATAKA,Dharwad,DHARWAD,0.0,0.0,30961.0,9616.0,5753.0,8418.0,22831.0,0.0,0.0,49417.0,5686.0,12111.0,16429.0,31842.0,0.0,0.0,133.0,14.0,27.0,68.0,65.0
2013-12,2013,12,SOUTHERN REGION,SOUTHERN REGION,KARNATAKA,KARNATAKA,Gadag,GADAG,0.0,0.0,7707.0,450.0,395.0,5608.0,5113.0,0.0,0.0,6815.0,956.0,1187.0,5648.0,8282.0,0.0,0.0,46.0,6.0,6.0,51.0,23.0
2013-12,2013,12,SOUTHERN REGION,SOUTHERN REGION,KARNATAKA,KARNATAKA,Gulbarga,GULBARGA,0.0,0.0,12227.0,2069.0,1199.0,10194.0,18788.0,0.0,0.0,17165.0,3304.0,2267.0,9376.0,24362.0,0.0,0.0,52.0,9.0,10.0,84.0,57.0
2013-12,2013,12,SOUTHERN REGION,SOUTHERN REGION,KARNATAKA,KARNATAKA,Hassan,HASSAN,0.0,0.0,21280.0,1100.0,3872.0,4410.0,8712.0,0.0,0.0,18915.0,1315.0,7198.0,3618.0,14247.0,0.0,0.0,119.0,11.0,25.0,48.0,46.0
2013-12,2013,12,SOUTHERN REGION,SOUTHERN REGION,KARNATAKA,KARNATAKA,Haveri,HAVERI,0.0,0.0,9253.0,1180.0,1002.0,7962.0,5041.0,0.0,0.0,7968.0,920.0,2044.0,6842.0,6462.0,0.0,0.0,53.0,9.0,11.0,67.0,23.0
2013-12,2013,12,SOUTHERN REGION,SOUTHERN REGION,KARNATAKA,KARNATAKA,Kodagu,KODAGU,0.0,0.0,12413.0,319.0,1490.0,883.0,3663.0,0.0,0.0,18025.0,557.0,3345.0,1671.0,7178.0,0.0,0.0,85.0,6.0,12.0,20.0,15.0
2013-12,2013,12,SOUTHERN REGION,SOUTHERN REGION,KARNATAKA,KARNATAKA,Kolar,KOLAR,0.0,0.0,10085.0,197.0,1072.0,5346.0,6148.0,0.0,0.0,9775.0,560.0,3913.0,6011.0,9482.0,0.0,0.0,54.0,5.0,9.0,41.0,25.0
2013-12,2013,12,SOUTHERN REGION,SOUTHERN REGION,KARNATAKA,KARNATAKA,Koppal,KOPPAL,0.0,0.0,8235.0,1175.0,1293.0,5620.0,8979.0,0.0,0.0,5144.0,1372.0,475.0,6173.0,8322.0,0.0,0.0,36.0,8.0,6.0,48.0,30.0
2013-12,2013,12,SOUTHERN REGION,SOUTHERN REGION,KARNATAKA,KARNATAKA,Mandya,MANDYA,0.0,0.0,13269.0,420.0,1229.0,2813.0,9700.0,0.0,0.0,10815.0,634.0,2042.0,3105.0,11704.0,0.0,0.0,86.0,3.0,9.0,34.0,46.0
2013-12,2013,12,SOUTHERN REGION,SOUTHERN REGION,KARNATAKA,KARNATAKA,Mysore,MYSORE,9.0,0.0,42240.0,10358.0,10031.0,7099.0,41136.0,449.0,0.0,73186.0,19442.0,23730.0,7372.0,57633.0,1.0,0.0,171.0,18.0,43.0,66.0,88.0
2013-12,2013,12,SOUTHERN REGION,SOUTHERN REGION,KARNATAKA,KARNATAKA,Raichur,RAICHUR,0.0,0.0,12194.0,2023.0,2045.0,10827.0,12880.0,0.0,0.0,8777.0,1659.0,1597.0,6983.0,14652.0,0.0,0.0,52.0,9.0,7.0,61.0,47.0
2013-12,2013,12,SOUTHERN REGION,SOUTHERN REGION,KARNATAKA,KARNATAKA,Ramanagara,RAMANAGARA,0.0,0.0,10506.0,3885.0,2173.0,1274.0,5252.0,0.0,0.0,10512.0,11885.0,2578.0,1343.0,9647.0,0.0,0.0,68.0,13.0,15.0,14.0,26.0
2013-12,2013,12,SOUTHERN REGION,SOUTHERN REGION,KARNATAKA,KARNATAKA,Shimoga,SHIMOGA,0.0,0.0,22323.0,1552.0,4326.0,3537.0,10714.0,0.0,0.0,33953.0,1659.0,11981.0,4010.0,19933.0,0.0,0.0,124.0,8.0,25.0,37.0,46.0
2013-12,2013,12,SOUTHERN REGION,SOUTHERN REGION,KARNATAKA,KARNATAKA,Tumkur,TUMKUR,0.0,0.0,18189.0,1171.0,4260.0,8031.0,18774.0,0.0,0.0,16778.0,1537.0,7390.0,5440.0,19986.0,0.0,0.0,81.0,5.0,28.0,50.0,74.0
2013-12,2013,12,SOUTHERN REGION,SOUTHERN REGION,KARNATAKA,KARNATAKA,Udipi,UDIPI,0.0,0.0,42671.0,637.0,6466.0,1083.0,7795.0,0.0,0.0,94692.0,5127.0,13320.0,1449.0,14805.0,0.0,0.0,221.0,11.0,30.0,19.0,24.0
2013-12,2013,12,SOUTHERN REGION,SOUTHERN REGION,KARNATAKA,KARNATAKA,Uttar Kannad,UTTAR KANNAD,0.0,0.0,10276.0,291.0,1420.0,1658.0,5162.0,0.0,0.0,35307.0,1516.0,5910.0,3774.0,20294.0,0.0,0.0,136.0,10.0,19.0,37.0,37.0
2013-12,2013,12,SOUTHERN REGION,SOUTHERN REGION,KARNATAKA,KARNATAKA,Yadgir,YADGIR,0.0,0.0,2567.0,866.0,1263.0,2753.0,6327.0,0.0,0.0,1574.0,913.0,991.0,2638.0,5718.0,0.0,0.0,19.0,6.0,5.0,35.0,26.0
2013-12,2013,12,SOUTHERN REGION,SOUTHERN REGION,KERALA,KERALA,Alapuzha,ALAPUZHA,0.0,0.0,26419.0,3726.0,18257.0,1318.0,34845.0,0.0,0.0,37234.0,5214.0,47944.0,819.0,63062.0,0.0,0.0,107.0,22.0,105.0,10.0,91.0
2013-12,2013,12,SOUTHERN REGION,SOUTHERN REGION,KERALA,KERALA,Ernakulam,ERNAKULAM,4605.0,0.0,157899.0,55420.0,101447.0,2469.0,145349.0,16610.0,0.0,139495.0,54541.0,181521.0,4687.0,145049.0,6.0,0.0,316.0,83.0,234.0,25.0,187.0
2013-12,2013,12,SOUTHERN REGION,SOUTHERN REGION,KERALA,KERALA,Idukki,IDUKKI,0.0,0.0,10611.0,2815.0,9622.0,797.0,13565.0,0.0,0.0,5096.0,1169.0,11107.0,365.0,11810.0,0.0,0.0,45.0,6.0,46.0,12.0,45.0
2013-12,2013,12,SOUTHERN REGION,SOUTHERN REGION,KERALA,KERALA,Kannur,KANNUR,0.0,0.0,24437.0,5413.0,10450.0,16841.0,18404.0,0.0,0.0,47974.0,7748.0,19898.0,12428.0,46652.0,0.0,0.0,117.0,22.0,57.0,83.0,57.0
2013-12,2013,12,SOUTHERN REGION,SOUTHERN REGION,KERALA,KERALA,Kasaragod,KASARAGOD,0.0,0.0,15069.0,1383.0,4439.0,10232.0,5330.0,0.0,0.0,19401.0,1602.0,5598.0,6304.0,9617.0,0.0,0.0,80.0,9.0,30.0,53.0,19.0
2013-12,2013,12,SOUTHERN REGION,SOUTHERN REGION,KERALA,KERALA,Kollam,KOLLAM,0.0,0.0,39467.0,5307.0,24536.0,1828.0,41693.0,0.0,0.0,39886.0,4282.0,60175.0,2499.0,78085.0,0.0,0.0,142.0,15.0,90.0,18.0,80.0
2013-12,2013,12,SOUTHERN REGION,SOUTHERN REGION,KERALA,KERALA,Kottayam,KOTTAYAM,0.0,0.0,25521.0,8967.0,25031.0,2945.0,54023.0,0.0,0.0,31732.0,10145.0,67361.0,1645.0,86766.0,0.0,0.0,118.0,25.0,139.0,23.0,142.0
2013-12,2013,12,SOUTHERN REGION,SOUTHERN REGION,KERALA,KERALA,Kozhikode,KOZHIKODE,0.0,0.0,38047.0,11335.0,16804.0,11855.0,30599.0,0.0,0.0,53120.0,11770.0,26788.0,10302.0,47029.0,0.0,0.0,138.0,26.0,68.0,69.0,81.0
2013-12,2013,12,SOUTHERN REGION,SOUTHERN REGION,KERALA,KERALA,Malappuram,MALAPPURAM,0.0,0.0,19868.0,6868.0,15467.0,14265.0,16847.0,0.0,0.0,31884.0,5225.0,32730.0,12167.0,36783.0,0.0,0.0,119.0,24.0,98.0,83.0,62.0
2013-12,2013,12,SOUTHERN REGION,SOUTHERN REGION,KERALA,KERALA,Palakkad,PALAKKAD,0.0,0.0,32274.0,4010.0,16332.0,2283.0,30010.0,0.0,0.0,43278.0,5963.0,22961.0,1756.0,46006.0,0.0,0.0,140.0,20.0,99.0,17.0,82.0
2013-12,2013,12,SOUTHERN REGION,SOUTHERN REGION,KERALA,KERALA,Pathanamthitta,PATHANAMTHITTA,0.0,0.0,17904.0,2884.0,14618.0,1967.0,27392.0,0.0,0.0,47781.0,9852.0,77435.0,3155.0,85301.0,0.0,0.0,109.0,17.0,115.0,26.0,86.0
2013-12,2013,12,SOUTHERN REGION,SOUTHERN REGION,KERALA,KERALA,Thiruvananthapuram,THIRUVANANTHAPURAM,157.0,0.0,104174.0,19201.0,44528.0,5139.0,105908.0,4003.0,0.0,117898.0,48434.0,75538.0,6568.0,188327.0,2.0,0.0,251.0,40.0,120.0,30.0,172.0
2013-12,2013,12,SOUTHERN REGION,SOUTHERN REGION,KERALA,KERALA,Thrissur,THRISSUR,0.0,0.0,53788.0,12582.0,55586.0,4127.0,45474.0,0.0,0.0,65501.0,20785.0,125970.0,6510.0,76338.0,0.0,0.0,161.0,48.0,257.0,29.0,111.0
2013-12,2013,12,SOUTHERN REGION,SOUTHERN REGION,KERALA,KERALA,Wayanad,WAYANAD,0.0,0.0,6606.0,686.0,2779.0,5073.0,5886.0,0.0,0.0,4483.0,643.0,3268.0,2811.0,5356.0,0.0,0.0,36.0,5.0,16.0,28.0,20.0
2013-12,2013,12,CENTRAL REGION,CENTRAL REGION,MADHYA PRADESH,MADHYA PRADESH,Agar-Malwa,AGAR MALWA,0.0,0.0,2438.0,0.0,0.0,655.0,1026.0,0.0,0.0,1640.0,0.0,0.0,588.0,1340.0,0.0,0.0,14.0,0.0,0.0,7.0,7.0
2013-12,2013,12,CENTRAL REGION,CENTRAL REGION,MADHYA PRADESH,MADHYA PRADESH,Alirajpur,ALIRAJPUR,0.0,0.0,668.0,66.0,0.0,293.0,287.0,0.0,0.0,2223.0,306.0,0.0,1148.0,1674.0,0.0,0.0,8.0,2.0,0.0,11.0,3.0
2013-12,2013,12,CENTRAL REGION,CENTRAL REGION,MADHYA PRADESH,MADHYA PRADESH,Anuppur,ANUPPUR,0.0,0.0,1241.0,0.0,0.0,356.0,2083.0,0.0,0.0,7015.0,0.0,0.0,1680.0,7714.0,0.0,0.0,21.0,0.0,0.0,13.0,11.0
2013-12,2013,12,CENTRAL REGION,CENTRAL REGION,MADHYA PRADESH,MADHYA PRADESH,Ashoknagar,ASHOKNAGAR,0.0,0.0,2586.0,689.0,0.0,1235.0,2633.0,0.0,0.0,4243.0,480.0,0.0,1208.0,4510.0,0.0,0.0,24.0,5.0,0.0,14.0,11.0
2013-12,2013,12,CENTRAL REGION,CENTRAL REGION,MADHYA PRADESH,MADHYA PRADESH,Balaghat,BALAGHAT,0.0,0.0,3315.0,185.0,0.0,668.0,3434.0,0.0,0.0,9074.0,629.0,0.0,2235.0,9006.0,0.0,0.0,50.0,3.0,0.0,26.0,18.0
2013-12,2013,12,CENTRAL REGION,CENTRAL REGION,MADHYA PRADESH,MADHYA PRADESH,Barwani,BARWANI,0.0,0.0,7623.0,383.0,0.0,1320.0,5210.0,0.0,0.0,5334.0,535.0,0.0,2175.0,5157.0,0.0,0.0,34.0,7.0,0.0,19.0,19.0
2013-12,2013,12,CENTRAL REGION,CENTRAL REGION,MADHYA PRADESH,MADHYA PRADESH,Betul,BETUL,0.0,0.0,6125.0,470.0,0.0,140.0,3574.0,0.0,0.0,15154.0,580.0,0.0,157.0,12750.0,0.0,0.0,66.0,5.0,0.0,6.0,24.0
2013-12,2013,12,CENTRAL REGION,CENTRAL REGION,MADHYA PRADESH,MADHYA PRADESH,Bhind,BHIND,0.0,0.0,2933.0,35.0,0.0,658.0,2297.0,0.0,0.0,7377.0,393.0,0.0,1789.0,8244.0,0.0,0.0,33.0,3.0,0.0,20.0,18.0
2013-12,2013,12,CENTRAL REGION,CENTRAL REGION,MADHYA PRADESH,MADHYA PRADESH,Bhopal,BHOPAL,60.0,0.0,127746.0,24178.0,2079.0,1090.0,95569.0,736.0,0.0,251250.0,27168.0,4001.0,2998.0,302947.0,2.0,0.0,239.0,36.0,8.0,9.0,101.0
2013-12,2013,12,CENTRAL REGION,CENTRAL REGION,MADHYA PRADESH,MADHYA PRADESH,Burhanpur,BURHANPUR,0.0,0.0,5948.0,728.0,0.0,959.0,2144.0,0.0,0.0,8503.0,621.0,0.0,928.0,3835.0,0.0,0.0,25.0,3.0,0.0,9.0,8.0
2013-12,2013,12,CENTRAL REGION,CENTRAL REGION,MADHYA PRADESH,MADHYA PRADESH,Chhatarpur,CHHATARPUR,0.0,0.0,1683.0,545.0,0.0,2252.0,4409.0,0.0,0.0,6397.0,895.0,0.0,5289.0,15785.0,0.0,0.0,18.0,3.0,0.0,47.0,22.0
2013-12,2013,12,CENTRAL REGION,CENTRAL REGION,MADHYA PRADESH,MADHYA PRADESH,Chhindwara,CHHINDWARA,0.0,0.0,8765.0,2734.0,0.0,2053.0,5151.0,11.0,0.0,21835.0,1075.0,0.0,3696.0,15706.0,1.0,0.0,72.0,9.0,0.0,38.0,27.0
2013-12,2013,12,CENTRAL REGION,CENTRAL REGION,MADHYA PRADESH,MADHYA PRADESH,Damoh,DAMOH,0.0,0.0,1872.0,317.0,0.0,1589.0,3497.0,0.0,0.0,4767.0,584.0,0.0,1867.0,8411.0,0.0,0.0,19.0,3.0,0.0,26.0,21.0
2013-12,2013,12,CENTRAL REGION,CENTRAL REGION,MADHYA PRADESH,MADHYA PRADESH,Datia,DATIA,0.0,0.0,3948.0,171.0,0.0,495.0,1923.0,0.0,0.0,4460.0,421.0,0.0,906.0,4871.0,0.0,0.0,25.0,2.0,0.0,13.0,11.0
2013-12,2013,12,CENTRAL REGION,CENTRAL REGION,MADHYA PRADESH,MADHYA PRADESH,Dewas,DEWAS,0.0,0.0,11364.0,1628.0,126.0,4174.0,7248.0,0.0,0.0,11526.0,1582.0,105.0,4810.0,7272.0,0.0,0.0,50.0,8.0,1.0,37.0,18.0
2013-12,2013,12,CENTRAL REGION,CENTRAL REGION,MADHYA PRADESH,MADHYA PRADESH,Dhar,DHAR,0.0,0.0,11405.0,1301.0,4.0,3788.0,7624.0,0.0,0.0,15377.0,1649.0,11.0,5610.0,9518.0,0.0,0.0,78.0,13.0,1.0,60.0,19.0
2013-12,2013,12,CENTRAL REGION,CENTRAL REGION,MADHYA PRADESH,MADHYA PRADESH,Dindori,DINDORI,0.0,0.0,507.0,0.0,0.0,330.0,617.0,0.0,0.0,2950.0,122.0,0.0,1037.0,2337.0,0.0,0.0,14.0,1.0,0.0,11.0,6.0
2013-12,2013,12,CENTRAL REGION,CENTRAL REGION,MADHYA PRADESH,MADHYA PRADESH,East Nimar,EAST NIMAR,0.0,0.0,8569.0,1269.0,0.0,1497.0,3558.0,0.0,0.0,11445.0,578.0,0.0,1950.0,6242.0,0.0,0.0,44.0,3.0,0.0,21.0,15.0
2013-12,2013,12,CENTRAL REGION,CENTRAL REGION,MADHYA PRADESH,MADHYA PRADESH,Guna,GUNA,0.0,0.0,3916.0,1929.0,0.0,2222.0,6193.0,0.0,0.0,6912.0,1071.0,0.0,1792.0,8824.0,0.0,0.0,25.0,6.0,0.0,22.0,26.0
2013-12,2013,12,CENTRAL REGION,CENTRAL REGION,MADHYA PRADESH,MADHYA PRADESH,Gwalior,GWALIOR,0.0,0.0,20154.0,5599.0,240.0,1369.0,12725.0,0.0,0.0,63132.0,7639.0,465.0,2438.0,37215.0,0.0,0.0,113.0,19.0,2.0,17.0,51.0
2013-12,2013,12,CENTRAL REGION,CENTRAL REGION,MADHYA PRADESH,MADHYA PRADESH,Harda,HARDA,0.0,0.0,12580.0,907.0,0.0,2203.0,3680.0,0.0,0.0,5766.0,531.0,0.0,1398.0,3852.0,0.0,0.0,28.0,5.0,0.0,14.0,6.0
2013-12,2013,12,CENTRAL REGION,CENTRAL REGION,MADHYA PRADESH,MADHYA PRADESH,Hoshangabad,HOSHANGABAD,0.0,0.0,8610.0,3504.0,74.0,3363.0,10475.0,0.0,0.0,11796.0,2144.0,3.0,4171.0,13253.0,0.0,0.0,60.0,20.0,1.0,33.0,24.0
2013-12,2013,12,CENTRAL REGION,CENTRAL REGION,MADHYA PRADESH,MADHYA PRADESH,Indore,INDORE,865.0,0.0,154050.0,59074.0,6083.0,1122.0,119567.0,1679.0,0.0,152079.0,49415.0,6340.0,2505.0,94120.0,3.0,0.0,269.0,59.0,8.0,17.0,106.0
2013-12,2013,12,CENTRAL REGION,CENTRAL REGION,MADHYA PRADESH,MADHYA PRADESH,Jabalpur,JABALPUR,0.0,0.0,26554.0,7666.0,4.0,733.0,17338.0,0.0,0.0,84353.0,6389.0,146.0,1096.0,47249.0,0.0,0.0,164.0,14.0,1.0,12.0,60.0
2013-12,2013,12,CENTRAL REGION,CENTRAL REGION,MADHYA PRADESH,MADHYA PRADESH,Jhabua,JHABUA,0.0,0.0,1881.0,37.0,0.0,826.0,1332.0,0.0,0.0,3526.0,134.0,0.0,2120.0,4127.0,0.0,0.0,15.0,2.0,0.0,19.0,9.0
2013-12,2013,12,CENTRAL REGION,CENTRAL REGION,MADHYA PRADESH,MADHYA PRADESH,Katni,KATNI,0.0,0.0,5181.0,1577.0,0.0,188.0,4586.0,0.0,0.0,14337.0,1482.0,0.0,747.0,10952.0,0.0,0.0,45.0,3.0,0.0,10.0,26.0
2013-12,2013,12,CENTRAL REGION,CENTRAL REGION,MADHYA PRADESH,MADHYA PRADESH,Mandla,MANDLA,0.0,0.0,1435.0,376.0,0.0,639.0,1922.0,0.0,0.0,6941.0,272.0,0.0,1769.0,5976.0,0.0,0.0,24.0,4.0,0.0,18.0,12.0
2013-12,2013,12,CENTRAL REGION,CENTRAL REGION,MADHYA PRADESH,MADHYA PRADESH,Mandsaur,MANDSAUR,0.0,0.0,4718.0,1163.0,0.0,1314.0,3243.0,0.0,0.0,8533.0,1644.0,0.0,2154.0,7038.0,0.0,0.0,41.0,7.0,0.0,18.0,17.0
2013-12,2013,12,CENTRAL REGION,CENTRAL REGION,MADHYA PRADESH,MADHYA PRADESH,Morena,MORENA,0.0,0.0,9226.0,286.0,0.0,920.0,5209.0,0.0,0.0,8158.0,551.0,0.0,2119.0,8949.0,0.0,0.0,42.0,4.0,0.0,14.0,23.0
2013-12,2013,12,CENTRAL REGION,CENTRAL REGION,MADHYA PRADESH,MADHYA PRADESH,Narsimhapur,NARSIMHAPUR,0.0,0.0,8101.0,139.0,0.0,713.0,6090.0,0.0,0.0,10251.0,231.0,0.0,1710.0,5662.0,0.0,0.0,49.0,8.0,0.0,21.0,15.0
2013-12,2013,12,CENTRAL REGION,CENTRAL REGION,MADHYA PRADESH,MADHYA PRADESH,Neemuch,NEEMUCH,0.0,0.0,3699.0,864.0,0.0,1017.0,2138.0,0.0,0.0,6126.0,1475.0,0.0,1830.0,5936.0,0.0,0.0,28.0,7.0,0.0,16.0,15.0
2013-12,2013,12,CENTRAL REGION,CENTRAL REGION,MADHYA PRADESH,MADHYA PRADESH,Panna,PANNA,0.0,0.0,559.0,1.0,0.0,769.0,2478.0,0.0,0.0,2143.0,17.0,0.0,1801.0,8410.0,0.0,0.0,13.0,1.0,0.0,16.0,19.0
2013-12,2013,12,CENTRAL REGION,CENTRAL REGION,MADHYA PRADESH,MADHYA PRADESH,Raisen,RAISEN,0.0,0.0,6784.0,644.0,91.0,4455.0,9051.0,0.0,0.0,7484.0,454.0,10.0,3781.0,5761.0,0.0,0.0,43.0,14.0,1.0,34.0,18.0
2013-12,2013,12,CENTRAL REGION,CENTRAL REGION,MADHYA PRADESH,MADHYA PRADESH,Rajgarh,RAJGARH,0.0,0.0,7891.0,424.0,0.0,3784.0,4363.0,0.0,0.0,5777.0,272.0,0.0,3054.0,5419.0,0.0,0.0,33.0,5.0,0.0,34.0,21.0
2013-12,2013,12,CENTRAL REGION,CENTRAL REGION,MADHYA PRADESH,MADHYA PRADESH,Ratlam,RATLAM,0.0,0.0,8851.0,3399.0,0.0,1091.0,5451.0,0.0,0.0,15025.0,1738.0,0.0,1741.0,11360.0,0.0,0.0,59.0,10.0,0.0,13.0,28.0
2013-12,2013,12,CENTRAL REGION,CENTRAL REGION,MADHYA PRADESH,MADHYA PRADESH,Rewa,REWA,0.0,0.0,6534.0,1059.0,0.0,1442.0,3883.0,0.0,0.0,30501.0,1065.0,0.0,10098.0,12655.0,0.0,0.0,71.0,4.0,0.0,58.0,13.0
2013-12,2013,12,CENTRAL REGION,CENTRAL REGION,MADHYA PRADESH,MADHYA PRADESH,Sagar,SAGAR,0.0,0.0,10353.0,1835.0,115.0,2739.0,6564.0,0.0,0.0,24450.0,1801.0,3.0,3996.0,32202.0,0.0,0.0,88.0,9.0,1.0,37.0,30.0
2013-12,2013,12,CENTRAL REGION,CENTRAL REGION,MADHYA PRADESH,MADHYA PRADESH,Satna,SATNA,0.0,0.0,7324.0,2566.0,0.0,2541.0,4006.0,0.0,0.0,23677.0,2426.0,0.0,8489.0,12317.0,0.0,0.0,62.0,8.0,0.0,62.0,18.0
2013-12,2013,12,CENTRAL REGION,CENTRAL REGION,MADHYA PRADESH,MADHYA PRADESH,Sehore,SEHORE,0.0,0.0,9876.0,959.0,0.0,1288.0,7033.0,0.0,0.0,9893.0,516.0,0.0,1664.0,5195.0,0.0,0.0,64.0,7.0,0.0,16.0,18.0
2013-12,2013,12,CENTRAL REGION,CENTRAL REGION,MADHYA PRADESH,MADHYA PRADESH,Seoni,SEONI,0.0,0.0,3274.0,398.0,0.0,1304.0,3321.0,0.0,0.0,8091.0,541.0,0.0,1857.0,6303.0,0.0,0.0,32.0,3.0,0.0,26.0,9.0
2013-12,2013,12,CENTRAL REGION,CENTRAL REGION,MADHYA PRADESH,MADHYA PRADESH,Shahdol,SHAHDOL,0.0,0.0,1677.0,143.0,0.0,553.0,2661.0,0.0,0.0,8548.0,485.0,0.0,2250.0,9192.0,0.0,0.0,26.0,3.0,0.0,18.0,11.0
2013-12,2013,12,CENTRAL REGION,CENTRAL REGION,MADHYA PRADESH,MADHYA PRADESH,Shajapur,SHAJAPUR,0.0,0.0,5872.0,837.0,0.0,1589.0,4280.0,0.0,0.0,5035.0,310.0,0.0,1496.0,4299.0,0.0,0.0,30.0,10.0,0.0,14.0,13.0
2013-12,2013,12,CENTRAL REGION,CENTRAL REGION,MADHYA PRADESH,MADHYA PRADESH,Sheopur,SHEOPUR,0.0,0.0,1254.0,123.0,0.0,478.0,1932.0,0.0,0.0,2163.0,361.0,0.0,840.0,2641.0,0.0,0.0,9.0,3.0,0.0,7.0,8.0
2013-12,2013,12,CENTRAL REGION,CENTRAL REGION,MADHYA PRADESH,MADHYA PRADESH,Shivpuri,SHIVPURI,0.0,0.0,2927.0,502.0,0.0,1907.0,3412.0,0.0,0.0,6552.0,926.0,0.0,3615.0,10178.0,0.0,0.0,24.0,3.0,0.0,31.0,21.0
2013-12,2013,12,CENTRAL REGION,CENTRAL REGION,MADHYA PRADESH,MADHYA PRADESH,Sidhi,SIDHI,0.0,0.0,1005.0,126.0,0.0,443.0,1029.0,0.0,0.0,7734.0,614.0,0.0,2751.0,4896.0,0.0,0.0,25.0,4.0,0.0,22.0,4.0
2013-12,2013,12,CENTRAL REGION,CENTRAL REGION,MADHYA PRADESH,MADHYA PRADESH,Singrauli,SINGRAULI,0.0,0.0,2223.0,676.0,0.0,407.0,2116.0,0.0,0.0,46061.0,1893.0,0.0,2975.0,21139.0,0.0,0.0,28.0,6.0,0.0,19.0,15.0
2013-12,2013,12,CENTRAL REGION,CENTRAL REGION,MADHYA PRADESH,MADHYA PRADESH,Tikamgarh,TIKAMGARH,0.0,0.0,686.0,66.0,0.0,1846.0,2325.0,0.0,0.0,2765.0,369.0,0.0,5052.0,11290.0,0.0,0.0,7.0,4.0,0.0,44.0,16.0
2013-12,2013,12,CENTRAL REGION,CENTRAL REGION,MADHYA PRADESH,MADHYA PRADESH,Ujjain,UJJAIN,0.0,0.0,20057.0,2301.0,539.0,2508.0,8781.0,0.0,0.0,32777.0,3030.0,342.0,2034.0,16409.0,0.0,0.0,90.0,13.0,4.0,26.0,33.0
2013-12,2013,12,CENTRAL REGION,CENTRAL REGION,MADHYA PRADESH,MADHYA PRADESH,Umaria,UMARIA,0.0,0.0,628.0,0.0,0.0,240.0,1221.0,0.0,0.0,4730.0,4.0,0.0,1339.0,6291.0,0.0,0.0,12.0,1.0,0.0,11.0,8.0
2013-12,2013,12,CENTRAL REGION,CENTRAL REGION,MADHYA PRADESH,MADHYA PRADESH,Vidisha,VIDISHA,0.0,0.0,6872.0,1437.0,0.0,2508.0,8360.0,0.0,0.0,7482.0,1044.0,0.0,3251.0,8265.0,0.0,0.0,44.0,9.0,0.0,21.0,26.0
2013-12,2013,12,CENTRAL REGION,CENTRAL REGION,MADHYA PRADESH,MADHYA PRADESH,West Nimar,WEST NIMAR,0.0,0.0,9661.0,1351.0,0.0,3218.0,5349.0,0.0,0.0,9193.0,599.0,0.0,4176.0,8756.0,0.0,0.0,51.0,4.0,0.0,28.0,23.0
2013-12,2013,12,WESTERN REGION,WESTERN REGION,MAHARASHTRA,MAHARASHTRA,Ahmadnagar,AHMADNAGAR,0.0,0.0,72425.0,7698.0,652.0,213.0,16251.0,0.0,0.0,58041.0,6299.0,408.0,218.0,29643.0,1.0,0.0,235.0,32.0,5.0,6.0,57.0
2013-12,2013,12,WESTERN REGION,WESTERN REGION,MAHARASHTRA,MAHARASHTRA,Akola,AKOLA,5.0,0.0,8280.0,2623.0,1.0,1995.0,8256.0,40.0,0.0,18580.0,2039.0,26.0,2693.0,14636.0,1.0,0.0,72.0,9.0,1.0,28.0,31.0
2013-12,2013,12,WESTERN REGION,WESTERN REGION,MAHARASHTRA,MAHARASHTRA,Amravati,AMRAVATI,0.0,0.0,18196.0,2550.0,51.0,165.0,12425.0,0.0,0.0,36911.0,3692.0,41.0,324.0,22303.0,0.0,0.0,144.0,11.0,3.0,7.0,51.0
2013-12,2013,12,WESTERN REGION,WESTERN REGION,MAHARASHTRA,MAHARASHTRA,Aurangabad,AURANGABAD,624.0,0.0,43751.0,17097.0,1836.0,4081.0,39991.0,776.0,0.0,42384.0,12052.0,1543.0,5537.0,42684.0,2.0,0.0,116.0,27.0,9.0,31.0,74.0
2013-12,2013,12,WESTERN REGION,WESTERN REGION,MAHARASHTRA,MAHARASHTRA,Bhandara,BHANDARA,0.0,0.0,4308.0,225.0,0.0,1193.0,2408.0,0.0,0.0,23116.0,440.0,0.0,2335.0,6882.0,0.0,0.0,54.0,5.0,0.0,21.0,18.0
2013-12,2013,12,WESTERN REGION,WESTERN REGION,MAHARASHTRA,MAHARASHTRA,Bid,BID,0.0,0.0,4466.0,1232.0,0.0,3142.0,17275.0,0.0,0.0,6164.0,921.0,0.0,4275.0,22911.0,0.0,0.0,28.0,9.0,0.0,49.0,46.0
2013-12,2013,12,WESTERN REGION,WESTERN REGION,MAHARASHTRA,MAHARASHTRA,Buldhana,BULDHANA,0.0,0.0,8459.0,1214.0,0.0,2929.0,13584.0,0.0,0.0,11654.0,1220.0,0.0,3383.0,17110.0,0.0,0.0,68.0,12.0,0.0,25.0,46.0
2013-12,2013,12,WESTERN REGION,WESTERN REGION,MAHARASHTRA,MAHARASHTRA,Chandrapur,CHANDRAPUR,0.0,0.0,9252.0,1175.0,0.0,1909.0,4983.0,0.0,0.0,35027.0,1926.0,0.0,3301.0,16640.0,0.0,0.0,102.0,12.0,0.0,37.0,31.0
2013-12,2013,12,WESTERN REGION,WESTERN REGION,MAHARASHTRA,MAHARASHTRA,Dhule,DHULE,0.0,0.0,13159.0,2226.0,0.0,110.0,8899.0,0.0,0.0,23185.0,2633.0,0.0,57.0,14392.0,0.0,0.0,66.0,11.0,0.0,2.0,22.0
2013-12,2013,12,WESTERN REGION,WESTERN REGION,MAHARASHTRA,MAHARASHTRA,Gadchiroli,GADCHIROLI,0.0,0.0,2221.0,0.0,0.0,842.0,1475.0,0.0,0.0,7394.0,0.0,0.0,2253.0,5754.0,0.0,0.0,29.0,0.0,0.0,18.0,12.0
2013-12,2013,12,WESTERN REGION,WESTERN REGION,MAHARASHTRA,MAHARASHTRA,Gondia,GONDIA,0.0,0.0,4361.0,332.0,0.0,1201.0,2409.0,0.0,0.0,10726.0,1541.0,0.0,2217.0,4989.0,0.0,0.0,45.0,4.0,0.0,24.0,9.0
2013-12,2013,12,WESTERN REGION,WESTERN REGION,MAHARASHTRA,MAHARASHTRA,Hingoli,HINGOLI,0.0,0.0,2542.0,414.0,0.0,1148.0,6034.0,0.0,0.0,1942.0,331.0,0.0,1943.0,5544.0,0.0,0.0,12.0,3.0,0.0,23.0,15.0
2013-12,2013,12,WESTERN REGION,WESTERN REGION,MAHARASHTRA,MAHARASHTRA,Jalgaon,JALGAON,0.0,0.0,24977.0,6683.0,222.0,139.0,21657.0,55.0,0.0,44621.0,5905.0,182.0,404.0,25666.0,1.0,0.0,166.0,27.0,2.0,8.0,52.0
2013-12,2013,12,WESTERN REGION,WESTERN REGION,MAHARASHTRA,MAHARASHTRA,Jalna,JALNA,0.0,0.0,12027.0,2112.0,0.0,4826.0,10484.0,0.0,0.0,6720.0,1314.0,0.0,2693.0,10351.0,0.0,0.0,44.0,4.0,0.0,26.0,24.0
2013-12,2013,12,WESTERN REGION,WESTERN REGION,MAHARASHTRA,MAHARASHTRA,Kolhapur,KOLHAPUR,1020.0,0.0,55855.0,13950.0,10092.0,348.0,15531.0,410.0,0.0,71777.0,9131.0,11527.0,111.0,21688.0,2.0,0.0,193.0,58.0,53.0,6.0,39.0
2013-12,2013,12,WESTERN REGION,WESTERN REGION,MAHARASHTRA,MAHARASHTRA,Latur,LATUR,0.0,0.0,12125.0,2144.0,0.0,2243.0,11620.0,0.0,0.0,11877.0,1882.0,0.0,2911.0,18082.0,0.0,0.0,50.0,10.0,0.0,42.0,44.0
2013-12,2013,12,WESTERN REGION,WESTERN REGION,MAHARASHTRA,MAHARASHTRA,Mumbai,MUMBAI,843737.0,0.0,5835946.0,1167026.0,304428.0,0.0,1429974.0,1261387.0,0.0,5460327.0,1828143.0,268996.0,0.0,933404.0,32.0,0.0,609.0,170.0,55.0,0.0,121.0
2013-12,2013,12,WESTERN REGION,WESTERN REGION,MAHARASHTRA,MAHARASHTRA,Mumbai Suburban,MUMBAI SUBURBAN,231254.0,0.0,812995.0,2095688.0,81393.0,0.0,702173.0,569398.0,0.0,1951449.0,1100674.0,157961.0,0.0,517705.0,29.0,0.0,662.0,326.0,90.0,0.0,183.0
2013-12,2013,12,WESTERN REGION,WESTERN REGION,MAHARASHTRA,MAHARASHTRA,Nagpur,NAGPUR,799.0,0.0,163309.0,51422.0,7351.0,752.0,86393.0,968.0,0.0,281503.0,81886.0,4356.0,480.0,81176.0,2.0,0.0,357.0,59.0,10.0,10.0,87.0
2013-12,2013,12,WESTERN REGION,WESTERN REGION,MAHARASHTRA,MAHARASHTRA,Nanded,NANDED,1.0,0.0,11981.0,2040.0,49.0,4306.0,23034.0,22.0,0.0,12907.0,2547.0,220.0,6144.0,26937.0,1.0,0.0,49.0,8.0,2.0,63.0,56.0
2013-12,2013,12,WESTERN REGION,WESTERN REGION,MAHARASHTRA,MAHARASHTRA,Nandurbar,NANDURBAR,0.0,0.0,6933.0,569.0,0.0,48.0,2178.0,0.0,0.0,11011.0,940.0,0.0,48.0,8554.0,0.0,0.0,45.0,5.0,0.0,1.0,9.0
2013-12,2013,12,WESTERN REGION,WESTERN REGION,MAHARASHTRA,MAHARASHTRA,Nasik,NASIK,394.0,0.0,74244.0,20979.0,3276.0,358.0,35368.0,1164.0,0.0,118930.0,26137.0,2296.0,230.0,55550.0,3.0,0.0,271.0,84.0,9.0,7.0,81.0
2013-12,2013,12,WESTERN REGION,WESTERN REGION,MAHARASHTRA,MAHARASHTRA,Osmanabad,OSMANABAD,0.0,0.0,5641.0,1053.0,16.0,1895.0,6372.0,0.0,0.0,7510.0,693.0,26.0,3146.0,12667.0,0.0,0.0,27.0,7.0,1.0,34.0,30.0
2013-12,2013,12,WESTERN REGION,WESTERN REGION,MAHARASHTRA,MAHARASHTRA,Parbhani,PARBHANI,0.0,0.0,5368.0,701.0,0.0,2401.0,17779.0,0.0,0.0,4293.0,478.0,0.0,2637.0,13893.0,0.0,0.0,22.0,6.0,0.0,39.0,31.0
2013-12,2013,12,WESTERN REGION,WESTERN REGION,MAHARASHTRA,MAHARASHTRA,Pune,PUNE,80602.0,0.0,559771.0,193832.0,26796.0,199.0,202280.0,93259.0,0.0,786490.0,298260.0,20130.0,365.0,201482.0,11.0,0.0,744.0,198.0,42.0,8.0,139.0
2013-12,2013,12,WESTERN REGION,WESTERN REGION,MAHARASHTRA,MAHARASHTRA,Raigad,RAIGAD,0.0,0.0,63326.0,1558.0,1200.0,87.0,13534.0,0.0,0.0,119722.0,14377.0,1907.0,12.0,48457.0,0.0,0.0,210.0,42.0,7.0,2.0,68.0
2013-12,2013,12,WESTERN REGION,WESTERN REGION,MAHARASHTRA,MAHARASHTRA,Ratnagiri,RATNAGIRI,0.0,0.0,16227.0,940.0,512.0,1455.0,4075.0,0.0,0.0,31948.0,2570.0,624.0,1582.0,12200.0,0.0,0.0,133.0,21.0,5.0,23.0,21.0
2013-12,2013,12,WESTERN REGION,WESTERN REGION,MAHARASHTRA,MAHARASHTRA,Sangli,SANGLI,0.0,0.0,33303.0,5183.0,3549.0,110.0,8721.0,0.0,0.0,45541.0,7894.0,5429.0,63.0,15142.0,0.0,0.0,123.0,63.0,26.0,4.0,25.0
2013-12,2013,12,WESTERN REGION,WESTERN REGION,MAHARASHTRA,MAHARASHTRA,Satara,SATARA,0.0,0.0,22202.0,3410.0,1252.0,52.0,11764.0,0.0,0.0,42456.0,5252.0,960.0,40.0,16231.0,0.0,0.0,167.0,34.0,6.0,3.0,33.0
2013-12,2013,12,WESTERN REGION,WESTERN REGION,MAHARASHTRA,MAHARASHTRA,Sindhudurg,SINDHUDURG,0.0,0.0,8044.0,179.0,173.0,1023.0,3187.0,0.0,0.0,19792.0,447.0,133.0,1255.0,9542.0,0.0,0.0,81.0,7.0,2.0,15.0,18.0
2013-12,2013,12,WESTERN REGION,WESTERN REGION,MAHARASHTRA,MAHARASHTRA,Solapur,SOLAPUR,0.0,0.0,52816.0,5663.0,1776.0,3981.0,12754.0,0.0,0.0,54703.0,4519.0,1680.0,2244.0,18773.0,0.0,0.0,169.0,31.0,7.0,32.0,44.0
2013-12,2013,12,WESTERN REGION,WESTERN REGION,MAHARASHTRA,MAHARASHTRA,Thane,THANE,74.0,0.0,226960.0,55533.0,23508.0,1919.0,70221.0,2132.0,0.0,555082.0,196647.0,40369.0,3761.0,151727.0,2.0,0.0,611.0,217.0,85.0,23.0,133.0
2013-12,2013,12,WESTERN REGION,WESTERN REGION,MAHARASHTRA,MAHARASHTRA,Wardha,WARDHA,0.0,0.0,13233.0,1087.0,0.0,504.0,5799.0,0.0,0.0,21458.0,1325.0,0.0,185.0,11341.0,0.0,0.0,83.0,9.0,0.0,6.0,28.0
2013-12,2013,12,WESTERN REGION,WESTERN REGION,MAHARASHTRA,MAHARASHTRA,Washim,WASHIM,0.0,0.0,2306.0,648.0,0.0,1297.0,2901.0,0.0,0.0,4182.0,518.0,0.0,1484.0,4469.0,0.0,0.0,32.0,4.0,0.0,16.0,15.0
2013-12,2013,12,WESTERN REGION,WESTERN REGION,MAHARASHTRA,MAHARASHTRA,Yavatmal,YAVATMAL,0.0,0.0,13193.0,1495.0,0.0,1984.0,9349.0,0.0,0.0,16985.0,1186.0,0.0,3446.0,13648.0,0.0,0.0,84.0,10.0,0.0,24.0,42.0
2013-12,2013,12,NORTH-EASTERN REGION,NORTH EASTERN REGION,MANIPUR,MANIPUR,Bishenpur,BISHENPUR,0.0,0.0,329.0,0.0,0.0,49.0,219.0,0.0,0.0,305.0,0.0,0.0,77.0,311.0,0.0,0.0,5.0,0.0,0.0,3.0,1.0
2013-12,2013,12,NORTH-EASTERN REGION,NORTH EASTERN REGION,MANIPUR,MANIPUR,Chandel,CHANDEL,0.0,0.0,36.0,0.0,0.0,0.0,598.0,0.0,0.0,126.0,0.0,0.0,0.0,650.0,0.0,0.0,1.0,0.0,0.0,0.0,3.0
2013-12,2013,12,NORTH-EASTERN REGION,NORTH EASTERN REGION,MANIPUR,MANIPUR,Churachandpur,CHURACHANDPUR,0.0,0.0,407.0,26.0,0.0,59.0,625.0,0.0,0.0,976.0,338.0,0.0,3.0,1648.0,0.0,0.0,4.0,2.0,0.0,1.0,5.0
2013-12,2013,12,NORTH-EASTERN REGION,NORTH EASTERN REGION,MANIPUR,MANIPUR,Imphal East,IMPHAL EAST,0.0,0.0,346.0,122.0,0.0,75.0,296.0,0.0,0.0,1064.0,3451.0,0.0,343.0,781.0,0.0,0.0,8.0,3.0,0.0,3.0,3.0
2013-12,2013,12,NORTH-EASTERN REGION,NORTH EASTERN REGION,MANIPUR,MANIPUR,Imphal West,IMPHAL WEST,0.0,0.0,5279.0,393.0,0.0,193.0,4413.0,0.0,0.0,13650.0,1186.0,0.0,595.0,12651.0,0.0,0.0,23.0,6.0,0.0,5.0,6.0
2013-12,2013,12,NORTH-EASTERN REGION,NORTH EASTERN REGION,MANIPUR,MANIPUR,Senapati,SENAPATI,0.0,0.0,119.0,0.0,0.0,26.0,1180.0,0.0,0.0,728.0,0.0,0.0,41.0,1531.0,0.0,0.0,3.0,0.0,0.0,5.0,7.0
2013-12,2013,12,NORTH-EASTERN REGION,NORTH EASTERN REGION,MANIPUR,MANIPUR,Tamenglong,TAMENGLONG,0.0,0.0,104.0,0.0,0.0,6.0,25.0,0.0,0.0,396.0,0.0,0.0,25.0,33.0,0.0,0.0,2.0,0.0,0.0,3.0,1.0
2013-12,2013,12,NORTH-EASTERN REGION,NORTH EASTERN REGION,MANIPUR,MANIPUR,Thoubal,THOUBAL,0.0,0.0,298.0,119.0,0.0,89.0,708.0,0.0,0.0,476.0,202.0,0.0,147.0,708.0,0.0,0.0,5.0,2.0,0.0,4.0,2.0
2013-12,2013,12,NORTH-EASTERN REGION,NORTH EASTERN REGION,MANIPUR,MANIPUR,Ukhrul,UKHRUL,0.0,0.0,153.0,0.0,0.0,30.0,25.0,0.0,0.0,772.0,0.0,0.0,38.0,181.0,0.0,0.0,2.0,0.0,0.0,3.0,2.0
2013-12,2013,12,NORTH-EASTERN REGION,NORTH EASTERN REGION,MEGHALAYA,MEGHALAYA,East Garo Hills,EAST GARO HILLS,0.0,0.0,19.0,56.0,0.0,30.0,1156.0,0.0,0.0,57.0,115.0,0.0,35.0,4350.0,0.0,0.0,1.0,2.0,0.0,1.0,14.0
2013-12,2013,12,NORTH-EASTERN REGION,NORTH EASTERN REGION,MEGHALAYA,MEGHALAYA,East Khasi Hills,EAST KHASI HILLS,0.0,0.0,8956.0,1127.0,828.0,1924.0,12505.0,0.0,0.0,36609.0,6178.0,2502.0,3701.0,47145.0,0.0,0.0,56.0,12.0,3.0,23.0,32.0
2013-12,2013,12,NORTH-EASTERN REGION,NORTH EASTERN REGION,MEGHALAYA,MEGHALAYA,Jaintia Hills,JAINTIA HILLS,0.0,0.0,607.0,124.0,0.0,814.0,855.0,0.0,0.0,3698.0,1337.0,0.0,3286.0,5013.0,0.0,0.0,13.0,7.0,0.0,13.0,9.0
2013-12,2013,12,NORTH-EASTERN REGION,NORTH EASTERN REGION,MEGHALAYA,MEGHALAYA,Ri Bhoi,RI BHOI,0.0,0.0,113.0,58.0,0.0,200.0,3097.0,0.0,0.0,542.0,139.0,0.0,467.0,5149.0,0.0,0.0,8.0,3.0,0.0,2.0,9.0
2013-12,2013,12,NORTH-EASTERN REGION,NORTH EASTERN REGION,MEGHALAYA,MEGHALAYA,South Garo Hills,SOUTH GARO HILLS,0.0,0.0,0.0,0.0,0.0,0.0,203.0,0.0,0.0,0.0,0.0,0.0,0.0,973.0,0.0,0.0,0.0,0.0,0.0,0.0,3.0
2013-12,2013,12,NORTH-EASTERN REGION,NORTH EASTERN REGION,MEGHALAYA,MEGHALAYA,West Garo Hills,WEST GARO HILLS,0.0,0.0,109.0,42.0,0.0,113.0,2578.0,0.0,0.0,862.0,750.0,0.0,61.0,7668.0,0.0,0.0,4.0,3.0,0.0,1.0,25.0
2013-12,2013,12,NORTH-EASTERN REGION,NORTH EASTERN REGION,MEGHALAYA,MEGHALAYA,West Khasi Hills,WEST KHASI HILLS,0.0,0.0,2.0,13.0,0.0,979.0,716.0,0.0,0.0,14.0,50.0,0.0,2084.0,2688.0,0.0,0.0,2.0,1.0,0.0,15.0,5.0
2013-12,2013,12,NORTH-EASTERN REGION,NORTH EASTERN REGION,MIZORAM,MIZORAM,Aizawl,AIZAWL,0.0,0.0,1453.0,784.0,11.0,1945.0,4965.0,0.0,0.0,6724.0,3641.0,205.0,6006.0,16241.0,0.0,0.0,17.0,6.0,2.0,17.0,14.0
2013-12,2013,12,NORTH-EASTERN REGION,NORTH EASTERN REGION,MIZORAM,MIZORAM,Champhai,CHAMPHAI,0.0,0.0,0.0,28.0,0.0,361.0,440.0,0.0,0.0,0.0,103.0,0.0,641.0,737.0,0.0,0.0,0.0,1.0,0.0,8.0,3.0
2013-12,2013,12,NORTH-EASTERN REGION,NORTH EASTERN REGION,MIZORAM,MIZORAM,Kolasib,KOLASIB,0.0,0.0,4.0,0.0,0.0,335.0,303.0,0.0,0.0,9.0,0.0,0.0,801.0,681.0,0.0,0.0,3.0,0.0,0.0,6.0,2.0
2013-12,2013,12,NORTH-EASTERN REGION,NORTH EASTERN REGION,MIZORAM,MIZORAM,Lawngtlai,LAWNGTLAI,0.0,0.0,0.0,2.0,0.0,346.0,1068.0,0.0,0.0,0.0,56.0,0.0,439.0,392.0,0.0,0.0,0.0,1.0,0.0,1.0,2.0
2013-12,2013,12,NORTH-EASTERN REGION,NORTH EASTERN REGION,MIZORAM,MIZORAM,Lunglei,LUNGLEI,0.0,0.0,13.0,25.0,0.0,809.0,901.0,0.0,0.0,87.0,98.0,0.0,1375.0,1377.0,0.0,0.0,2.0,2.0,0.0,8.0,4.0
2013-12,2013,12,NORTH-EASTERN REGION,NORTH EASTERN REGION,MIZORAM,MIZORAM,Mamit,MAMIT,0.0,0.0,0.0,0.0,0.0,565.0,192.0,0.0,0.0,0.0,0.0,0.0,1979.0,537.0,0.0,0.0,0.0,0.0,0.0,9.0,3.0
2013-12,2013,12,NORTH-EASTERN REGION,NORTH EASTERN REGION,MIZORAM,MIZORAM,Saiha,SAIHA,0.0,0.0,0.0,27.0,0.0,143.0,575.0,0.0,0.0,0.0,122.0,0.0,97.0,439.0,0.0,0.0,0.0,1.0,0.0,3.0,1.0
2013-12,2013,12,NORTH-EASTERN REGION,NORTH EASTERN REGION,MIZORAM,MIZORAM,Serchhip,SERCHHIP,0.0,0.0,0.0,0.0,0.0,378.0,211.0,0.0,0.0,0.0,0.0,0.0,549.0,460.0,0.0,0.0,0.0,0.0,0.0,6.0,3.0
2013-12,2013,12,NORTH-EASTERN REGION,NORTH EASTERN REGION,NAGALAND,NAGALAND,Dimapur,DIMAPUR,0.0,0.0,3346.0,436.0,395.0,82.0,4419.0,0.0,0.0,11654.0,3846.0,2635.0,154.0,10550.0,0.0,0.0,19.0,6.0,2.0,3.0,12.0
2013-12,2013,12,NORTH-EASTERN REGION,NORTH EASTERN REGION,NAGALAND,NAGALAND,Kiphire,KIPHIRE,0.0,0.0,0.0,0.0,0.0,0.0,171.0,0.0,0.0,0.0,0.0,0.0,0.0,303.0,0.0,0.0,0.0,0.0,0.0,0.0,2.0
2013-12,2013,12,NORTH-EASTERN REGION,NORTH EASTERN REGION,NAGALAND,NAGALAND,Kohima,KOHIMA,0.0,0.0,914.0,94.0,1.0,107.0,2953.0,0.0,0.0,7501.0,3639.0,77.0,461.0,11407.0,0.0,0.0,10.0,4.0,1.0,3.0,10.0
2013-12,2013,12,NORTH-EASTERN REGION,NORTH EASTERN REGION,NAGALAND,NAGALAND,Longleng,LONGLENG,0.0,0.0,0.0,0.0,0.0,0.0,160.0,0.0,0.0,0.0,0.0,0.0,0.0,330.0,0.0,0.0,0.0,0.0,0.0,0.0,1.0
2013-12,2013,12,NORTH-EASTERN REGION,NORTH EASTERN REGION,NAGALAND,NAGALAND,Mokokchung,MOKOKCHUNG,0.0,0.0,284.0,27.0,0.0,17.0,1423.0,0.0,0.0,602.0,336.0,0.0,13.0,1485.0,0.0,0.0,9.0,3.0,0.0,1.0,7.0
2013-12,2013,12,NORTH-EASTERN REGION,NORTH EASTERN REGION,NAGALAND,NAGALAND,Mon,MON,0.0,0.0,46.0,0.0,0.0,0.0,510.0,0.0,0.0,115.0,0.0,0.0,0.0,907.0,0.0,0.0,2.0,0.0,0.0,0.0,3.0
2013-12,2013,12,NORTH-EASTERN REGION,NORTH EASTERN REGION,NAGALAND,NAGALAND,Peren,PEREN,0.0,0.0,0.0,0.0,0.0,0.0,597.0,0.0,0.0,0.0,0.0,0.0,0.0,507.0,0.0,0.0,0.0,0.0,0.0,0.0,3.0
2013-12,2013,12,NORTH-EASTERN REGION,NORTH EASTERN REGION,NAGALAND,NAGALAND,Phek,PHEK,0.0,0.0,0.0,0.0,0.0,0.0,634.0,0.0,0.0,0.0,0.0,0.0,0.0,928.0,0.0,0.0,0.0,0.0,0.0,0.0,5.0
2013-12,2013,12,NORTH-EASTERN REGION,NORTH EASTERN REGION,NAGALAND,NAGALAND,Tuensang,TUENSANG,0.0,0.0,0.0,0.0,0.0,0.0,863.0,0.0,0.0,0.0,0.0,0.0,0.0,837.0,0.0,0.0,0.0,0.0,0.0,0.0,7.0
2013-12,2013,12,NORTH-EASTERN REGION,NORTH EASTERN REGION,NAGALAND,NAGALAND,Wokha,WOKHA,0.0,0.0,41.0,1.0,0.0,7.0,954.0,0.0,0.0,156.0,90.0,0.0,33.0,917.0,0.0,0.0,2.0,2.0,0.0,1.0,6.0
2013-12,2013,12,NORTH-EASTERN REGION,NORTH EASTERN REGION,NAGALAND,NAGALAND,Zunheboto,ZUNHEBOTO,0.0,0.0,0.0,0.0,0.0,13.0,871.0,0.0,0.0,0.0,0.0,0.0,18.0,1154.0,0.0,0.0,1.0,0.0,0.0,1.0,5.0
2013-12,2013,12,EASTERN REGION,EASTERN REGION,ODISHA,ODISHA,Angul,ANGUL,0.0,0.0,6755.0,1560.0,166.0,2898.0,4454.0,0.0,0.0,19746.0,3849.0,148.0,5528.0,16381.0,0.0,0.0,56.0,14.0,3.0,30.0,21.0
2013-12,2013,12,EASTERN REGION,EASTERN REGION,ODISHA,ODISHA,Balangir,BALANGIR,0.0,0.0,2457.0,410.0,0.0,2918.0,4217.0,0.0,0.0,5812.0,1753.0,0.0,4199.0,14020.0,0.0,0.0,37.0,6.0,0.0,42.0,22.0
2013-12,2013,12,EASTERN REGION,EASTERN REGION,ODISHA,ODISHA,Baleshwar,BALESHWAR,0.0,0.0,12358.0,1627.0,411.0,2886.0,7693.0,0.0,0.0,22556.0,3806.0,451.0,4793.0,15441.0,0.0,0.0,76.0,11.0,2.0,44.0,29.0
2013-12,2013,12,EASTERN REGION,EASTERN REGION,ODISHA,ODISHA,Bargarh,BARGARH,0.0,0.0,3376.0,1110.0,0.0,2751.0,5764.0,0.0,0.0,5878.0,1617.0,0.0,2849.0,10764.0,0.0,0.0,37.0,8.0,0.0,34.0,27.0
2013-12,2013,12,EASTERN REGION,EASTERN REGION,ODISHA,ODISHA,Bhadrak,BHADRAK,0.0,0.0,5728.0,482.0,99.0,817.0,2646.0,0.0,0.0,12201.0,1999.0,82.0,1715.0,8355.0,0.0,0.0,59.0,4.0,1.0,18.0,14.0
2013-12,2013,12,EASTERN REGION,EASTERN REGION,ODISHA,ODISHA,Boudh,BOUDH,0.0,0.0,241.0,3.0,0.0,366.0,1284.0,0.0,0.0,911.0,255.0,0.0,373.0,2951.0,0.0,0.0,12.0,1.0,0.0,5.0,11.0
2013-12,2013,12,EASTERN REGION,EASTERN REGION,ODISHA,ODISHA,Cuttack,CUTTACK,0.0,0.0,25702.0,5875.0,684.0,4390.0,16120.0,0.0,0.0,59264.0,10621.0,2932.0,5359.0,44496.0,0.0,0.0,153.0,26.0,7.0,46.0,59.0
2013-12,2013,12,EASTERN REGION,EASTERN REGION,ODISHA,ODISHA,Deogarh,DEOGARH,0.0,0.0,532.0,23.0,0.0,291.0,519.0,0.0,0.0,2215.0,197.0,0.0,508.0,2416.0,0.0,0.0,14.0,2.0,0.0,7.0,4.0
2013-12,2013,12,EASTERN REGION,EASTERN REGION,ODISHA,ODISHA,Dhenkanal,DHENKANAL,0.0,0.0,3449.0,292.0,0.0,2332.0,2767.0,0.0,0.0,9707.0,1352.0,0.0,4270.0,12159.0,0.0,0.0,41.0,5.0,0.0,26.0,16.0
2013-12,2013,12,EASTERN REGION,EASTERN REGION,ODISHA,ODISHA,Gajapati,GAJAPATI,0.0,0.0,927.0,65.0,0.0,458.0,600.0,0.0,0.0,4350.0,632.0,0.0,1774.0,3291.0,0.0,0.0,24.0,3.0,0.0,10.0,5.0
2013-12,2013,12,EASTERN REGION,EASTERN REGION,ODISHA,ODISHA,Ganjam,GANJAM,0.0,0.0,15189.0,922.0,550.0,5151.0,9935.0,0.0,0.0,36700.0,4320.0,1617.0,10182.0,42936.0,0.0,0.0,142.0,15.0,4.0,71.0,72.0
2013-12,2013,12,EASTERN REGION,EASTERN REGION,ODISHA,ODISHA,Jagatsinghpur,JAGATSINGHPUR,0.0,0.0,5536.0,392.0,33.0,1234.0,2066.0,0.0,0.0,37483.0,1693.0,38.0,2294.0,8863.0,0.0,0.0,72.0,9.0,1.0,22.0,16.0
2013-12,2013,12,EASTERN REGION,EASTERN REGION,ODISHA,ODISHA,Jajpur,JAJPUR,0.0,0.0,6268.0,939.0,195.0,2432.0,6972.0,0.0,0.0,15675.0,3033.0,155.0,4029.0,13595.0,0.0,0.0,75.0,12.0,2.0,32.0,20.0
2013-12,2013,12,EASTERN REGION,EASTERN REGION,ODISHA,ODISHA,Jharsuguda,JHARSUGUDA,0.0,0.0,3592.0,898.0,0.0,674.0,3323.0,0.0,0.0,8710.0,3019.0,0.0,962.0,8889.0,0.0,0.0,34.0,5.0,0.0,12.0,14.0
2013-12,2013,12,EASTERN REGION,EASTERN REGION,ODISHA,ODISHA,Kalahandi,KALAHANDI,0.0,0.0,2011.0,231.0,0.0,2992.0,5250.0,0.0,0.0,3453.0,1100.0,0.0,2004.0,10746.0,0.0,0.0,27.0,5.0,0.0,42.0,34.0
2013-12,2013,12,EASTERN REGION,EASTERN REGION,ODISHA,ODISHA,Kandhamal,KANDHAMAL,0.0,0.0,523.0,36.0,0.0,547.0,2161.0,0.0,0.0,2129.0,583.0,0.0,1231.0,8575.0,0.0,0.0,15.0,2.0,0.0,10.0,26.0
2013-12,2013,12,EASTERN REGION,EASTERN REGION,ODISHA,ODISHA,Kendrapara,KENDRAPARA,0.0,0.0,3147.0,209.0,0.0,1290.0,2997.0,0.0,0.0,9597.0,1284.0,0.0,2735.0,12280.0,0.0,0.0,49.0,4.0,0.0,25.0,21.0
2013-12,2013,12,EASTERN REGION,EASTERN REGION,ODISHA,ODISHA,Keonjhar,KEONJHAR,0.0,0.0,10283.0,1653.0,0.0,2896.0,5111.0,0.0,0.0,25486.0,12256.0,175.0,6132.0,13448.0,0.0,0.0,85.0,15.0,1.0,45.0,22.0
2013-12,2013,12,EASTERN REGION,EASTERN REGION,ODISHA,ODISHA,Khurda,KHURDA,87.0,0.0,179376.0,27785.0,5682.0,5503.0,97179.0,687.0,0.0,265622.0,75256.0,6685.0,10505.0,115963.0,2.0,0.0,249.0,46.0,11.0,50.0,93.0
2013-12,2013,12,EASTERN REGION,EASTERN REGION,ODISHA,ODISHA,Koraput,KORAPUT,0.0,0.0,2075.0,1000.0,0.0,2214.0,4275.0,0.0,0.0,7390.0,2164.0,0.0,3162.0,14111.0,0.0,0.0,24.0,10.0,0.0,36.0,19.0
2013-12,2013,12,EASTERN REGION,EASTERN REGION,ODISHA,ODISHA,Malkangiri,MALKANGIRI,0.0,0.0,116.0,0.0,0.0,614.0,611.0,0.0,0.0,1421.0,418.0,0.0,1674.0,4748.0,0.0,0.0,7.0,2.0,0.0,14.0,6.0
2013-12,2013,12,EASTERN REGION,EASTERN REGION,ODISHA,ODISHA,Mayurbhanj,MAYURBHANJ,0.0,0.0,6807.0,197.0,0.0,4548.0,4723.0,0.0,0.0,21990.0,2353.0,0.0,7698.0,15116.0,0.0,0.0,94.0,7.0,0.0,68.0,31.0
2013-12,2013,12,EASTERN REGION,EASTERN REGION,ODISHA,ODISHA,Nawapara,NAWAPARA,0.0,0.0,196.0,7.0,0.0,1225.0,1590.0,0.0,0.0,667.0,607.0,0.0,1304.0,6038.0,0.0,0.0,9.0,2.0,0.0,19.0,12.0
2013-12,2013,12,EASTERN REGION,EASTERN REGION,ODISHA,ODISHA,Nawrangpur,NAWRANGPUR,0.0,0.0,238.0,242.0,0.0,2245.0,1723.0,0.0,0.0,841.0,792.0,0.0,1942.0,4461.0,0.0,0.0,10.0,6.0,0.0,23.0,11.0
2013-12,2013,12,EASTERN REGION,EASTERN REGION,ODISHA,ODISHA,Nayagarh,NAYAGARH,0.0,0.0,2979.0,376.0,0.0,1671.0,1913.0,0.0,0.0,6724.0,862.0,0.0,2864.0,4888.0,0.0,0.0,41.0,3.0,0.0,23.0,9.0
2013-12,2013,12,EASTERN REGION,EASTERN REGION,ODISHA,ODISHA,Puri,PURI,0.0,0.0,6148.0,510.0,0.0,3710.0,4144.0,0.0,0.0,20233.0,2384.0,0.0,6137.0,11781.0,0.0,0.0,70.0,10.0,0.0,45.0,26.0
2013-12,2013,12,EASTERN REGION,EASTERN REGION,ODISHA,ODISHA,Rayagada,RAYAGADA,0.0,0.0,2268.0,191.0,0.0,1147.0,2294.0,0.0,0.0,5427.0,1787.0,0.0,2321.0,9491.0,0.0,0.0,24.0,4.0,0.0,21.0,23.0
2013-12,2013,12,EASTERN REGION,EASTERN REGION,ODISHA,ODISHA,Sambalpur,SAMBALPUR,0.0,0.0,7092.0,1798.0,0.0,1535.0,5402.0,0.0,0.0,127735.0,28215.0,527.0,2501.0,24827.0,0.0,0.0,56.0,9.0,1.0,25.0,34.0
2013-12,2013,12,EASTERN REGION,EASTERN REGION,ODISHA,ODISHA,Sonepur,SONEPUR,0.0,0.0,461.0,82.0,0.0,1397.0,1805.0,0.0,0.0,1476.0,271.0,0.0,1593.0,4616.0,0.0,0.0,13.0,5.0,0.0,18.0,11.0
2013-12,2013,12,EASTERN REGION,EASTERN REGION,ODISHA,ODISHA,Sundargarh,SUNDARGARH,0.0,0.0,20624.0,3261.0,99.0,1112.0,20963.0,0.0,0.0,36329.0,10785.0,411.0,1248.0,49329.0,0.0,0.0,91.0,25.0,3.0,21.0,64.0
2013-12,2013,12,SOUTHERN REGION,SOUTHERN REGION,PUDUCHERRY,PUDUCHERRY,Karaikal,KARAIKAL,0.0,0.0,4234.0,325.0,1726.0,529.0,1728.0,0.0,0.0,5699.0,386.0,1978.0,404.0,2362.0,0.0,0.0,23.0,3.0,5.0,7.0,4.0
2013-12,2013,12,SOUTHERN REGION,SOUTHERN REGION,PUDUCHERRY,PUDUCHERRY,Mahe,MAHE,0.0,0.0,845.0,0.0,285.0,65.0,651.0,0.0,0.0,1846.0,0.0,1220.0,54.0,1716.0,0.0,0.0,4.0,0.0,2.0,1.0,1.0
2013-12,2013,12,SOUTHERN REGION,SOUTHERN REGION,PUDUCHERRY,PUDUCHERRY,Puducherry,PUDUCHERRY,83.0,0.0,27073.0,8707.0,5579.0,2042.0,14142.0,489.0,0.0,38467.0,6615.0,7689.0,1714.0,18759.0,1.0,0.0,66.0,11.0,11.0,19.0,23.0
2013-12,2013,12,SOUTHERN REGION,SOUTHERN REGION,PUDUCHERRY,PUDUCHERRY,Yanam,YANAM,0.0,0.0,691.0,0.0,0.0,79.0,324.0,0.0,0.0,560.0,0.0,0.0,97.0,790.0,0.0,0.0,3.0,0.0,0.0,1.0,1.0
2013-12,2013,12,NORTHERN REGION,NORTHERN REGION,PUNJAB,PUNJAB,Amritsar,AMRITSAR,2.0,0.0,63141.0,13115.0,4415.0,2813.0,15933.0,1432.0,0.0,141510.0,27877.0,4608.0,3202.0,38286.0,1.0,0.0,278.0,72.0,9.0,23.0,65.0
2013-12,2013,12,NORTHERN REGION,NORTHERN REGION,PUNJAB,PUNJAB,Barnala,BARNALA,0.0,0.0,5768.0,1792.0,19.0,1335.0,8358.0,0.0,0.0,9164.0,1874.0,16.0,1230.0,9255.0,0.0,0.0,45.0,9.0,1.0,9.0,22.0
2013-12,2013,12,NORTHERN REGION,NORTHERN REGION,PUNJAB,PUNJAB,Bathinda,BATHINDA,0.0,0.0,27889.0,8210.0,832.0,264.0,23071.0,0.0,0.0,31983.0,7449.0,449.0,329.0,28428.0,0.0,0.0,114.0,35.0,4.0,3.0,74.0
2013-12,2013,12,NORTHERN REGION,NORTHERN REGION,PUNJAB,PUNJAB,Faridkot,FARIDKOT,0.0,0.0,8932.0,3859.0,0.0,405.0,6473.0,0.0,0.0,13230.0,2704.0,0.0,1014.0,10707.0,0.0,0.0,61.0,14.0,0.0,6.0,23.0
2013-12,2013,12,NORTHERN REGION,NORTHERN REGION,PUNJAB,PUNJAB,Fatehgarh Sahib,FATEHGARH SAHIB,0.0,0.0,14899.0,5081.0,929.0,780.0,18178.0,0.0,0.0,16135.0,4662.0,288.0,1163.0,13128.0,0.0,0.0,60.0,32.0,3.0,7.0,26.0
2013-12,2013,12,NORTHERN REGION,NORTHERN REGION,PUNJAB,PUNJAB,Fazilka,FAZILKA,0.0,0.0,20219.0,4341.0,997.0,2120.0,13796.0,0.0,0.0,14877.0,2176.0,58.0,1073.0,7331.0,0.0,0.0,65.0,13.0,2.0,14.0,25.0
2013-12,2013,12,NORTHERN REGION,NORTHERN REGION,PUNJAB,PUNJAB,Ferozpur,FEROZPUR,0.0,0.0,21991.0,4553.0,248.0,2184.0,9138.0,0.0,0.0,20301.0,3848.0,232.0,1479.0,9526.0,0.0,0.0,68.0,20.0,3.0,17.0,25.0
2013-12,2013,12,NORTHERN REGION,NORTHERN REGION,PUNJAB,PUNJAB,Gurdaspur,GURDASPUR,0.0,0.0,25788.0,4881.0,340.0,4145.0,8296.0,0.0,0.0,49635.0,8199.0,586.0,4454.0,19458.0,0.0,0.0,140.0,30.0,3.0,26.0,30.0
2013-12,2013,12,NORTHERN REGION,NORTHERN REGION,PUNJAB,PUNJAB,Hoshiarpur,HOSHIARPUR,0.0,0.0,25590.0,3193.0,0.0,1949.0,8139.0,0.0,0.0,101584.0,11021.0,0.0,4537.0,37776.0,0.0,0.0,178.0,42.0,0.0,31.0,43.0
2013-12,2013,12,NORTHERN REGION,NORTHERN REGION,PUNJAB,PUNJAB,Jalandhar,JALANDHAR,215.0,0.0,68310.0,13342.0,2535.0,1083.0,29952.0,1663.0,0.0,262156.0,31603.0,2961.0,850.0,96785.0,2.0,0.0,384.0,93.0,10.0,19.0,107.0
2013-12,2013,12,NORTHERN REGION,NORTHERN REGION,PUNJAB,PUNJAB,Kapurthala,KAPURTHALA,0.0,0.0,28193.0,3281.0,458.0,2007.0,5551.0,0.0,0.0,74612.0,11294.0,689.0,6823.0,25312.0,0.0,0.0,118.0,39.0,6.0,29.0,24.0
2013-12,2013,12,NORTHERN REGION,NORTHERN REGION,PUNJAB,PUNJAB,Ludhiana,LUDHIANA,2930.0,0.0,354907.0,53351.0,11255.0,171.0,148798.0,3887.0,0.0,218381.0,56105.0,4840.0,277.0,80316.0,4.0,0.0,440.0,115.0,19.0,6.0,134.0
2013-12,2013,12,NORTHERN REGION,NORTHERN REGION,PUNJAB,PUNJAB,Mansa,MANSA,0.0,0.0,7269.0,2981.0,287.0,655.0,7168.0,0.0,0.0,6339.0,2197.0,130.0,600.0,7496.0,0.0,0.0,38.0,11.0,2.0,9.0,28.0
2013-12,2013,12,NORTHERN REGION,NORTHERN REGION,PUNJAB,PUNJAB,Moga,MOGA,0.0,0.0,19905.0,3403.0,190.0,452.0,6155.0,0.0,0.0,35818.0,5061.0,214.0,625.0,12864.0,0.0,0.0,105.0,19.0,1.0,10.0,28.0
2013-12,2013,12,NORTHERN REGION,NORTHERN REGION,PUNJAB,PUNJAB,Muktsar,MUKTSAR,0.0,0.0,11715.0,6327.0,0.0,605.0,9536.0,0.0,0.0,13835.0,4159.0,0.0,549.0,9578.0,0.0,0.0,69.0,24.0,0.0,5.0,29.0
2013-12,2013,12,NORTHERN REGION,NORTHERN REGION,PUNJAB,PUNJAB,Pathankot,PATHANKOT,0.0,0.0,8654.0,1240.0,334.0,1190.0,4723.0,0.0,0.0,20646.0,3306.0,382.0,2226.0,13084.0,0.0,0.0,49.0,11.0,1.0,9.0,22.0
2013-12,2013,12,NORTHERN REGION,NORTHERN REGION,PUNJAB,PUNJAB,Patiala,PATIALA,0.0,0.0,131581.0,13345.0,3937.0,2074.0,42949.0,0.0,0.0,69348.0,18634.0,1035.0,2363.0,71977.0,0.0,0.0,164.0,52.0,6.0,13.0,94.0
2013-12,2013,12,NORTHERN REGION,NORTHERN REGION,PUNJAB,PUNJAB,Rupnagar,RUPNAGAR,0.0,0.0,5818.0,1426.0,395.0,1422.0,4923.0,0.0,0.0,20838.0,4052.0,146.0,1860.0,17224.0,0.0,0.0,71.0,17.0,3.0,16.0,20.0
2013-12,2013,12,NORTHERN REGION,NORTHERN REGION,PUNJAB,PUNJAB,Sahibzada Ajit Singh Nagar,SAHIBZADA AJIT SINGH NAGAR,0.0,0.0,41852.0,7440.0,2700.0,1092.0,128701.0,0.0,0.0,74576.0,29893.0,3414.0,2483.0,25396.0,0.0,0.0,160.0,64.0,9.0,14.0,43.0
2013-12,2013,12,NORTHERN REGION,NORTHERN REGION,PUNJAB,PUNJAB,Sangrur,SANGRUR,0.0,0.0,20807.0,6089.0,1041.0,3047.0,22000.0,0.0,0.0,28609.0,6665.0,103.0,2996.0,28635.0,0.0,0.0,108.0,35.0,3.0,23.0,59.0
2013-12,2013,12,NORTHERN REGION,NORTHERN REGION,PUNJAB,PUNJAB,Shahid Bhagat Singh Nagar,SHAHID BHAGAT SINGH NAGAR,0.0,0.0,8723.0,1904.0,1001.0,369.0,3613.0,0.0,0.0,43211.0,5141.0,133.0,595.0,20446.0,0.0,0.0,94.0,23.0,2.0,6.0,21.0
2013-12,2013,12,NORTHERN REGION,NORTHERN REGION,PUNJAB,PUNJAB,Tarn Taran,TARN TARAN,0.0,0.0,10769.0,3762.0,0.0,2272.0,3999.0,0.0,0.0,19114.0,4040.0,0.0,1517.0,6251.0,0.0,0.0,73.0,26.0,0.0,16.0,19.0
2013-12,2013,12,NORTHERN REGION,NORTHERN REGION,RAJASTHAN,RAJASTHAN,Ajmer,AJMER,0.0,0.0,29679.0,8959.0,0.0,1922.0,15388.0,0.0,0.0,64038.0,13962.0,0.0,3199.0,35957.0,0.0,0.0,135.0,39.0,0.0,24.0,58.0
2013-12,2013,12,NORTHERN REGION,NORTHERN REGION,RAJASTHAN,RAJASTHAN,Alwar,ALWAR,856.0,0.0,29342.0,8254.0,412.0,7199.0,17211.0,1045.0,0.0,41257.0,11741.0,538.0,10133.0,23912.0,1.0,0.0,133.0,42.0,6.0,64.0,61.0
2013-12,2013,12,NORTHERN REGION,NORTHERN REGION,RAJASTHAN,RAJASTHAN,Banswara,BANSWARA,0.0,0.0,9191.0,1044.0,0.0,1454.0,4162.0,0.0,0.0,9871.0,2557.0,0.0,1594.0,10434.0,0.0,0.0,47.0,21.0,0.0,22.0,20.0
2013-12,2013,12,NORTHERN REGION,NORTHERN REGION,RAJASTHAN,RAJASTHAN,Baran,BARAN,0.0,0.0,3745.0,643.0,0.0,1973.0,7539.0,0.0,0.0,3550.0,1106.0,0.0,2561.0,6163.0,0.0,0.0,26.0,8.0,0.0,30.0,21.0
2013-12,2013,12,NORTHERN REGION,NORTHERN REGION,RAJASTHAN,RAJASTHAN,Barmer,BARMER,0.0,0.0,3421.0,3137.0,153.0,1517.0,14860.0,0.0,0.0,8784.0,2819.0,4.0,2709.0,15850.0,0.0,0.0,30.0,14.0,1.0,28.0,41.0
2013-12,2013,12,NORTHERN REGION,NORTHERN REGION,RAJASTHAN,RAJASTHAN,Bharatpur,BHARATPUR,0.0,0.0,15290.0,885.0,15.0,3321.0,6806.0,0.0,0.0,21198.0,2245.0,23.0,5198.0,8811.0,0.0,0.0,76.0,11.0,1.0,36.0,27.0
2013-12,2013,12,NORTHERN REGION,NORTHERN REGION,RAJASTHAN,RAJASTHAN,Bhilwara,BHILWARA,0.0,0.0,31585.0,7987.0,1249.0,3361.0,26133.0,0.0,0.0,18871.0,7821.0,2612.0,4404.0,16553.0,0.0,0.0,67.0,31.0,4.0,37.0,45.0
2013-12,2013,12,NORTHERN REGION,NORTHERN REGION,RAJASTHAN,RAJASTHAN,Bikaner,BIKANER,0.0,0.0,18486.0,7634.0,0.0,4035.0,21669.0,0.0,0.0,26887.0,5105.0,0.0,2590.0,32680.0,0.0,0.0,72.0,24.0,0.0,35.0,87.0
2013-12,2013,12,NORTHERN REGION,NORTHERN REGION,RAJASTHAN,RAJASTHAN,Bundi,BUNDI,0.0,0.0,6932.0,914.0,0.0,3146.0,4124.0,0.0,0.0,5986.0,2007.0,0.0,3363.0,5705.0,0.0,0.0,37.0,10.0,0.0,31.0,13.0
2013-12,2013,12,NORTHERN REGION,NORTHERN REGION,RAJASTHAN,RAJASTHAN,Chittaurgarh,CHITTAURGARH,0.0,0.0,7677.0,3307.0,0.0,1986.0,6224.0,0.0,0.0,12367.0,4201.0,0.0,2813.0,15449.0,0.0,0.0,56.0,20.0,0.0,29.0,29.0
2013-12,2013,12,NORTHERN REGION,NORTHERN REGION,RAJASTHAN,RAJASTHAN,Churu,CHURU,0.0,0.0,9982.0,528.0,0.0,5608.0,5994.0,0.0,0.0,13649.0,1384.0,0.0,5154.0,10516.0,0.0,0.0,57.0,9.0,0.0,51.0,25.0
2013-12,2013,12,NORTHERN REGION,NORTHERN REGION,RAJASTHAN,RAJASTHAN,Dausa,DAUSA,0.0,0.0,6178.0,734.0,0.0,1036.0,4241.0,0.0,0.0,8104.0,1670.0,0.0,1901.0,7308.0,0.0,0.0,58.0,15.0,0.0,19.0,20.0
2013-12,2013,12,NORTHERN REGION,NORTHERN REGION,RAJASTHAN,RAJASTHAN,Dholpur,DHOLPUR,0.0,0.0,3417.0,301.0,0.0,997.0,2190.0,0.0,0.0,5146.0,357.0,0.0,1874.0,3705.0,0.0,0.0,23.0,1.0,0.0,13.0,10.0
2013-12,2013,12,NORTHERN REGION,NORTHERN REGION,RAJASTHAN,RAJASTHAN,Dungarpur,DUNGARPUR,0.0,0.0,4071.0,271.0,0.0,974.0,4089.0,0.0,0.0,10076.0,1674.0,0.0,2024.0,7599.0,0.0,0.0,38.0,13.0,0.0,22.0,13.0
2013-12,2013,12,NORTHERN REGION,NORTHERN REGION,RAJASTHAN,RAJASTHAN,Ganganagar,GANGANAGAR,0.0,0.0,23779.0,5741.0,0.0,3840.0,22486.0,0.0,0.0,22383.0,3980.0,0.0,2040.0,19202.0,0.0,0.0,99.0,23.0,0.0,25.0,65.0
2013-12,2013,12,NORTHERN REGION,NORTHERN REGION,RAJASTHAN,RAJASTHAN,Hanumangarh,HANUMANGARH,0.0,0.0,14212.0,4096.0,0.0,4424.0,16544.0,0.0,0.0,10145.0,2853.0,0.0,1688.0,9294.0,0.0,0.0,62.0,29.0,0.0,25.0,48.0
2013-12,2013,12,NORTHERN REGION,NORTHERN REGION,RAJASTHAN,RAJASTHAN,Jaipur,JAIPUR,6359.0,0.0,478371.0,72758.0,25716.0,4176.0,98765.0,4167.0,0.0,238855.0,107891.0,6394.0,11335.0,193988.0,3.0,0.0,390.0,117.0,13.0,81.0,208.0
2013-12,2013,12,NORTHERN REGION,NORTHERN REGION,RAJASTHAN,RAJASTHAN,Jaisalmer,JAISALMER,0.0,0.0,2645.0,425.0,0.0,833.0,7163.0,0.0,0.0,2558.0,1577.0,0.0,1034.0,5653.0,0.0,0.0,15.0,5.0,0.0,13.0,20.0
2013-12,2013,12,NORTHERN REGION,NORTHERN REGION,RAJASTHAN,RAJASTHAN,Jalor,JALOR,0.0,0.0,1883.0,629.0,0.0,6108.0,6931.0,0.0,0.0,2772.0,733.0,0.0,4475.0,9419.0,0.0,0.0,21.0,10.0,0.0,43.0,28.0
2013-12,2013,12,NORTHERN REGION,NORTHERN REGION,RAJASTHAN,RAJASTHAN,Jhalawar,JHALAWAR,0.0,0.0,5271.0,1534.0,0.0,2126.0,3637.0,0.0,0.0,5158.0,1697.0,0.0,2846.0,5827.0,0.0,0.0,37.0,9.0,0.0,26.0,14.0
2013-12,2013,12,NORTHERN REGION,NORTHERN REGION,RAJASTHAN,RAJASTHAN,Jhunjhunu,JHUNJHUNU,0.0,0.0,7284.0,2400.0,0.0,6411.0,5007.0,0.0,0.0,16669.0,2843.0,0.0,8026.0,15280.0,0.0,0.0,62.0,15.0,0.0,65.0,31.0
2013-12,2013,12,NORTHERN REGION,NORTHERN REGION,RAJASTHAN,RAJASTHAN,Jodhpur,JODHPUR,101.0,0.0,40445.0,21152.0,1369.0,1776.0,29462.0,479.0,0.0,58449.0,20833.0,1206.0,1672.0,54338.0,2.0,0.0,135.0,50.0,4.0,30.0,83.0
2013-12,2013,12,NORTHERN REGION,NORTHERN REGION,RAJASTHAN,RAJASTHAN,Karauli,KARAULI,0.0,0.0,4672.0,213.0,0.0,697.0,2547.0,0.0,0.0,6582.0,756.0,0.0,1539.0,6075.0,0.0,0.0,44.0,3.0,0.0,15.0,14.0
2013-12,2013,12,NORTHERN REGION,NORTHERN REGION,RAJASTHAN,RAJASTHAN,Kota,KOTA,0.0,0.0,24931.0,8642.0,0.0,3312.0,19165.0,0.0,0.0,41796.0,14269.0,0.0,4979.0,29869.0,0.0,0.0,82.0,27.0,0.0,38.0,47.0
2013-12,2013,12,NORTHERN REGION,NORTHERN REGION,RAJASTHAN,RAJASTHAN,Nagaur,NAGAUR,0.0,0.0,6191.0,3731.0,0.0,3789.0,9541.0,0.0,0.0,11509.0,2773.0,0.0,4784.0,16024.0,0.0,0.0,65.0,22.0,0.0,60.0,44.0
2013-12,2013,12,NORTHERN REGION,NORTHERN REGION,RAJASTHAN,RAJASTHAN,Pali,PALI,0.0,0.0,5013.0,5247.0,24.0,4626.0,7655.0,0.0,0.0,5443.0,2996.0,4.0,11465.0,17445.0,0.0,0.0,29.0,19.0,1.0,82.0,40.0
2013-12,2013,12,NORTHERN REGION,NORTHERN REGION,RAJASTHAN,RAJASTHAN,Pratapgarh,PRATAPGARH,0.0,0.0,3008.0,191.0,0.0,764.0,4029.0,0.0,0.0,3306.0,1051.0,0.0,890.0,4554.0,0.0,0.0,25.0,4.0,0.0,12.0,11.0
2013-12,2013,12,NORTHERN REGION,NORTHERN REGION,RAJASTHAN,RAJASTHAN,Rajsamand,RAJSAMAND,0.0,0.0,3047.0,1306.0,0.0,591.0,5816.0,0.0,0.0,6129.0,4691.0,0.0,1535.0,12296.0,0.0,0.0,24.0,22.0,0.0,20.0,26.0
2013-12,2013,12,NORTHERN REGION,NORTHERN REGION,RAJASTHAN,RAJASTHAN,Sawai Madhopur,SAWAI MADHOPUR,0.0,0.0,7267.0,621.0,0.0,1350.0,4529.0,0.0,0.0,8830.0,1607.0,0.0,1534.0,6908.0,0.0,0.0,70.0,9.0,0.0,20.0,18.0
2013-12,2013,12,NORTHERN REGION,NORTHERN REGION,RAJASTHAN,RAJASTHAN,Sikar,SIKAR,0.0,0.0,12120.0,3231.0,0.0,8588.0,6498.0,0.0,0.0,20479.0,3060.0,0.0,8404.0,13814.0,0.0,0.0,74.0,21.0,0.0,76.0,32.0
2013-12,2013,12,NORTHERN REGION,NORTHERN REGION,RAJASTHAN,RAJASTHAN,Sirohi,SIROHI,0.0,0.0,1755.0,480.0,0.0,1917.0,5597.0,0.0,0.0,5032.0,1181.0,0.0,3334.0,14003.0,0.0,0.0,20.0,7.0,0.0,29.0,25.0
2013-12,2013,12,NORTHERN REGION,NORTHERN REGION,RAJASTHAN,RAJASTHAN,Tonk,TONK,0.0,0.0,7023.0,1289.0,0.0,2271.0,4347.0,0.0,0.0,8691.0,1298.0,0.0,2984.0,7480.0,0.0,0.0,61.0,10.0,0.0,31.0,18.0
2013-12,2013,12,NORTHERN REGION,NORTHERN REGION,RAJASTHAN,RAJASTHAN,Udaipur,UDAIPUR,0.0,0.0,24335.0,11685.0,697.0,2029.0,25575.0,66.0,0.0,51824.0,30217.0,1654.0,4070.0,45380.0,1.0,0.0,91.0,51.0,6.0,38.0,74.0
2013-12,2013,12,EASTERN REGION,EASTERN REGION,SIKKIM,SIKKIM,East Sikkim,EAST SIKKIM,0.0,0.0,4796.0,1570.0,0.0,0.0,4181.0,0.0,0.0,21714.0,8571.0,0.0,0.0,14362.0,0.0,0.0,40.0,10.0,0.0,0.0,15.0
2013-12,2013,12,EASTERN REGION,EASTERN REGION,SIKKIM,SIKKIM,North Sikkim,NORTH SIKKIM,0.0,0.0,40.0,0.0,0.0,0.0,367.0,0.0,0.0,154.0,0.0,0.0,0.0,885.0,0.0,0.0,2.0,0.0,0.0,0.0,6.0
2013-12,2013,12,EASTERN REGION,EASTERN REGION,SIKKIM,SIKKIM,South Sikkim,SOUTH SIKKIM,0.0,0.0,416.0,58.0,0.0,0.0,1258.0,0.0,0.0,1105.0,693.0,0.0,0.0,2688.0,0.0,0.0,9.0,4.0,0.0,0.0,9.0
2013-12,2013,12,EASTERN REGION,EASTERN REGION,SIKKIM,SIKKIM,West Sikkim,WEST SIKKIM,0.0,0.0,442.0,0.0,0.0,0.0,357.0,0.0,0.0,1323.0,0.0,0.0,0.0,517.0,0.0,0.0,7.0,0.0,0.0,0.0,2.0
2013-12,2013,12,SOUTHERN REGION,SOUTHERN REGION,TAMIL NADU,TAMIL NADU,Ariyalur,ARIYALUR,0.0,0.0,10227.0,589.0,3625.0,111.0,5228.0,0.0,0.0,3967.0,224.0,1641.0,5.0,3015.0,0.0,0.0,27.0,8.0,9.0,1.0,13.0
2013-12,2013,12,SOUTHERN REGION,SOUTHERN REGION,TAMIL NADU,TAMIL NADU,Chennai,CHENNAI,354285.0,0.0,1275679.0,535106.0,171289.0,0.0,571012.0,171369.0,0.0,1128677.0,351604.0,220208.0,0.0,350840.0,20.0,0.0,694.0,191.0,148.0,0.0,232.0
2013-12,2013,12,SOUTHERN REGION,SOUTHERN REGION,TAMIL NADU,TAMIL NADU,Coimbatore,COIMBATORE,10993.0,0.0,238981.0,56781.0,95988.0,589.0,91822.0,4956.0,0.0,177594.0,34616.0,83165.0,608.0,64197.0,4.0,0.0,313.0,53.0,137.0,8.0,97.0
2013-12,2013,12,SOUTHERN REGION,SOUTHERN REGION,TAMIL NADU,TAMIL NADU,Cuddalore,CUDDALORE,232.0,0.0,51964.0,4583.0,13275.0,1419.0,13537.0,79.0,0.0,47110.0,4922.0,9765.0,964.0,17933.0,1.0,0.0,122.0,24.0,30.0,9.0,24.0
2013-12,2013,12,SOUTHERN REGION,SOUTHERN REGION,TAMIL NADU,TAMIL NADU,Dharmapuri,DHARMAPURI,0.0,0.0,19691.0,1549.0,5325.0,2493.0,8605.0,0.0,0.0,8997.0,778.0,2364.0,1526.0,4440.0,0.0,0.0,48.0,5.0,14.0,14.0,15.0
2013-12,2013,12,SOUTHERN REGION,SOUTHERN REGION,TAMIL NADU,TAMIL NADU,Dindigul,DINDIGUL,0.0,0.0,36058.0,3816.0,12807.0,1511.0,16879.0,0.0,0.0,24071.0,2268.0,11088.0,540.0,10473.0,0.0,0.0,136.0,18.0,42.0,9.0,29.0
2013-12,2013,12,SOUTHERN REGION,SOUTHERN REGION,TAMIL NADU,TAMIL NADU,Erode,ERODE,0.0,0.0,52468.0,9910.0,21950.0,1191.0,33315.0,0.0,0.0,39879.0,6115.0,23374.0,760.0,17568.0,0.0,0.0,149.0,22.0,69.0,13.0,40.0
2013-12,2013,12,SOUTHERN REGION,SOUTHERN REGION,TAMIL NADU,TAMIL NADU,Kancheepuram,KANCHEEPURAM,899.0,0.0,71316.0,18941.0,29346.0,126.0,22342.0,226.0,0.0,136611.0,31179.0,39812.0,155.0,41614.0,2.0,0.0,329.0,69.0,109.0,3.0,68.0
2013-12,2013,12,SOUTHERN REGION,SOUTHERN REGION,TAMIL NADU,TAMIL NADU,Kanyakumari,KANYAKUMARI,0.0,0.0,52159.0,2328.0,18109.0,967.0,23149.0,0.0,0.0,29514.0,2605.0,12070.0,227.0,21713.0,0.0,0.0,117.0,5.0,44.0,8.0,50.0
2013-12,2013,12,SOUTHERN REGION,SOUTHERN REGION,TAMIL NADU,TAMIL NADU,Karur,KARUR,0.0,0.0,20236.0,2837.0,13068.0,646.0,8819.0,0.0,0.0,13068.0,1293.0,60004.0,255.0,4293.0,0.0,0.0,64.0,5.0,32.0,9.0,17.0
2013-12,2013,12,SOUTHERN REGION,SOUTHERN REGION,TAMIL NADU,TAMIL NADU,Krishnagiri,KRISHNAGIRI,0.0,0.0,33157.0,4396.0,7896.0,2861.0,8913.0,0.0,0.0,21805.0,4958.0,5213.0,2609.0,7983.0,0.0,0.0,82.0,11.0,20.0,16.0,24.0
2013-12,2013,12,SOUTHERN REGION,SOUTHERN REGION,TAMIL NADU,TAMIL NADU,Madurai,MADURAI,0.0,0.0,73293.0,16846.0,23418.0,3460.0,38845.0,0.0,0.0,74611.0,10354.0,25040.0,1567.0,35310.0,0.0,0.0,205.0,31.0,55.0,8.0,63.0
2013-12,2013,12,SOUTHERN REGION,SOUTHERN REGION,TAMIL NADU,TAMIL NADU,Nagapattinam,NAGAPATTINAM,0.0,0.0,27487.0,1506.0,5372.0,495.0,4333.0,0.0,0.0,24931.0,2867.0,7634.0,132.0,5435.0,0.0,0.0,93.0,15.0,21.0,5.0,12.0
2013-12,2013,12,SOUTHERN REGION,SOUTHERN REGION,TAMIL NADU,TAMIL NADU,Namakkal,NAMAKKAL,0.0,0.0,44538.0,6274.0,19630.0,617.0,12609.0,0.0,0.0,24779.0,2131.0,15489.0,642.0,7114.0,0.0,0.0,107.0,16.0,51.0,11.0,14.0
2013-12,2013,12,SOUTHERN REGION,SOUTHERN REGION,TAMIL NADU,TAMIL NADU,Nilgiris,NILGIRIS,0.0,0.0,13157.0,254.0,1120.0,82.0,5009.0,0.0,0.0,16944.0,1783.0,2152.0,46.0,9068.0,0.0,0.0,65.0,5.0,10.0,2.0,13.0
2013-12,2013,12,SOUTHERN REGION,SOUTHERN REGION,TAMIL NADU,TAMIL NADU,Perambalur,PERAMBALUR,0.0,0.0,16224.0,1155.0,1741.0,122.0,3010.0,0.0,0.0,7910.0,473.0,765.0,47.0,2504.0,0.0,0.0,44.0,4.0,6.0,1.0,6.0
2013-12,2013,12,SOUTHERN REGION,SOUTHERN REGION,TAMIL NADU,TAMIL NADU,Pudukkottai,PUDUKKOTTAI,0.0,0.0,27518.0,3191.0,3841.0,749.0,8861.0,0.0,0.0,16958.0,2527.0,2311.0,470.0,6419.0,0.0,0.0,96.0,27.0,12.0,6.0,18.0
2013-12,2013,12,SOUTHERN REGION,SOUTHERN REGION,TAMIL NADU,TAMIL NADU,Ramanathapuram,RAMANATHAPURAM,0.0,0.0,14089.0,2204.0,5379.0,4489.0,7666.0,0.0,0.0,11752.0,1525.0,2466.0,2645.0,6710.0,0.0,0.0,48.0,13.0,13.0,23.0,17.0
2013-12,2013,12,SOUTHERN REGION,SOUTHERN REGION,TAMIL NADU,TAMIL NADU,Salem,SALEM,65.0,0.0,54816.0,20088.0,25794.0,1006.0,30334.0,190.0,0.0,42329.0,8012.0,21429.0,1315.0,19618.0,2.0,0.0,153.0,36.0,64.0,13.0,46.0
2013-12,2013,12,SOUTHERN REGION,SOUTHERN REGION,TAMIL NADU,TAMIL NADU,Sivaganga,SIVAGANGA,0.0,0.0,26539.0,2626.0,3702.0,5467.0,8672.0,0.0,0.0,24162.0,3647.0,4289.0,4250.0,7616.0,0.0,0.0,112.0,29.0,11.0,31.0,17.0
2013-12,2013,12,SOUTHERN REGION,SOUTHERN REGION,TAMIL NADU,TAMIL NADU,Thanjavur,THANJAVUR,0.0,0.0,47967.0,3339.0,17731.0,335.0,15461.0,0.0,0.0,39937.0,3315.0,22518.0,222.0,11768.0,0.0,0.0,147.0,11.0,55.0,4.0,26.0
2013-12,2013,12,SOUTHERN REGION,SOUTHERN REGION,TAMIL NADU,TAMIL NADU,Theni,THENI,0.0,0.0,23684.0,2523.0,10536.0,970.0,13871.0,0.0,0.0,9545.0,1062.0,6394.0,350.0,5300.0,0.0,0.0,71.0,5.0,37.0,6.0,19.0
2013-12,2013,12,SOUTHERN REGION,SOUTHERN REGION,TAMIL NADU,TAMIL NADU,Thiruvallur,THIRUVALLUR,0.0,0.0,55326.0,6209.0,13232.0,875.0,19803.0,0.0,0.0,82813.0,14076.0,15541.0,460.0,28640.0,0.0,0.0,214.0,33.0,52.0,8.0,42.0
2013-12,2013,12,SOUTHERN REGION,SOUTHERN REGION,TAMIL NADU,TAMIL NADU,Thiruvarur,THIRUVARUR,0.0,0.0,13101.0,1445.0,6285.0,360.0,6313.0,0.0,0.0,14240.0,1254.0,6525.0,98.0,5911.0,0.0,0.0,65.0,14.0,31.0,4.0,14.0
2013-12,2013,12,SOUTHERN REGION,SOUTHERN REGION,TAMIL NADU,TAMIL NADU,Tiruchirapalli,TIRUCHIRAPALLI,0.0,0.0,67785.0,14255.0,22129.0,539.0,27413.0,0.0,0.0,66099.0,9532.0,28180.0,234.0,32226.0,0.0,0.0,184.0,31.0,56.0,3.0,50.0
2013-12,2013,12,SOUTHERN REGION,SOUTHERN REGION,TAMIL NADU,TAMIL NADU,Tirunelvali,TIRUNELVALI,0.0,0.0,45385.0,7251.0,19923.0,8037.0,14633.0,0.0,0.0,49845.0,3987.0,14293.0,8266.0,18137.0,0.0,0.0,169.0,14.0,45.0,52.0,29.0
2013-12,2013,12,SOUTHERN REGION,SOUTHERN REGION,TAMIL NADU,TAMIL NADU,Tiruppur,TIRUPPUR,0.0,0.0,85735.0,12604.0,42362.0,552.0,56995.0,0.0,0.0,41138.0,7595.0,27588.0,366.0,22117.0,0.0,0.0,128.0,25.0,63.0,9.0,47.0
2013-12,2013,12,SOUTHERN REGION,SOUTHERN REGION,TAMIL NADU,TAMIL NADU,Tiruvannamalai,TIRUVANNAMALAI,0.0,0.0,23972.0,2640.0,7954.0,548.0,9840.0,0.0,0.0,17335.0,1330.0,4935.0,315.0,9383.0,0.0,0.0,91.0,17.0,21.0,7.0,26.0
2013-12,2013,12,SOUTHERN REGION,SOUTHERN REGION,TAMIL NADU,TAMIL NADU,Toothukudi,TOOTHUKUDI,0.0,0.0,27897.0,3060.0,19576.0,4040.0,10834.0,0.0,0.0,30007.0,3038.0,27709.0,5092.0,10996.0,0.0,0.0,98.0,7.0,39.0,30.0,19.0
2013-12,2013,12,SOUTHERN REGION,SOUTHERN REGION,TAMIL NADU,TAMIL NADU,Vellore,VELLORE,5628.0,0.0,47290.0,5695.0,9550.0,464.0,23774.0,2508.0,0.0,45130.0,4535.0,8198.0,272.0,28762.0,2.0,0.0,182.0,21.0,49.0,6.0,50.0
2013-12,2013,12,SOUTHERN REGION,SOUTHERN REGION,TAMIL NADU,TAMIL NADU,Villupuram,VILLUPURAM,0.0,0.0,35365.0,4185.0,13669.0,2106.0,13683.0,0.0,0.0,21652.0,1427.0,5329.0,1744.0,9853.0,0.0,0.0,121.0,18.0,38.0,18.0,28.0
2013-12,2013,12,SOUTHERN REGION,SOUTHERN REGION,TAMIL NADU,TAMIL NADU,Virudhunagar,VIRUDHUNAGAR,0.0,0.0,35438.0,4896.0,22674.0,4949.0,20682.0,0.0,0.0,23160.0,3100.0,16637.0,5222.0,11271.0,0.0,0.0,94.0,12.0,42.0,31.0,22.0
2013-12,2013,12,NORTH-EASTERN REGION,NORTH EASTERN REGION,TRIPURA,TRIPURA,Dhalai,DHALAI,0.0,0.0,658.0,0.0,0.0,1632.0,250.0,0.0,0.0,2008.0,3.0,0.0,2262.0,867.0,0.0,0.0,14.0,1.0,0.0,9.0,3.0
2013-12,2013,12,NORTH-EASTERN REGION,NORTH EASTERN REGION,TRIPURA,TRIPURA,Gomati,GOMATI,0.0,0.0,850.0,74.0,0.0,1187.0,818.0,0.0,0.0,2894.0,275.0,0.0,2097.0,2431.0,0.0,0.0,19.0,3.0,0.0,13.0,3.0
2013-12,2013,12,NORTH-EASTERN REGION,NORTH EASTERN REGION,TRIPURA,TRIPURA,Khowai,KHOWAI,0.0,0.0,639.0,5.0,0.0,1625.0,845.0,0.0,0.0,2266.0,22.0,0.0,1880.0,1185.0,0.0,0.0,9.0,1.0,0.0,9.0,2.0
2013-12,2013,12,NORTH-EASTERN REGION,NORTH EASTERN REGION,TRIPURA,TRIPURA,North Tripura,NORTH TRIPURA,0.0,0.0,608.0,377.0,0.0,1602.0,640.0,0.0,0.0,1474.0,366.0,0.0,2875.0,2492.0,0.0,0.0,10.0,4.0,0.0,13.0,9.0
2013-12,2013,12,NORTH-EASTERN REGION,NORTH EASTERN REGION,TRIPURA,TRIPURA,Sepahijala,SEPAHIJALA,0.0,0.0,602.0,2.0,0.0,1638.0,889.0,0.0,0.0,2043.0,64.0,0.0,3246.0,2184.0,0.0,0.0,11.0,1.0,0.0,14.0,5.0
2013-12,2013,12,NORTH-EASTERN REGION,NORTH EASTERN REGION,TRIPURA,TRIPURA,South Tripura,SOUTH TRIPURA,0.0,0.0,575.0,0.0,0.0,1670.0,703.0,0.0,0.0,1977.0,0.0,0.0,2994.0,1675.0,0.0,0.0,8.0,0.0,0.0,18.0,6.0
2013-12,2013,12,NORTH-EASTERN REGION,NORTH EASTERN REGION,TRIPURA,TRIPURA,Unakoti,UNAKOTI,0.0,0.0,427.0,0.0,0.0,1007.0,523.0,0.0,0.0,1153.0,6.0,0.0,1862.0,1282.0,0.0,0.0,5.0,1.0,0.0,8.0,2.0
2013-12,2013,12,NORTH-EASTERN REGION,NORTH EASTERN REGION,TRIPURA,TRIPURA,West Tripura,WEST TRIPURA,0.0,0.0,8059.0,2276.0,45.0,3848.0,6377.0,0.0,0.0,34395.0,2767.0,407.0,16471.0,28616.0,0.0,0.0,52.0,11.0,2.0,30.0,19.0
2013-12,2013,12,CENTRAL REGION,CENTRAL REGION,UTTAR PRADESH,UTTAR PRADESH,Agra,AGRA,0.0,0.0,72219.0,12451.0,1103.0,4449.0,14304.0,49.0,0.0,120166.0,15792.0,3569.0,9436.0,38061.0,1.0,0.0,271.0,25.0,7.0,50.0,71.0
2013-12,2013,12,CENTRAL REGION,CENTRAL REGION,UTTAR PRADESH,UTTAR PRADESH,Aligarh,ALIGARH,0.0,0.0,21255.0,1972.0,197.0,9988.0,9163.0,0.0,0.0,56186.0,5125.0,205.0,11639.0,27009.0,0.0,0.0,138.0,10.0,2.0,71.0,38.0
2013-12,2013,12,CENTRAL REGION,CENTRAL REGION,UTTAR PRADESH,UTTAR PRADESH,Allahabad,ALLAHABAD,1.0,0.0,31665.0,2911.0,1259.0,3353.0,8074.0,226.0,0.0,136579.0,13346.0,2068.0,13912.0,62530.0,1.0,0.0,219.0,18.0,6.0,84.0,89.0
2013-12,2013,12,CENTRAL REGION,CENTRAL REGION,UTTAR PRADESH,UTTAR PRADESH,Ambedkar Nagar,AMBEDKAR NAGAR,0.0,0.0,4372.0,177.0,0.0,2481.0,1411.0,0.0,0.0,16686.0,782.0,0.0,5276.0,6320.0,0.0,0.0,67.0,4.0,0.0,40.0,12.0
2013-12,2013,12,CENTRAL REGION,CENTRAL REGION,UTTAR PRADESH,UTTAR PRADESH,Amethi,AMETHI,0.0,0.0,7152.0,528.0,58.0,2483.0,1509.0,0.0,0.0,16134.0,432.0,70.0,6430.0,7377.0,0.0,0.0,83.0,4.0,1.0,50.0,15.0
2013-12,2013,12,CENTRAL REGION,CENTRAL REGION,UTTAR PRADESH,UTTAR PRADESH,Auraiya,AURAIYA,0.0,0.0,1873.0,81.0,0.0,1147.0,1010.0,0.0,0.0,9339.0,228.0,0.0,2723.0,4837.0,0.0,0.0,44.0,3.0,0.0,25.0,9.0
2013-12,2013,12,CENTRAL REGION,CENTRAL REGION,UTTAR PRADESH,UTTAR PRADESH,Azamgarh,AZAMGARH,0.0,0.0,7749.0,103.0,0.0,3844.0,1968.0,0.0,0.0,49359.0,1621.0,0.0,14613.0,15387.0,0.0,0.0,144.0,6.0,0.0,83.0,31.0
2013-12,2013,12,CENTRAL REGION,CENTRAL REGION,UTTAR PRADESH,UTTAR PRADESH,Baghpat,BAGHPAT,0.0,0.0,8729.0,118.0,0.0,34.0,1781.0,0.0,0.0,15647.0,494.0,0.0,74.0,3612.0,0.0,0.0,72.0,7.0,0.0,4.0,12.0
2013-12,2013,12,CENTRAL REGION,CENTRAL REGION,UTTAR PRADESH,UTTAR PRADESH,Bahraich,BAHRAICH,0.0,0.0,9498.0,315.0,0.0,4535.0,1027.0,0.0,0.0,15794.0,703.0,0.0,6352.0,4900.0,0.0,0.0,55.0,3.0,0.0,72.0,12.0
2013-12,2013,12,CENTRAL REGION,CENTRAL REGION,UTTAR PRADESH,UTTAR PRADESH,Ballia,BALLIA,0.0,0.0,4285.0,79.0,0.0,3817.0,2406.0,0.0,0.0,26629.0,1181.0,0.0,12134.0,16985.0,0.0,0.0,63.0,4.0,0.0,85.0,26.0
2013-12,2013,12,CENTRAL REGION,CENTRAL REGION,UTTAR PRADESH,UTTAR PRADESH,Balrampur,BALRAMPUR,0.0,0.0,4222.0,155.0,0.0,2555.0,824.0,0.0,0.0,11162.0,512.0,0.0,4329.0,5425.0,0.0,0.0,46.0,4.0,0.0,31.0,12.0
2013-12,2013,12,CENTRAL REGION,CENTRAL REGION,UTTAR PRADESH,UTTAR PRADESH,Banda,BANDA,0.0,0.0,7380.0,37.0,0.0,7533.0,868.0,0.0,0.0,12546.0,535.0,0.0,6964.0,4178.0,0.0,0.0,37.0,2.0,0.0,72.0,7.0
2013-12,2013,12,CENTRAL REGION,CENTRAL REGION,UTTAR PRADESH,UTTAR PRADESH,Bara Banki,BARA BANKI,0.0,0.0,8761.0,628.0,10.0,9340.0,1865.0,0.0,0.0,20973.0,1341.0,40.0,11366.0,6644.0,0.0,0.0,92.0,8.0,1.0,97.0,16.0
2013-12,2013,12,CENTRAL REGION,CENTRAL REGION,UTTAR PRADESH,UTTAR PRADESH,Bareilly,BAREILLY,0.0,0.0,27174.0,4294.0,1495.0,4643.0,8523.0,0.0,0.0,60817.0,6520.0,1464.0,5745.0,23704.0,0.0,0.0,174.0,16.0,7.0,70.0,56.0
2013-12,2013,12,CENTRAL REGION,CENTRAL REGION,UTTAR PRADESH,UTTAR PRADESH,Basti,BASTI,0.0,0.0,4612.0,150.0,0.0,3076.0,2432.0,0.0,0.0,15190.0,843.0,0.0,5414.0,12649.0,0.0,0.0,46.0,3.0,0.0,55.0,32.0
2013-12,2013,12,CENTRAL REGION,CENTRAL REGION,UTTAR PRADESH,UTTAR PRADESH,Bhim Nagar,BHIM NAGAR,0.0,0.0,4963.0,157.0,0.0,6278.0,1947.0,0.0,0.0,8583.0,689.0,0.0,5651.0,3865.0,0.0,0.0,37.0,5.0,0.0,46.0,14.0
2013-12,2013,12,CENTRAL REGION,CENTRAL REGION,UTTAR PRADESH,UTTAR PRADESH,Bijnor,BIJNOR,0.0,0.0,27545.0,761.0,206.0,4240.0,3386.0,0.0,0.0,33073.0,1714.0,147.0,4913.0,14008.0,0.0,0.0,116.0,12.0,1.0,42.0,36.0
2013-12,2013,12,CENTRAL REGION,CENTRAL REGION,UTTAR PRADESH,UTTAR PRADESH,Budaun,BUDAUN,0.0,0.0,6674.0,254.0,0.0,3750.0,3494.0,0.0,0.0,13152.0,535.0,0.0,4068.0,7078.0,0.0,0.0,62.0,4.0,0.0,48.0,28.0
2013-12,2013,12,CENTRAL REGION,CENTRAL REGION,UTTAR PRADESH,UTTAR PRADESH,Bulandshahr,BULANDSHAHR,0.0,0.0,27357.0,476.0,89.0,744.0,4343.0,0.0,0.0,44621.0,2399.0,458.0,911.0,12778.0,0.0,0.0,158.0,15.0,1.0,10.0,24.0
2013-12,2013,12,CENTRAL REGION,CENTRAL REGION,UTTAR PRADESH,UTTAR PRADESH,Chandauli,CHANDAULI,0.0,0.0,5045.0,110.0,0.0,1602.0,718.0,0.0,0.0,19688.0,506.0,0.0,3771.0,5856.0,0.0,0.0,56.0,4.0,0.0,41.0,14.0
2013-12,2013,12,CENTRAL REGION,CENTRAL REGION,UTTAR PRADESH,UTTAR PRADESH,Chitrakoot,CHITRAKOOT,0.0,0.0,1995.0,4.0,0.0,3626.0,672.0,0.0,0.0,4529.0,64.0,0.0,3771.0,2649.0,0.0,0.0,15.0,1.0,0.0,37.0,6.0
2013-12,2013,12,CENTRAL REGION,CENTRAL REGION,UTTAR PRADESH,UTTAR PRADESH,Deoria,DEORIA,0.0,0.0,4937.0,226.0,0.0,4085.0,2081.0,0.0,0.0,30737.0,1219.0,0.0,8835.0,12452.0,0.0,0.0,73.0,5.0,0.0,69.0,22.0
2013-12,2013,12,CENTRAL REGION,CENTRAL REGION,UTTAR PRADESH,UTTAR PRADESH,Etah,ETAH,0.0,0.0,3600.0,228.0,0.0,3834.0,2432.0,0.0,0.0,9259.0,619.0,0.0,5980.0,6537.0,0.0,0.0,38.0,3.0,0.0,39.0,17.0
2013-12,2013,12,CENTRAL REGION,CENTRAL REGION,UTTAR PRADESH,UTTAR PRADESH,Etawah,ETAWAH,0.0,0.0,3951.0,266.0,0.0,1107.0,3147.0,0.0,0.0,16602.0,1559.0,0.0,2441.0,9575.0,0.0,0.0,47.0,7.0,0.0,27.0,18.0
2013-12,2013,12,CENTRAL REGION,CENTRAL REGION,UTTAR PRADESH,UTTAR PRADESH,Faizabad,FAIZABAD,0.0,0.0,8666.0,534.0,0.0,2575.0,1482.0,0.0,0.0,34215.0,1922.0,0.0,5723.0,9125.0,0.0,0.0,95.0,6.0,0.0,39.0,18.0
2013-12,2013,12,CENTRAL REGION,CENTRAL REGION,UTTAR PRADESH,UTTAR PRADESH,Farrukhabad,FARRUKHABAD,0.0,0.0,4665.0,132.0,0.0,4300.0,1338.0,0.0,0.0,14140.0,962.0,0.0,7071.0,6598.0,0.0,0.0,36.0,3.0,0.0,52.0,14.0
2013-12,2013,12,CENTRAL REGION,CENTRAL REGION,UTTAR PRADESH,UTTAR PRADESH,Fatehpur,FATEHPUR,0.0,0.0,5478.0,1150.0,0.0,2538.0,2093.0,0.0,0.0,16726.0,893.0,0.0,8001.0,10191.0,0.0,0.0,72.0,5.0,0.0,63.0,18.0
2013-12,2013,12,CENTRAL REGION,CENTRAL REGION,UTTAR PRADESH,UTTAR PRADESH,Firozabad,FIROZABAD,0.0,0.0,14797.0,1001.0,0.0,1603.0,3029.0,0.0,0.0,23132.0,1790.0,0.0,2783.0,8953.0,0.0,0.0,70.0,10.0,0.0,28.0,20.0
2013-12,2013,12,CENTRAL REGION,CENTRAL REGION,UTTAR PRADESH,UTTAR PRADESH,Gautam Buddha Nagar,GAUTAM BUDDHA NAGAR,1731.0,0.0,181667.0,42575.0,9277.0,73.0,17684.0,15017.0,0.0,300474.0,153805.0,12043.0,217.0,56260.0,5.0,0.0,205.0,74.0,15.0,9.0,57.0
2013-12,2013,12,CENTRAL REGION,CENTRAL REGION,UTTAR PRADESH,UTTAR PRADESH,Ghaziabad,GHAZIABAD,0.0,0.0,79418.0,19981.0,4978.0,591.0,16358.0,0.0,0.0,187243.0,38405.0,7171.0,995.0,35499.0,0.0,0.0,257.0,38.0,16.0,6.0,47.0
2013-12,2013,12,CENTRAL REGION,CENTRAL REGION,UTTAR PRADESH,UTTAR PRADESH,Ghazipur,GHAZIPUR,0.0,0.0,8663.0,52.0,0.0,2796.0,1773.0,0.0,0.0,41583.0,690.0,0.0,9663.0,13484.0,0.0,0.0,117.0,4.0,0.0,72.0,21.0
2013-12,2013,12,CENTRAL REGION,CENTRAL REGION,UTTAR PRADESH,UTTAR PRADESH,Gonda,GONDA,0.0,0.0,9065.0,303.0,0.0,5037.0,2165.0,0.0,0.0,23022.0,887.0,0.0,7166.0,9206.0,0.0,0.0,76.0,3.0,0.0,51.0,22.0
2013-12,2013,12,CENTRAL REGION,CENTRAL REGION,UTTAR PRADESH,UTTAR PRADESH,Gorakhpur,GORAKHPUR,0.0,0.0,20619.0,3471.0,1.0,4954.0,8471.0,0.0,0.0,80122.0,5388.0,486.0,11387.0,60893.0,0.0,0.0,143.0,13.0,1.0,73.0,78.0
2013-12,2013,12,CENTRAL REGION,CENTRAL REGION,UTTAR PRADESH,UTTAR PRADESH,Hamirpur,HAMIRPUR,0.0,0.0,4711.0,102.0,0.0,2926.0,2444.0,0.0,0.0,7525.0,345.0,0.0,2334.0,5387.0,0.0,0.0,33.0,3.0,0.0,35.0,11.0
2013-12,2013,12,CENTRAL REGION,CENTRAL REGION,UTTAR PRADESH,UTTAR PRADESH,Hardoi,HARDOI,0.0,0.0,12053.0,345.0,0.0,4299.0,2184.0,0.0,0.0,22022.0,992.0,0.0,8326.0,8537.0,0.0,0.0,105.0,5.0,0.0,62.0,26.0
2013-12,2013,12,CENTRAL REGION,CENTRAL REGION,UTTAR PRADESH,UTTAR PRADESH,Hathras,HATHRAS,0.0,0.0,8778.0,180.0,0.0,3466.0,1868.0,0.0,0.0,12773.0,506.0,0.0,5618.0,5440.0,0.0,0.0,58.0,5.0,0.0,35.0,15.0
2013-12,2013,12,CENTRAL REGION,CENTRAL REGION,UTTAR PRADESH,UTTAR PRADESH,Jalaun,JALAUN,0.0,0.0,11495.0,132.0,0.0,3282.0,2182.0,0.0,0.0,14500.0,294.0,0.0,4568.0,5776.0,0.0,0.0,49.0,2.0,0.0,48.0,10.0
2013-12,2013,12,CENTRAL REGION,CENTRAL REGION,UTTAR PRADESH,UTTAR PRADESH,Jaunpur,JAUNPUR,0.0,0.0,8318.0,121.0,0.0,4610.0,2074.0,0.0,0.0,51578.0,1167.0,0.0,14983.0,12763.0,0.0,0.0,139.0,4.0,0.0,94.0,26.0
2013-12,2013,12,CENTRAL REGION,CENTRAL REGION,UTTAR PRADESH,UTTAR PRADESH,Jhansi,JHANSI,0.0,0.0,15897.0,1953.0,0.0,2302.0,6237.0,0.0,0.0,43558.0,3118.0,100.0,3415.0,18761.0,0.0,0.0,95.0,11.0,1.0,24.0,31.0
2013-12,2013,12,CENTRAL REGION,CENTRAL REGION,UTTAR PRADESH,UTTAR PRADESH,Jyotiba Phule Nagar,JYOTIBA PHULE NAGAR,0.0,0.0,3509.0,197.0,0.0,8612.0,753.0,0.0,0.0,9460.0,729.0,0.0,7827.0,3568.0,0.0,0.0,43.0,9.0,0.0,71.0,10.0
2013-12,2013,12,CENTRAL REGION,CENTRAL REGION,UTTAR PRADESH,UTTAR PRADESH,Kanauj,KANAUJ,0.0,0.0,5044.0,137.0,0.0,3047.0,1179.0,0.0,0.0,9938.0,606.0,0.0,5115.0,4233.0,0.0,0.0,38.0,5.0,0.0,38.0,9.0
2013-12,2013,12,CENTRAL REGION,CENTRAL REGION,UTTAR PRADESH,UTTAR PRADESH,Kanpur Dehat,KANPUR DEHAT,0.0,0.0,4416.0,0.0,0.0,4408.0,1821.0,0.0,0.0,10427.0,0.0,0.0,11432.0,7388.0,0.0,0.0,53.0,0.0,0.0,78.0,24.0
2013-12,2013,12,CENTRAL REGION,CENTRAL REGION,UTTAR PRADESH,UTTAR PRADESH,Kanpur Nagar,KANPUR NAGAR,363.0,0.0,106760.0,12374.0,1602.0,1903.0,35788.0,3739.0,0.0,329490.0,30983.0,3388.0,6868.0,94241.0,1.0,0.0,321.0,31.0,7.0,27.0,118.0
2013-12,2013,12,CENTRAL REGION,CENTRAL REGION,UTTAR PRADESH,UTTAR PRADESH,Kanshiram Nagar,KANSHIRAM NAGAR,0.0,0.0,2539.0,71.0,0.0,2344.0,1389.0,0.0,0.0,5715.0,128.0,0.0,3267.0,4077.0,0.0,0.0,29.0,2.0,0.0,27.0,15.0
2013-12,2013,12,CENTRAL REGION,CENTRAL REGION,UTTAR PRADESH,UTTAR PRADESH,Kaushambi,KAUSHAMBI,0.0,0.0,2101.0,3.0,0.0,896.0,844.0,0.0,0.0,7074.0,54.0,0.0,2616.0,6208.0,0.0,0.0,40.0,1.0,0.0,27.0,22.0
2013-12,2013,12,CENTRAL REGION,CENTRAL REGION,UTTAR PRADESH,UTTAR PRADESH,Kheri,KHERI,0.0,0.0,15892.0,765.0,0.0,7515.0,4729.0,0.0,0.0,22532.0,986.0,0.0,4897.0,6785.0,0.0,0.0,110.0,10.0,0.0,64.0,21.0
2013-12,2013,12,CENTRAL REGION,CENTRAL REGION,UTTAR PRADESH,UTTAR PRADESH,Kushi Nagar,KUSHI NAGAR,0.0,0.0,5630.0,122.0,0.0,5597.0,1513.0,0.0,0.0,22733.0,780.0,0.0,6894.0,7285.0,0.0,0.0,66.0,6.0,0.0,70.0,17.0
2013-12,2013,12,CENTRAL REGION,CENTRAL REGION,UTTAR PRADESH,UTTAR PRADESH,Lalitpur,LALITPUR,0.0,0.0,5897.0,110.0,0.0,2266.0,2475.0,0.0,0.0,9742.0,206.0,0.0,1817.0,3275.0,0.0,0.0,33.0,2.0,0.0,21.0,11.0
2013-12,2013,12,CENTRAL REGION,CENTRAL REGION,UTTAR PRADESH,UTTAR PRADESH,Lucknow,LUCKNOW,242.0,0.0,342979.0,23047.0,5432.0,2008.0,48700.0,2896.0,0.0,563205.0,69155.0,12740.0,6479.0,171428.0,3.0,0.0,521.0,59.0,18.0,38.0,125.0
2013-12,2013,12,CENTRAL REGION,CENTRAL REGION,UTTAR PRADESH,UTTAR PRADESH,Maharajganj,MAHARAJGANJ,0.0,0.0,2988.0,166.0,0.0,3373.0,2793.0,0.0,0.0,8262.0,607.0,0.0,4292.0,10137.0,0.0,0.0,34.0,4.0,0.0,54.0,30.0
2013-12,2013,12,CENTRAL REGION,CENTRAL REGION,UTTAR PRADESH,UTTAR PRADESH,Mahoba,MAHOBA,0.0,0.0,4272.0,68.0,0.0,2389.0,1324.0,0.0,0.0,6365.0,226.0,0.0,2492.0,2949.0,0.0,0.0,20.0,2.0,0.0,21.0,6.0
2013-12,2013,12,CENTRAL REGION,CENTRAL REGION,UTTAR PRADESH,UTTAR PRADESH,Mainpuri,MAINPURI,0.0,0.0,5865.0,129.0,0.0,1929.0,2193.0,0.0,0.0,12797.0,700.0,0.0,3860.0,6015.0,0.0,0.0,36.0,3.0,0.0,40.0,14.0
2013-12,2013,12,CENTRAL REGION,CENTRAL REGION,UTTAR PRADESH,UTTAR PRADESH,Mathura,MATHURA,0.0,0.0,27885.0,1683.0,17.0,630.0,7505.0,55.0,0.0,42140.0,4265.0,96.0,726.0,20916.0,1.0,0.0,164.0,14.0,2.0,15.0,50.0
2013-12,2013,12,CENTRAL REGION,CENTRAL REGION,UTTAR PRADESH,UTTAR PRADESH,Mau,MAU,0.0,0.0,4097.0,57.0,0.0,1941.0,959.0,0.0,0.0,22586.0,1090.0,0.0,6979.0,9045.0,0.0,0.0,67.0,5.0,0.0,39.0,15.0
2013-12,2013,12,CENTRAL REGION,CENTRAL REGION,UTTAR PRADESH,UTTAR PRADESH,Meerut,MEERUT,0.0,0.0,69440.0,4818.0,920.0,347.0,13112.0,0.0,0.0,104718.0,15359.0,1746.0,549.0,31672.0,0.0,0.0,246.0,22.0,6.0,4.0,62.0
2013-12,2013,12,CENTRAL REGION,CENTRAL REGION,UTTAR PRADESH,UTTAR PRADESH,Mirzapur,MIRZAPUR,0.0,0.0,8711.0,139.0,0.0,2970.0,1013.0,0.0,0.0,27528.0,1188.0,0.0,4706.0,7055.0,0.0,0.0,77.0,3.0,0.0,52.0,17.0
2013-12,2013,12,CENTRAL REGION,CENTRAL REGION,UTTAR PRADESH,UTTAR PRADESH,Moradabad,MORADABAD,921.0,0.0,21217.0,5572.0,576.0,10835.0,9536.0,322.0,0.0,39511.0,5608.0,872.0,16318.0,16341.0,2.0,0.0,91.0,12.0,5.0,85.0,36.0
2013-12,2013,12,CENTRAL REGION,CENTRAL REGION,UTTAR PRADESH,UTTAR PRADESH,Muzaffarnagar,MUZAFFARNAGAR,0.0,0.0,41973.0,1203.0,151.0,1788.0,9784.0,0.0,0.0,37698.0,2501.0,483.0,2456.0,12645.0,0.0,0.0,141.0,10.0,2.0,26.0,36.0
2013-12,2013,12,CENTRAL REGION,CENTRAL REGION,UTTAR PRADESH,UTTAR PRADESH,Panchsheel Nagar,PANCHSHEEL NAGAR,0.0,0.0,14440.0,378.0,0.0,699.0,2365.0,0.0,0.0,19255.0,1555.0,0.0,849.0,3903.0,0.0,0.0,70.0,5.0,0.0,10.0,10.0
2013-12,2013,12,CENTRAL REGION,CENTRAL REGION,UTTAR PRADESH,UTTAR PRADESH,Pilibhit,PILIBHIT,0.0,0.0,10464.0,1038.0,141.0,1474.0,3187.0,0.0,0.0,13286.0,1110.0,178.0,1362.0,4536.0,0.0,0.0,74.0,5.0,1.0,19.0,20.0
2013-12,2013,12,CENTRAL REGION,CENTRAL REGION,UTTAR PRADESH,UTTAR PRADESH,Prabudh Nagar,PRABUDH NAGAR,0.0,0.0,8212.0,149.0,0.0,642.0,2356.0,0.0,0.0,11109.0,471.0,0.0,775.0,4077.0,0.0,0.0,49.0,3.0,0.0,9.0,14.0
2013-12,2013,12,CENTRAL REGION,CENTRAL REGION,UTTAR PRADESH,UTTAR PRADESH,Pratapgarh,PRATAPGARH,0.0,0.0,4013.0,190.0,0.0,2916.0,1976.0,0.0,0.0,20174.0,2398.0,0.0,11160.0,16416.0,0.0,0.0,72.0,5.0,0.0,80.0,30.0
2013-12,2013,12,CENTRAL REGION,CENTRAL REGION,UTTAR PRADESH,UTTAR PRADESH,Rai Bareli,RAI BARELI,0.0,0.0,7697.0,383.0,0.0,2496.0,1296.0,0.0,0.0,25498.0,1370.0,0.0,8480.0,10099.0,0.0,0.0,110.0,6.0,0.0,67.0,25.0
2013-12,2013,12,CENTRAL REGION,CENTRAL REGION,UTTAR PRADESH,UTTAR PRADESH,Rampur,RAMPUR,0.0,0.0,6813.0,330.0,196.0,7965.0,3033.0,0.0,0.0,13235.0,1035.0,424.0,4216.0,6542.0,0.0,0.0,68.0,4.0,2.0,51.0,22.0
2013-12,2013,12,CENTRAL REGION,CENTRAL REGION,UTTAR PRADESH,UTTAR PRADESH,Saharanpur,SAHARANPUR,4.0,0.0,32173.0,1518.0,269.0,598.0,8048.0,75.0,0.0,45051.0,3762.0,434.0,318.0,14527.0,1.0,0.0,177.0,10.0,3.0,12.0,43.0
2013-12,2013,12,CENTRAL REGION,CENTRAL REGION,UTTAR PRADESH,UTTAR PRADESH,Sant Kabir Nagar,SANT KABIR NAGAR,0.0,0.0,1827.0,17.0,0.0,2335.0,1281.0,0.0,0.0,7282.0,282.0,0.0,4793.0,6995.0,0.0,0.0,26.0,3.0,0.0,52.0,20.0
2013-12,2013,12,CENTRAL REGION,CENTRAL REGION,UTTAR PRADESH,UTTAR PRADESH,Sant Ravidas Nagar,SANT RAVIDAS NAGAR,0.0,0.0,6158.0,68.0,1092.0,726.0,1681.0,0.0,0.0,17997.0,1055.0,455.0,2064.0,5039.0,0.0,0.0,56.0,9.0,1.0,18.0,11.0
2013-12,2013,12,CENTRAL REGION,CENTRAL REGION,UTTAR PRADESH,UTTAR PRADESH,Shahjahanpur,SHAHJAHANPUR,0.0,0.0,15788.0,1226.0,97.0,4149.0,2914.0,0.0,0.0,22396.0,1124.0,309.0,4732.0,8522.0,0.0,0.0,99.0,4.0,1.0,42.0,30.0
2013-12,2013,12,CENTRAL REGION,CENTRAL REGION,UTTAR PRADESH,UTTAR PRADESH,Shravasti,SHRAVASTI,0.0,0.0,3703.0,20.0,0.0,2206.0,20.0,0.0,0.0,6571.0,106.0,0.0,3339.0,192.0,0.0,0.0,28.0,1.0,0.0,38.0,1.0
2013-12,2013,12,CENTRAL REGION,CENTRAL REGION,UTTAR PRADESH,UTTAR PRADESH,Sidharthanagar,SIDHARTHANAGAR,0.0,0.0,1167.0,58.0,0.0,2812.0,2926.0,0.0,0.0,5252.0,227.0,0.0,4819.0,12598.0,0.0,0.0,27.0,3.0,0.0,54.0,35.0
2013-12,2013,12,CENTRAL REGION,CENTRAL REGION,UTTAR PRADESH,UTTAR PRADESH,Sitapur,SITAPUR,0.0,0.0,9030.0,696.0,102.0,8200.0,2213.0,0.0,0.0,19148.0,1257.0,260.0,11020.0,7858.0,0.0,0.0,80.0,5.0,1.0,119.0,18.0
2013-12,2013,12,CENTRAL REGION,CENTRAL REGION,UTTAR PRADESH,UTTAR PRADESH,Sonbhadra,SONBHADRA,0.0,0.0,8308.0,270.0,0.0,1199.0,1472.0,0.0,0.0,25435.0,1208.0,58.0,1530.0,13185.0,0.0,0.0,74.0,9.0,1.0,18.0,22.0
2013-12,2013,12,CENTRAL REGION,CENTRAL REGION,UTTAR PRADESH,UTTAR PRADESH,Sultanpur,SULTANPUR,0.0,0.0,4300.0,439.0,0.0,4181.0,1033.0,0.0,0.0,17881.0,1233.0,0.0,11282.0,6664.0,0.0,0.0,61.0,3.0,0.0,63.0,13.0
2013-12,2013,12,CENTRAL REGION,CENTRAL REGION,UTTAR PRADESH,UTTAR PRADESH,Unnao,UNNAO,0.0,0.0,5898.0,314.0,0.0,4129.0,2195.0,0.0,0.0,26230.0,978.0,0.0,10431.0,11038.0,0.0,0.0,86.0,4.0,0.0,57.0,19.0
2013-12,2013,12,CENTRAL REGION,CENTRAL REGION,UTTAR PRADESH,UTTAR PRADESH,Varanasi,VARANASI,0.0,0.0,44057.0,6613.0,730.0,3674.0,9426.0,0.0,0.0,145338.0,16399.0,2934.0,10055.0,52338.0,0.0,0.0,201.0,21.0,6.0,65.0,70.0
2013-12,2013,12,CENTRAL REGION,CENTRAL REGION,UTTARAKHAND,UTTARAKHAND,Almora,ALMORA,0.0,0.0,1131.0,31.0,326.0,828.0,2742.0,0.0,0.0,7271.0,295.0,1040.0,2077.0,13568.0,0.0,0.0,37.0,2.0,4.0,23.0,38.0
2013-12,2013,12,CENTRAL REGION,CENTRAL REGION,UTTARAKHAND,UTTARAKHAND,Bageshwar,BAGESHWAR,0.0,0.0,378.0,0.0,132.0,622.0,721.0,0.0,0.0,1098.0,0.0,607.0,1298.0,4084.0,0.0,0.0,13.0,0.0,3.0,13.0,9.0
2013-12,2013,12,CENTRAL REGION,CENTRAL REGION,UTTARAKHAND,UTTARAKHAND,Chamoli,CHAMOLI,0.0,0.0,457.0,0.0,39.0,489.0,2285.0,0.0,0.0,2635.0,0.0,125.0,990.0,9246.0,0.0,0.0,18.0,0.0,2.0,13.0,26.0
2013-12,2013,12,CENTRAL REGION,CENTRAL REGION,UTTARAKHAND,UTTARAKHAND,Champawat,CHAMPAWAT,0.0,0.0,436.0,0.0,285.0,324.0,789.0,0.0,0.0,1693.0,0.0,961.0,676.0,4023.0,0.0,0.0,15.0,0.0,6.0,7.0,9.0
2013-12,2013,12,CENTRAL REGION,CENTRAL REGION,UTTARAKHAND,UTTARAKHAND,Dehra Dun,DEHRA DUN,305.0,0.0,45600.0,6814.0,1683.0,2656.0,17150.0,516.0,0.0,160421.0,21856.0,3354.0,3941.0,171809.0,1.0,0.0,257.0,23.0,12.0,32.0,89.0
2013-12,2013,12,CENTRAL REGION,CENTRAL REGION,UTTARAKHAND,UTTARAKHAND,Garhwal,GARHWAL,0.0,0.0,2463.0,127.0,260.0,1381.0,3142.0,0.0,0.0,13511.0,568.0,735.0,3347.0,18694.0,0.0,0.0,59.0,6.0,3.0,39.0,45.0
2013-12,2013,12,CENTRAL REGION,CENTRAL REGION,UTTARAKHAND,UTTARAKHAND,Haridwar,HARIDWAR,0.0,0.0,32829.0,1922.0,640.0,597.0,10698.0,0.0,0.0,67440.0,6087.0,1157.0,444.0,27964.0,0.0,0.0,140.0,9.0,4.0,10.0,40.0
2013-12,2013,12,CENTRAL REGION,CENTRAL REGION,UTTARAKHAND,UTTARAKHAND,Nainital,NAINITAL,0.0,0.0,10368.0,686.0,2557.0,2139.0,5325.0,0.0,0.0,28372.0,3259.0,4562.0,3296.0,17487.0,0.0,0.0,78.0,10.0,17.0,28.0,31.0
2013-12,2013,12,CENTRAL REGION,CENTRAL REGION,UTTARAKHAND,UTTARAKHAND,Pithoragarh,PITHORAGARH,0.0,0.0,541.0,10.0,193.0,1578.0,2755.0,0.0,0.0,2199.0,91.0,630.0,2805.0,11230.0,0.0,0.0,17.0,1.0,2.0,28.0,29.0
2013-12,2013,12,CENTRAL REGION,CENTRAL REGION,UTTARAKHAND,UTTARAKHAND,Rudraprayag,RUDRAPRAYAG,0.0,0.0,257.0,0.0,25.0,373.0,1301.0,0.0,0.0,1300.0,0.0,55.0,605.0,5482.0,0.0,0.0,15.0,0.0,1.0,8.0,16.0
2013-12,2013,12,CENTRAL REGION,CENTRAL REGION,UTTARAKHAND,UTTARAKHAND,Tehri Garhwal,TEHRI GARHWAL,0.0,0.0,1407.0,0.0,36.0,827.0,1899.0,0.0,0.0,7122.0,0.0,123.0,1428.0,9746.0,0.0,0.0,31.0,0.0,1.0,20.0,32.0
2013-12,2013,12,CENTRAL REGION,CENTRAL REGION,UTTARAKHAND,UTTARAKHAND,Udham Singh Nagar,UDHAM SINGH NAGAR,0.0,0.0,35362.0,5412.0,6985.0,1634.0,14710.0,0.0,0.0,31692.0,5813.0,3121.0,1158.0,12147.0,0.0,0.0,137.0,23.0,15.0,12.0,34.0
2013-12,2013,12,CENTRAL REGION,CENTRAL REGION,UTTARAKHAND,UTTARAKHAND,Uttar Kashi,UTTAR KASHI,0.0,0.0,701.0,0.0,0.0,276.0,1610.0,0.0,0.0,2753.0,0.0,0.0,375.0,4075.0,0.0,0.0,16.0,0.0,0.0,6.0,17.0
2013-12,2013,12,EASTERN REGION,EASTERN REGION,WEST BENGAL,WEST BENGAL,Bankura,BANKURA,0.0,0.0,7052.0,271.0,0.0,4434.0,3124.0,0.0,0.0,37619.0,1445.0,0.0,11823.0,19225.0,0.0,0.0,107.0,4.0,0.0,70.0,35.0
2013-12,2013,12,EASTERN REGION,EASTERN REGION,WEST BENGAL,WEST BENGAL,Barddhaman,BARDDHAMAN,0.0,0.0,52692.0,10926.0,300.0,4924.0,26784.0,0.0,0.0,196232.0,21901.0,632.0,10517.0,134389.0,0.0,0.0,330.0,46.0,11.0,71.0,131.0
2013-12,2013,12,EASTERN REGION,EASTERN REGION,WEST BENGAL,WEST BENGAL,Birbhum,BIRBHUM,0.0,0.0,7519.0,655.0,0.0,3292.0,4727.0,0.0,0.0,33805.0,3329.0,0.0,9750.0,24977.0,0.0,0.0,118.0,11.0,0.0,67.0,38.0
2013-12,2013,12,EASTERN REGION,EASTERN REGION,WEST BENGAL,WEST BENGAL,Dakshin Dinajpur,DAKSHIN DINAJPUR,0.0,0.0,3381.0,33.0,0.0,3479.0,1799.0,0.0,0.0,9090.0,440.0,0.0,3698.0,6065.0,0.0,0.0,41.0,3.0,0.0,30.0,13.0
2013-12,2013,12,EASTERN REGION,EASTERN REGION,WEST BENGAL,WEST BENGAL,Darjiling,DARJILING,270.0,0.0,16136.0,8844.0,147.0,2021.0,11853.0,47551.0,0.0,37624.0,12028.0,625.0,4521.0,31577.0,2.0,0.0,88.0,19.0,2.0,30.0,38.0
2013-12,2013,12,EASTERN REGION,EASTERN REGION,WEST BENGAL,WEST BENGAL,Haora,HAORA,267.0,0.0,20605.0,1565.0,1374.0,2091.0,11308.0,1603.0,0.0,123392.0,11642.0,4567.0,7964.0,47224.0,2.0,0.0,195.0,26.0,9.0,45.0,62.0
2013-12,2013,12,EASTERN REGION,EASTERN REGION,WEST BENGAL,WEST BENGAL,Hugli,HUGLI,0.0,0.0,21132.0,1706.0,0.0,1686.0,10319.0,0.0,0.0,136168.0,16490.0,0.0,3868.0,52449.0,0.0,0.0,241.0,31.0,0.0,35.0,60.0
2013-12,2013,12,EASTERN REGION,EASTERN REGION,WEST BENGAL,WEST BENGAL,Jalpaiguri,JALPAIGURI,0.0,0.0,8581.0,384.0,412.0,3927.0,4527.0,0.0,0.0,29692.0,4095.0,409.0,6524.0,25446.0,0.0,0.0,110.0,14.0,1.0,43.0,31.0
2013-12,2013,12,EASTERN REGION,EASTERN REGION,WEST BENGAL,WEST BENGAL,Koch Bihar,KOCH BIHAR,0.0,0.0,5640.0,355.0,0.0,4341.0,4412.0,0.0,0.0,16029.0,1616.0,0.0,5565.0,10872.0,0.0,0.0,70.0,5.0,0.0,49.0,24.0
2013-12,2013,12,EASTERN REGION,EASTERN REGION,WEST BENGAL,WEST BENGAL,Kolkata,KOLKATA,85497.0,0.0,1191153.0,251017.0,71236.0,0.0,570141.0,79780.0,0.0,1258989.0,361088.0,58023.0,0.0,377993.0,28.0,0.0,875.0,170.0,51.0,0.0,241.0
2013-12,2013,12,EASTERN REGION,EASTERN REGION,WEST BENGAL,WEST BENGAL,Maldah,MALDAH,0.0,0.0,8044.0,2420.0,0.0,5739.0,3475.0,0.0,0.0,26303.0,2207.0,0.0,8507.0,12799.0,0.0,0.0,85.0,4.0,0.0,58.0,36.0
2013-12,2013,12,EASTERN REGION,EASTERN REGION,WEST BENGAL,WEST BENGAL,Murshidabad,MURSHIDABAD,0.0,0.0,15525.0,929.0,0.0,4774.0,7156.0,0.0,0.0,51785.0,3129.0,0.0,10365.0,25905.0,0.0,0.0,188.0,11.0,0.0,70.0,59.0
2013-12,2013,12,EASTERN REGION,EASTERN REGION,WEST BENGAL,WEST BENGAL,Nadia,NADIA,0.0,0.0,12771.0,545.0,0.0,4734.0,7815.0,0.0,0.0,61037.0,5294.0,0.0,9132.0,41557.0,0.0,0.0,148.0,14.0,0.0,68.0,52.0
2013-12,2013,12,EASTERN REGION,EASTERN REGION,WEST BENGAL,WEST BENGAL,North 24 Parganas,NORTH 24 PARGANAS,0.0,0.0,78146.0,7737.0,1353.0,3098.0,27591.0,0.0,0.0,391437.0,77697.0,2862.0,7785.0,149555.0,0.0,0.0,433.0,76.0,8.0,54.0,123.0
2013-12,2013,12,EASTERN REGION,EASTERN REGION,WEST BENGAL,WEST BENGAL,Paschim Medinipur,PASCHIM MEDINIPUR,0.0,0.0,25854.0,2816.0,81.0,2453.0,9184.0,0.0,0.0,90667.0,3875.0,147.0,5906.0,32034.0,0.0,0.0,241.0,10.0,1.0,37.0,67.0
2013-12,2013,12,EASTERN REGION,EASTERN REGION,WEST BENGAL,WEST BENGAL,Purba Medinipur,PURBA MEDINIPUR,0.0,0.0,16569.0,2232.0,0.0,3752.0,5352.0,0.0,0.0,62002.0,4722.0,0.0,6943.0,27590.0,0.0,0.0,157.0,14.0,0.0,47.0,47.0
2013-12,2013,12,EASTERN REGION,EASTERN REGION,WEST BENGAL,WEST BENGAL,Puruliya,PURULIYA,0.0,0.0,5169.0,114.0,0.0,1912.0,1256.0,0.0,0.0,29262.0,1353.0,0.0,5562.0,13849.0,0.0,0.0,79.0,3.0,0.0,31.0,28.0
2013-12,2013,12,EASTERN REGION,EASTERN REGION,WEST BENGAL,WEST BENGAL,South 24 Parganas,SOUTH 24 PARGANAS,0.0,0.0,32572.0,2879.0,329.0,4401.0,7822.0,0.0,0.0,94280.0,8588.0,657.0,10269.0,44196.0,0.0,0.0,232.0,28.0,7.0,68.0,68.0
2013-12,2013,12,EASTERN REGION,EASTERN REGION,WEST BENGAL,WEST BENGAL,Uttar Dinajpur,UTTAR DINAJPUR,0.0,0.0,3988.0,604.0,0.0,3954.0,3469.0,0.0,0.0,11277.0,1273.0,0.0,4310.0,10935.0,0.0,0.0,45.0,10.0,0.0,34.0,22.0
