snapshot_label,snapshot_year,snapshot_month,region_name_raw,region_name_clean,state_name_raw,state_name_clean,district_name_raw,district_name_clean,reporting_offices_total,deposits_total_million_rs,credit_total_million_rs,deposits_total_crore_rs,credit_total_crore_rs
2013-09,2013,9,EASTERN REGION,EASTERN REGION,ANDAMAN & NICOBAR ISLANDS,ANDAMAN AND NICOBAR ISLANDS,Nicobar,NICOBAR,3.0,1136.0,103.0,113.6,10.3
2013-09,2013,9,EASTERN REGION,EASTERN REGION,ANDAMAN & NICOBAR ISLANDS,ANDAMAN AND NICOBAR ISLANDS,North And Middle Andaman,NORTH AND MIDDLE ANDAMAN,8.0,2625.0,782.0,262.5,78.2
2013-09,2013,9,EASTERN REGION,EASTERN REGION,ANDAMAN & NICOBAR ISLANDS,ANDAMAN AND NICOBAR ISLANDS,South Andaman,SOUTH ANDAMAN,43.0,21000.0,8460.0,2100.0,846.0
2013-09,2013,9,SOUTHERN REGION,SOUTHERN REGION,ANDHRA PRADESH,ANDHRA PRADESH,Adilabad,ADILABAD,218.0,49993.0,49503.0,4999.3,4950.3
2013-09,2013,9,SOUTHERN REGION,SOUTHERN REGION,ANDHRA PRADESH,ANDHRA PRADESH,Anantapur,ANANTAPUR,352.0,99210.0,93404.0,9921.0,9340.4
2013-09,2013,9,SOUTHERN REGION,SOUTHERN REGION,ANDHRA PRADESH,ANDHRA PRADESH,Chittoor,CHITTOOR,419.0,190293.0,124013.0,19029.3,12401.3
2013-09,2013,9,SOUTHERN REGION,SOUTHERN REGION,ANDHRA PRADESH,ANDHRA PRADESH,East Godavari,EAST GODAVARI,538.0,140430.0,170935.0,14043.0,17093.5
2013-09,2013,9,SOUTHERN REGION,SOUTHERN REGION,ANDHRA PRADESH,ANDHRA PRADESH,Guntur,GUNTUR,569.0,128405.0,229025.0,12840.5,22902.5
2013-09,2013,9,SOUTHERN REGION,SOUTHERN REGION,ANDHRA PRADESH,ANDHRA PRADESH,Hyderabad,HYDERABAD,1005.0,1762299.0,2178385.0,176229.9,217838.5
2013-09,2013,9,SOUTHERN REGION,SOUTHERN REGION,ANDHRA PRADESH,ANDHRA PRADESH,Karimnagar,KARIMNAGAR,326.0,86450.0,65289.0,8645.0,6528.9
2013-09,2013,9,SOUTHERN REGION,SOUTHERN REGION,ANDHRA PRADESH,ANDHRA PRADESH,Khammam,KHAMMAM,249.0,63757.0,60416.0,6375.7,6041.6
2013-09,2013,9,SOUTHERN REGION,SOUTHERN REGION,ANDHRA PRADESH,ANDHRA PRADESH,Krishna,KRISHNA,592.0,182003.0,203785.0,18200.3,20378.5
2013-09,2013,9,SOUTHERN REGION,SOUTHERN REGION,ANDHRA PRADESH,ANDHRA PRADESH,Kurnool,KURNOOL,340.0,73560.0,88620.0,7356.0,8862.0
2013-09,2013,9,SOUTHERN REGION,SOUTHERN REGION,ANDHRA PRADESH,ANDHRA PRADESH,Mahbubnagar,MAHBUBNAGAR,283.0,46832.0,60045.0,4683.2,6004.5
2013-09,2013,9,SOUTHERN REGION,SOUTHERN REGION,ANDHRA PRADESH,ANDHRA PRADESH,Medak,MEDAK,270.0,68525.0,76813.0,6852.5,7681.3
2013-09,2013,9,SOUTHERN REGION,SOUTHERN REGION,ANDHRA PRADESH,ANDHRA PRADESH,Nalgonda,NALGONDA,287.0,43210.0,72451.0,4321.0,7245.1
2013-09,2013,9,SOUTHERN REGION,SOUTHERN REGION,ANDHRA PRADESH,ANDHRA PRADESH,Nellore,NELLORE,322.0,65126.0,104810.0,6512.6,10481.0
2013-09,2013,9,SOUTHERN REGION,SOUTHERN REGION,ANDHRA PRADESH,ANDHRA PRADESH,Nizamabad,NIZAMABAD,260.0,47315.0,52169.0,4731.5,5216.9
2013-09,2013,9,SOUTHERN REGION,SOUTHERN REGION,ANDHRA PRADESH,ANDHRA PRADESH,Prakasam,PRAKASAM,350.0,59933.0,116667.0,5993.3,11666.7
2013-09,2013,9,SOUTHERN REGION,SOUTHERN REGION,ANDHRA PRADESH,ANDHRA PRADESH,Rangareddi,RANGAREDDI,672.0,395550.0,177977.0,39555.0,17797.7
2013-09,2013,9,SOUTHERN REGION,SOUTHERN REGION,ANDHRA PRADESH,ANDHRA PRADESH,Srikakulam,SRIKAKULAM,205.0,39641.0,39954.0,3964.1,3995.4
2013-09,2013,9,SOUTHERN REGION,SOUTHERN REGION,ANDHRA PRADESH,ANDHRA PRADESH,Visakhapatnam,VISAKHAPATNAM,527.0,269847.0,229806.0,26984.7,22980.6
2013-09,2013,9,SOUTHERN REGION,SOUTHERN REGION,ANDHRA PRADESH,ANDHRA PRADESH,Vizianagaram,VIZIANAGARAM,203.0,36387.0,31357.0,3638.7,3135.7
2013-09,2013,9,SOUTHERN REGION,SOUTHERN REGION,ANDHRA PRADESH,ANDHRA PRADESH,Warangal,WARANGAL,298.0,76759.0,84978.0,7675.9,8497.8
2013-09,2013,9,SOUTHERN REGION,SOUTHERN REGION,ANDHRA PRADESH,ANDHRA PRADESH,West Godavari,WEST GODAVARI,441.0,94012.0,153289.0,9401.2,15328.9
2013-09,2013,9,SOUTHERN REGION,SOUTHERN REGION,ANDHRA PRADESH,ANDHRA PRADESH,Y.S.R.,Y S R,281.0,59690.0,74887.0,5969.0,7488.7
2013-09,2013,9,NORTH-EASTERN REGION,NORTH EASTERN REGION,ARUNACHAL PRADESH,ARUNACHAL PRADESH,Anjaw,ANJAW,2.0,238.0,50.0,23.8,5.0
2013-09,2013,9,NORTH-EASTERN REGION,NORTH EASTERN REGION,ARUNACHAL PRADESH,ARUNACHAL PRADESH,Chunglang,CHUNGLANG,5.0,2575.0,441.0,257.5,44.1
2013-09,2013,9,NORTH-EASTERN REGION,NORTH EASTERN REGION,ARUNACHAL PRADESH,ARUNACHAL PRADESH,Dibang Valley,DIBANG VALLEY,1.0,241.0,47.0,24.1,4.7
2013-09,2013,9,NORTH-EASTERN REGION,NORTH EASTERN REGION,ARUNACHAL PRADESH,ARUNACHAL PRADESH,East Kameng,EAST KAMENG,2.0,1083.0,418.0,108.3,41.8
2013-09,2013,9,NORTH-EASTERN REGION,NORTH EASTERN REGION,ARUNACHAL PRADESH,ARUNACHAL PRADESH,East Siang,EAST SIANG,14.0,3853.0,1151.0,385.3,115.1
2013-09,2013,9,NORTH-EASTERN REGION,NORTH EASTERN REGION,ARUNACHAL PRADESH,ARUNACHAL PRADESH,Kurung Kumey,KURUNG KUMEY,2.0,491.0,134.0,49.1,13.4
2013-09,2013,9,NORTH-EASTERN REGION,NORTH EASTERN REGION,ARUNACHAL PRADESH,ARUNACHAL PRADESH,Lohit,LOHIT,7.0,3821.0,982.0,382.1,98.2
2013-09,2013,9,NORTH-EASTERN REGION,NORTH EASTERN REGION,ARUNACHAL PRADESH,ARUNACHAL PRADESH,Longding,LONGDING,3.0,429.0,150.0,42.9,15.0
2013-09,2013,9,NORTH-EASTERN REGION,NORTH EASTERN REGION,ARUNACHAL PRADESH,ARUNACHAL PRADESH,Lower Dibang Valley,LOWER DIBANG VALLEY,2.0,1510.0,240.0,151.0,24.0
2013-09,2013,9,NORTH-EASTERN REGION,NORTH EASTERN REGION,ARUNACHAL PRADESH,ARUNACHAL PRADESH,Lower Subansiri,LOWER SUBANSIRI,5.0,1718.0,815.0,171.8,81.5
2013-09,2013,9,NORTH-EASTERN REGION,NORTH EASTERN REGION,ARUNACHAL PRADESH,ARUNACHAL PRADESH,Papumpare,PAPUMPARE,37.0,36751.0,7796.0,3675.1,779.6
2013-09,2013,9,NORTH-EASTERN REGION,NORTH EASTERN REGION,ARUNACHAL PRADESH,ARUNACHAL PRADESH,Tawang,TAWANG,4.0,6148.0,319.0,614.8,31.9
2013-09,2013,9,NORTH-EASTERN REGION,NORTH EASTERN REGION,ARUNACHAL PRADESH,ARUNACHAL PRADESH,Tirap,TIRAP,2.0,1459.0,290.0,145.9,29.0
2013-09,2013,9,NORTH-EASTERN REGION,NORTH EASTERN REGION,ARUNACHAL PRADESH,ARUNACHAL PRADESH,Upper Siang,UPPER SIANG,2.0,808.0,191.0,80.8,19.1
2013-09,2013,9,NORTH-EASTERN REGION,NORTH EASTERN REGION,ARUNACHAL PRADESH,ARUNACHAL PRADESH,Upper Subansiri,UPPER SUBANSIRI,3.0,1619.0,509.0,161.9,50.9
2013-09,2013,9,NORTH-EASTERN REGION,NORTH EASTERN REGION,ARUNACHAL PRADESH,ARUNACHAL PRADESH,West Kameng,WEST KAMENG,8.0,3719.0,860.0,371.9,86.0
2013-09,2013,9,NORTH-EASTERN REGION,NORTH EASTERN REGION,ARUNACHAL PRADESH,ARUNACHAL PRADESH,West Siang,WEST SIANG,9.0,4108.0,1302.0,410.8,130.2
2013-09,2013,9,NORTH-EASTERN REGION,NORTH EASTERN REGION,ASSAM,ASSAM,Baksa,BAKSA,27.0,4264.0,2096.0,426.4,209.6
2013-09,2013,9,NORTH-EASTERN REGION,NORTH EASTERN REGION,ASSAM,ASSAM,Barpeta,BARPETA,66.0,16822.0,7640.0,1682.2,764.0
2013-09,2013,9,NORTH-EASTERN REGION,NORTH EASTERN REGION,ASSAM,ASSAM,Bongaigaon,BONGAIGAON,37.0,11420.0,4244.0,1142.0,424.4
2013-09,2013,9,NORTH-EASTERN REGION,NORTH EASTERN REGION,ASSAM,ASSAM,Cachar,CACHAR,100.0,42112.0,14910.0,4211.2,1491.0
2013-09,2013,9,NORTH-EASTERN REGION,NORTH EASTERN REGION,ASSAM,ASSAM,Chirang,CHIRANG,17.0,7150.0,2248.0,715.0,224.8
2013-09,2013,9,NORTH-EASTERN REGION,NORTH EASTERN REGION,ASSAM,ASSAM,Darrang,DARRANG,36.0,8556.0,4731.0,855.6,473.1
2013-09,2013,9,NORTH-EASTERN REGION,NORTH EASTERN REGION,ASSAM,ASSAM,Dhemaji,DHEMAJI,20.0,5220.0,3352.0,522.0,335.2
2013-09,2013,9,NORTH-EASTERN REGION,NORTH EASTERN REGION,ASSAM,ASSAM,Dhubri,DHUBRI,55.0,13837.0,5412.0,1383.7,541.2
2013-09,2013,9,NORTH-EASTERN REGION,NORTH EASTERN REGION,ASSAM,ASSAM,Dibrugarh,DIBRUGARH,118.0,57144.0,17759.0,5714.4,1775.9
2013-09,2013,9,NORTH-EASTERN REGION,NORTH EASTERN REGION,ASSAM,ASSAM,Goalpara,GOALPARA,43.0,9522.0,3738.0,952.2,373.8
2013-09,2013,9,NORTH-EASTERN REGION,NORTH EASTERN REGION,ASSAM,ASSAM,Golaghat,GOLAGHAT,62.0,14657.0,6903.0,1465.7,690.3
2013-09,2013,9,NORTH-EASTERN REGION,NORTH EASTERN REGION,ASSAM,ASSAM,Hailakandi,HAILAKANDI,27.0,7384.0,2540.0,738.4,254.0
2013-09,2013,9,NORTH-EASTERN REGION,NORTH EASTERN REGION,ASSAM,ASSAM,Jorhat,JORHAT,85.0,33177.0,13708.0,3317.7,1370.8
2013-09,2013,9,NORTH-EASTERN REGION,NORTH EASTERN REGION,ASSAM,ASSAM,Kamrup,KAMRUP,78.0,20184.0,9080.0,2018.4,908.0
2013-09,2013,9,NORTH-EASTERN REGION,NORTH EASTERN REGION,ASSAM,ASSAM,Kamrup Metropolitan,KAMRUP METROPOLITAN,262.0,303684.0,110860.0,30368.4,11086.0
2013-09,2013,9,NORTH-EASTERN REGION,NORTH EASTERN REGION,ASSAM,ASSAM,Karbi Anglong,KARBI ANGLONG,55.0,10299.0,3949.0,1029.9,394.9
2013-09,2013,9,NORTH-EASTERN REGION,NORTH EASTERN REGION,ASSAM,ASSAM,Karimganj,KARIMGANJ,53.0,17742.0,5265.0,1774.2,526.5
2013-09,2013,9,NORTH-EASTERN REGION,NORTH EASTERN REGION,ASSAM,ASSAM,Kokrajhar,KOKRAJHAR,32.0,11540.0,3386.0,1154.0,338.6
2013-09,2013,9,NORTH-EASTERN REGION,NORTH EASTERN REGION,ASSAM,ASSAM,Lakhimpur,LAKHIMPUR,56.0,10798.0,6775.0,1079.8,677.5
2013-09,2013,9,NORTH-EASTERN REGION,NORTH EASTERN REGION,ASSAM,ASSAM,Morigaon,MORIGAON,36.0,7164.0,4315.0,716.4,431.5
2013-09,2013,9,NORTH-EASTERN REGION,NORTH EASTERN REGION,ASSAM,ASSAM,Nagaon,NAGAON,112.0,34550.0,14223.0,3455.0,1422.3
2013-09,2013,9,NORTH-EASTERN REGION,NORTH EASTERN REGION,ASSAM,ASSAM,Nalbari,NALBARI,51.0,11454.0,5542.0,1145.4,554.2
2013-09,2013,9,NORTH-EASTERN REGION,NORTH EASTERN REGION,ASSAM,ASSAM,North Cachar Hills,NORTH CACHAR HILLS,18.0,4469.0,988.0,446.9,98.8
2013-09,2013,9,NORTH-EASTERN REGION,NORTH EASTERN REGION,ASSAM,ASSAM,Sibsagar,SIBSAGAR,77.0,24146.0,10499.0,2414.6,1049.9
2013-09,2013,9,NORTH-EASTERN REGION,NORTH EASTERN REGION,ASSAM,ASSAM,Sonitpur,SONITPUR,103.0,27901.0,13399.0,2790.1,1339.9
2013-09,2013,9,NORTH-EASTERN REGION,NORTH EASTERN REGION,ASSAM,ASSAM,Tinsukia,TINSUKIA,95.0,33798.0,11732.0,3379.8,1173.2
2013-09,2013,9,NORTH-EASTERN REGION,NORTH EASTERN REGION,ASSAM,ASSAM,Udalguri,UDALGURI,28.0,5526.0,3579.0,552.6,357.9
2013-09,2013,9,EASTERN REGION,EASTERN REGION,BIHAR,BIHAR,Araria,ARARIA,92.0,18972.0,7653.0,1897.2,765.3
2013-09,2013,9,EASTERN REGION,EASTERN REGION,BIHAR,BIHAR,Arwal,ARWAL,33.0,7930.0,1871.0,793.0,187.1
2013-09,2013,9,EASTERN REGION,EASTERN REGION,BIHAR,BIHAR,Aurangabad,AURANGABAD,110.0,35654.0,9957.0,3565.4,995.7
2013-09,2013,9,EASTERN REGION,EASTERN REGION,BIHAR,BIHAR,Banka,BANKA,70.0,16777.0,6114.0,1677.7,611.4
2013-09,2013,9,EASTERN REGION,EASTERN REGION,BIHAR,BIHAR,Begusarai,BEGUSARAI,135.0,38991.0,17028.0,3899.1,1702.8
2013-09,2013,9,EASTERN REGION,EASTERN REGION,BIHAR,BIHAR,Bhagalpur,BHAGALPUR,180.0,63547.0,16278.0,6354.7,1627.8
2013-09,2013,9,EASTERN REGION,EASTERN REGION,BIHAR,BIHAR,Bhojpur,BHOJPUR,142.0,46477.0,10428.0,4647.7,1042.8
2013-09,2013,9,EASTERN REGION,EASTERN REGION,BIHAR,BIHAR,Buxar,BUXAR,98.0,28716.0,7408.0,2871.6,740.8
2013-09,2013,9,EASTERN REGION,EASTERN REGION,BIHAR,BIHAR,Darbhanga,DARBHANGA,192.0,50978.0,17101.0,5097.8,1710.1
2013-09,2013,9,EASTERN REGION,EASTERN REGION,BIHAR,BIHAR,Gaya,GAYA,206.0,67355.0,18864.0,6735.5,1886.4
2013-09,2013,9,EASTERN REGION,EASTERN REGION,BIHAR,BIHAR,Gopalganj,GOPALGANJ,120.0,33042.0,8463.0,3304.2,846.3
2013-09,2013,9,EASTERN REGION,EASTERN REGION,BIHAR,BIHAR,Jamui,JAMUI,67.0,17195.0,5379.0,1719.5,537.9
2013-09,2013,9,EASTERN REGION,EASTERN REGION,BIHAR,BIHAR,Jehanabad,JEHANABAD,57.0,14532.0,3798.0,1453.2,379.8
2013-09,2013,9,EASTERN REGION,EASTERN REGION,BIHAR,BIHAR,Kaimur,KAIMUR,79.0,18395.0,9134.0,1839.5,913.4
2013-09,2013,9,EASTERN REGION,EASTERN REGION,BIHAR,BIHAR,Katihar,KATIHAR,121.0,26207.0,10051.0,2620.7,1005.1
2013-09,2013,9,EASTERN REGION,EASTERN REGION,BIHAR,BIHAR,Khagaria,KHAGARIA,68.0,14378.0,5270.0,1437.8,527.0
2013-09,2013,9,EASTERN REGION,EASTERN REGION,BIHAR,BIHAR,Kishanganj,KISHANGANJ,64.0,10394.0,5726.0,1039.4,572.6
2013-09,2013,9,EASTERN REGION,EASTERN REGION,BIHAR,BIHAR,Lakhisarai,LAKHISARAI,51.0,12825.0,3811.0,1282.5,381.1
2013-09,2013,9,EASTERN REGION,EASTERN REGION,BIHAR,BIHAR,Madhepura,MADHEPURA,73.0,17357.0,5554.0,1735.7,555.4
2013-09,2013,9,EASTERN REGION,EASTERN REGION,BIHAR,BIHAR,Madhubani,MADHUBANI,200.0,38612.0,10017.0,3861.2,1001.7
2013-09,2013,9,EASTERN REGION,EASTERN REGION,BIHAR,BIHAR,Munger,MUNGER,88.0,31041.0,6244.0,3104.1,624.4
2013-09,2013,9,EASTERN REGION,EASTERN REGION,BIHAR,BIHAR,Muzaffarpur,MUZAFFARPUR,268.0,83728.0,25590.0,8372.8,2559.0
2013-09,2013,9,EASTERN REGION,EASTERN REGION,BIHAR,BIHAR,Nalanda,NALANDA,142.0,39700.0,11317.0,3970.0,1131.7
2013-09,2013,9,EASTERN REGION,EASTERN REGION,BIHAR,BIHAR,Nawada,NAWADA,86.0,21761.0,6600.0,2176.1,660.0
2013-09,2013,9,EASTERN REGION,EASTERN REGION,BIHAR,BIHAR,Paschimi Champaran,PASCHIMI CHAMPARAN,148.0,26530.0,12209.0,2653.0,1220.9
2013-09,2013,9,EASTERN REGION,EASTERN REGION,BIHAR,BIHAR,Patna,PATNA,587.0,576424.0,144611.0,57642.4,14461.1
2013-09,2013,9,EASTERN REGION,EASTERN REGION,BIHAR,BIHAR,Purbi Champaran,PURBI CHAMPARAN,198.0,41236.0,17187.0,4123.6,1718.7
2013-09,2013,9,EASTERN REGION,EASTERN REGION,BIHAR,BIHAR,Purnia,PURNIA,128.0,28745.0,14909.0,2874.5,1490.9
2013-09,2013,9,EASTERN REGION,EASTERN REGION,BIHAR,BIHAR,Rohtas,ROHTAS,142.0,41837.0,15219.0,4183.7,1521.9
2013-09,2013,9,EASTERN REGION,EASTERN REGION,BIHAR,BIHAR,Saharsa,SAHARSA,76.0,18592.0,6148.0,1859.2,614.8
2013-09,2013,9,EASTERN REGION,EASTERN REGION,BIHAR,BIHAR,Samastipur,SAMASTIPUR,192.0,44845.0,15452.0,4484.5,1545.2
2013-09,2013,9,EASTERN REGION,EASTERN REGION,BIHAR,BIHAR,Saran,SARAN,170.0,59724.0,11887.0,5972.4,1188.7
2013-09,2013,9,EASTERN REGION,EASTERN REGION,BIHAR,BIHAR,Sheikhpura,SHEIKHPURA,34.0,7959.0,2523.0,795.9,252.3
2013-09,2013,9,EASTERN REGION,EASTERN REGION,BIHAR,BIHAR,Sheohar,SHEOHAR,25.0,3885.0,1453.0,388.5,145.3
2013-09,2013,9,EASTERN REGION,EASTERN REGION,BIHAR,BIHAR,Sitamarhi,SITAMARHI,124.0,26413.0,9214.0,2641.3,921.4
2013-09,2013,9,EASTERN REGION,EASTERN REGION,BIHAR,BIHAR,Siwan,SIWAN,161.0,52874.0,9725.0,5287.4,972.5
2013-09,2013,9,EASTERN REGION,EASTERN REGION,BIHAR,BIHAR,Supaul,SUPAUL,87.0,17047.0,6280.0,1704.7,628.0
2013-09,2013,9,EASTERN REGION,EASTERN REGION,BIHAR,BIHAR,Vaishali,VAISHALI,163.0,43673.0,12329.0,4367.3,1232.9
2013-09,2013,9,NORTHERN REGION,NORTHERN REGION,CHANDIGARH,CHANDIGARH,CHANDIGARH,CHANDIGARH,336.0,488897.0,591904.0,48889.7,59190.4
2013-09,2013,9,CENTRAL REGION,CENTRAL REGION,CHHATTISGARH,CHHATTISGARH,Balod,BALOD,57.0,11494.0,2952.0,1149.4,295.2
2013-09,2013,9,CENTRAL REGION,CENTRAL REGION,CHHATTISGARH,CHHATTISGARH,Balodabazar,BALODABAZAR,79.0,13814.0,6154.0,1381.4,615.4
2013-09,2013,9,CENTRAL REGION,CENTRAL REGION,CHHATTISGARH,CHHATTISGARH,Balrampur,BALRAMPUR,32.0,6429.0,1416.0,642.9,141.6
2013-09,2013,9,CENTRAL REGION,CENTRAL REGION,CHHATTISGARH,CHHATTISGARH,Bastar,BASTAR,63.0,17691.0,8040.0,1769.1,804.0
2013-09,2013,9,CENTRAL REGION,CENTRAL REGION,CHHATTISGARH,CHHATTISGARH,Bemetara,BEMETARA,45.0,6285.0,2515.0,628.5,251.5
2013-09,2013,9,CENTRAL REGION,CENTRAL REGION,CHHATTISGARH,CHHATTISGARH,Bijapur,BIJAPUR,12.0,3843.0,579.0,384.3,57.9
2013-09,2013,9,CENTRAL REGION,CENTRAL REGION,CHHATTISGARH,CHHATTISGARH,Bilaspur,BILASPUR,157.0,171833.0,28732.0,17183.3,2873.2
2013-09,2013,9,CENTRAL REGION,CENTRAL REGION,CHHATTISGARH,CHHATTISGARH,Dantewada,DANTEWADA,17.0,7810.0,6739.0,781.0,673.9
2013-09,2013,9,CENTRAL REGION,CENTRAL REGION,CHHATTISGARH,CHHATTISGARH,Dhamtari,DHAMTARI,61.0,11971.0,5641.0,1197.1,564.1
2013-09,2013,9,CENTRAL REGION,CENTRAL REGION,CHHATTISGARH,CHHATTISGARH,Durg,DURG,174.0,108000.0,48388.0,10800.0,4838.8
2013-09,2013,9,CENTRAL REGION,CENTRAL REGION,CHHATTISGARH,CHHATTISGARH,Gariyaband,GARIYABAND,23.0,4267.0,1171.0,426.7,117.1
2013-09,2013,9,CENTRAL REGION,CENTRAL REGION,CHHATTISGARH,CHHATTISGARH,Janjgir-Champa,JANJGIR CHAMPA,92.0,24731.0,6744.0,2473.1,674.4
2013-09,2013,9,CENTRAL REGION,CENTRAL REGION,CHHATTISGARH,CHHATTISGARH,Jashpur,JASHPUR,56.0,12013.0,3048.0,1201.3,304.8
2013-09,2013,9,CENTRAL REGION,CENTRAL REGION,CHHATTISGARH,CHHATTISGARH,Kanker,KANKER,48.0,9552.0,3237.0,955.2,323.7
2013-09,2013,9,CENTRAL REGION,CENTRAL REGION,CHHATTISGARH,CHHATTISGARH,Kawardha,KAWARDHA,43.0,7321.0,3143.0,732.1,314.3
2013-09,2013,9,CENTRAL REGION,CENTRAL REGION,CHHATTISGARH,CHHATTISGARH,Kondagaon,KONDAGAON,26.0,4942.0,1657.0,494.2,165.7
2013-09,2013,9,CENTRAL REGION,CENTRAL REGION,CHHATTISGARH,CHHATTISGARH,Korba,KORBA,85.0,35414.0,14913.0,3541.4,1491.3
2013-09,2013,9,CENTRAL REGION,CENTRAL REGION,CHHATTISGARH,CHHATTISGARH,Koriya,KORIYA,66.0,19556.0,4186.0,1955.6,418.6
2013-09,2013,9,CENTRAL REGION,CENTRAL REGION,CHHATTISGARH,CHHATTISGARH,Mahasamund,MAHASAMUND,64.0,11841.0,6006.0,1184.1,600.6
2013-09,2013,9,CENTRAL REGION,CENTRAL REGION,CHHATTISGARH,CHHATTISGARH,Mungeli,MUNGELI,25.0,4773.0,2266.0,477.3,226.6
2013-09,2013,9,CENTRAL REGION,CENTRAL REGION,CHHATTISGARH,CHHATTISGARH,Narayanpur,NARAYANPUR,8.0,1900.0,306.0,190.0,30.6
2013-09,2013,9,CENTRAL REGION,CENTRAL REGION,CHHATTISGARH,CHHATTISGARH,Raigarh,RAIGARH,118.0,35392.0,20197.0,3539.2,2019.7
2013-09,2013,9,CENTRAL REGION,CENTRAL REGION,CHHATTISGARH,CHHATTISGARH,Raipur,RAIPUR,315.0,229737.0,248155.0,22973.7,24815.5
2013-09,2013,9,CENTRAL REGION,CENTRAL REGION,CHHATTISGARH,CHHATTISGARH,Rajnandgaon,RAJNANDGAON,102.0,25675.0,11282.0,2567.5,1128.2
2013-09,2013,9,CENTRAL REGION,CENTRAL REGION,CHHATTISGARH,CHHATTISGARH,Sukma,SUKMA,9.0,2471.0,540.0,247.1,54.0
2013-09,2013,9,CENTRAL REGION,CENTRAL REGION,CHHATTISGARH,CHHATTISGARH,Surajpur,SURAJPUR,55.0,12992.0,3532.0,1299.2,353.2
2013-09,2013,9,CENTRAL REGION,CENTRAL REGION,CHHATTISGARH,CHHATTISGARH,Surguja,SURGUJA,68.0,22137.0,6502.0,2213.7,650.2
2013-09,2013,9,WESTERN REGION,WESTERN REGION,DADRA & NAGAR HAVELI,DADRA AND NAGAR HAVELI,Dadra & Nagar Haveli,DADRA AND NAGAR HAVELI,47.0,22957.0,7338.0,2295.7,733.8
2013-09,2013,9,WESTERN REGION,WESTERN REGION,DAMAN & DIU,DAMAN AND DIU,Daman,DAMAN,27.0,18713.0,5161.0,1871.3,516.1
2013-09,2013,9,WESTERN REGION,WESTERN REGION,DAMAN & DIU,DAMAN AND DIU,Diu,DIU,12.0,9970.0,341.0,997.0,34.1
2013-09,2013,9,WESTERN REGION,WESTERN REGION,GOA,GOA,North Goa,NORTH GOA,331.0,232797.0,73110.0,23279.7,7311.0
2013-09,2013,9,WESTERN REGION,WESTERN REGION,GOA,GOA,South Goa,SOUTH GOA,231.0,185598.0,41708.0,18559.8,4170.8
2013-09,2013,9,WESTERN REGION,WESTERN REGION,GUJARAT,GUJARAT,Ahmedabad,AHMEDABAD,971.0,1040810.0,1157779.0,104081.0,115777.9
2013-09,2013,9,WESTERN REGION,WESTERN REGION,GUJARAT,GUJARAT,Amreli,AMRELI,143.0,32872.0,17417.0,3287.2,1741.7
2013-09,2013,9,WESTERN REGION,WESTERN REGION,GUJARAT,GUJARAT,Anand,ANAND,260.0,182095.0,35811.0,18209.5,3581.1
2013-09,2013,9,WESTERN REGION,WESTERN REGION,GUJARAT,GUJARAT,Aravalli,ARAVALLI,65.0,13992.0,10212.0,1399.2,1021.2
2013-09,2013,9,WESTERN REGION,WESTERN REGION,GUJARAT,GUJARAT,Banas Kantha,BANAS KANTHA,152.0,39597.0,35492.0,3959.7,3549.2
2013-09,2013,9,WESTERN REGION,WESTERN REGION,GUJARAT,GUJARAT,Bharuch,BHARUCH,203.0,92828.0,40315.0,9282.8,4031.5
2013-09,2013,9,WESTERN REGION,WESTERN REGION,GUJARAT,GUJARAT,Bhavnagar,BHAVNAGAR,222.0,113259.0,47213.0,11325.9,4721.3
2013-09,2013,9,WESTERN REGION,WESTERN REGION,GUJARAT,GUJARAT,Dangs,DANGS,12.0,3528.0,677.0,352.8,67.7
2013-09,2013,9,WESTERN REGION,WESTERN REGION,GUJARAT,GUJARAT,Dohad,DOHAD,88.0,22627.0,7073.0,2262.7,707.3
2013-09,2013,9,WESTERN REGION,WESTERN REGION,GUJARAT,GUJARAT,Gandhinagar,GANDHINAGAR,183.0,152386.0,77943.0,15238.6,7794.3
2013-09,2013,9,WESTERN REGION,WESTERN REGION,GUJARAT,GUJARAT,Jamnagar,JAMNAGAR,241.0,110246.0,37740.0,11024.6,3774.0
2013-09,2013,9,WESTERN REGION,WESTERN REGION,GUJARAT,GUJARAT,Junagadh,JUNAGADH,233.0,84029.0,35421.0,8402.9,3542.1
2013-09,2013,9,WESTERN REGION,WESTERN REGION,GUJARAT,GUJARAT,Kachchh,KACHCHH,313.0,209591.0,56555.0,20959.1,5655.5
2013-09,2013,9,WESTERN REGION,WESTERN REGION,GUJARAT,GUJARAT,Kheda,KHEDA,202.0,89449.0,20751.0,8944.9,2075.1
2013-09,2013,9,WESTERN REGION,WESTERN REGION,GUJARAT,GUJARAT,Mahesana,MAHESANA,219.0,68013.0,41974.0,6801.3,4197.4
2013-09,2013,9,WESTERN REGION,WESTERN REGION,GUJARAT,GUJARAT,Narmada,NARMADA,41.0,8900.0,3767.0,890.0,376.7
2013-09,2013,9,WESTERN REGION,WESTERN REGION,GUJARAT,GUJARAT,Navsari,NAVSARI,205.0,125134.0,19381.0,12513.4,1938.1
2013-09,2013,9,WESTERN REGION,WESTERN REGION,GUJARAT,GUJARAT,Panch Mahals,PANCH MAHALS,135.0,43638.0,15761.0,4363.8,1576.1
2013-09,2013,9,WESTERN REGION,WESTERN REGION,GUJARAT,GUJARAT,Patan,PATAN,101.0,28158.0,13240.0,2815.8,1324.0
2013-09,2013,9,WESTERN REGION,WESTERN REGION,GUJARAT,GUJARAT,Porbandar,PORBANDAR,68.0,44912.0,10073.0,4491.2,1007.3
2013-09,2013,9,WESTERN REGION,WESTERN REGION,GUJARAT,GUJARAT,Rajkot,RAJKOT,426.0,222391.0,178534.0,22239.1,17853.4
2013-09,2013,9,WESTERN REGION,WESTERN REGION,GUJARAT,GUJARAT,Sabar Kantha,SABAR KANTHA,119.0,31806.0,23654.0,3180.6,2365.4
2013-09,2013,9,WESTERN REGION,WESTERN REGION,GUJARAT,GUJARAT,Surat,SURAT,530.0,341880.0,308553.0,34188.0,30855.3
2013-09,2013,9,WESTERN REGION,WESTERN REGION,GUJARAT,GUJARAT,Surendranagar,SURENDRANAGAR,155.0,41779.0,22595.0,4177.9,2259.5
2013-09,2013,9,WESTERN REGION,WESTERN REGION,GUJARAT,GUJARAT,Tapi,TAPI,45.0,13691.0,4301.0,1369.1,430.1
2013-09,2013,9,WESTERN REGION,WESTERN REGION,GUJARAT,GUJARAT,Vadodara,VADODARA,556.0,513143.0,420092.0,51314.3,42009.2
2013-09,2013,9,WESTERN REGION,WESTERN REGION,GUJARAT,GUJARAT,Valsad,VALSAD,167.0,84269.0,40574.0,8426.9,4057.4
2013-09,2013,9,NORTHERN REGION,NORTHERN REGION,HARYANA,HARYANA,Ambala,AMBALA,200.0,85671.0,38997.0,8567.1,3899.7
2013-09,2013,9,NORTHERN REGION,NORTHERN REGION,HARYANA,HARYANA,Bhiwani,BHIWANI,159.0,40869.0,31839.0,4086.9,3183.9
2013-09,2013,9,NORTHERN REGION,NORTHERN REGION,HARYANA,HARYANA,Faridabad,FARIDABAD,242.0,205641.0,126302.0,20564.1,12630.2
2013-09,2013,9,NORTHERN REGION,NORTHERN REGION,HARYANA,HARYANA,Fatehabad,FATEHABAD,116.0,18873.0,24929.0,1887.3,2492.9
2013-09,2013,9,NORTHERN REGION,NORTHERN REGION,HARYANA,HARYANA,Gurgaon,GURGAON,465.0,601167.0,304836.0,60116.7,30483.6
2013-09,2013,9,NORTHERN REGION,NORTHERN REGION,HARYANA,HARYANA,Hisar,HISAR,195.0,60564.0,122136.0,6056.4,12213.6
2013-09,2013,9,NORTHERN REGION,NORTHERN REGION,HARYANA,HARYANA,Jhajjar,JHAJJAR,117.0,41615.0,36125.0,4161.5,3612.5
2013-09,2013,9,NORTHERN REGION,NORTHERN REGION,HARYANA,HARYANA,Jind,JIND,125.0,24347.0,33427.0,2434.7,3342.7
2013-09,2013,9,NORTHERN REGION,NORTHERN REGION,HARYANA,HARYANA,Kaithal,KAITHAL,118.0,20498.0,32449.0,2049.8,3244.9
2013-09,2013,9,NORTHERN REGION,NORTHERN REGION,HARYANA,HARYANA,Karnal,KARNAL,224.0,68525.0,90447.0,6852.5,9044.7
2013-09,2013,9,NORTHERN REGION,NORTHERN REGION,HARYANA,HARYANA,Kurukshetra,KURUKSHETRA,152.0,44480.0,32525.0,4448.0,3252.5
2013-09,2013,9,NORTHERN REGION,NORTHERN REGION,HARYANA,HARYANA,Mahendragarh,MAHENDRAGARH,96.0,25587.0,10901.0,2558.7,1090.1
2013-09,2013,9,NORTHERN REGION,NORTHERN REGION,HARYANA,HARYANA,Mewat,MEWAT,56.0,11488.0,5509.0,1148.8,550.9
2013-09,2013,9,NORTHERN REGION,NORTHERN REGION,HARYANA,HARYANA,Palwal,PALWAL,81.0,21184.0,13696.0,2118.4,1369.6
2013-09,2013,9,NORTHERN REGION,NORTHERN REGION,HARYANA,HARYANA,Panchkula,PANCHKULA,165.0,185236.0,173797.0,18523.6,17379.7
2013-09,2013,9,NORTHERN REGION,NORTHERN REGION,HARYANA,HARYANA,Panipat,PANIPAT,167.0,53940.0,67279.0,5394.0,6727.9
2013-09,2013,9,NORTHERN REGION,NORTHERN REGION,HARYANA,HARYANA,Rewari,REWARI,122.0,50633.0,21249.0,5063.3,2124.9
2013-09,2013,9,NORTHERN REGION,NORTHERN REGION,HARYANA,HARYANA,Rohtak,ROHTAK,161.0,83517.0,44859.0,8351.7,4485.9
2013-09,2013,9,NORTHERN REGION,NORTHERN REGION,HARYANA,HARYANA,Sirsa,SIRSA,152.0,29964.0,36773.0,2996.4,3677.3
2013-09,2013,9,NORTHERN REGION,NORTHERN REGION,HARYANA,HARYANA,Sonipat,SONIPAT,213.0,83429.0,116890.0,8342.9,11689.0
2013-09,2013,9,NORTHERN REGION,NORTHERN REGION,HARYANA,HARYANA,Yamunanagar,YAMUNANAGAR,159.0,57569.0,35061.0,5756.9,3506.1
2013-09,2013,9,NORTHERN REGION,NORTHERN REGION,HIMACHAL PRADESH,HIMACHAL PRADESH,Bilaspur,BILASPUR,68.0,19681.0,4647.0,1968.1,464.7
2013-09,2013,9,NORTHERN REGION,NORTHERN REGION,HIMACHAL PRADESH,HIMACHAL PRADESH,Chamba,CHAMBA,72.0,17210.0,5197.0,1721.0,519.7
2013-09,2013,9,NORTHERN REGION,NORTHERN REGION,HIMACHAL PRADESH,HIMACHAL PRADESH,Hamirpur,HAMIRPUR,86.0,34596.0,5640.0,3459.6,564.0
2013-09,2013,9,NORTHERN REGION,NORTHERN REGION,HIMACHAL PRADESH,HIMACHAL PRADESH,Kangra,KANGRA,238.0,97926.0,19734.0,9792.6,1973.4
2013-09,2013,9,NORTHERN REGION,NORTHERN REGION,HIMACHAL PRADESH,HIMACHAL PRADESH,Kinnaur,KINNAUR,26.0,4817.0,2112.0,481.7,211.2
2013-09,2013,9,NORTHERN REGION,NORTHERN REGION,HIMACHAL PRADESH,HIMACHAL PRADESH,Kulu,KULU,83.0,24620.0,10809.0,2462.0,1080.9
2013-09,2013,9,NORTHERN REGION,NORTHERN REGION,HIMACHAL PRADESH,HIMACHAL PRADESH,Lahul & Spiti,LAHUL AND SPITI,12.0,2352.0,506.0,235.2,50.6
2013-09,2013,9,NORTHERN REGION,NORTHERN REGION,HIMACHAL PRADESH,HIMACHAL PRADESH,Mandi,MANDI,160.0,48563.0,14230.0,4856.3,1423.0
2013-09,2013,9,NORTHERN REGION,NORTHERN REGION,HIMACHAL PRADESH,HIMACHAL PRADESH,Simla,SIMLA,193.0,135899.0,36632.0,13589.9,3663.2
2013-09,2013,9,NORTHERN REGION,NORTHERN REGION,HIMACHAL PRADESH,HIMACHAL PRADESH,Sirmaur,SIRMAUR,79.0,16612.0,13313.0,1661.2,1331.3
2013-09,2013,9,NORTHERN REGION,NORTHERN REGION,HIMACHAL PRADESH,HIMACHAL PRADESH,Solan,SOLAN,161.0,48986.0,40536.0,4898.6,4053.6
2013-09,2013,9,NORTHERN REGION,NORTHERN REGION,HIMACHAL PRADESH,HIMACHAL PRADESH,Una,UNA,92.0,32084.0,8632.0,3208.4,863.2
2013-09,2013,9,NORTHERN REGION,NORTHERN REGION,JAMMU & KASHMIR,JAMMU AND KASHMIR,Anantnag,ANANTNAG,80.0,22872.0,11464.0,2287.2,1146.4
2013-09,2013,9,NORTHERN REGION,NORTHERN REGION,JAMMU & KASHMIR,JAMMU AND KASHMIR,Badgam,BADGAM,59.0,11025.0,7294.0,1102.5,729.4
2013-09,2013,9,NORTHERN REGION,NORTHERN REGION,JAMMU & KASHMIR,JAMMU AND KASHMIR,Bandipora,BANDIPORA,20.0,5993.0,3475.0,599.3,347.5
2013-09,2013,9,NORTHERN REGION,NORTHERN REGION,JAMMU & KASHMIR,JAMMU AND KASHMIR,Baramulla,BARAMULLA,113.0,23484.0,17843.0,2348.4,1784.3
2013-09,2013,9,NORTHERN REGION,NORTHERN REGION,JAMMU & KASHMIR,JAMMU AND KASHMIR,Doda,DODA,33.0,9461.0,2164.0,946.1,216.4
2013-09,2013,9,NORTHERN REGION,NORTHERN REGION,JAMMU & KASHMIR,JAMMU AND KASHMIR,Ganderbal,GANDERBAL,30.0,6248.0,4076.0,624.8,407.6
2013-09,2013,9,NORTHERN REGION,NORTHERN REGION,JAMMU & KASHMIR,JAMMU AND KASHMIR,Jammu,JAMMU,289.0,189241.0,56531.0,18924.1,5653.1
2013-09,2013,9,NORTHERN REGION,NORTHERN REGION,JAMMU & KASHMIR,JAMMU AND KASHMIR,Kargil,KARGIL,17.0,6104.0,1463.0,610.4,146.3
2013-09,2013,9,NORTHERN REGION,NORTHERN REGION,JAMMU & KASHMIR,JAMMU AND KASHMIR,Kathua,KATHUA,69.0,23912.0,8677.0,2391.2,867.7
2013-09,2013,9,NORTHERN REGION,NORTHERN REGION,JAMMU & KASHMIR,JAMMU AND KASHMIR,Kishtwar,KISHTWAR,17.0,6126.0,1326.0,612.6,132.6
2013-09,2013,9,NORTHERN REGION,NORTHERN REGION,JAMMU & KASHMIR,JAMMU AND KASHMIR,Kulgam,KULGAM,34.0,6836.0,4742.0,683.6,474.2
2013-09,2013,9,NORTHERN REGION,NORTHERN REGION,JAMMU & KASHMIR,JAMMU AND KASHMIR,Kupwara,KUPWARA,62.0,10989.0,6465.0,1098.9,646.5
2013-09,2013,9,NORTHERN REGION,NORTHERN REGION,JAMMU & KASHMIR,JAMMU AND KASHMIR,Leh Ladakh,LEH LADAKH,25.0,13423.0,2925.0,1342.3,292.5
2013-09,2013,9,NORTHERN REGION,NORTHERN REGION,JAMMU & KASHMIR,JAMMU AND KASHMIR,Poonch,POONCH,27.0,11268.0,2122.0,1126.8,212.2
2013-09,2013,9,NORTHERN REGION,NORTHERN REGION,JAMMU & KASHMIR,JAMMU AND KASHMIR,Pulwama,PULWAMA,47.0,12499.0,8569.0,1249.9,856.9
2013-09,2013,9,NORTHERN REGION,NORTHERN REGION,JAMMU & KASHMIR,JAMMU AND KASHMIR,Rajouri,RAJOURI,50.0,16926.0,3959.0,1692.6,395.9
2013-09,2013,9,NORTHERN REGION,NORTHERN REGION,JAMMU & KASHMIR,JAMMU AND KASHMIR,Ramban,RAMBAN,19.0,5966.0,1415.0,596.6,141.5
2013-09,2013,9,NORTHERN REGION,NORTHERN REGION,JAMMU & KASHMIR,JAMMU AND KASHMIR,Reasi,REASI,33.0,11586.0,2960.0,1158.6,296.0
2013-09,2013,9,NORTHERN REGION,NORTHERN REGION,JAMMU & KASHMIR,JAMMU AND KASHMIR,Samba,SAMBA,51.0,17236.0,9215.0,1723.6,921.5
2013-09,2013,9,NORTHERN REGION,NORTHERN REGION,JAMMU & KASHMIR,JAMMU AND KASHMIR,Shopian,SHOPIAN,23.0,4357.0,6572.0,435.7,657.2
2013-09,2013,9,NORTHERN REGION,NORTHERN REGION,JAMMU & KASHMIR,JAMMU AND KASHMIR,Srinagar,SRINAGAR,186.0,157984.0,67357.0,15798.4,6735.7
2013-09,2013,9,NORTHERN REGION,NORTHERN REGION,JAMMU & KASHMIR,JAMMU AND KASHMIR,Udhampur,UDHAMPUR,58.0,20894.0,5347.0,2089.4,534.7
2013-09,2013,9,EASTERN REGION,EASTERN REGION,JHARKHAND,JHARKHAND,Bokaro,BOKARO,173.0,100721.0,30038.0,10072.1,3003.8
2013-09,2013,9,EASTERN REGION,EASTERN REGION,JHARKHAND,JHARKHAND,Chatra,CHATRA,46.0,11651.0,2636.0,1165.1,263.6
2013-09,2013,9,EASTERN REGION,EASTERN REGION,JHARKHAND,JHARKHAND,Deoghar,DEOGHAR,104.0,29213.0,8504.0,2921.3,850.4
2013-09,2013,9,EASTERN REGION,EASTERN REGION,JHARKHAND,JHARKHAND,Dhanbad,DHANBAD,214.0,148095.0,33890.0,14809.5,3389.0
2013-09,2013,9,EASTERN REGION,EASTERN REGION,JHARKHAND,JHARKHAND,Dumka,DUMKA,95.0,18762.0,4898.0,1876.2,489.8
2013-09,2013,9,EASTERN REGION,EASTERN REGION,JHARKHAND,JHARKHAND,Garhwa,GARHWA,49.0,11888.0,3904.0,1188.8,390.4
2013-09,2013,9,EASTERN REGION,EASTERN REGION,JHARKHAND,JHARKHAND,Giridih,GIRIDIH,125.0,34181.0,15108.0,3418.1,1510.8
2013-09,2013,9,EASTERN REGION,EASTERN REGION,JHARKHAND,JHARKHAND,Godda,GODDA,78.0,15467.0,4461.0,1546.7,446.1
2013-09,2013,9,EASTERN REGION,EASTERN REGION,JHARKHAND,JHARKHAND,Gumla,GUMLA,57.0,12743.0,3203.0,1274.3,320.3
2013-09,2013,9,EASTERN REGION,EASTERN REGION,JHARKHAND,JHARKHAND,Hazaribag,HAZARIBAG,122.0,46907.0,12582.0,4690.7,1258.2
2013-09,2013,9,EASTERN REGION,EASTERN REGION,JHARKHAND,JHARKHAND,Jamtara,JAMTARA,53.0,9861.0,2592.0,986.1,259.2
2013-09,2013,9,EASTERN REGION,EASTERN REGION,JHARKHAND,JHARKHAND,Khunti,KHUNTI,39.0,6855.0,1764.0,685.5,176.4
2013-09,2013,9,EASTERN REGION,EASTERN REGION,JHARKHAND,JHARKHAND,Koderma,KODERMA,51.0,14888.0,4615.0,1488.8,461.5
2013-09,2013,9,EASTERN REGION,EASTERN REGION,JHARKHAND,JHARKHAND,Latehar,LATEHAR,32.0,8388.0,2413.0,838.8,241.3
2013-09,2013,9,EASTERN REGION,EASTERN REGION,JHARKHAND,JHARKHAND,Lohardagga,LOHARDAGGA,33.0,6152.0,2338.0,615.2,233.8
2013-09,2013,9,EASTERN REGION,EASTERN REGION,JHARKHAND,JHARKHAND,Pakur,PAKUR,46.0,5998.0,1848.0,599.8,184.8
2013-09,2013,9,EASTERN REGION,EASTERN REGION,JHARKHAND,JHARKHAND,Palamau,PALAMAU,100.0,29647.0,8386.0,2964.7,838.6
2013-09,2013,9,EASTERN REGION,EASTERN REGION,JHARKHAND,JHARKHAND,Paschimi Singhbhum,PASCHIMI SINGHBHUM,113.0,116514.0,16177.0,11651.4,1617.7
2013-09,2013,9,EASTERN REGION,EASTERN REGION,JHARKHAND,JHARKHAND,Purbi Singhbhum,PURBI SINGHBHUM,261.0,149447.0,70779.0,14944.7,7077.9
2013-09,2013,9,EASTERN REGION,EASTERN REGION,JHARKHAND,JHARKHAND,Ramgarh,RAMGARH,79.0,31243.0,10736.0,3124.3,1073.6
2013-09,2013,9,EASTERN REGION,EASTERN REGION,JHARKHAND,JHARKHAND,Ranchi,RANCHI,332.0,252941.0,74251.0,25294.1,7425.1
2013-09,2013,9,EASTERN REGION,EASTERN REGION,JHARKHAND,JHARKHAND,Sahebganj,SAHEBGANJ,60.0,11091.0,4842.0,1109.1,484.2
2013-09,2013,9,EASTERN REGION,EASTERN REGION,JHARKHAND,JHARKHAND,Seraikela-Kharsawan,SERAIKELA KHARSAWAN,83.0,20475.0,10391.0,2047.5,1039.1
2013-09,2013,9,EASTERN REGION,EASTERN REGION,JHARKHAND,JHARKHAND,Simdega,SIMDEGA,37.0,7331.0,1650.0,733.1,165.0
2013-09,2013,9,SOUTHERN REGION,SOUTHERN REGION,KARNATAKA,KARNATAKA,Bagalkote,BAGALKOTE,199.0,42500.0,45217.0,4250.0,4521.7
2013-09,2013,9,SOUTHERN REGION,SOUTHERN REGION,KARNATAKA,KARNATAKA,Bangalore Rural,BANGALORE RURAL,157.0,36350.0,24579.0,3635.0,2457.9
2013-09,2013,9,SOUTHERN REGION,SOUTHERN REGION,KARNATAKA,KARNATAKA,Bangalore Urban,BANGALORE URBAN,1802.0,3191478.0,2271010.0,319147.8,227101.0
2013-09,2013,9,SOUTHERN REGION,SOUTHERN REGION,KARNATAKA,KARNATAKA,Belgaum,BELGAUM,475.0,138166.0,100505.0,13816.6,10050.5
2013-09,2013,9,SOUTHERN REGION,SOUTHERN REGION,KARNATAKA,KARNATAKA,Bellary,BELLARY,254.0,75450.0,83457.0,7545.0,8345.7
2013-09,2013,9,SOUTHERN REGION,SOUTHERN REGION,KARNATAKA,KARNATAKA,Bidar,BIDAR,142.0,22988.0,18792.0,2298.8,1879.2
2013-09,2013,9,SOUTHERN REGION,SOUTHERN REGION,KARNATAKA,KARNATAKA,Bijapur,BIJAPUR,177.0,38650.0,37910.0,3865.0,3791.0
2013-09,2013,9,SOUTHERN REGION,SOUTHERN REGION,KARNATAKA,KARNATAKA,Chamarajanagar,CHAMARAJANAGAR,98.0,12346.0,13965.0,1234.6,1396.5
2013-09,2013,9,SOUTHERN REGION,SOUTHERN REGION,KARNATAKA,KARNATAKA,Chikkaballapura,CHIKKABALLAPURA,119.0,19709.0,20227.0,1970.9,2022.7
2013-09,2013,9,SOUTHERN REGION,SOUTHERN REGION,KARNATAKA,KARNATAKA,Chikmagalur,CHIKMAGALUR,188.0,41184.0,29756.0,4118.4,2975.6
2013-09,2013,9,SOUTHERN REGION,SOUTHERN REGION,KARNATAKA,KARNATAKA,Chitradurga,CHITRADURGA,172.0,27311.0,25195.0,2731.1,2519.5
2013-09,2013,9,SOUTHERN REGION,SOUTHERN REGION,KARNATAKA,KARNATAKA,Dakshin Kannad,DAKSHIN KANNAD,479.0,251460.0,122775.0,25146.0,12277.5
2013-09,2013,9,SOUTHERN REGION,SOUTHERN REGION,KARNATAKA,KARNATAKA,Davangere,DAVANGERE,180.0,39836.0,40998.0,3983.6,4099.8
2013-09,2013,9,SOUTHERN REGION,SOUTHERN REGION,KARNATAKA,KARNATAKA,Dharwad,DHARWAD,300.0,111928.0,76184.0,11192.8,7618.4
2013-09,2013,9,SOUTHERN REGION,SOUTHERN REGION,KARNATAKA,KARNATAKA,Gadag,GADAG,127.0,21236.0,19670.0,2123.6,1967.0
2013-09,2013,9,SOUTHERN REGION,SOUTHERN REGION,KARNATAKA,KARNATAKA,Gulbarga,GULBARGA,208.0,56942.0,43826.0,5694.2,4382.6
2013-09,2013,9,SOUTHERN REGION,SOUTHERN REGION,KARNATAKA,KARNATAKA,Hassan,HASSAN,237.0,44107.0,38360.0,4410.7,3836.0
2013-09,2013,9,SOUTHERN REGION,SOUTHERN REGION,KARNATAKA,KARNATAKA,Haveri,HAVERI,160.0,23681.0,22784.0,2368.1,2278.4
2013-09,2013,9,SOUTHERN REGION,SOUTHERN REGION,KARNATAKA,KARNATAKA,Kodagu,KODAGU,136.0,30364.0,17748.0,3036.4,1774.8
2013-09,2013,9,SOUTHERN REGION,SOUTHERN REGION,KARNATAKA,KARNATAKA,Kolar,KOLAR,127.0,29176.0,21851.0,2917.6,2185.1
2013-09,2013,9,SOUTHERN REGION,SOUTHERN REGION,KARNATAKA,KARNATAKA,Koppal,KOPPAL,126.0,20599.0,23785.0,2059.9,2378.5
2013-09,2013,9,SOUTHERN REGION,SOUTHERN REGION,KARNATAKA,KARNATAKA,Mandya,MANDYA,160.0,27475.0,26715.0,2747.5,2671.5
2013-09,2013,9,SOUTHERN REGION,SOUTHERN REGION,KARNATAKA,KARNATAKA,Mysore,MYSORE,378.0,175411.0,110838.0,17541.1,11083.8
2013-09,2013,9,SOUTHERN REGION,SOUTHERN REGION,KARNATAKA,KARNATAKA,Raichur,RAICHUR,173.0,33101.0,36640.0,3310.1,3664.0
2013-09,2013,9,SOUTHERN REGION,SOUTHERN REGION,KARNATAKA,KARNATAKA,Ramanagara,RAMANAGARA,131.0,34872.0,22063.0,3487.2,2206.3
2013-09,2013,9,SOUTHERN REGION,SOUTHERN REGION,KARNATAKA,KARNATAKA,Shimoga,SHIMOGA,228.0,69580.0,40543.0,6958.0,4054.3
2013-09,2013,9,SOUTHERN REGION,SOUTHERN REGION,KARNATAKA,KARNATAKA,Tumkur,TUMKUR,233.0,49759.0,48192.0,4975.9,4819.2
2013-09,2013,9,SOUTHERN REGION,SOUTHERN REGION,KARNATAKA,KARNATAKA,Udipi,UDIPI,297.0,125975.0,57453.0,12597.5,5745.3
2013-09,2013,9,SOUTHERN REGION,SOUTHERN REGION,KARNATAKA,KARNATAKA,Uttar Kannad,UTTAR KANNAD,234.0,64826.0,18237.0,6482.6,1823.7
2013-09,2013,9,SOUTHERN REGION,SOUTHERN REGION,KARNATAKA,KARNATAKA,Yadgir,YADGIR,88.0,11851.0,13149.0,1185.1,1314.9
2013-09,2013,9,SOUTHERN REGION,SOUTHERN REGION,KERALA,KERALA,Alapuzha,ALAPUZHA,330.0,148263.0,82370.0,14826.3,8237.0
2013-09,2013,9,SOUTHERN REGION,SOUTHERN REGION,KERALA,KERALA,Ernakulam,ERNAKULAM,840.0,504735.0,491642.0,50473.5,49164.2
2013-09,2013,9,SOUTHERN REGION,SOUTHERN REGION,KERALA,KERALA,Idukki,IDUKKI,150.0,27451.0,36359.0,2745.1,3635.9
2013-09,2013,9,SOUTHERN REGION,SOUTHERN REGION,KERALA,KERALA,Kannur,KANNUR,325.0,130316.0,72720.0,13031.6,7272.0
2013-09,2013,9,SOUTHERN REGION,SOUTHERN REGION,KERALA,KERALA,Kasaragod,KASARAGOD,186.0,41338.0,34969.0,4133.8,3496.9
2013-09,2013,9,SOUTHERN REGION,SOUTHERN REGION,KERALA,KERALA,Kollam,KOLLAM,335.0,160324.0,113373.0,16032.4,11337.3
2013-09,2013,9,SOUTHERN REGION,SOUTHERN REGION,KERALA,KERALA,Kottayam,KOTTAYAM,435.0,190251.0,113698.0,19025.1,11369.8
2013-09,2013,9,SOUTHERN REGION,SOUTHERN REGION,KERALA,KERALA,Kozhikode,KOZHIKODE,364.0,139889.0,103202.0,13988.9,10320.2
2013-09,2013,9,SOUTHERN REGION,SOUTHERN REGION,KERALA,KERALA,Malappuram,MALAPPURAM,373.0,113047.0,72906.0,11304.7,7290.6
2013-09,2013,9,SOUTHERN REGION,SOUTHERN REGION,KERALA,KERALA,Palakkad,PALAKKAD,350.0,115007.0,82559.0,11500.7,8255.9
2013-09,2013,9,SOUTHERN REGION,SOUTHERN REGION,KERALA,KERALA,Pathanamthitta,PATHANAMTHITTA,352.0,216622.0,63560.0,21662.2,6356.0
2013-09,2013,9,SOUTHERN REGION,SOUTHERN REGION,KERALA,KERALA,Thiruvananthapuram,THIRUVANANTHAPURAM,609.0,409500.0,268069.0,40950.0,26806.9
2013-09,2013,9,SOUTHERN REGION,SOUTHERN REGION,KERALA,KERALA,Thrissur,THRISSUR,596.0,282695.0,169252.0,28269.5,16925.2
2013-09,2013,9,SOUTHERN REGION,SOUTHERN REGION,KERALA,KERALA,Wayanad,WAYANAD,103.0,15921.0,20180.0,1592.1,2018.0
2013-09,2013,9,SOUTHERN REGION,SOUTHERN REGION,LAKSHADWEEP,LAKSHADWEEP,LAKSHADWEEP,LAKSHADWEEP,12.0,6636.0,611.0,663.6,61.1
2013-09,2013,9,CENTRAL REGION,CENTRAL REGION,MADHYA PRADESH,MADHYA PRADESH,Agar-Malwa,AGAR MALWA,26.0,3449.0,3919.0,344.9,391.9
2013-09,2013,9,CENTRAL REGION,CENTRAL REGION,MADHYA PRADESH,MADHYA PRADESH,Alirajpur,ALIRAJPUR,24.0,5443.0,1237.0,544.3,123.7
2013-09,2013,9,CENTRAL REGION,CENTRAL REGION,MADHYA PRADESH,MADHYA PRADESH,Anuppur,ANUPPUR,45.0,16244.0,3645.0,1624.4,364.5
2013-09,2013,9,CENTRAL REGION,CENTRAL REGION,MADHYA PRADESH,MADHYA PRADESH,Ashoknagar,ASHOKNAGAR,53.0,10264.0,6797.0,1026.4,679.7
2013-09,2013,9,CENTRAL REGION,CENTRAL REGION,MADHYA PRADESH,MADHYA PRADESH,Balaghat,BALAGHAT,97.0,19999.0,7185.0,1999.9,718.5
2013-09,2013,9,CENTRAL REGION,CENTRAL REGION,MADHYA PRADESH,MADHYA PRADESH,Barwani,BARWANI,76.0,13183.0,10591.0,1318.3,1059.1
2013-09,2013,9,CENTRAL REGION,CENTRAL REGION,MADHYA PRADESH,MADHYA PRADESH,Betul,BETUL,97.0,27821.0,9618.0,2782.1,961.8
2013-09,2013,9,CENTRAL REGION,CENTRAL REGION,MADHYA PRADESH,MADHYA PRADESH,Bhind,BHIND,70.0,17361.0,5868.0,1736.1,586.8
2013-09,2013,9,CENTRAL REGION,CENTRAL REGION,MADHYA PRADESH,MADHYA PRADESH,Bhopal,BHOPAL,388.0,602007.0,231707.0,60200.7,23170.7
2013-09,2013,9,CENTRAL REGION,CENTRAL REGION,MADHYA PRADESH,MADHYA PRADESH,Burhanpur,BURHANPUR,44.0,13947.0,9325.0,1394.7,932.5
2013-09,2013,9,CENTRAL REGION,CENTRAL REGION,MADHYA PRADESH,MADHYA PRADESH,Chhatarpur,CHHATARPUR,87.0,28438.0,8491.0,2843.8,849.1
2013-09,2013,9,CENTRAL REGION,CENTRAL REGION,MADHYA PRADESH,MADHYA PRADESH,Chhindwara,CHHINDWARA,143.0,42281.0,17220.0,4228.1,1722.0
2013-09,2013,9,CENTRAL REGION,CENTRAL REGION,MADHYA PRADESH,MADHYA PRADESH,Damoh,DAMOH,67.0,15367.0,6956.0,1536.7,695.6
2013-09,2013,9,CENTRAL REGION,CENTRAL REGION,MADHYA PRADESH,MADHYA PRADESH,Datia,DATIA,50.0,10394.0,6407.0,1039.4,640.7
2013-09,2013,9,CENTRAL REGION,CENTRAL REGION,MADHYA PRADESH,MADHYA PRADESH,Dewas,DEWAS,112.0,25403.0,23300.0,2540.3,2330.0
2013-09,2013,9,CENTRAL REGION,CENTRAL REGION,MADHYA PRADESH,MADHYA PRADESH,Dhar,DHAR,169.0,32165.0,22961.0,3216.5,2296.1
2013-09,2013,9,CENTRAL REGION,CENTRAL REGION,MADHYA PRADESH,MADHYA PRADESH,Dindori,DINDORI,31.0,6387.0,1376.0,638.7,137.6
2013-09,2013,9,CENTRAL REGION,CENTRAL REGION,MADHYA PRADESH,MADHYA PRADESH,East Nimar,EAST NIMAR,82.0,20763.0,14035.0,2076.3,1403.5
2013-09,2013,9,CENTRAL REGION,CENTRAL REGION,MADHYA PRADESH,MADHYA PRADESH,Guna,GUNA,78.0,18407.0,13579.0,1840.7,1357.9
2013-09,2013,9,CENTRAL REGION,CENTRAL REGION,MADHYA PRADESH,MADHYA PRADESH,Gwalior,GWALIOR,199.0,108571.0,37764.0,10857.1,3776.4
2013-09,2013,9,CENTRAL REGION,CENTRAL REGION,MADHYA PRADESH,MADHYA PRADESH,Harda,HARDA,51.0,11559.0,18443.0,1155.9,1844.3
2013-09,2013,9,CENTRAL REGION,CENTRAL REGION,MADHYA PRADESH,MADHYA PRADESH,Hoshangabad,HOSHANGABAD,132.0,30610.0,23906.0,3061.0,2390.6
2013-09,2013,9,CENTRAL REGION,CENTRAL REGION,MADHYA PRADESH,MADHYA PRADESH,Indore,INDORE,442.0,307051.0,325301.0,30705.1,32530.1
2013-09,2013,9,CENTRAL REGION,CENTRAL REGION,MADHYA PRADESH,MADHYA PRADESH,Jabalpur,JABALPUR,246.0,134653.0,50315.0,13465.3,5031.5
2013-09,2013,9,CENTRAL REGION,CENTRAL REGION,MADHYA PRADESH,MADHYA PRADESH,Jhabua,JHABUA,45.0,9728.0,3895.0,972.8,389.5
2013-09,2013,9,CENTRAL REGION,CENTRAL REGION,MADHYA PRADESH,MADHYA PRADESH,Katni,KATNI,82.0,26512.0,10814.0,2651.2,1081.4
2013-09,2013,9,CENTRAL REGION,CENTRAL REGION,MADHYA PRADESH,MADHYA PRADESH,Mandla,MANDLA,58.0,14893.0,3820.0,1489.3,382.0
2013-09,2013,9,CENTRAL REGION,CENTRAL REGION,MADHYA PRADESH,MADHYA PRADESH,Mandsaur,MANDSAUR,81.0,18563.0,9782.0,1856.3,978.2
2013-09,2013,9,CENTRAL REGION,CENTRAL REGION,MADHYA PRADESH,MADHYA PRADESH,Morena,MORENA,79.0,19295.0,15307.0,1929.5,1530.7
2013-09,2013,9,CENTRAL REGION,CENTRAL REGION,MADHYA PRADESH,MADHYA PRADESH,Narsimhapur,NARSIMHAPUR,84.0,18113.0,13750.0,1811.3,1375.0
2013-09,2013,9,CENTRAL REGION,CENTRAL REGION,MADHYA PRADESH,MADHYA PRADESH,Neemuch,NEEMUCH,65.0,14903.0,7313.0,1490.3,731.3
2013-09,2013,9,CENTRAL REGION,CENTRAL REGION,MADHYA PRADESH,MADHYA PRADESH,Panna,PANNA,48.0,12246.0,3539.0,1224.6,353.9
2013-09,2013,9,CENTRAL REGION,CENTRAL REGION,MADHYA PRADESH,MADHYA PRADESH,Raisen,RAISEN,105.0,16675.0,19800.0,1667.5,1980.0
2013-09,2013,9,CENTRAL REGION,CENTRAL REGION,MADHYA PRADESH,MADHYA PRADESH,Rajgarh,RAJGARH,91.0,14576.0,15785.0,1457.6,1578.5
2013-09,2013,9,CENTRAL REGION,CENTRAL REGION,MADHYA PRADESH,MADHYA PRADESH,Ratlam,RATLAM,110.0,29368.0,17883.0,2936.8,1788.3
2013-09,2013,9,CENTRAL REGION,CENTRAL REGION,MADHYA PRADESH,MADHYA PRADESH,Rewa,REWA,146.0,53420.0,11985.0,5342.0,1198.5
2013-09,2013,9,CENTRAL REGION,CENTRAL REGION,MADHYA PRADESH,MADHYA PRADESH,Sagar,SAGAR,160.0,61465.0,20475.0,6146.5,2047.5
2013-09,2013,9,CENTRAL REGION,CENTRAL REGION,MADHYA PRADESH,MADHYA PRADESH,Satna,SATNA,147.0,45408.0,15648.0,4540.8,1564.8
2013-09,2013,9,CENTRAL REGION,CENTRAL REGION,MADHYA PRADESH,MADHYA PRADESH,Sehore,SEHORE,101.0,17191.0,18177.0,1719.1,1817.7
2013-09,2013,9,CENTRAL REGION,CENTRAL REGION,MADHYA PRADESH,MADHYA PRADESH,Seoni,SEONI,69.0,16359.0,6755.0,1635.9,675.5
2013-09,2013,9,CENTRAL REGION,CENTRAL REGION,MADHYA PRADESH,MADHYA PRADESH,Shahdol,SHAHDOL,58.0,19789.0,4862.0,1978.9,486.2
2013-09,2013,9,CENTRAL REGION,CENTRAL REGION,MADHYA PRADESH,MADHYA PRADESH,Shajapur,SHAJAPUR,65.0,11166.0,11966.0,1116.6,1196.6
2013-09,2013,9,CENTRAL REGION,CENTRAL REGION,MADHYA PRADESH,MADHYA PRADESH,Sheopur,SHEOPUR,26.0,6058.0,3508.0,605.8,350.8
2013-09,2013,9,CENTRAL REGION,CENTRAL REGION,MADHYA PRADESH,MADHYA PRADESH,Shivpuri,SHIVPURI,77.0,21246.0,8411.0,2124.6,841.1
2013-09,2013,9,CENTRAL REGION,CENTRAL REGION,MADHYA PRADESH,MADHYA PRADESH,Sidhi,SIDHI,54.0,15700.0,2427.0,1570.0,242.7
2013-09,2013,9,CENTRAL REGION,CENTRAL REGION,MADHYA PRADESH,MADHYA PRADESH,Singrauli,SINGRAULI,65.0,51623.0,5140.0,5162.3,514.0
2013-09,2013,9,CENTRAL REGION,CENTRAL REGION,MADHYA PRADESH,MADHYA PRADESH,Tikamgarh,TIKAMGARH,68.0,19403.0,4862.0,1940.3,486.2
2013-09,2013,9,CENTRAL REGION,CENTRAL REGION,MADHYA PRADESH,MADHYA PRADESH,Ujjain,UJJAIN,162.0,53723.0,32749.0,5372.3,3274.9
2013-09,2013,9,CENTRAL REGION,CENTRAL REGION,MADHYA PRADESH,MADHYA PRADESH,Umaria,UMARIA,31.0,12335.0,1968.0,1233.5,196.8
2013-09,2013,9,CENTRAL REGION,CENTRAL REGION,MADHYA PRADESH,MADHYA PRADESH,Vidisha,VIDISHA,98.0,20095.0,17775.0,2009.5,1777.5
2013-09,2013,9,CENTRAL REGION,CENTRAL REGION,MADHYA PRADESH,MADHYA PRADESH,West Nimar,WEST NIMAR,104.0,22068.0,17466.0,2206.8,1746.6
2013-09,2013,9,WESTERN REGION,WESTERN REGION,MAHARASHTRA,MAHARASHTRA,Ahmadnagar,AHMADNAGAR,331.0,96145.0,89554.0,9614.5,8955.4
2013-09,2013,9,WESTERN REGION,WESTERN REGION,MAHARASHTRA,MAHARASHTRA,Akola,AKOLA,139.0,38498.0,18714.0,3849.8,1871.4
2013-09,2013,9,WESTERN REGION,WESTERN REGION,MAHARASHTRA,MAHARASHTRA,Amravati,AMRAVATI,215.0,62161.0,31742.0,6216.1,3174.2
2013-09,2013,9,WESTERN REGION,WESTERN REGION,MAHARASHTRA,MAHARASHTRA,Aurangabad,AURANGABAD,253.0,101632.0,103942.0,10163.2,10394.2
2013-09,2013,9,WESTERN REGION,WESTERN REGION,MAHARASHTRA,MAHARASHTRA,Bhandara,BHANDARA,98.0,31568.0,7472.0,3156.8,747.2
2013-09,2013,9,WESTERN REGION,WESTERN REGION,MAHARASHTRA,MAHARASHTRA,Bid,BID,128.0,33097.0,23732.0,3309.7,2373.2
2013-09,2013,9,WESTERN REGION,WESTERN REGION,MAHARASHTRA,MAHARASHTRA,Buldhana,BULDHANA,148.0,32130.0,24517.0,3213.0,2451.7
2013-09,2013,9,WESTERN REGION,WESTERN REGION,MAHARASHTRA,MAHARASHTRA,Chandrapur,CHANDRAPUR,181.0,54859.0,16683.0,5485.9,1668.3
2013-09,2013,9,WESTERN REGION,WESTERN REGION,MAHARASHTRA,MAHARASHTRA,Dhule,DHULE,101.0,38617.0,22615.0,3861.7,2261.5
2013-09,2013,9,WESTERN REGION,WESTERN REGION,MAHARASHTRA,MAHARASHTRA,Gadchiroli,GADCHIROLI,58.0,14595.0,4322.0,1459.5,432.2
2013-09,2013,9,WESTERN REGION,WESTERN REGION,MAHARASHTRA,MAHARASHTRA,Gondia,GONDIA,81.0,18202.0,7731.0,1820.2,773.1
2013-09,2013,9,WESTERN REGION,WESTERN REGION,MAHARASHTRA,MAHARASHTRA,Hingoli,HINGOLI,51.0,9704.0,9465.0,970.4,946.5
2013-09,2013,9,WESTERN REGION,WESTERN REGION,MAHARASHTRA,MAHARASHTRA,Jalgaon,JALGAON,247.0,74190.0,49886.0,7419.0,4988.6
2013-09,2013,9,WESTERN REGION,WESTERN REGION,MAHARASHTRA,MAHARASHTRA,Jalna,JALNA,98.0,19741.0,27388.0,1974.1,2738.8
2013-09,2013,9,WESTERN REGION,WESTERN REGION,MAHARASHTRA,MAHARASHTRA,Kolhapur,KOLHAPUR,343.0,112943.0,96943.0,11294.3,9694.3
2013-09,2013,9,WESTERN REGION,WESTERN REGION,MAHARASHTRA,MAHARASHTRA,Latur,LATUR,144.0,33772.0,26000.0,3377.2,2600.0
2013-09,2013,9,WESTERN REGION,WESTERN REGION,MAHARASHTRA,MAHARASHTRA,Mumbai,MUMBAI,982.0,9387795.0,9511585.0,938779.5,951158.5
2013-09,2013,9,WESTERN REGION,WESTERN REGION,MAHARASHTRA,MAHARASHTRA,Mumbai Suburban,MUMBAI SUBURBAN,1282.0,3988627.0,3807640.0,398862.7,380764.0
2013-09,2013,9,WESTERN REGION,WESTERN REGION,MAHARASHTRA,MAHARASHTRA,Nagpur,NAGPUR,509.0,395663.0,287097.0,39566.3,28709.7
2013-09,2013,9,WESTERN REGION,WESTERN REGION,MAHARASHTRA,MAHARASHTRA,Nanded,NANDED,177.0,48499.0,38312.0,4849.9,3831.2
2013-09,2013,9,WESTERN REGION,WESTERN REGION,MAHARASHTRA,MAHARASHTRA,Nandurbar,NANDURBAR,60.0,19830.0,9296.0,1983.0,929.6
2013-09,2013,9,WESTERN REGION,WESTERN REGION,MAHARASHTRA,MAHARASHTRA,Nasik,NASIK,432.0,199969.0,127898.0,19996.9,12789.8
2013-09,2013,9,WESTERN REGION,WESTERN REGION,MAHARASHTRA,MAHARASHTRA,Osmanabad,OSMANABAD,97.0,22277.0,13946.0,2227.7,1394.6
2013-09,2013,9,WESTERN REGION,WESTERN REGION,MAHARASHTRA,MAHARASHTRA,Parbhani,PARBHANI,96.0,20516.0,23712.0,2051.6,2371.2
2013-09,2013,9,WESTERN REGION,WESTERN REGION,MAHARASHTRA,MAHARASHTRA,Pune,PUNE,1112.0,1361436.0,1015043.0,136143.6,101504.3
2013-09,2013,9,WESTERN REGION,WESTERN REGION,MAHARASHTRA,MAHARASHTRA,Raigad,RAIGAD,321.0,180237.0,75117.0,18023.7,7511.7
2013-09,2013,9,WESTERN REGION,WESTERN REGION,MAHARASHTRA,MAHARASHTRA,Ratnagiri,RATNAGIRI,200.0,48565.0,21652.0,4856.5,2165.2
2013-09,2013,9,WESTERN REGION,WESTERN REGION,MAHARASHTRA,MAHARASHTRA,Sangli,SANGLI,237.0,73909.0,48866.0,7390.9,4886.6
2013-09,2013,9,WESTERN REGION,WESTERN REGION,MAHARASHTRA,MAHARASHTRA,Satara,SATARA,230.0,63196.0,36519.0,6319.6,3651.9
2013-09,2013,9,WESTERN REGION,WESTERN REGION,MAHARASHTRA,MAHARASHTRA,Sindhudurg,SINDHUDURG,122.0,30164.0,11977.0,3016.4,1197.7
2013-09,2013,9,WESTERN REGION,WESTERN REGION,MAHARASHTRA,MAHARASHTRA,Solapur,SOLAPUR,274.0,79161.0,73304.0,7916.1,7330.4
2013-09,2013,9,WESTERN REGION,WESTERN REGION,MAHARASHTRA,MAHARASHTRA,Thane,THANE,1053.0,932464.0,361949.0,93246.4,36194.9
2013-09,2013,9,WESTERN REGION,WESTERN REGION,MAHARASHTRA,MAHARASHTRA,Wardha,WARDHA,125.0,32856.0,18962.0,3285.6,1896.2
2013-09,2013,9,WESTERN REGION,WESTERN REGION,MAHARASHTRA,MAHARASHTRA,Washim,WASHIM,66.0,10293.0,6833.0,1029.3,683.3
2013-09,2013,9,WESTERN REGION,WESTERN REGION,MAHARASHTRA,MAHARASHTRA,Yavatmal,YAVATMAL,160.0,33425.0,24482.0,3342.5,2448.2
2013-09,2013,9,NORTH-EASTERN REGION,NORTH EASTERN REGION,MANIPUR,MANIPUR,Bishenpur,BISHENPUR,9.0,659.0,575.0,65.9,57.5
2013-09,2013,9,NORTH-EASTERN REGION,NORTH EASTERN REGION,MANIPUR,MANIPUR,Chandel,CHANDEL,4.0,856.0,620.0,85.6,62.0
2013-09,2013,9,NORTH-EASTERN REGION,NORTH EASTERN REGION,MANIPUR,MANIPUR,Churachandpur,CHURACHANDPUR,11.0,2911.0,1040.0,291.1,104.0
2013-09,2013,9,NORTH-EASTERN REGION,NORTH EASTERN REGION,MANIPUR,MANIPUR,Imphal East,IMPHAL EAST,17.0,5732.0,802.0,573.2,80.2
2013-09,2013,9,NORTH-EASTERN REGION,NORTH EASTERN REGION,MANIPUR,MANIPUR,Imphal West,IMPHAL WEST,39.0,27112.0,9784.0,2711.2,978.4
2013-09,2013,9,NORTH-EASTERN REGION,NORTH EASTERN REGION,MANIPUR,MANIPUR,Senapati,SENAPATI,15.0,2288.0,1310.0,228.8,131.0
2013-09,2013,9,NORTH-EASTERN REGION,NORTH EASTERN REGION,MANIPUR,MANIPUR,Tamenglong,TAMENGLONG,6.0,407.0,125.0,40.7,12.5
2013-09,2013,9,NORTH-EASTERN REGION,NORTH EASTERN REGION,MANIPUR,MANIPUR,Thoubal,THOUBAL,12.0,1450.0,1202.0,145.0,120.2
2013-09,2013,9,NORTH-EASTERN REGION,NORTH EASTERN REGION,MANIPUR,MANIPUR,Ukhrul,UKHRUL,7.0,1137.0,202.0,113.7,20.2
2013-09,2013,9,NORTH-EASTERN REGION,NORTH EASTERN REGION,MEGHALAYA,MEGHALAYA,East Garo Hills,EAST GARO HILLS,18.0,4565.0,1149.0,456.5,114.9
2013-09,2013,9,NORTH-EASTERN REGION,NORTH EASTERN REGION,MEGHALAYA,MEGHALAYA,East Khasi Hills,EAST KHASI HILLS,125.0,96162.0,23210.0,9616.2,2321.0
2013-09,2013,9,NORTH-EASTERN REGION,NORTH EASTERN REGION,MEGHALAYA,MEGHALAYA,Jaintia Hills,JAINTIA HILLS,42.0,12945.0,2302.0,1294.5,230.2
2013-09,2013,9,NORTH-EASTERN REGION,NORTH EASTERN REGION,MEGHALAYA,MEGHALAYA,Ri Bhoi,RI BHOI,22.0,5958.0,3177.0,595.8,317.7
2013-09,2013,9,NORTH-EASTERN REGION,NORTH EASTERN REGION,MEGHALAYA,MEGHALAYA,South Garo Hills,SOUTH GARO HILLS,3.0,1021.0,187.0,102.1,18.7
2013-09,2013,9,NORTH-EASTERN REGION,NORTH EASTERN REGION,MEGHALAYA,MEGHALAYA,West Garo Hills,WEST GARO HILLS,32.0,9443.0,2641.0,944.3,264.1
2013-09,2013,9,NORTH-EASTERN REGION,NORTH EASTERN REGION,MEGHALAYA,MEGHALAYA,West Khasi Hills,WEST KHASI HILLS,23.0,4823.0,1616.0,482.3,161.6
2013-09,2013,9,NORTH-EASTERN REGION,NORTH EASTERN REGION,MIZORAM,MIZORAM,Aizawl,AIZAWL,56.0,32677.0,8370.0,3267.7,837.0
2013-09,2013,9,NORTH-EASTERN REGION,NORTH EASTERN REGION,MIZORAM,MIZORAM,Champhai,CHAMPHAI,12.0,1520.0,784.0,152.0,78.4
2013-09,2013,9,NORTH-EASTERN REGION,NORTH EASTERN REGION,MIZORAM,MIZORAM,Kolasib,KOLASIB,10.0,1623.0,699.0,162.3,69.9
2013-09,2013,9,NORTH-EASTERN REGION,NORTH EASTERN REGION,MIZORAM,MIZORAM,Lawngtlai,LAWNGTLAI,4.0,1019.0,1401.0,101.9,140.1
2013-09,2013,9,NORTH-EASTERN REGION,NORTH EASTERN REGION,MIZORAM,MIZORAM,Lunglei,LUNGLEI,16.0,2546.0,1769.0,254.6,176.9
2013-09,2013,9,NORTH-EASTERN REGION,NORTH EASTERN REGION,MIZORAM,MIZORAM,Mamit,MAMIT,12.0,2603.0,730.0,260.3,73.0
2013-09,2013,9,NORTH-EASTERN REGION,NORTH EASTERN REGION,MIZORAM,MIZORAM,Saiha,SAIHA,5.0,644.0,736.0,64.4,73.6
2013-09,2013,9,NORTH-EASTERN REGION,NORTH EASTERN REGION,MIZORAM,MIZORAM,Serchhip,SERCHHIP,9.0,998.0,582.0,99.8,58.2
2013-09,2013,9,NORTH-EASTERN REGION,NORTH EASTERN REGION,NAGALAND,NAGALAND,Dimapur,DIMAPUR,41.0,28093.0,8246.0,2809.3,824.6
2013-09,2013,9,NORTH-EASTERN REGION,NORTH EASTERN REGION,NAGALAND,NAGALAND,Kiphire,KIPHIRE,2.0,314.0,156.0,31.4,15.6
2013-09,2013,9,NORTH-EASTERN REGION,NORTH EASTERN REGION,NAGALAND,NAGALAND,Kohima,KOHIMA,28.0,23127.0,3809.0,2312.7,380.9
2013-09,2013,9,NORTH-EASTERN REGION,NORTH EASTERN REGION,NAGALAND,NAGALAND,Longleng,LONGLENG,1.0,311.0,158.0,31.1,15.8
2013-09,2013,9,NORTH-EASTERN REGION,NORTH EASTERN REGION,NAGALAND,NAGALAND,Mokokchung,MOKOKCHUNG,18.0,2671.0,1614.0,267.1,161.4
2013-09,2013,9,NORTH-EASTERN REGION,NORTH EASTERN REGION,NAGALAND,NAGALAND,Mon,MON,5.0,993.0,516.0,99.3,51.6
2013-09,2013,9,NORTH-EASTERN REGION,NORTH EASTERN REGION,NAGALAND,NAGALAND,Peren,PEREN,3.0,465.0,578.0,46.5,57.8
2013-09,2013,9,NORTH-EASTERN REGION,NORTH EASTERN REGION,NAGALAND,NAGALAND,Phek,PHEK,5.0,717.0,645.0,71.7,64.5
2013-09,2013,9,NORTH-EASTERN REGION,NORTH EASTERN REGION,NAGALAND,NAGALAND,Tuensang,TUENSANG,7.0,785.0,780.0,78.5,78.0
2013-09,2013,9,NORTH-EASTERN REGION,NORTH EASTERN REGION,NAGALAND,NAGALAND,Wokha,WOKHA,10.0,1104.0,973.0,110.4,97.3
2013-09,2013,9,NORTH-EASTERN REGION,NORTH EASTERN REGION,NAGALAND,NAGALAND,Zunheboto,ZUNHEBOTO,7.0,1129.0,841.0,112.9,84.1
2013-09,2013,9,NORTHERN REGION,NORTHERN REGION,NCT of DELHI,NCT OF DELHI,NCT of DELHI,NCT OF DELHI,2932.0,7676856.0,7354037.0,767685.6,735403.7
2013-09,2013,9,EASTERN REGION,EASTERN REGION,ODISHA,ODISHA,Angul,ANGUL,120.0,43962.0,15488.0,4396.2,1548.8
2013-09,2013,9,EASTERN REGION,EASTERN REGION,ODISHA,ODISHA,Balangir,BALANGIR,104.0,25726.0,9480.0,2572.6,948.0
2013-09,2013,9,EASTERN REGION,EASTERN REGION,ODISHA,ODISHA,Baleshwar,BALESHWAR,157.0,44365.0,23971.0,4436.5,2397.1
2013-09,2013,9,EASTERN REGION,EASTERN REGION,ODISHA,ODISHA,Bargarh,BARGARH,103.0,21000.0,12476.0,2100.0,1247.6
2013-09,2013,9,EASTERN REGION,EASTERN REGION,ODISHA,ODISHA,Bhadrak,BHADRAK,94.0,23193.0,9513.0,2319.3,951.3
2013-09,2013,9,EASTERN REGION,EASTERN REGION,ODISHA,ODISHA,Boudh,BOUDH,29.0,4264.0,1806.0,426.4,180.6
2013-09,2013,9,EASTERN REGION,EASTERN REGION,ODISHA,ODISHA,Cuttack,CUTTACK,275.0,118794.0,52361.0,11879.4,5236.1
2013-09,2013,9,EASTERN REGION,EASTERN REGION,ODISHA,ODISHA,Deogarh,DEOGARH,27.0,5006.0,1336.0,500.6,133.6
2013-09,2013,9,EASTERN REGION,EASTERN REGION,ODISHA,ODISHA,Dhenkanal,DHENKANAL,85.0,25222.0,8655.0,2522.2,865.5
2013-09,2013,9,EASTERN REGION,EASTERN REGION,ODISHA,ODISHA,Gajapati,GAJAPATI,42.0,9178.0,2045.0,917.8,204.5
2013-09,2013,9,EASTERN REGION,EASTERN REGION,ODISHA,ODISHA,Ganjam,GANJAM,294.0,90860.0,31061.0,9086.0,3106.1
2013-09,2013,9,EASTERN REGION,EASTERN REGION,ODISHA,ODISHA,Jagatsinghpur,JAGATSINGHPUR,116.0,48855.0,8981.0,4885.5,898.1
2013-09,2013,9,EASTERN REGION,EASTERN REGION,ODISHA,ODISHA,Jajpur,JAJPUR,138.0,34828.0,15848.0,3482.8,1584.8
2013-09,2013,9,EASTERN REGION,EASTERN REGION,ODISHA,ODISHA,Jharsuguda,JHARSUGUDA,64.0,20145.0,8272.0,2014.5,827.2
2013-09,2013,9,EASTERN REGION,EASTERN REGION,ODISHA,ODISHA,Kalahandi,KALAHANDI,107.0,17289.0,10087.0,1728.9,1008.7
2013-09,2013,9,EASTERN REGION,EASTERN REGION,ODISHA,ODISHA,Kandhamal,KANDHAMAL,52.0,11797.0,3191.0,1179.7,319.1
2013-09,2013,9,EASTERN REGION,EASTERN REGION,ODISHA,ODISHA,Kendrapara,KENDRAPARA,95.0,24257.0,7419.0,2425.7,741.9
2013-09,2013,9,EASTERN REGION,EASTERN REGION,ODISHA,ODISHA,Keonjhar,KEONJHAR,167.0,56397.0,21197.0,5639.7,2119.7
2013-09,2013,9,EASTERN REGION,EASTERN REGION,ODISHA,ODISHA,Khurda,KHURDA,430.0,461052.0,314759.0,46105.2,31475.9
2013-09,2013,9,EASTERN REGION,EASTERN REGION,ODISHA,ODISHA,Koraput,KORAPUT,87.0,25880.0,9248.0,2588.0,924.8
2013-09,2013,9,EASTERN REGION,EASTERN REGION,ODISHA,ODISHA,Malkangiri,MALKANGIRI,29.0,7599.0,1323.0,759.9,132.3
2013-09,2013,9,EASTERN REGION,EASTERN REGION,ODISHA,ODISHA,Mayurbhanj,MAYURBHANJ,198.0,44891.0,15962.0,4489.1,1596.2
2013-09,2013,9,EASTERN REGION,EASTERN REGION,ODISHA,ODISHA,Nawapara,NAWAPARA,39.0,8263.0,2963.0,826.3,296.3
2013-09,2013,9,EASTERN REGION,EASTERN REGION,ODISHA,ODISHA,Nawrangpur,NAWRANGPUR,50.0,7884.0,4278.0,788.4,427.8
2013-09,2013,9,EASTERN REGION,EASTERN REGION,ODISHA,ODISHA,Nayagarh,NAYAGARH,75.0,14463.0,6781.0,1446.3,678.1
2013-09,2013,9,EASTERN REGION,EASTERN REGION,ODISHA,ODISHA,Puri,PURI,146.0,38534.0,14166.0,3853.4,1416.6
2013-09,2013,9,EASTERN REGION,EASTERN REGION,ODISHA,ODISHA,Rayagada,RAYAGADA,71.0,18233.0,5683.0,1823.3,568.3
2013-09,2013,9,EASTERN REGION,EASTERN REGION,ODISHA,ODISHA,Sambalpur,SAMBALPUR,123.0,170262.0,14906.0,17026.2,1490.6
2013-09,2013,9,EASTERN REGION,EASTERN REGION,ODISHA,ODISHA,Sonepur,SONEPUR,46.0,8129.0,3523.0,812.9,352.3
2013-09,2013,9,EASTERN REGION,EASTERN REGION,ODISHA,ODISHA,Sundargarh,SUNDARGARH,195.0,94315.0,45635.0,9431.5,4563.5
2013-09,2013,9,SOUTHERN REGION,SOUTHERN REGION,PUDUCHERRY,PUDUCHERRY,Karaikal,KARAIKAL,41.0,10536.0,8380.0,1053.6,838.0
2013-09,2013,9,SOUTHERN REGION,SOUTHERN REGION,PUDUCHERRY,PUDUCHERRY,Mahe,MAHE,8.0,4775.0,1769.0,477.5,176.9
2013-09,2013,9,SOUTHERN REGION,SOUTHERN REGION,PUDUCHERRY,PUDUCHERRY,Puducherry,PUDUCHERRY,130.0,71759.0,55982.0,7175.9,5598.2
2013-09,2013,9,SOUTHERN REGION,SOUTHERN REGION,PUDUCHERRY,PUDUCHERRY,Yanam,YANAM,5.0,1373.0,1074.0,137.3,107.4
2013-09,2013,9,NORTHERN REGION,NORTHERN REGION,PUNJAB,PUNJAB,Amritsar,AMRITSAR,438.0,207346.0,87686.0,20734.6,8768.6
2013-09,2013,9,NORTHERN REGION,NORTHERN REGION,PUNJAB,PUNJAB,Barnala,BARNALA,84.0,19465.0,17823.0,1946.5,1782.3
2013-09,2013,9,NORTHERN REGION,NORTHERN REGION,PUNJAB,PUNJAB,Bathinda,BATHINDA,221.0,65599.0,59330.0,6559.9,5933.0
2013-09,2013,9,NORTHERN REGION,NORTHERN REGION,PUNJAB,PUNJAB,Faridkot,FARIDKOT,97.0,26375.0,18999.0,2637.5,1899.9
2013-09,2013,9,NORTHERN REGION,NORTHERN REGION,PUNJAB,PUNJAB,Fatehgarh Sahib,FATEHGARH SAHIB,122.0,34073.0,39302.0,3407.3,3930.2
2013-09,2013,9,NORTHERN REGION,NORTHERN REGION,PUNJAB,PUNJAB,Fazilka,FAZILKA,113.0,24305.0,31565.0,2430.5,3156.5
2013-09,2013,9,NORTHERN REGION,NORTHERN REGION,PUNJAB,PUNJAB,Ferozpur,FEROZPUR,129.0,32679.0,35243.0,3267.9,3524.3
2013-09,2013,9,NORTHERN REGION,NORTHERN REGION,PUNJAB,PUNJAB,Gurdaspur,GURDASPUR,221.0,79316.0,38437.0,7931.6,3843.7
2013-09,2013,9,NORTHERN REGION,NORTHERN REGION,PUNJAB,PUNJAB,Hoshiarpur,HOSHIARPUR,286.0,147687.0,38728.0,14768.7,3872.8
2013-09,2013,9,NORTHERN REGION,NORTHERN REGION,PUNJAB,PUNJAB,Jalandhar,JALANDHAR,612.0,381351.0,114964.0,38135.1,11496.4
2013-09,2013,9,NORTHERN REGION,NORTHERN REGION,PUNJAB,PUNJAB,Kapurthala,KAPURTHALA,209.0,111874.0,34303.0,11187.4,3430.3
2013-09,2013,9,NORTHERN REGION,NORTHERN REGION,PUNJAB,PUNJAB,Ludhiana,LUDHIANA,696.0,344856.0,561474.0,34485.6,56147.4
2013-09,2013,9,NORTHERN REGION,NORTHERN REGION,PUNJAB,PUNJAB,Mansa,MANSA,84.0,15230.0,18704.0,1523.0,1870.4
2013-09,2013,9,NORTHERN REGION,NORTHERN REGION,PUNJAB,PUNJAB,Moga,MOGA,154.0,50991.0,30067.0,5099.1,3006.7
2013-09,2013,9,NORTHERN REGION,NORTHERN REGION,PUNJAB,PUNJAB,Muktsar,MUKTSAR,118.0,26129.0,26923.0,2612.9,2692.3
2013-09,2013,9,NORTHERN REGION,NORTHERN REGION,PUNJAB,PUNJAB,Pathankot,PATHANKOT,87.0,38223.0,15829.0,3822.3,1582.9
2013-09,2013,9,NORTHERN REGION,NORTHERN REGION,PUNJAB,PUNJAB,Patiala,PATIALA,311.0,153945.0,190869.0,15394.5,19086.9
2013-09,2013,9,NORTHERN REGION,NORTHERN REGION,PUNJAB,PUNJAB,Rupnagar,RUPNAGAR,122.0,42723.0,13570.0,4272.3,1357.0
2013-09,2013,9,NORTHERN REGION,NORTHERN REGION,PUNJAB,PUNJAB,Sahibzada Ajit Singh Nagar,SAHIBZADA AJIT SINGH NAGAR,278.0,125372.0,146141.0,12537.2,14614.1
2013-09,2013,9,NORTHERN REGION,NORTHERN REGION,PUNJAB,PUNJAB,Sangrur,SANGRUR,224.0,60869.0,52762.0,6086.9,5276.2
2013-09,2013,9,NORTHERN REGION,NORTHERN REGION,PUNJAB,PUNJAB,Shahid Bhagat Singh Nagar,SHAHID BHAGAT SINGH NAGAR,144.0,66569.0,14971.0,6656.9,1497.1
2013-09,2013,9,NORTHERN REGION,NORTHERN REGION,PUNJAB,PUNJAB,Tarn Taran,TARN TARAN,130.0,29062.0,19801.0,2906.2,1980.1
2013-09,2013,9,NORTHERN REGION,NORTHERN REGION,RAJASTHAN,RAJASTHAN,Ajmer,AJMER,252.0,112108.0,59053.0,11210.8,5905.3
2013-09,2013,9,NORTHERN REGION,NORTHERN REGION,RAJASTHAN,RAJASTHAN,Alwar,ALWAR,306.0,84923.0,60861.0,8492.3,6086.1
2013-09,2013,9,NORTHERN REGION,NORTHERN REGION,RAJASTHAN,RAJASTHAN,Banswara,BANSWARA,109.0,23968.0,15402.0,2396.8,1540.2
2013-09,2013,9,NORTHERN REGION,NORTHERN REGION,RAJASTHAN,RAJASTHAN,Baran,BARAN,81.0,13596.0,12990.0,1359.6,1299.0
2013-09,2013,9,NORTHERN REGION,NORTHERN REGION,RAJASTHAN,RAJASTHAN,Barmer,BARMER,114.0,29678.0,22072.0,2967.8,2207.2
2013-09,2013,9,NORTHERN REGION,NORTHERN REGION,RAJASTHAN,RAJASTHAN,Bharatpur,BHARATPUR,147.0,36005.0,25632.0,3600.5,2563.2
2013-09,2013,9,NORTHERN REGION,NORTHERN REGION,RAJASTHAN,RAJASTHAN,Bhilwara,BHILWARA,178.0,48277.0,68741.0,4827.7,6874.1
2013-09,2013,9,NORTHERN REGION,NORTHERN REGION,RAJASTHAN,RAJASTHAN,Bikaner,BIKANER,212.0,66134.0,48836.0,6613.4,4883.6
2013-09,2013,9,NORTHERN REGION,NORTHERN REGION,RAJASTHAN,RAJASTHAN,Bundi,BUNDI,91.0,16434.0,13746.0,1643.4,1374.6
2013-09,2013,9,NORTHERN REGION,NORTHERN REGION,RAJASTHAN,RAJASTHAN,Chittaurgarh,CHITTAURGARH,130.0,34132.0,18313.0,3413.2,1831.3
2013-09,2013,9,NORTHERN REGION,NORTHERN REGION,RAJASTHAN,RAJASTHAN,Churu,CHURU,135.0,30489.0,21382.0,3048.9,2138.2
2013-09,2013,9,NORTHERN REGION,NORTHERN REGION,RAJASTHAN,RAJASTHAN,Dausa,DAUSA,110.0,18287.0,11679.0,1828.7,1167.9
2013-09,2013,9,NORTHERN REGION,NORTHERN REGION,RAJASTHAN,RAJASTHAN,Dholpur,DHOLPUR,45.0,10822.0,6695.0,1082.2,669.5
2013-09,2013,9,NORTHERN REGION,NORTHERN REGION,RAJASTHAN,RAJASTHAN,Dungarpur,DUNGARPUR,86.0,20921.0,9061.0,2092.1,906.1
2013-09,2013,9,NORTHERN REGION,NORTHERN REGION,RAJASTHAN,RAJASTHAN,Ganganagar,GANGANAGAR,203.0,47299.0,52434.0,4729.9,5243.4
2013-09,2013,9,NORTHERN REGION,NORTHERN REGION,RAJASTHAN,RAJASTHAN,Hanumangarh,HANUMANGARH,162.0,24095.0,36800.0,2409.5,3680.0
2013-09,2013,9,NORTHERN REGION,NORTHERN REGION,RAJASTHAN,RAJASTHAN,Jaipur,JAIPUR,792.0,555156.0,802241.0,55515.6,80224.1
2013-09,2013,9,NORTHERN REGION,NORTHERN REGION,RAJASTHAN,RAJASTHAN,Jaisalmer,JAISALMER,50.0,10976.0,10394.0,1097.6,1039.4
2013-09,2013,9,NORTHERN REGION,NORTHERN REGION,RAJASTHAN,RAJASTHAN,Jalor,JALOR,100.0,17322.0,14842.0,1732.2,1484.2
2013-09,2013,9,NORTHERN REGION,NORTHERN REGION,RAJASTHAN,RAJASTHAN,Jhalawar,JHALAWAR,86.0,15787.0,11841.0,1578.7,1184.1
2013-09,2013,9,NORTHERN REGION,NORTHERN REGION,RAJASTHAN,RAJASTHAN,Jhunjhunu,JHUNJHUNU,166.0,42075.0,20482.0,4207.5,2048.2
2013-09,2013,9,NORTHERN REGION,NORTHERN REGION,RAJASTHAN,RAJASTHAN,Jodhpur,JODHPUR,299.0,132283.0,91919.0,13228.3,9191.9
2013-09,2013,9,NORTHERN REGION,NORTHERN REGION,RAJASTHAN,RAJASTHAN,Karauli,KARAULI,75.0,14774.0,7794.0,1477.4,779.4
2013-09,2013,9,NORTHERN REGION,NORTHERN REGION,RAJASTHAN,RAJASTHAN,Kota,KOTA,194.0,88706.0,51502.0,8870.6,5150.2
2013-09,2013,9,NORTHERN REGION,NORTHERN REGION,RAJASTHAN,RAJASTHAN,Nagaur,NAGAUR,183.0,34168.0,22478.0,3416.8,2247.8
2013-09,2013,9,NORTHERN REGION,NORTHERN REGION,RAJASTHAN,RAJASTHAN,Pali,PALI,168.0,36565.0,20957.0,3656.5,2095.7
2013-09,2013,9,NORTHERN REGION,NORTHERN REGION,RAJASTHAN,RAJASTHAN,Pratapgarh,PRATAPGARH,51.0,10121.0,7690.0,1012.1,769.0
2013-09,2013,9,NORTHERN REGION,NORTHERN REGION,RAJASTHAN,RAJASTHAN,Rajsamand,RAJSAMAND,92.0,23691.0,10327.0,2369.1,1032.7
2013-09,2013,9,NORTHERN REGION,NORTHERN REGION,RAJASTHAN,RAJASTHAN,Sawai Madhopur,SAWAI MADHOPUR,113.0,18274.0,13165.0,1827.4,1316.5
2013-09,2013,9,NORTHERN REGION,NORTHERN REGION,RAJASTHAN,RAJASTHAN,Sikar,SIKAR,201.0,44273.0,29847.0,4427.3,2984.7
2013-09,2013,9,NORTHERN REGION,NORTHERN REGION,RAJASTHAN,RAJASTHAN,Sirohi,SIROHI,81.0,23057.0,9301.0,2305.7,930.1
2013-09,2013,9,NORTHERN REGION,NORTHERN REGION,RAJASTHAN,RAJASTHAN,Tonk,TONK,113.0,19932.0,14308.0,1993.2,1430.8
2013-09,2013,9,NORTHERN REGION,NORTHERN REGION,RAJASTHAN,RAJASTHAN,Udaipur,UDAIPUR,253.0,138264.0,63627.0,13826.4,6362.7
2013-09,2013,9,EASTERN REGION,EASTERN REGION,SIKKIM,SIKKIM,East Sikkim,EAST SIKKIM,64.0,39780.0,10653.0,3978.0,1065.3
2013-09,2013,9,EASTERN REGION,EASTERN REGION,SIKKIM,SIKKIM,North Sikkim,NORTH SIKKIM,8.0,922.0,405.0,92.2,40.5
2013-09,2013,9,EASTERN REGION,EASTERN REGION,SIKKIM,SIKKIM,South Sikkim,SOUTH SIKKIM,18.0,4169.0,1758.0,416.9,175.8
2013-09,2013,9,EASTERN REGION,EASTERN REGION,SIKKIM,SIKKIM,West Sikkim,WEST SIKKIM,9.0,1665.0,769.0,166.5,76.9
2013-09,2013,9,SOUTHERN REGION,SOUTHERN REGION,TAMIL NADU,TAMIL NADU,Ariyalur,ARIYALUR,57.0,8593.0,19171.0,859.3,1917.1
2013-09,2013,9,SOUTHERN REGION,SOUTHERN REGION,TAMIL NADU,TAMIL NADU,Chennai,CHENNAI,1272.0,2160653.0,2909006.0,216065.3,290900.6
2013-09,2013,9,SOUTHERN REGION,SOUTHERN REGION,TAMIL NADU,TAMIL NADU,Coimbatore,COIMBATORE,602.0,358924.0,484839.0,35892.4,48483.9
2013-09,2013,9,SOUTHERN REGION,SOUTHERN REGION,TAMIL NADU,TAMIL NADU,Cuddalore,CUDDALORE,209.0,77810.0,82659.0,7781.0,8265.9
2013-09,2013,9,SOUTHERN REGION,SOUTHERN REGION,TAMIL NADU,TAMIL NADU,Dharmapuri,DHARMAPURI,95.0,17426.0,37217.0,1742.6,3721.7
2013-09,2013,9,SOUTHERN REGION,SOUTHERN REGION,TAMIL NADU,TAMIL NADU,Dindigul,DINDIGUL,226.0,46513.0,69856.0,4651.3,6985.6
2013-09,2013,9,SOUTHERN REGION,SOUTHERN REGION,TAMIL NADU,TAMIL NADU,Erode,ERODE,279.0,85130.0,116995.0,8513.0,11699.5
2013-09,2013,9,SOUTHERN REGION,SOUTHERN REGION,TAMIL NADU,TAMIL NADU,Kancheepuram,KANCHEEPURAM,557.0,244464.0,137516.0,24446.4,13751.6
2013-09,2013,9,SOUTHERN REGION,SOUTHERN REGION,TAMIL NADU,TAMIL NADU,Kanyakumari,KANYAKUMARI,219.0,63899.0,96301.0,6389.9,9630.1
2013-09,2013,9,SOUTHERN REGION,SOUTHERN REGION,TAMIL NADU,TAMIL NADU,Karur,KARUR,123.0,79483.0,44663.0,7948.3,4466.3
2013-09,2013,9,SOUTHERN REGION,SOUTHERN REGION,TAMIL NADU,TAMIL NADU,Krishnagiri,KRISHNAGIRI,149.0,39556.0,56113.0,3955.6,5611.3
2013-09,2013,9,SOUTHERN REGION,SOUTHERN REGION,TAMIL NADU,TAMIL NADU,Madurai,MADURAI,353.0,139939.0,155603.0,13993.9,15560.3
2013-09,2013,9,SOUTHERN REGION,SOUTHERN REGION,TAMIL NADU,TAMIL NADU,Nagapattinam,NAGAPATTINAM,141.0,39275.0,38143.0,3927.5,3814.3
2013-09,2013,9,SOUTHERN REGION,SOUTHERN REGION,TAMIL NADU,TAMIL NADU,Namakkal,NAMAKKAL,194.0,49197.0,81715.0,4919.7,8171.5
2013-09,2013,9,SOUTHERN REGION,SOUTHERN REGION,TAMIL NADU,TAMIL NADU,Nilgiris,NILGIRIS,94.0,29392.0,19274.0,2939.2,1927.4
2013-09,2013,9,SOUTHERN REGION,SOUTHERN REGION,TAMIL NADU,TAMIL NADU,Perambalur,PERAMBALUR,60.0,12616.0,21493.0,1261.6,2149.3
2013-09,2013,9,SOUTHERN REGION,SOUTHERN REGION,TAMIL NADU,TAMIL NADU,Pudukkottai,PUDUKKOTTAI,153.0,27549.0,43066.0,2754.9,4306.6
2013-09,2013,9,SOUTHERN REGION,SOUTHERN REGION,TAMIL NADU,TAMIL NADU,Ramanathapuram,RAMANATHAPURAM,112.0,24330.0,33448.0,2433.0,3344.8
2013-09,2013,9,SOUTHERN REGION,SOUTHERN REGION,TAMIL NADU,TAMIL NADU,Salem,SALEM,312.0,91672.0,129787.0,9167.2,12978.7
2013-09,2013,9,SOUTHERN REGION,SOUTHERN REGION,TAMIL NADU,TAMIL NADU,Sivaganga,SIVAGANGA,193.0,42438.0,46021.0,4243.8,4602.1
2013-09,2013,9,SOUTHERN REGION,SOUTHERN REGION,TAMIL NADU,TAMIL NADU,Thanjavur,THANJAVUR,236.0,76431.0,83355.0,7643.1,8335.5
2013-09,2013,9,SOUTHERN REGION,SOUTHERN REGION,TAMIL NADU,TAMIL NADU,Theni,THENI,136.0,21740.0,51024.0,2174.0,5102.4
2013-09,2013,9,SOUTHERN REGION,SOUTHERN REGION,TAMIL NADU,TAMIL NADU,Thiruvallur,THIRUVALLUR,339.0,137826.0,92101.0,13782.6,9210.1
2013-09,2013,9,SOUTHERN REGION,SOUTHERN REGION,TAMIL NADU,TAMIL NADU,Thiruvarur,THIRUVARUR,124.0,26628.0,27068.0,2662.8,2706.8
2013-09,2013,9,SOUTHERN REGION,SOUTHERN REGION,TAMIL NADU,TAMIL NADU,Tiruchirapalli,TIRUCHIRAPALLI,314.0,133573.0,128523.0,13357.3,12852.3
2013-09,2013,9,SOUTHERN REGION,SOUTHERN REGION,TAMIL NADU,TAMIL NADU,Tirunelvali,TIRUNELVALI,305.0,92271.0,93296.0,9227.1,9329.6
2013-09,2013,9,SOUTHERN REGION,SOUTHERN REGION,TAMIL NADU,TAMIL NADU,Tiruppur,TIRUPPUR,266.0,95428.0,194221.0,9542.8,19422.1
2013-09,2013,9,SOUTHERN REGION,SOUTHERN REGION,TAMIL NADU,TAMIL NADU,Tiruvannamalai,TIRUVANNAMALAI,159.0,32118.0,44100.0,3211.8,4410.0
2013-09,2013,9,SOUTHERN REGION,SOUTHERN REGION,TAMIL NADU,TAMIL NADU,Toothukudi,TOOTHUKUDI,188.0,75626.0,65176.0,7562.6,6517.6
2013-09,2013,9,SOUTHERN REGION,SOUTHERN REGION,TAMIL NADU,TAMIL NADU,Vellore,VELLORE,302.0,87214.0,90722.0,8721.4,9072.2
2013-09,2013,9,SOUTHERN REGION,SOUTHERN REGION,TAMIL NADU,TAMIL NADU,Villupuram,VILLUPURAM,216.0,38424.0,67621.0,3842.4,6762.1
2013-09,2013,9,SOUTHERN REGION,SOUTHERN REGION,TAMIL NADU,TAMIL NADU,Virudhunagar,VIRUDHUNAGAR,197.0,56298.0,89977.0,5629.8,8997.7
2013-09,2013,9,NORTH-EASTERN REGION,NORTH EASTERN REGION,TRIPURA,TRIPURA,Dhalai,DHALAI,26.0,5134.0,2495.0,513.4,249.5
2013-09,2013,9,NORTH-EASTERN REGION,NORTH EASTERN REGION,TRIPURA,TRIPURA,Gomati,GOMATI,37.0,7673.0,2843.0,767.3,284.3
2013-09,2013,9,NORTH-EASTERN REGION,NORTH EASTERN REGION,TRIPURA,TRIPURA,Khowai,KHOWAI,20.0,5032.0,3021.0,503.2,302.1
2013-09,2013,9,NORTH-EASTERN REGION,NORTH EASTERN REGION,TRIPURA,TRIPURA,North Tripura,NORTH TRIPURA,36.0,7138.0,3136.0,713.8,313.6
2013-09,2013,9,NORTH-EASTERN REGION,NORTH EASTERN REGION,TRIPURA,TRIPURA,Sepahijala,SEPAHIJALA,30.0,7454.0,3079.0,745.4,307.9
2013-09,2013,9,NORTH-EASTERN REGION,NORTH EASTERN REGION,TRIPURA,TRIPURA,South Tripura,SOUTH TRIPURA,32.0,6500.0,2894.0,650.0,289.4
2013-09,2013,9,NORTH-EASTERN REGION,NORTH EASTERN REGION,TRIPURA,TRIPURA,Unakoti,UNAKOTI,15.0,4231.0,1924.0,423.1,192.4
2013-09,2013,9,NORTH-EASTERN REGION,NORTH EASTERN REGION,TRIPURA,TRIPURA,West Tripura,WEST TRIPURA,111.0,77902.0,21718.0,7790.2,2171.8
2013-09,2013,9,CENTRAL REGION,CENTRAL REGION,UTTAR PRADESH,UTTAR PRADESH,Agra,AGRA,418.0,177612.0,98607.0,17761.2,9860.7
2013-09,2013,9,CENTRAL REGION,CENTRAL REGION,UTTAR PRADESH,UTTAR PRADESH,Aligarh,ALIGARH,252.0,95223.0,41799.0,9522.3,4179.9
2013-09,2013,9,CENTRAL REGION,CENTRAL REGION,UTTAR PRADESH,UTTAR PRADESH,Allahabad,ALLAHABAD,409.0,223943.0,44899.0,22394.3,4489.9
2013-09,2013,9,CENTRAL REGION,CENTRAL REGION,UTTAR PRADESH,UTTAR PRADESH,Ambedkar Nagar,AMBEDKAR NAGAR,122.0,28950.0,7765.0,2895.0,776.5
2013-09,2013,9,CENTRAL REGION,CENTRAL REGION,UTTAR PRADESH,UTTAR PRADESH,Amethi,AMETHI,152.0,30095.0,11086.0,3009.5,1108.6
2013-09,2013,9,CENTRAL REGION,CENTRAL REGION,UTTAR PRADESH,UTTAR PRADESH,Auraiya,AURAIYA,76.0,16712.0,3899.0,1671.2,389.9
2013-09,2013,9,CENTRAL REGION,CENTRAL REGION,UTTAR PRADESH,UTTAR PRADESH,Azamgarh,AZAMGARH,253.0,79469.0,12999.0,7946.9,1299.9
2013-09,2013,9,CENTRAL REGION,CENTRAL REGION,UTTAR PRADESH,UTTAR PRADESH,Baghpat,BAGHPAT,92.0,19706.0,10158.0,1970.6,1015.8
2013-09,2013,9,CENTRAL REGION,CENTRAL REGION,UTTAR PRADESH,UTTAR PRADESH,Bahraich,BAHRAICH,131.0,28740.0,14450.0,2874.0,1445.0
2013-09,2013,9,CENTRAL REGION,CENTRAL REGION,UTTAR PRADESH,UTTAR PRADESH,Ballia,BALLIA,174.0,55655.0,10206.0,5565.5,1020.6
2013-09,2013,9,CENTRAL REGION,CENTRAL REGION,UTTAR PRADESH,UTTAR PRADESH,Balrampur,BALRAMPUR,91.0,21639.0,7316.0,2163.9,731.6
2013-09,2013,9,CENTRAL REGION,CENTRAL REGION,UTTAR PRADESH,UTTAR PRADESH,Banda,BANDA,111.0,22974.0,15556.0,2297.4,1555.6
2013-09,2013,9,CENTRAL REGION,CENTRAL REGION,UTTAR PRADESH,UTTAR PRADESH,Bara Banki,BARA BANKI,207.0,39729.0,19539.0,3972.9,1953.9
2013-09,2013,9,CENTRAL REGION,CENTRAL REGION,UTTAR PRADESH,UTTAR PRADESH,Bareilly,BAREILLY,313.0,96558.0,42964.0,9655.8,4296.4
2013-09,2013,9,CENTRAL REGION,CENTRAL REGION,UTTAR PRADESH,UTTAR PRADESH,Basti,BASTI,133.0,33450.0,9608.0,3345.0,960.8
2013-09,2013,9,CENTRAL REGION,CENTRAL REGION,UTTAR PRADESH,UTTAR PRADESH,Bhim Nagar,BHIM NAGAR,100.0,18214.0,13175.0,1821.4,1317.5
2013-09,2013,9,CENTRAL REGION,CENTRAL REGION,UTTAR PRADESH,UTTAR PRADESH,Bijnor,BIJNOR,202.0,52893.0,35939.0,5289.3,3593.9
2013-09,2013,9,CENTRAL REGION,CENTRAL REGION,UTTAR PRADESH,UTTAR PRADESH,Budaun,BUDAUN,139.0,24184.0,13516.0,2418.4,1351.6
2013-09,2013,9,CENTRAL REGION,CENTRAL REGION,UTTAR PRADESH,UTTAR PRADESH,Bulandshahr,BULANDSHAHR,205.0,59598.0,31436.0,5959.8,3143.6
2013-09,2013,9,CENTRAL REGION,CENTRAL REGION,UTTAR PRADESH,UTTAR PRADESH,Chandauli,CHANDAULI,110.0,28914.0,6932.0,2891.4,693.2
2013-09,2013,9,CENTRAL REGION,CENTRAL REGION,UTTAR PRADESH,UTTAR PRADESH,Chitrakoot,CHITRAKOOT,54.0,10787.0,5933.0,1078.7,593.3
2013-09,2013,9,CENTRAL REGION,CENTRAL REGION,UTTAR PRADESH,UTTAR PRADESH,Deoria,DEORIA,164.0,51536.0,11026.0,5153.6,1102.6
2013-09,2013,9,CENTRAL REGION,CENTRAL REGION,UTTAR PRADESH,UTTAR PRADESH,Etah,ETAH,94.0,21344.0,9548.0,2134.4,954.8
2013-09,2013,9,CENTRAL REGION,CENTRAL REGION,UTTAR PRADESH,UTTAR PRADESH,Etawah,ETAWAH,96.0,29188.0,8183.0,2918.8,818.3
2013-09,2013,9,CENTRAL REGION,CENTRAL REGION,UTTAR PRADESH,UTTAR PRADESH,Faizabad,FAIZABAD,157.0,50514.0,12627.0,5051.4,1262.7
2013-09,2013,9,CENTRAL REGION,CENTRAL REGION,UTTAR PRADESH,UTTAR PRADESH,Farrukhabad,FARRUKHABAD,104.0,28002.0,10071.0,2800.2,1007.1
2013-09,2013,9,CENTRAL REGION,CENTRAL REGION,UTTAR PRADESH,UTTAR PRADESH,Fatehpur,FATEHPUR,156.0,34001.0,10699.0,3400.1,1069.9
2013-09,2013,9,CENTRAL REGION,CENTRAL REGION,UTTAR PRADESH,UTTAR PRADESH,Firozabad,FIROZABAD,122.0,35039.0,19767.0,3503.9,1976.7
2013-09,2013,9,CENTRAL REGION,CENTRAL REGION,UTTAR PRADESH,UTTAR PRADESH,Gautam Buddha Nagar,GAUTAM BUDDHA NAGAR,353.0,520240.0,238095.0,52024.0,23809.5
2013-09,2013,9,CENTRAL REGION,CENTRAL REGION,UTTAR PRADESH,UTTAR PRADESH,Ghaziabad,GHAZIABAD,358.0,261676.0,116586.0,26167.6,11658.6
2013-09,2013,9,CENTRAL REGION,CENTRAL REGION,UTTAR PRADESH,UTTAR PRADESH,Ghazipur,GHAZIPUR,202.0,63961.0,12777.0,6396.1,1277.7
2013-09,2013,9,CENTRAL REGION,CENTRAL REGION,UTTAR PRADESH,UTTAR PRADESH,Gonda,GONDA,148.0,39691.0,15625.0,3969.1,1562.5
2013-09,2013,9,CENTRAL REGION,CENTRAL REGION,UTTAR PRADESH,UTTAR PRADESH,Gorakhpur,GORAKHPUR,295.0,155100.0,36147.0,15510.0,3614.7
2013-09,2013,9,CENTRAL REGION,CENTRAL REGION,UTTAR PRADESH,UTTAR PRADESH,Hamirpur,HAMIRPUR,80.0,15398.0,9780.0,1539.8,978.0
2013-09,2013,9,CENTRAL REGION,CENTRAL REGION,UTTAR PRADESH,UTTAR PRADESH,Hardoi,HARDOI,190.0,39874.0,17795.0,3987.4,1779.5
2013-09,2013,9,CENTRAL REGION,CENTRAL REGION,UTTAR PRADESH,UTTAR PRADESH,Hathras,HATHRAS,112.0,23060.0,13963.0,2306.0,1396.3
2013-09,2013,9,CENTRAL REGION,CENTRAL REGION,UTTAR PRADESH,UTTAR PRADESH,Jalaun,JALAUN,108.0,25628.0,16327.0,2562.8,1632.7
2013-09,2013,9,CENTRAL REGION,CENTRAL REGION,UTTAR PRADESH,UTTAR PRADESH,Jaunpur,JAUNPUR,249.0,78501.0,14249.0,7850.1,1424.9
2013-09,2013,9,CENTRAL REGION,CENTRAL REGION,UTTAR PRADESH,UTTAR PRADESH,Jhansi,JHANSI,162.0,67438.0,24937.0,6743.8,2493.7
2013-09,2013,9,CENTRAL REGION,CENTRAL REGION,UTTAR PRADESH,UTTAR PRADESH,Jyotiba Phule Nagar,JYOTIBA PHULE NAGAR,132.0,21140.0,12519.0,2114.0,1251.9
2013-09,2013,9,CENTRAL REGION,CENTRAL REGION,UTTAR PRADESH,UTTAR PRADESH,Kanauj,KANAUJ,90.0,18656.0,9091.0,1865.6,909.1
2013-09,2013,9,CENTRAL REGION,CENTRAL REGION,UTTAR PRADESH,UTTAR PRADESH,Kanpur Dehat,KANPUR DEHAT,155.0,28045.0,10236.0,2804.5,1023.6
2013-09,2013,9,CENTRAL REGION,CENTRAL REGION,UTTAR PRADESH,UTTAR PRADESH,Kanpur Nagar,KANPUR NAGAR,493.0,495907.0,148384.0,49590.7,14838.4
2013-09,2013,9,CENTRAL REGION,CENTRAL REGION,UTTAR PRADESH,UTTAR PRADESH,Kanshiram Nagar,KANSHIRAM NAGAR,68.0,12651.0,5783.0,1265.1,578.3
2013-09,2013,9,CENTRAL REGION,CENTRAL REGION,UTTAR PRADESH,UTTAR PRADESH,Kaushambi,KAUSHAMBI,90.0,15478.0,3680.0,1547.8,368.0
2013-09,2013,9,CENTRAL REGION,CENTRAL REGION,UTTAR PRADESH,UTTAR PRADESH,Kheri,KHERI,197.0,37029.0,26252.0,3702.9,2625.2
2013-09,2013,9,CENTRAL REGION,CENTRAL REGION,UTTAR PRADESH,UTTAR PRADESH,Kushi Nagar,KUSHI NAGAR,158.0,37457.0,12621.0,3745.7,1262.1
2013-09,2013,9,CENTRAL REGION,CENTRAL REGION,UTTAR PRADESH,UTTAR PRADESH,Lalitpur,LALITPUR,65.0,15258.0,10091.0,1525.8,1009.1
2013-09,2013,9,CENTRAL REGION,CENTRAL REGION,UTTAR PRADESH,UTTAR PRADESH,Lucknow,LUCKNOW,751.0,778586.0,467531.0,77858.6,46753.1
2013-09,2013,9,CENTRAL REGION,CENTRAL REGION,UTTAR PRADESH,UTTAR PRADESH,Maharajganj,MAHARAJGANJ,119.0,23125.0,8683.0,2312.5,868.3
2013-09,2013,9,CENTRAL REGION,CENTRAL REGION,UTTAR PRADESH,UTTAR PRADESH,Mahoba,MAHOBA,47.0,12381.0,7738.0,1238.1,773.8
2013-09,2013,9,CENTRAL REGION,CENTRAL REGION,UTTAR PRADESH,UTTAR PRADESH,Mainpuri,MAINPURI,89.0,22847.0,8904.0,2284.7,890.4
2013-09,2013,9,CENTRAL REGION,CENTRAL REGION,UTTAR PRADESH,UTTAR PRADESH,Mathura,MATHURA,239.0,65140.0,36688.0,6514.0,3668.8
2013-09,2013,9,CENTRAL REGION,CENTRAL REGION,UTTAR PRADESH,UTTAR PRADESH,Mau,MAU,124.0,38609.0,6693.0,3860.9,669.3
2013-09,2013,9,CENTRAL REGION,CENTRAL REGION,UTTAR PRADESH,UTTAR PRADESH,Meerut,MEERUT,332.0,149482.0,81823.0,14948.2,8182.3
2013-09,2013,9,CENTRAL REGION,CENTRAL REGION,UTTAR PRADESH,UTTAR PRADESH,Mirzapur,MIRZAPUR,145.0,39662.0,12141.0,3966.2,1214.1
2013-09,2013,9,CENTRAL REGION,CENTRAL REGION,UTTAR PRADESH,UTTAR PRADESH,Moradabad,MORADABAD,230.0,73463.0,51587.0,7346.3,5158.7
2013-09,2013,9,CENTRAL REGION,CENTRAL REGION,UTTAR PRADESH,UTTAR PRADESH,Muzaffarnagar,MUZAFFARNAGAR,207.0,54294.0,54970.0,5429.4,5497.0
2013-09,2013,9,CENTRAL REGION,CENTRAL REGION,UTTAR PRADESH,UTTAR PRADESH,Panchsheel Nagar,PANCHSHEEL NAGAR,94.0,25010.0,17437.0,2501.0,1743.7
2013-09,2013,9,CENTRAL REGION,CENTRAL REGION,UTTAR PRADESH,UTTAR PRADESH,Pilibhit,PILIBHIT,112.0,20618.0,14945.0,2061.8,1494.5
2013-09,2013,9,CENTRAL REGION,CENTRAL REGION,UTTAR PRADESH,UTTAR PRADESH,Prabudh Nagar,PRABUDH NAGAR,73.0,15684.0,11026.0,1568.4,1102.6
2013-09,2013,9,CENTRAL REGION,CENTRAL REGION,UTTAR PRADESH,UTTAR PRADESH,Pratapgarh,PRATAPGARH,182.0,49371.0,8544.0,4937.1,854.4
2013-09,2013,9,CENTRAL REGION,CENTRAL REGION,UTTAR PRADESH,UTTAR PRADESH,Rai Bareli,RAI BARELI,195.0,44337.0,10946.0,4433.7,1094.6
2013-09,2013,9,CENTRAL REGION,CENTRAL REGION,UTTAR PRADESH,UTTAR PRADESH,Rampur,RAMPUR,147.0,24510.0,16926.0,2451.0,1692.6
2013-09,2013,9,CENTRAL REGION,CENTRAL REGION,UTTAR PRADESH,UTTAR PRADESH,Saharanpur,SAHARANPUR,241.0,63621.0,42204.0,6362.1,4220.4
2013-09,2013,9,CENTRAL REGION,CENTRAL REGION,UTTAR PRADESH,UTTAR PRADESH,Sant Kabir Nagar,SANT KABIR NAGAR,98.0,18741.0,5185.0,1874.1,518.5
2013-09,2013,9,CENTRAL REGION,CENTRAL REGION,UTTAR PRADESH,UTTAR PRADESH,Sant Ravidas Nagar,SANT RAVIDAS NAGAR,88.0,25981.0,9432.0,2598.1,943.2
2013-09,2013,9,CENTRAL REGION,CENTRAL REGION,UTTAR PRADESH,UTTAR PRADESH,Shahjahanpur,SHAHJAHANPUR,172.0,36908.0,22074.0,3690.8,2207.4
2013-09,2013,9,CENTRAL REGION,CENTRAL REGION,UTTAR PRADESH,UTTAR PRADESH,Shravasti,SHRAVASTI,65.0,10092.0,5716.0,1009.2,571.6
2013-09,2013,9,CENTRAL REGION,CENTRAL REGION,UTTAR PRADESH,UTTAR PRADESH,Sidharthanagar,SIDHARTHANAGAR,117.0,22362.0,6659.0,2236.2,665.9
2013-09,2013,9,CENTRAL REGION,CENTRAL REGION,UTTAR PRADESH,UTTAR PRADESH,Sitapur,SITAPUR,215.0,40008.0,18977.0,4000.8,1897.7
2013-09,2013,9,CENTRAL REGION,CENTRAL REGION,UTTAR PRADESH,UTTAR PRADESH,Sonbhadra,SONBHADRA,114.0,40415.0,10565.0,4041.5,1056.5
2013-09,2013,9,CENTRAL REGION,CENTRAL REGION,UTTAR PRADESH,UTTAR PRADESH,Sultanpur,SULTANPUR,137.0,36428.0,9246.0,3642.8,924.6
2013-09,2013,9,CENTRAL REGION,CENTRAL REGION,UTTAR PRADESH,UTTAR PRADESH,Unnao,UNNAO,162.0,46975.0,12347.0,4697.5,1234.7
2013-09,2013,9,CENTRAL REGION,CENTRAL REGION,UTTAR PRADESH,UTTAR PRADESH,Varanasi,VARANASI,350.0,220830.0,64030.0,22083.0,6403.0
2013-09,2013,9,CENTRAL REGION,CENTRAL REGION,UTTARAKHAND,UTTARAKHAND,Almora,ALMORA,103.0,23910.0,4874.0,2391.0,487.4
2013-09,2013,9,CENTRAL REGION,CENTRAL REGION,UTTARAKHAND,UTTARAKHAND,Bageshwar,BAGESHWAR,37.0,6944.0,1750.0,694.4,175.0
2013-09,2013,9,CENTRAL REGION,CENTRAL REGION,UTTARAKHAND,UTTARAKHAND,Chamoli,CHAMOLI,58.0,12873.0,3140.0,1287.3,314.0
2013-09,2013,9,CENTRAL REGION,CENTRAL REGION,UTTARAKHAND,UTTARAKHAND,Champawat,CHAMPAWAT,35.0,7173.0,1722.0,717.3,172.2
2013-09,2013,9,CENTRAL REGION,CENTRAL REGION,UTTARAKHAND,UTTARAKHAND,Dehra Dun,DEHRA DUN,408.0,355034.0,74966.0,35503.4,7496.6
2013-09,2013,9,CENTRAL REGION,CENTRAL REGION,UTTARAKHAND,UTTARAKHAND,Garhwal,GARHWAL,150.0,36320.0,7179.0,3632.0,717.9
2013-09,2013,9,CENTRAL REGION,CENTRAL REGION,UTTARAKHAND,UTTARAKHAND,Haridwar,HARIDWAR,197.0,99689.0,45138.0,9968.9,4513.8
2013-09,2013,9,CENTRAL REGION,CENTRAL REGION,UTTARAKHAND,UTTARAKHAND,Nainital,NAINITAL,159.0,55397.0,19345.0,5539.7,1934.5
2013-09,2013,9,CENTRAL REGION,CENTRAL REGION,UTTARAKHAND,UTTARAKHAND,Pithoragarh,PITHORAGARH,76.0,16588.0,4866.0,1658.8,486.6
2013-09,2013,9,CENTRAL REGION,CENTRAL REGION,UTTARAKHAND,UTTARAKHAND,Rudraprayag,RUDRAPRAYAG,39.0,7503.0,1860.0,750.3,186.0
2013-09,2013,9,CENTRAL REGION,CENTRAL REGION,UTTARAKHAND,UTTARAKHAND,Tehri Garhwal,TEHRI GARHWAL,84.0,18395.0,3912.0,1839.5,391.2
2013-09,2013,9,CENTRAL REGION,CENTRAL REGION,UTTARAKHAND,UTTARAKHAND,Udham Singh Nagar,UDHAM SINGH NAGAR,216.0,53907.0,57127.0,5390.7,5712.7
2013-09,2013,9,CENTRAL REGION,CENTRAL REGION,UTTARAKHAND,UTTARAKHAND,Uttar Kashi,UTTAR KASHI,39.0,7409.0,2445.0,740.9,244.5
2013-09,2013,9,EASTERN REGION,EASTERN REGION,WEST BENGAL,WEST BENGAL,Bankura,BANKURA,208.0,67173.0,14270.0,6717.3,1427.0
2013-09,2013,9,EASTERN REGION,EASTERN REGION,WEST BENGAL,WEST BENGAL,Barddhaman,BARDDHAMAN,569.0,338324.0,94125.0,33832.4,9412.5
2013-09,2013,9,EASTERN REGION,EASTERN REGION,WEST BENGAL,WEST BENGAL,Birbhum,BIRBHUM,230.0,70860.0,15634.0,7086.0,1563.4
2013-09,2013,9,EASTERN REGION,EASTERN REGION,WEST BENGAL,WEST BENGAL,Dakshin Dinajpur,DAKSHIN DINAJPUR,84.0,19408.0,8471.0,1940.8,847.1
2013-09,2013,9,EASTERN REGION,EASTERN REGION,WEST BENGAL,WEST BENGAL,Darjiling,DARJILING,177.0,82935.0,38140.0,8293.5,3814.0
2013-09,2013,9,EASTERN REGION,EASTERN REGION,WEST BENGAL,WEST BENGAL,Haora,HAORA,332.0,191185.0,36670.0,19118.5,3667.0
2013-09,2013,9,EASTERN REGION,EASTERN REGION,WEST BENGAL,WEST BENGAL,Hugli,HUGLI,364.0,201315.0,33887.0,20131.5,3388.7
2013-09,2013,9,EASTERN REGION,EASTERN REGION,WEST BENGAL,WEST BENGAL,Jalpaiguri,JALPAIGURI,191.0,63325.0,17115.0,6332.5,1711.5
2013-09,2013,9,EASTERN REGION,EASTERN REGION,WEST BENGAL,WEST BENGAL,Koch Bihar,KOCH BIHAR,144.0,33608.0,14373.0,3360.8,1437.3
2013-09,2013,9,EASTERN REGION,EASTERN REGION,WEST BENGAL,WEST BENGAL,Kolkata,KOLKATA,1352.0,2187634.0,2131695.0,218763.4,213169.5
2013-09,2013,9,EASTERN REGION,EASTERN REGION,WEST BENGAL,WEST BENGAL,Maldah,MALDAH,176.0,49669.0,19318.0,4966.9,1931.8
2013-09,2013,9,EASTERN REGION,EASTERN REGION,WEST BENGAL,WEST BENGAL,Murshidabad,MURSHIDABAD,319.0,89265.0,27507.0,8926.5,2750.7
2013-09,2013,9,EASTERN REGION,EASTERN REGION,WEST BENGAL,WEST BENGAL,Nadia,NADIA,273.0,112352.0,25387.0,11235.2,2538.7
2013-09,2013,9,EASTERN REGION,EASTERN REGION,WEST BENGAL,WEST BENGAL,North 24 Parganas,NORTH 24 PARGANAS,680.0,600485.0,112368.0,60048.5,11236.8
2013-09,2013,9,EASTERN REGION,EASTERN REGION,WEST BENGAL,WEST BENGAL,Paschim Medinipur,PASCHIM MEDINIPUR,350.0,128857.0,42444.0,12885.7,4244.4
2013-09,2013,9,EASTERN REGION,EASTERN REGION,WEST BENGAL,WEST BENGAL,Purba Medinipur,PURBA MEDINIPUR,261.0,96921.0,27535.0,9692.1,2753.5
2013-09,2013,9,EASTERN REGION,EASTERN REGION,WEST BENGAL,WEST BENGAL,Puruliya,PURULIYA,138.0,48027.0,8247.0,4802.7,824.7
2013-09,2013,9,EASTERN REGION,EASTERN REGION,WEST BENGAL,WEST BENGAL,South 24 Parganas,SOUTH 24 PARGANAS,396.0,150860.0,46273.0,15086.0,4627.3
2013-09,2013,9,EASTERN REGION,EASTERN REGION,WEST BENGAL,WEST BENGAL,Uttar Dinajpur,UTTAR DINAJPUR,109.0,27550.0,11646.0,2755.0,1164.6
2013-12,2013,12,EASTERN REGION,EASTERN REGION,ANDAMAN & NICOBAR ISLANDS,ANDAMAN AND NICOBAR ISLANDS,Nicobar,NICOBAR,3.0,1166.0,110.0,116.6,11.0
2013-12,2013,12,EASTERN REGION,EASTERN REGION,ANDAMAN & NICOBAR ISLANDS,ANDAMAN AND NICOBAR ISLANDS,North And Middle Andaman,NORTH AND MIDDLE ANDAMAN,8.0,2746.0,782.0,274.6,78.2
2013-12,2013,12,EASTERN REGION,EASTERN REGION,ANDAMAN & NICOBAR ISLANDS,ANDAMAN AND NICOBAR ISLANDS,South Andaman,SOUTH ANDAMAN,45.0,21976.0,8689.0,2197.6,868.9
2013-12,2013,12,SOUTHERN REGION,SOUTHERN REGION,ANDHRA PRADESH,ANDHRA PRADESH,Adilabad,ADILABAD,221.0,51623.0,53651.0,5162.3,5365.1
2013-12,2013,12,SOUTHERN REGION,SOUTHERN REGION,ANDHRA PRADESH,ANDHRA PRADESH,Anantapur,ANANTAPUR,359.0,100187.0,95693.0,10018.7,9569.3
2013-12,2013,12,SOUTHERN REGION,SOUTHERN REGION,ANDHRA PRADESH,ANDHRA PRADESH,Chittoor,CHITTOOR,435.0,197254.0,127409.0,19725.4,12740.9
2013-12,2013,12,SOUTHERN REGION,SOUTHERN REGION,ANDHRA PRADESH,ANDHRA PRADESH,East Godavari,EAST GODAVARI,558.0,141253.0,177390.0,14125.3,17739.0
2013-12,2013,12,SOUTHERN REGION,SOUTHERN REGION,ANDHRA PRADESH,ANDHRA PRADESH,Guntur,GUNTUR,581.0,130537.0,236375.0,13053.7,23637.5
2013-12,2013,12,SOUTHERN REGION,SOUTHERN REGION,ANDHRA PRADESH,ANDHRA PRADESH,Hyderabad,HYDERABAD,1016.0,1797507.0,2217624.0,179750.7,221762.4
2013-12,2013,12,SOUTHERN REGION,SOUTHERN REGION,ANDHRA PRADESH,ANDHRA PRADESH,Karimnagar,KARIMNAGAR,330.0,89579.0,69576.0,8957.9,6957.6
2013-12,2013,12,SOUTHERN REGION,SOUTHERN REGION,ANDHRA PRADESH,ANDHRA PRADESH,Khammam,KHAMMAM,253.0,62955.0,62311.0,6295.5,6231.1
2013-12,2013,12,SOUTHERN REGION,SOUTHERN REGION,ANDHRA PRADESH,ANDHRA PRADESH,Krishna,KRISHNA,606.0,190377.0,210909.0,19037.7,21090.9
2013-12,2013,12,SOUTHERN REGION,SOUTHERN REGION,ANDHRA PRADESH,ANDHRA PRADESH,Kurnool,KURNOOL,354.0,75665.0,90831.0,7566.5,9083.1
2013-12,2013,12,SOUTHERN REGION,SOUTHERN REGION,ANDHRA PRADESH,ANDHRA PRADESH,Mahbubnagar,MAHBUBNAGAR,291.0,48039.0,62604.0,4803.9,6260.4
2013-12,2013,12,SOUTHERN REGION,SOUTHERN REGION,ANDHRA PRADESH,ANDHRA PRADESH,Medak,MEDAK,273.0,68772.0,82242.0,6877.2,8224.2
2013-12,2013,12,SOUTHERN REGION,SOUTHERN REGION,ANDHRA PRADESH,ANDHRA PRADESH,Nalgonda,NALGONDA,293.0,45249.0,75484.0,4524.9,7548.4
2013-12,2013,12,SOUTHERN REGION,SOUTHERN REGION,ANDHRA PRADESH,ANDHRA PRADESH,Nellore,NELLORE,332.0,67589.0,107562.0,6758.9,10756.2
2013-12,2013,12,SOUTHERN REGION,SOUTHERN REGION,ANDHRA PRADESH,ANDHRA PRADESH,Nizamabad,NIZAMABAD,265.0,48859.0,56412.0,4885.9,5641.2
2013-12,2013,12,SOUTHERN REGION,SOUTHERN REGION,ANDHRA PRADESH,ANDHRA PRADESH,Prakasam,PRAKASAM,357.0,61229.0,122704.0,6122.9,12270.4
2013-12,2013,12,SOUTHERN REGION,SOUTHERN REGION,ANDHRA PRADESH,ANDHRA PRADESH,Rangareddi,RANGAREDDI,690.0,398853.0,184945.0,39885.3,18494.5
2013-12,2013,12,SOUTHERN REGION,SOUTHERN REGION,ANDHRA PRADESH,ANDHRA PRADESH,Srikakulam,SRIKAKULAM,209.0,41544.0,40843.0,4154.4,4084.3
2013-12,2013,12,SOUTHERN REGION,SOUTHERN REGION,ANDHRA PRADESH,ANDHRA PRADESH,Visakhapatnam,VISAKHAPATNAM,539.0,276087.0,226773.0,27608.7,22677.3
2013-12,2013,12,SOUTHERN REGION,SOUTHERN REGION,ANDHRA PRADESH,ANDHRA PRADESH,Vizianagaram,VIZIANAGARAM,205.0,37758.0,32362.0,3775.8,3236.2
2013-12,2013,12,SOUTHERN REGION,SOUTHERN REGION,ANDHRA PRADESH,ANDHRA PRADESH,Warangal,WARANGAL,299.0,78111.0,82577.0,7811.1,8257.7
2013-12,2013,12,SOUTHERN REGION,SOUTHERN REGION,ANDHRA PRADESH,ANDHRA PRADESH,West Godavari,WEST GODAVARI,448.0,95967.0,155478.0,9596.7,15547.8
2013-12,2013,12,SOUTHERN REGION,SOUTHERN REGION,ANDHRA PRADESH,ANDHRA PRADESH,Y.S.R.,Y S R,285.0,61889.0,76686.0,6188.9,7668.6
2013-12,2013,12,NORTH-EASTERN REGION,NORTH EASTERN REGION,ARUNACHAL PRADESH,ARUNACHAL PRADESH,Anjaw,ANJAW,2.0,240.0,52.0,24.0,5.2
2013-12,2013,12,NORTH-EASTERN REGION,NORTH EASTERN REGION,ARUNACHAL PRADESH,ARUNACHAL PRADESH,Chunglang,CHUNGLANG,5.0,2686.0,446.0,268.6,44.6
2013-12,2013,12,NORTH-EASTERN REGION,NORTH EASTERN REGION,ARUNACHAL PRADESH,ARUNACHAL PRADESH,Dibang Valley,DIBANG VALLEY,1.0,223.0,46.0,22.3,4.6
2013-12,2013,12,NORTH-EASTERN REGION,NORTH EASTERN REGION,ARUNACHAL PRADESH,ARUNACHAL PRADESH,East Kameng,EAST KAMENG,2.0,933.0,422.0,93.3,42.2
2013-12,2013,12,NORTH-EASTERN REGION,NORTH EASTERN REGION,ARUNACHAL PRADESH,ARUNACHAL PRADESH,East Siang,EAST SIANG,14.0,3793.0,1203.0,379.3,120.3
2013-12,2013,12,NORTH-EASTERN REGION,NORTH EASTERN REGION,ARUNACHAL PRADESH,ARUNACHAL PRADESH,Kurung Kumey,KURUNG KUMEY,2.0,390.0,134.0,39.0,13.4
2013-12,2013,12,NORTH-EASTERN REGION,NORTH EASTERN REGION,ARUNACHAL PRADESH,ARUNACHAL PRADESH,Lohit,LOHIT,7.0,3875.0,1014.0,387.5,101.4
2013-12,2013,12,NORTH-EASTERN REGION,NORTH EASTERN REGION,ARUNACHAL PRADESH,ARUNACHAL PRADESH,Longding,LONGDING,3.0,426.0,148.0,42.6,14.8
2013-12,2013,12,NORTH-EASTERN REGION,NORTH EASTERN REGION,ARUNACHAL PRADESH,ARUNACHAL PRADESH,Lower Dibang Valley,LOWER DIBANG VALLEY,2.0,1510.0,226.0,151.0,22.6
2013-12,2013,12,NORTH-EASTERN REGION,NORTH EASTERN REGION,ARUNACHAL PRADESH,ARUNACHAL PRADESH,Lower Subansiri,LOWER SUBANSIRI,6.0,1668.0,845.0,166.8,84.5
2013-12,2013,12,NORTH-EASTERN REGION,NORTH EASTERN REGION,ARUNACHAL PRADESH,ARUNACHAL PRADESH,Papumpare,PAPUMPARE,39.0,34204.0,8577.0,3420.4,857.7
2013-12,2013,12,NORTH-EASTERN REGION,NORTH EASTERN REGION,ARUNACHAL PRADESH,ARUNACHAL PRADESH,Tawang,TAWANG,6.0,6171.0,343.0,617.1,34.3
2013-12,2013,12,NORTH-EASTERN REGION,NORTH EASTERN REGION,ARUNACHAL PRADESH,ARUNACHAL PRADESH,Tirap,TIRAP,2.0,1603.0,301.0,160.3,30.1
2013-12,2013,12,NORTH-EASTERN REGION,NORTH EASTERN REGION,ARUNACHAL PRADESH,ARUNACHAL PRADESH,Upper Siang,UPPER SIANG,2.0,759.0,199.0,75.9,19.9
2013-12,2013,12,NORTH-EASTERN REGION,NORTH EASTERN REGION,ARUNACHAL PRADESH,ARUNACHAL PRADESH,Upper Subansiri,UPPER SUBANSIRI,4.0,1351.0,512.0,135.1,51.2
2013-12,2013,12,NORTH-EASTERN REGION,NORTH EASTERN REGION,ARUNACHAL PRADESH,ARUNACHAL PRADESH,West Kameng,WEST KAMENG,9.0,3887.0,907.0,388.7,90.7
2013-12,2013,12,NORTH-EASTERN REGION,NORTH EASTERN REGION,ARUNACHAL PRADESH,ARUNACHAL PRADESH,West Siang,WEST SIANG,9.0,4095.0,1370.0,409.5,137.0
2013-12,2013,12,NORTH-EASTERN REGION,NORTH EASTERN REGION,ASSAM,ASSAM,Baksa,BAKSA,28.0,4367.0,2129.0,436.7,212.9
2013-12,2013,12,NORTH-EASTERN REGION,NORTH EASTERN REGION,ASSAM,ASSAM,Barpeta,BARPETA,69.0,17113.0,7967.0,1711.3,796.7
2013-12,2013,12,NORTH-EASTERN REGION,NORTH EASTERN REGION,ASSAM,ASSAM,Bongaigaon,BONGAIGAON,38.0,11787.0,4678.0,1178.7,467.8
2013-12,2013,12,NORTH-EASTERN REGION,NORTH EASTERN REGION,ASSAM,ASSAM,Cachar,CACHAR,104.0,43120.0,15290.0,4312.0,1529.0
2013-12,2013,12,NORTH-EASTERN REGION,NORTH EASTERN REGION,ASSAM,ASSAM,Chirang,CHIRANG,17.0,7351.0,2299.0,735.1,229.9
2013-12,2013,12,NORTH-EASTERN REGION,NORTH EASTERN REGION,ASSAM,ASSAM,Darrang,DARRANG,38.0,8393.0,4847.0,839.3,484.7
2013-12,2013,12,NORTH-EASTERN REGION,NORTH EASTERN REGION,ASSAM,ASSAM,Dhemaji,DHEMAJI,21.0,4868.0,3422.0,486.8,342.2
2013-12,2013,12,NORTH-EASTERN REGION,NORTH EASTERN REGION,ASSAM,ASSAM,Dhubri,DHUBRI,55.0,13855.0,5385.0,1385.5,538.5
2013-12,2013,12,NORTH-EASTERN REGION,NORTH EASTERN REGION,ASSAM,ASSAM,Dibrugarh,DIBRUGARH,118.0,61865.0,18202.0,6186.5,1820.2
2013-12,2013,12,NORTH-EASTERN REGION,NORTH EASTERN REGION,ASSAM,ASSAM,Goalpara,GOALPARA,44.0,9461.0,3825.0,946.1,382.5
2013-12,2013,12,NORTH-EASTERN REGION,NORTH EASTERN REGION,ASSAM,ASSAM,Golaghat,GOLAGHAT,62.0,14940.0,6995.0,1494.0,699.5
2013-12,2013,12,NORTH-EASTERN REGION,NORTH EASTERN REGION,ASSAM,ASSAM,Hailakandi,HAILAKANDI,28.0,7495.0,2618.0,749.5,261.8
2013-12,2013,12,NORTH-EASTERN REGION,NORTH EASTERN REGION,ASSAM,ASSAM,Jorhat,JORHAT,86.0,33255.0,13991.0,3325.5,1399.1
2013-12,2013,12,NORTH-EASTERN REGION,NORTH EASTERN REGION,ASSAM,ASSAM,Kamrup,KAMRUP,83.0,21107.0,9309.0,2110.7,930.9
2013-12,2013,12,NORTH-EASTERN REGION,NORTH EASTERN REGION,ASSAM,ASSAM,Kamrup Metropolitan,KAMRUP METROPOLITAN,269.0,311851.0,112175.0,31185.1,11217.5
2013-12,2013,12,NORTH-EASTERN REGION,NORTH EASTERN REGION,ASSAM,ASSAM,Karbi Anglong,KARBI ANGLONG,55.0,10274.0,4112.0,1027.4,411.2
2013-12,2013,12,NORTH-EASTERN REGION,NORTH EASTERN REGION,ASSAM,ASSAM,Karimganj,KARIMGANJ,54.0,18143.0,5638.0,1814.3,563.8
2013-12,2013,12,NORTH-EASTERN REGION,NORTH EASTERN REGION,ASSAM,ASSAM,Kokrajhar,KOKRAJHAR,32.0,12228.0,3467.0,1222.8,346.7
2013-12,2013,12,NORTH-EASTERN REGION,NORTH EASTERN REGION,ASSAM,ASSAM,Lakhimpur,LAKHIMPUR,56.0,10890.0,7014.0,1089.0,701.4
2013-12,2013,12,NORTH-EASTERN REGION,NORTH EASTERN REGION,ASSAM,ASSAM,Morigaon,MORIGAON,38.0,7362.0,4554.0,736.2,455.4
2013-12,2013,12,NORTH-EASTERN REGION,NORTH EASTERN REGION,ASSAM,ASSAM,Nagaon,NAGAON,118.0,35599.0,14826.0,3559.9,1482.6
2013-12,2013,12,NORTH-EASTERN REGION,NORTH EASTERN REGION,ASSAM,ASSAM,Nalbari,NALBARI,52.0,11336.0,5683.0,1133.6,568.3
2013-12,2013,12,NORTH-EASTERN REGION,NORTH EASTERN REGION,ASSAM,ASSAM,North Cachar Hills,NORTH CACHAR HILLS,19.0,4387.0,1009.0,438.7,100.9
2013-12,2013,12,NORTH-EASTERN REGION,NORTH EASTERN REGION,ASSAM,ASSAM,Sibsagar,SIBSAGAR,78.0,24760.0,10874.0,2476.0,1087.4
2013-12,2013,12,NORTH-EASTERN REGION,NORTH EASTERN REGION,ASSAM,ASSAM,Sonitpur,SONITPUR,104.0,28573.0,13624.0,2857.3,1362.4
2013-12,2013,12,NORTH-EASTERN REGION,NORTH EASTERN REGION,ASSAM,ASSAM,Tinsukia,TINSUKIA,95.0,34665.0,12058.0,3466.5,1205.8
2013-12,2013,12,NORTH-EASTERN REGION,NORTH EASTERN REGION,ASSAM,ASSAM,Udalguri,UDALGURI,29.0,5574.0,3736.0,557.4,373.6
2013-12,2013,12,EASTERN REGION,EASTERN REGION,BIHAR,BIHAR,Araria,ARARIA,94.0,19204.0,7982.0,1920.4,798.2
2013-12,2013,12,EASTERN REGION,EASTERN REGION,BIHAR,BIHAR,Arwal,ARWAL,34.0,8060.0,1941.0,806.0,194.1
2013-12,2013,12,EASTERN REGION,EASTERN REGION,BIHAR,BIHAR,Aurangabad,AURANGABAD,115.0,35891.0,10514.0,3589.1,1051.4
2013-12,2013,12,EASTERN REGION,EASTERN REGION,BIHAR,BIHAR,Banka,BANKA,70.0,16349.0,6337.0,1634.9,633.7
2013-12,2013,12,EASTERN REGION,EASTERN REGION,BIHAR,BIHAR,Begusarai,BEGUSARAI,138.0,41262.0,17837.0,4126.2,1783.7
2013-12,2013,12,EASTERN REGION,EASTERN REGION,BIHAR,BIHAR,Bhagalpur,BHAGALPUR,187.0,65071.0,16854.0,6507.1,1685.4
2013-12,2013,12,EASTERN REGION,EASTERN REGION,BIHAR,BIHAR,Bhojpur,BHOJPUR,144.0,48212.0,10847.0,4821.2,1084.7
2013-12,2013,12,EASTERN REGION,EASTERN REGION,BIHAR,BIHAR,Buxar,BUXAR,103.0,29471.0,7732.0,2947.1,773.2
2013-12,2013,12,EASTERN REGION,EASTERN REGION,BIHAR,BIHAR,Darbhanga,DARBHANGA,193.0,52068.0,17973.0,5206.8,1797.3
2013-12,2013,12,EASTERN REGION,EASTERN REGION,BIHAR,BIHAR,Gaya,GAYA,212.0,70218.0,19376.0,7021.8,1937.6
2013-12,2013,12,EASTERN REGION,EASTERN REGION,BIHAR,BIHAR,Gopalganj,GOPALGANJ,124.0,34722.0,8832.0,3472.2,883.2
2013-12,2013,12,EASTERN REGION,EASTERN REGION,BIHAR,BIHAR,Jamui,JAMUI,67.0,17825.0,6014.0,1782.5,601.4
2013-12,2013,12,EASTERN REGION,EASTERN REGION,BIHAR,BIHAR,Jehanabad,JEHANABAD,59.0,14927.0,3867.0,1492.7,386.7
2013-12,2013,12,EASTERN REGION,EASTERN REGION,BIHAR,BIHAR,Kaimur,KAIMUR,81.0,18617.0,9836.0,1861.7,983.6
2013-12,2013,12,EASTERN REGION,EASTERN REGION,BIHAR,BIHAR,Katihar,KATIHAR,124.0,26508.0,10357.0,2650.8,1035.7
2013-12,2013,12,EASTERN REGION,EASTERN REGION,BIHAR,BIHAR,Khagaria,KHAGARIA,69.0,14413.0,5780.0,1441.3,578.0
2013-12,2013,12,EASTERN REGION,EASTERN REGION,BIHAR,BIHAR,Kishanganj,KISHANGANJ,65.0,10648.0,6003.0,1064.8,600.3
2013-12,2013,12,EASTERN REGION,EASTERN REGION,BIHAR,BIHAR,Lakhisarai,LAKHISARAI,51.0,13460.0,3934.0,1346.0,393.4
2013-12,2013,12,EASTERN REGION,EASTERN REGION,BIHAR,BIHAR,Madhepura,MADHEPURA,74.0,17611.0,5899.0,1761.1,589.9
2013-12,2013,12,EASTERN REGION,EASTERN REGION,BIHAR,BIHAR,Madhubani,MADHUBANI,201.0,40638.0,10543.0,4063.8,1054.3
2013-12,2013,12,EASTERN REGION,EASTERN REGION,BIHAR,BIHAR,Munger,MUNGER,91.0,32249.0,6304.0,3224.9,630.4
2013-12,2013,12,EASTERN REGION,EASTERN REGION,BIHAR,BIHAR,Muzaffarpur,MUZAFFARPUR,273.0,87135.0,26920.0,8713.5,2692.0
2013-12,2013,12,EASTERN REGION,EASTERN REGION,BIHAR,BIHAR,Nalanda,NALANDA,150.0,42732.0,11487.0,4273.2,1148.7
2013-12,2013,12,EASTERN REGION,EASTERN REGION,BIHAR,BIHAR,Nawada,NAWADA,87.0,23023.0,6688.0,2302.3,668.8
2013-12,2013,12,EASTERN REGION,EASTERN REGION,BIHAR,BIHAR,Paschimi Champaran,PASCHIMI CHAMPARAN,152.0,26628.0,12430.0,2662.8,1243.0
2013-12,2013,12,EASTERN REGION,EASTERN REGION,BIHAR,BIHAR,Patna,PATNA,615.0,588176.0,146527.0,58817.6,14652.7
2013-12,2013,12,EASTERN REGION,EASTERN REGION,BIHAR,BIHAR,Purbi Champaran,PURBI CHAMPARAN,201.0,41742.0,17990.0,4174.2,1799.0
2013-12,2013,12,EASTERN REGION,EASTERN REGION,BIHAR,BIHAR,Purnia,PURNIA,133.0,29051.0,15474.0,2905.1,1547.4
2013-12,2013,12,EASTERN REGION,EASTERN REGION,BIHAR,BIHAR,Rohtas,ROHTAS,145.0,42053.0,16070.0,4205.3,1607.0
2013-12,2013,12,EASTERN REGION,EASTERN REGION,BIHAR,BIHAR,Saharsa,SAHARSA,76.0,18756.0,6375.0,1875.6,637.5
2013-12,2013,12,EASTERN REGION,EASTERN REGION,BIHAR,BIHAR,Samastipur,SAMASTIPUR,198.0,48589.0,16538.0,4858.9,1653.8
2013-12,2013,12,EASTERN REGION,EASTERN REGION,BIHAR,BIHAR,Saran,SARAN,176.0,61899.0,12277.0,6189.9,1227.7
2013-12,2013,12,EASTERN REGION,EASTERN REGION,BIHAR,BIHAR,Sheikhpura,SHEIKHPURA,35.0,8210.0,2505.0,821.0,250.5
2013-12,2013,12,EASTERN REGION,EASTERN REGION,BIHAR,BIHAR,Sheohar,SHEOHAR,27.0,3997.0,1522.0,399.7,152.2
2013-12,2013,12,EASTERN REGION,EASTERN REGION,BIHAR,BIHAR,Sitamarhi,SITAMARHI,128.0,27093.0,9662.0,2709.3,966.2
2013-12,2013,12,EASTERN REGION,EASTERN REGION,BIHAR,BIHAR,Siwan,SIWAN,163.0,54912.0,10090.0,5491.2,1009.0
2013-12,2013,12,EASTERN REGION,EASTERN REGION,BIHAR,BIHAR,Supaul,SUPAUL,87.0,17665.0,6527.0,1766.5,652.7
2013-12,2013,12,EASTERN REGION,EASTERN REGION,BIHAR,BIHAR,Vaishali,VAISHALI,168.0,44820.0,12732.0,4482.0,1273.2
2013-12,2013,12,NORTHERN REGION,NORTHERN REGION,CHANDIGARH,CHANDIGARH,CHANDIGARH,CHANDIGARH,341.0,504136.0,577842.0,50413.6,57784.2
2013-12,2013,12,CENTRAL REGION,CENTRAL REGION,CHHATTISGARH,CHHATTISGARH,Balod,BALOD,57.0,11270.0,2942.0,1127.0,294.2
2013-12,2013,12,CENTRAL REGION,CENTRAL REGION,CHHATTISGARH,CHHATTISGARH,Balodabazar,BALODABAZAR,80.0,14670.0,6509.0,1467.0,650.9
2013-12,2013,12,CENTRAL REGION,CENTRAL REGION,CHHATTISGARH,CHHATTISGARH,Balrampur,BALRAMPUR,34.0,7059.0,1449.0,705.9,144.9
2013-12,2013,12,CENTRAL REGION,CENTRAL REGION,CHHATTISGARH,CHHATTISGARH,Bastar,BASTAR,63.0,17797.0,8172.0,1779.7,817.2
2013-12,2013,12,CENTRAL REGION,CENTRAL REGION,CHHATTISGARH,CHHATTISGARH,Bemetara,BEMETARA,45.0,6479.0,2612.0,647.9,261.2
2013-12,2013,12,CENTRAL REGION,CENTRAL REGION,CHHATTISGARH,CHHATTISGARH,Bijapur,BIJAPUR,12.0,3784.0,583.0,378.4,58.3
2013-12,2013,12,CENTRAL REGION,CENTRAL REGION,CHHATTISGARH,CHHATTISGARH,Bilaspur,BILASPUR,160.0,172563.0,28558.0,17256.3,2855.8
2013-12,2013,12,CENTRAL REGION,CENTRAL REGION,CHHATTISGARH,CHHATTISGARH,Dantewada,DANTEWADA,17.0,8132.0,8469.0,813.2,846.9
2013-12,2013,12,CENTRAL REGION,CENTRAL REGION,CHHATTISGARH,CHHATTISGARH,Dhamtari,DHAMTARI,62.0,13039.0,5582.0,1303.9,558.2
2013-12,2013,12,CENTRAL REGION,CENTRAL REGION,CHHATTISGARH,CHHATTISGARH,Durg,DURG,175.0,113180.0,50194.0,11318.0,5019.4
2013-12,2013,12,CENTRAL REGION,CENTRAL REGION,CHHATTISGARH,CHHATTISGARH,Gariyaband,GARIYABAND,23.0,4396.0,1147.0,439.6,114.7
2013-12,2013,12,CENTRAL REGION,CENTRAL REGION,CHHATTISGARH,CHHATTISGARH,Janjgir-Champa,JANJGIR CHAMPA,95.0,24630.0,7149.0,2463.0,714.9
2013-12,2013,12,CENTRAL REGION,CENTRAL REGION,CHHATTISGARH,CHHATTISGARH,Jashpur,JASHPUR,57.0,12874.0,3204.0,1287.4,320.4
2013-12,2013,12,CENTRAL REGION,CENTRAL REGION,CHHATTISGARH,CHHATTISGARH,Kanker,KANKER,48.0,9856.0,3469.0,985.6,346.9
2013-12,2013,12,CENTRAL REGION,CENTRAL REGION,CHHATTISGARH,CHHATTISGARH,Kawardha,KAWARDHA,44.0,7474.0,3383.0,747.4,338.3
2013-12,2013,12,CENTRAL REGION,CENTRAL REGION,CHHATTISGARH,CHHATTISGARH,Kondagaon,KONDAGAON,26.0,5427.0,1700.0,542.7,170.0
2013-12,2013,12,CENTRAL REGION,CENTRAL REGION,CHHATTISGARH,CHHATTISGARH,Korba,KORBA,87.0,36383.0,14966.0,3638.3,1496.6
2013-12,2013,12,CENTRAL REGION,CENTRAL REGION,CHHATTISGARH,CHHATTISGARH,Koriya,KORIYA,66.0,20229.0,4339.0,2022.9,433.9
2013-12,2013,12,CENTRAL REGION,CENTRAL REGION,CHHATTISGARH,CHHATTISGARH,Mahasamund,MAHASAMUND,66.0,11993.0,6122.0,1199.3,612.2
2013-12,2013,12,CENTRAL REGION,CENTRAL REGION,CHHATTISGARH,CHHATTISGARH,Mungeli,MUNGELI,26.0,4880.0,2407.0,488.0,240.7
2013-12,2013,12,CENTRAL REGION,CENTRAL REGION,CHHATTISGARH,CHHATTISGARH,Narayanpur,NARAYANPUR,8.0,1907.0,315.0,190.7,31.5
2013-12,2013,12,CENTRAL REGION,CENTRAL REGION,CHHATTISGARH,CHHATTISGARH,Raigarh,RAIGARH,119.0,35213.0,20966.0,3521.3,2096.6
2013-12,2013,12,CENTRAL REGION,CENTRAL REGION,CHHATTISGARH,CHHATTISGARH,Raipur,RAIPUR,324.0,225756.0,258156.0,22575.6,25815.6
2013-12,2013,12,CENTRAL REGION,CENTRAL REGION,CHHATTISGARH,CHHATTISGARH,Rajnandgaon,RAJNANDGAON,102.0,25569.0,11354.0,2556.9,1135.4
2013-12,2013,12,CENTRAL REGION,CENTRAL REGION,CHHATTISGARH,CHHATTISGARH,Sukma,SUKMA,9.0,2494.0,535.0,249.4,53.5
2013-12,2013,12,CENTRAL REGION,CENTRAL REGION,CHHATTISGARH,CHHATTISGARH,Surajpur,SURAJPUR,57.0,14254.0,3618.0,1425.4,361.8
2013-12,2013,12,CENTRAL REGION,CENTRAL REGION,CHHATTISGARH,CHHATTISGARH,Surguja,SURGUJA,68.0,22870.0,6952.0,2287.0,695.2
2013-12,2013,12,WESTERN REGION,WESTERN REGION,DADRA & NAGAR HAVELI,DADRA AND NAGAR HAVELI,Dadra & Nagar Haveli,DADRA AND NAGAR HAVELI,47.0,23693.0,7273.0,2369.3,727.3
2013-12,2013,12,WESTERN REGION,WESTERN REGION,DAMAN & DIU,DAMAN AND DIU,Daman,DAMAN,27.0,19384.0,5586.0,1938.4,558.6
2013-12,2013,12,WESTERN REGION,WESTERN REGION,DAMAN & DIU,DAMAN AND DIU,Diu,DIU,13.0,10474.0,348.0,1047.4,34.8
2013-12,2013,12,WESTERN REGION,WESTERN REGION,GOA,GOA,North Goa,NORTH GOA,344.0,243690.0,77232.0,24369.0,7723.2
2013-12,2013,12,WESTERN REGION,WESTERN REGION,GOA,GOA,South Goa,SOUTH GOA,237.0,190555.0,44327.0,19055.5,4432.7
2013-12,2013,12,WESTERN REGION,WESTERN REGION,GUJARAT,GUJARAT,Ahmedabad,AHMEDABAD,978.0,1084780.0,1206983.0,108478.0,120698.3
2013-12,2013,12,WESTERN REGION,WESTERN REGION,GUJARAT,GUJARAT,Amreli,AMRELI,144.0,34707.0,19603.0,3470.7,1960.3
2013-12,2013,12,WESTERN REGION,WESTERN REGION,GUJARAT,GUJARAT,Anand,ANAND,268.0,188201.0,36354.0,18820.1,3635.4
2013-12,2013,12,WESTERN REGION,WESTERN REGION,GUJARAT,GUJARAT,Aravalli,ARAVALLI,68.0,14384.0,10814.0,1438.4,1081.4
2013-12,2013,12,WESTERN REGION,WESTERN REGION,GUJARAT,GUJARAT,Banas Kantha,BANAS KANTHA,157.0,39879.0,33524.0,3987.9,3352.4
2013-12,2013,12,WESTERN REGION,WESTERN REGION,GUJARAT,GUJARAT,Bharuch,BHARUCH,207.0,96681.0,38400.0,9668.1,3840.0
2013-12,2013,12,WESTERN REGION,WESTERN REGION,GUJARAT,GUJARAT,Bhavnagar,BHAVNAGAR,201.0,103321.0,48169.0,10332.1,4816.9
2013-12,2013,12,WESTERN REGION,WESTERN REGION,GUJARAT,GUJARAT,Botad,BOTAD,40.0,8557.0,6236.0,855.7,623.6
2013-12,2013,12,WESTERN REGION,WESTERN REGION,GUJARAT,GUJARAT,Dangs,DANGS,12.0,3534.0,682.0,353.4,68.2
2013-12,2013,12,WESTERN REGION,WESTERN REGION,GUJARAT,GUJARAT,Dohad,DOHAD,88.0,22912.0,7364.0,2291.2,736.4
2013-12,2013,12,WESTERN REGION,WESTERN REGION,GUJARAT,GUJARAT,Gandhinagar,GANDHINAGAR,195.0,170933.0,84904.0,17093.3,8490.4
2013-12,2013,12,WESTERN REGION,WESTERN REGION,GUJARAT,GUJARAT,Jamnagar,JAMNAGAR,245.0,114361.0,39089.0,11436.1,3908.9
2013-12,2013,12,WESTERN REGION,WESTERN REGION,GUJARAT,GUJARAT,Junagadh,JUNAGADH,235.0,86761.0,37423.0,8676.1,3742.3
2013-12,2013,12,WESTERN REGION,WESTERN REGION,GUJARAT,GUJARAT,Kachchh,KACHCHH,322.0,215045.0,59429.0,21504.5,5942.9
2013-12,2013,12,WESTERN REGION,WESTERN REGION,GUJARAT,GUJARAT,Kheda,KHEDA,191.0,87325.0,20515.0,8732.5,2051.5
2013-12,2013,12,WESTERN REGION,WESTERN REGION,GUJARAT,GUJARAT,Mahesana,MAHESANA,234.0,71257.0,50260.0,7125.7,5026.0
2013-12,2013,12,WESTERN REGION,WESTERN REGION,GUJARAT,GUJARAT,Mahisagar,MAHISAGAR,50.0,15487.0,4758.0,1548.7,475.8
2013-12,2013,12,WESTERN REGION,WESTERN REGION,GUJARAT,GUJARAT,Narmada,NARMADA,42.0,8908.0,3611.0,890.8,361.1
2013-12,2013,12,WESTERN REGION,WESTERN REGION,GUJARAT,GUJARAT,Navsari,NAVSARI,208.0,128272.0,20633.0,12827.2,2063.3
2013-12,2013,12,WESTERN REGION,WESTERN REGION,GUJARAT,GUJARAT,Panch Mahals,PANCH MAHALS,104.0,33297.0,13718.0,3329.7,1371.8
2013-12,2013,12,WESTERN REGION,WESTERN REGION,GUJARAT,GUJARAT,Patan,PATAN,106.0,29445.0,14386.0,2944.5,1438.6
2013-12,2013,12,WESTERN REGION,WESTERN REGION,GUJARAT,GUJARAT,Porbandar,PORBANDAR,69.0,46752.0,10614.0,4675.2,1061.4
2013-12,2013,12,WESTERN REGION,WESTERN REGION,GUJARAT,GUJARAT,Rajkot,RAJKOT,437.0,233335.0,211959.0,23333.5,21195.9
2013-12,2013,12,WESTERN REGION,WESTERN REGION,GUJARAT,GUJARAT,Sabar Kantha,SABAR KANTHA,132.0,32014.0,24414.0,3201.4,2441.4
2013-12,2013,12,WESTERN REGION,WESTERN REGION,GUJARAT,GUJARAT,Surat,SURAT,545.0,368331.0,317026.0,36833.1,31702.6
2013-12,2013,12,WESTERN REGION,WESTERN REGION,GUJARAT,GUJARAT,Surendranagar,SURENDRANAGAR,160.0,43208.0,24238.0,4320.8,2423.8
2013-12,2013,12,WESTERN REGION,WESTERN REGION,GUJARAT,GUJARAT,Tapi,TAPI,45.0,13901.0,4620.0,1390.1,462.0
2013-12,2013,12,WESTERN REGION,WESTERN REGION,GUJARAT,GUJARAT,Vadodara,VADODARA,567.0,519913.0,439841.0,51991.3,43984.1
2013-12,2013,12,WESTERN REGION,WESTERN REGION,GUJARAT,GUJARAT,Valsad,VALSAD,173.0,86222.0,42815.0,8622.2,4281.5
2013-12,2013,12,NORTHERN REGION,NORTHERN REGION,HARYANA,HARYANA,Ambala,AMBALA,222.0,89091.0,39423.0,8909.1,3942.3
2013-12,2013,12,NORTHERN REGION,NORTHERN REGION,HARYANA,HARYANA,Bhiwani,BHIWANI,168.0,41032.0,27619.0,4103.2,2761.9
2013-12,2013,12,NORTHERN REGION,NORTHERN REGION,HARYANA,HARYANA,Faridabad,FARIDABAD,251.0,203688.0,132447.0,20368.8,13244.7
2013-12,2013,12,NORTHERN REGION,NORTHERN REGION,HARYANA,HARYANA,Fatehabad,FATEHABAD,121.0,19959.0,23831.0,1995.9,2383.1
2013-12,2013,12,NORTHERN REGION,NORTHERN REGION,HARYANA,HARYANA,Gurgaon,GURGAON,487.0,614885.0,306430.0,61488.5,30643.0
2013-12,2013,12,NORTHERN REGION,NORTHERN REGION,HARYANA,HARYANA,Hisar,HISAR,207.0,61012.0,116761.0,6101.2,11676.1
2013-12,2013,12,NORTHERN REGION,NORTHERN REGION,HARYANA,HARYANA,Jhajjar,JHAJJAR,123.0,43556.0,35450.0,4355.6,3545.0
2013-12,2013,12,NORTHERN REGION,NORTHERN REGION,HARYANA,HARYANA,Jind,JIND,133.0,26752.0,34349.0,2675.2,3434.9
2013-12,2013,12,NORTHERN REGION,NORTHERN REGION,HARYANA,HARYANA,Kaithal,KAITHAL,122.0,21778.0,34396.0,2177.8,3439.6
2013-12,2013,12,NORTHERN REGION,NORTHERN REGION,HARYANA,HARYANA,Karnal,KARNAL,233.0,69869.0,119359.0,6986.9,11935.9
2013-12,2013,12,NORTHERN REGION,NORTHERN REGION,HARYANA,HARYANA,Kurukshetra,KURUKSHETRA,160.0,47114.0,32637.0,4711.4,3263.7
2013-12,2013,12,NORTHERN REGION,NORTHERN REGION,HARYANA,HARYANA,Mahendragarh,MAHENDRAGARH,100.0,25646.0,28100.0,2564.6,2810.0
2013-12,2013,12,NORTHERN REGION,NORTHERN REGION,HARYANA,HARYANA,Mewat,MEWAT,58.0,12048.0,5570.0,1204.8,557.0
2013-12,2013,12,NORTHERN REGION,NORTHERN REGION,HARYANA,HARYANA,Palwal,PALWAL,87.0,21651.0,14302.0,2165.1,1430.2
2013-12,2013,12,NORTHERN REGION,NORTHERN REGION,HARYANA,HARYANA,Panchkula,PANCHKULA,171.0,187717.0,152900.0,18771.7,15290.0
2013-12,2013,12,NORTHERN REGION,NORTHERN REGION,HARYANA,HARYANA,Panipat,PANIPAT,173.0,57102.0,72038.0,5710.2,7203.8
2013-12,2013,12,NORTHERN REGION,NORTHERN REGION,HARYANA,HARYANA,Rewari,REWARI,126.0,50835.0,21639.0,5083.5,2163.9
2013-12,2013,12,NORTHERN REGION,NORTHERN REGION,HARYANA,HARYANA,Rohtak,ROHTAK,166.0,83132.0,39285.0,8313.2,3928.5
2013-12,2013,12,NORTHERN REGION,NORTHERN REGION,HARYANA,HARYANA,Sirsa,SIRSA,158.0,31370.0,35950.0,3137.0,3595.0
2013-12,2013,12,NORTHERN REGION,NORTHERN REGION,HARYANA,HARYANA,Sonipat,SONIPAT,217.0,83427.0,119924.0,8342.7,11992.4
2013-12,2013,12,NORTHERN REGION,NORTHERN REGION,HARYANA,HARYANA,Yamunanagar,YAMUNANAGAR,164.0,59498.0,35499.0,5949.8,3549.9
2013-12,2013,12,NORTHERN REGION,NORTHERN REGION,HIMACHAL PRADESH,HIMACHAL PRADESH,Bilaspur,BILASPUR,70.0,20556.0,4940.0,2055.6,494.0
2013-12,2013,12,NORTHERN REGION,NORTHERN REGION,HIMACHAL PRADESH,HIMACHAL PRADESH,Chamba,CHAMBA,74.0,17729.0,5305.0,1772.9,530.5
2013-12,2013,12,NORTHERN REGION,NORTHERN REGION,HIMACHAL PRADESH,HIMACHAL PRADESH,Hamirpur,HAMIRPUR,88.0,35186.0,5916.0,3518.6,591.6
2013-12,2013,12,NORTHERN REGION,NORTHERN REGION,HIMACHAL PRADESH,HIMACHAL PRADESH,Kangra,KANGRA,247.0,100558.0,20695.0,10055.8,2069.5
2013-12,2013,12,NORTHERN REGION,NORTHERN REGION,HIMACHAL PRADESH,HIMACHAL PRADESH,Kinnaur,KINNAUR,27.0,5217.0,2052.0,521.7,205.2
2013-12,2013,12,NORTHERN REGION,NORTHERN REGION,HIMACHAL PRADESH,HIMACHAL PRADESH,Kulu,KULU,85.0,25383.0,11238.0,2538.3,1123.8
2013-12,2013,12,NORTHERN REGION,NORTHERN REGION,HIMACHAL PRADESH,HIMACHAL PRADESH,Lahul & Spiti,LAHUL AND SPITI,13.0,2313.0,527.0,231.3,52.7
2013-12,2013,12,NORTHERN REGION,NORTHERN REGION,HIMACHAL PRADESH,HIMACHAL PRADESH,Mandi,MANDI,162.0,50014.0,14500.0,5001.4,1450.0
2013-12,2013,12,NORTHERN REGION,NORTHERN REGION,HIMACHAL PRADESH,HIMACHAL PRADESH,Simla,SIMLA,199.0,137228.0,36731.0,13722.8,3673.1
2013-12,2013,12,NORTHERN REGION,NORTHERN REGION,HIMACHAL PRADESH,HIMACHAL PRADESH,Sirmaur,SIRMAUR,82.0,17209.0,13630.0,1720.9,1363.0
2013-12,2013,12,NORTHERN REGION,NORTHERN REGION,HIMACHAL PRADESH,HIMACHAL PRADESH,Solan,SOLAN,165.0,49701.0,40606.0,4970.1,4060.6
2013-12,2013,12,NORTHERN REGION,NORTHERN REGION,HIMACHAL PRADESH,HIMACHAL PRADESH,Una,UNA,96.0,33053.0,9024.0,3305.3,902.4
2013-12,2013,12,NORTHERN REGION,NORTHERN REGION,JAMMU & KASHMIR,JAMMU AND KASHMIR,Anantnag,ANANTNAG,86.0,23585.0,11495.0,2358.5,1149.5
2013-12,2013,12,NORTHERN REGION,NORTHERN REGION,JAMMU & KASHMIR,JAMMU AND KASHMIR,Badgam,BADGAM,65.0,11508.0,7677.0,1150.8,767.7
2013-12,2013,12,NORTHERN REGION,NORTHERN REGION,JAMMU & KASHMIR,JAMMU AND KASHMIR,Bandipora,BANDIPORA,20.0,5891.0,3579.0,589.1,357.9
2013-12,2013,12,NORTHERN REGION,NORTHERN REGION,JAMMU & KASHMIR,JAMMU AND KASHMIR,Baramulla,BARAMULLA,117.0,24755.0,17697.0,2475.5,1769.7
2013-12,2013,12,NORTHERN REGION,NORTHERN REGION,JAMMU & KASHMIR,JAMMU AND KASHMIR,Doda,DODA,35.0,9583.0,2292.0,958.3,229.2
2013-12,2013,12,NORTHERN REGION,NORTHERN REGION,JAMMU & KASHMIR,JAMMU AND KASHMIR,Ganderbal,GANDERBAL,30.0,6379.0,4220.0,637.9,422.0
2013-12,2013,12,NORTHERN REGION,NORTHERN REGION,JAMMU & KASHMIR,JAMMU AND KASHMIR,Jammu,JAMMU,295.0,193159.0,58499.0,19315.9,5849.9
2013-12,2013,12,NORTHERN REGION,NORTHERN REGION,JAMMU & KASHMIR,JAMMU AND KASHMIR,Kargil,KARGIL,17.0,6085.0,1536.0,608.5,153.6
2013-12,2013,12,NORTHERN REGION,NORTHERN REGION,JAMMU & KASHMIR,JAMMU AND KASHMIR,Kathua,KATHUA,72.0,24572.0,8990.0,2457.2,899.0
2013-12,2013,12,NORTHERN REGION,NORTHERN REGION,JAMMU & KASHMIR,JAMMU AND KASHMIR,Kishtwar,KISHTWAR,20.0,6913.0,1446.0,691.3,144.6
2013-12,2013,12,NORTHERN REGION,NORTHERN REGION,JAMMU & KASHMIR,JAMMU AND KASHMIR,Kulgam,KULGAM,36.0,7922.0,4823.0,792.2,482.3
2013-12,2013,12,NORTHERN REGION,NORTHERN REGION,JAMMU & KASHMIR,JAMMU AND KASHMIR,Kupwara,KUPWARA,63.0,10919.0,6928.0,1091.9,692.8
2013-12,2013,12,NORTHERN REGION,NORTHERN REGION,JAMMU & KASHMIR,JAMMU AND KASHMIR,Leh Ladakh,LEH LADAKH,29.0,13533.0,2904.0,1353.3,290.4
2013-12,2013,12,NORTHERN REGION,NORTHERN REGION,JAMMU & KASHMIR,JAMMU AND KASHMIR,Poonch,POONCH,27.0,11426.0,2249.0,1142.6,224.9
2013-12,2013,12,NORTHERN REGION,NORTHERN REGION,JAMMU & KASHMIR,JAMMU AND KASHMIR,Pulwama,PULWAMA,50.0,13319.0,8794.0,1331.9,879.4
2013-12,2013,12,NORTHERN REGION,NORTHERN REGION,JAMMU & KASHMIR,JAMMU AND KASHMIR,Rajouri,RAJOURI,54.0,17582.0,4180.0,1758.2,418.0
2013-12,2013,12,NORTHERN REGION,NORTHERN REGION,JAMMU & KASHMIR,JAMMU AND KASHMIR,Ramban,RAMBAN,20.0,5985.0,1452.0,598.5,145.2
2013-12,2013,12,NORTHERN REGION,NORTHERN REGION,JAMMU & KASHMIR,JAMMU AND KASHMIR,Reasi,REASI,34.0,12065.0,3076.0,1206.5,307.6
2013-12,2013,12,NORTHERN REGION,NORTHERN REGION,JAMMU & KASHMIR,JAMMU AND KASHMIR,Samba,SAMBA,58.0,17542.0,10071.0,1754.2,1007.1
2013-12,2013,12,NORTHERN REGION,NORTHERN REGION,JAMMU & KASHMIR,JAMMU AND KASHMIR,Shopian,SHOPIAN,24.0,5100.0,6257.0,510.0,625.7
2013-12,2013,12,NORTHERN REGION,NORTHERN REGION,JAMMU & KASHMIR,JAMMU AND KASHMIR,Srinagar,SRINAGAR,188.0,162543.0,70024.0,16254.3,7002.4
2013-12,2013,12,NORTHERN REGION,NORTHERN REGION,JAMMU & KASHMIR,JAMMU AND KASHMIR,Udhampur,UDHAMPUR,60.0,21416.0,5788.0,2141.6,578.8
2013-12,2013,12,EASTERN REGION,EASTERN REGION,JHARKHAND,JHARKHAND,Bokaro,BOKARO,178.0,104117.0,30493.0,10411.7,3049.3
2013-12,2013,12,EASTERN REGION,EASTERN REGION,JHARKHAND,JHARKHAND,Chatra,CHATRA,46.0,11889.0,2751.0,1188.9,275.1
2013-12,2013,12,EASTERN REGION,EASTERN REGION,JHARKHAND,JHARKHAND,Deoghar,DEOGHAR,107.0,30159.0,9023.0,3015.9,902.3
2013-12,2013,12,EASTERN REGION,EASTERN REGION,JHARKHAND,JHARKHAND,Dhanbad,DHANBAD,218.0,152285.0,34971.0,15228.5,3497.1
2013-12,2013,12,EASTERN REGION,EASTERN REGION,JHARKHAND,JHARKHAND,Dumka,DUMKA,95.0,19153.0,4912.0,1915.3,491.2
2013-12,2013,12,EASTERN REGION,EASTERN REGION,JHARKHAND,JHARKHAND,Garhwa,GARHWA,49.0,11842.0,4040.0,1184.2,404.0
2013-12,2013,12,EASTERN REGION,EASTERN REGION,JHARKHAND,JHARKHAND,Giridih,GIRIDIH,127.0,35119.0,14986.0,3511.9,1498.6
2013-12,2013,12,EASTERN REGION,EASTERN REGION,JHARKHAND,JHARKHAND,Godda,GODDA,78.0,15320.0,4612.0,1532.0,461.2
2013-12,2013,12,EASTERN REGION,EASTERN REGION,JHARKHAND,JHARKHAND,Gumla,GUMLA,58.0,13048.0,3268.0,1304.8,326.8
2013-12,2013,12,EASTERN REGION,EASTERN REGION,JHARKHAND,JHARKHAND,Hazaribag,HAZARIBAG,126.0,48110.0,13128.0,4811.0,1312.8
2013-12,2013,12,EASTERN REGION,EASTERN REGION,JHARKHAND,JHARKHAND,Jamtara,JAMTARA,53.0,10192.0,2679.0,1019.2,267.9
2013-12,2013,12,EASTERN REGION,EASTERN REGION,JHARKHAND,JHARKHAND,Khunti,KHUNTI,41.0,6949.0,1798.0,694.9,179.8
2013-12,2013,12,EASTERN REGION,EASTERN REGION,JHARKHAND,JHARKHAND,Koderma,KODERMA,51.0,15335.0,4921.0,1533.5,492.1
2013-12,2013,12,EASTERN REGION,EASTERN REGION,JHARKHAND,JHARKHAND,Latehar,LATEHAR,34.0,8266.0,2501.0,826.6,250.1
2013-12,2013,12,EASTERN REGION,EASTERN REGION,JHARKHAND,JHARKHAND,Lohardagga,LOHARDAGGA,35.0,6336.0,2369.0,633.6,236.9
2013-12,2013,12,EASTERN REGION,EASTERN REGION,JHARKHAND,JHARKHAND,Pakur,PAKUR,48.0,6112.0,1946.0,611.2,194.6
2013-12,2013,12,EASTERN REGION,EASTERN REGION,JHARKHAND,JHARKHAND,Palamau,PALAMAU,100.0,29779.0,8700.0,2977.9,870.0
2013-12,2013,12,EASTERN REGION,EASTERN REGION,JHARKHAND,JHARKHAND,Paschimi Singhbhum,PASCHIMI SINGHBHUM,116.0,122270.0,15519.0,12227.0,1551.9
2013-12,2013,12,EASTERN REGION,EASTERN REGION,JHARKHAND,JHARKHAND,Purbi Singhbhum,PURBI SINGHBHUM,265.0,152250.0,74878.0,15225.0,7487.8
2013-12,2013,12,EASTERN REGION,EASTERN REGION,JHARKHAND,JHARKHAND,Ramgarh,RAMGARH,84.0,32085.0,10615.0,3208.5,1061.5
2013-12,2013,12,EASTERN REGION,EASTERN REGION,JHARKHAND,JHARKHAND,Ranchi,RANCHI,346.0,259544.0,77767.0,25954.4,7776.7
2013-12,2013,12,EASTERN REGION,EASTERN REGION,JHARKHAND,JHARKHAND,Sahebganj,SAHEBGANJ,62.0,11302.0,4907.0,1130.2,490.7
2013-12,2013,12,EASTERN REGION,EASTERN REGION,JHARKHAND,JHARKHAND,Seraikela-Kharsawan,SERAIKELA KHARSAWAN,86.0,20769.0,10940.0,2076.9,1094.0
2013-12,2013,12,EASTERN REGION,EASTERN REGION,JHARKHAND,JHARKHAND,Simdega,SIMDEGA,38.0,7484.0,1662.0,748.4,166.2
2013-12,2013,12,SOUTHERN REGION,SOUTHERN REGION,KARNATAKA,KARNATAKA,Bagalkote,BAGALKOTE,206.0,43129.0,49943.0,4312.9,4994.3
2013-12,2013,12,SOUTHERN REGION,SOUTHERN REGION,KARNATAKA,KARNATAKA,Bangalore Rural,BANGALORE RURAL,163.0,38740.0,27640.0,3874.0,2764.0
2013-12,2013,12,SOUTHERN REGION,SOUTHERN REGION,KARNATAKA,KARNATAKA,Bangalore Urban,BANGALORE URBAN,1848.0,3292606.0,2298468.0,329260.6,229846.8
2013-12,2013,12,SOUTHERN REGION,SOUTHERN REGION,KARNATAKA,KARNATAKA,Belgaum,BELGAUM,490.0,141938.0,103258.0,14193.8,10325.8
2013-12,2013,12,SOUTHERN REGION,SOUTHERN REGION,KARNATAKA,KARNATAKA,Bellary,BELLARY,261.0,79007.0,81340.0,7900.7,8134.0
2013-12,2013,12,SOUTHERN REGION,SOUTHERN REGION,KARNATAKA,KARNATAKA,Bidar,BIDAR,143.0,23367.0,19574.0,2336.7,1957.4
2013-12,2013,12,SOUTHERN REGION,SOUTHERN REGION,KARNATAKA,KARNATAKA,Bijapur,BIJAPUR,185.0,39627.0,40328.0,3962.7,4032.8
2013-12,2013,12,SOUTHERN REGION,SOUTHERN REGION,KARNATAKA,KARNATAKA,Chamarajanagar,CHAMARAJANAGAR,98.0,12847.0,14351.0,1284.7,1435.1
2013-12,2013,12,SOUTHERN REGION,SOUTHERN REGION,KARNATAKA,KARNATAKA,Chikkaballapura,CHIKKABALLAPURA,126.0,20155.0,22088.0,2015.5,2208.8
2013-12,2013,12,SOUTHERN REGION,SOUTHERN REGION,KARNATAKA,KARNATAKA,Chikmagalur,CHIKMAGALUR,195.0,42250.0,31267.0,4225.0,3126.7
2013-12,2013,12,SOUTHERN REGION,SOUTHERN REGION,KARNATAKA,KARNATAKA,Chitradurga,CHITRADURGA,177.0,28078.0,25836.0,2807.8,2583.6
2013-12,2013,12,SOUTHERN REGION,SOUTHERN REGION,KARNATAKA,KARNATAKA,Dakshin Kannad,DAKSHIN KANNAD,494.0,258089.0,123085.0,25808.9,12308.5
2013-12,2013,12,SOUTHERN REGION,SOUTHERN REGION,KARNATAKA,KARNATAKA,Davangere,DAVANGERE,184.0,41476.0,41789.0,4147.6,4178.9
2013-12,2013,12,SOUTHERN REGION,SOUTHERN REGION,KARNATAKA,KARNATAKA,Dharwad,DHARWAD,307.0,115485.0,77579.0,11548.5,7757.9
2013-12,2013,12,SOUTHERN REGION,SOUTHERN REGION,KARNATAKA,KARNATAKA,Gadag,GADAG,132.0,22888.0,19273.0,2288.8,1927.3
2013-12,2013,12,SOUTHERN REGION,SOUTHERN REGION,KARNATAKA,KARNATAKA,Gulbarga,GULBARGA,212.0,56474.0,44477.0,5647.4,4447.7
2013-12,2013,12,SOUTHERN REGION,SOUTHERN REGION,KARNATAKA,KARNATAKA,Hassan,HASSAN,249.0,45293.0,39374.0,4529.3,3937.4
2013-12,2013,12,SOUTHERN REGION,SOUTHERN REGION,KARNATAKA,KARNATAKA,Haveri,HAVERI,163.0,24236.0,24438.0,2423.6,2443.8
2013-12,2013,12,SOUTHERN REGION,SOUTHERN REGION,KARNATAKA,KARNATAKA,Kodagu,KODAGU,138.0,30776.0,18768.0,3077.6,1876.8
2013-12,2013,12,SOUTHERN REGION,SOUTHERN REGION,KARNATAKA,KARNATAKA,Kolar,KOLAR,134.0,29741.0,22848.0,2974.1,2284.8
2013-12,2013,12,SOUTHERN REGION,SOUTHERN REGION,KARNATAKA,KARNATAKA,Koppal,KOPPAL,128.0,21486.0,25302.0,2148.6,2530.2
2013-12,2013,12,SOUTHERN REGION,SOUTHERN REGION,KARNATAKA,KARNATAKA,Mandya,MANDYA,178.0,28300.0,27431.0,2830.0,2743.1
2013-12,2013,12,SOUTHERN REGION,SOUTHERN REGION,KARNATAKA,KARNATAKA,Mysore,MYSORE,387.0,181812.0,110873.0,18181.2,11087.3
2013-12,2013,12,SOUTHERN REGION,SOUTHERN REGION,KARNATAKA,KARNATAKA,Raichur,RAICHUR,176.0,33668.0,39969.0,3366.8,3996.9
2013-12,2013,12,SOUTHERN REGION,SOUTHERN REGION,KARNATAKA,KARNATAKA,Ramanagara,RAMANAGARA,136.0,35965.0,23090.0,3596.5,2309.0
2013-12,2013,12,SOUTHERN REGION,SOUTHERN REGION,KARNATAKA,KARNATAKA,Shimoga,SHIMOGA,240.0,71536.0,42452.0,7153.6,4245.2
2013-12,2013,12,SOUTHERN REGION,SOUTHERN REGION,KARNATAKA,KARNATAKA,Tumkur,TUMKUR,238.0,51131.0,50425.0,5113.1,5042.5
2013-12,2013,12,SOUTHERN REGION,SOUTHERN REGION,KARNATAKA,KARNATAKA,Udipi,UDIPI,305.0,129393.0,58652.0,12939.3,5865.2
2013-12,2013,12,SOUTHERN REGION,SOUTHERN REGION,KARNATAKA,KARNATAKA,Uttar Kannad,UTTAR KANNAD,239.0,66801.0,18807.0,6680.1,1880.7
2013-12,2013,12,SOUTHERN REGION,SOUTHERN REGION,KARNATAKA,KARNATAKA,Yadgir,YADGIR,91.0,11834.0,13776.0,1183.4,1377.6
2013-12,2013,12,SOUTHERN REGION,SOUTHERN REGION,KERALA,KERALA,Alapuzha,ALAPUZHA,335.0,154273.0,84565.0,15427.3,8456.5
2013-12,2013,12,SOUTHERN REGION,SOUTHERN REGION,KERALA,KERALA,Ernakulam,ERNAKULAM,851.0,541903.0,467189.0,54190.3,46718.9
2013-12,2013,12,SOUTHERN REGION,SOUTHERN REGION,KERALA,KERALA,Idukki,IDUKKI,154.0,29547.0,37410.0,2954.7,3741.0
2013-12,2013,12,SOUTHERN REGION,SOUTHERN REGION,KERALA,KERALA,Kannur,KANNUR,336.0,134700.0,75545.0,13470.0,7554.5
2013-12,2013,12,SOUTHERN REGION,SOUTHERN REGION,KERALA,KERALA,Kasaragod,KASARAGOD,191.0,42522.0,36453.0,4252.2,3645.3
2013-12,2013,12,SOUTHERN REGION,SOUTHERN REGION,KERALA,KERALA,Kollam,KOLLAM,345.0,184927.0,112831.0,18492.7,11283.1
2013-12,2013,12,SOUTHERN REGION,SOUTHERN REGION,KERALA,KERALA,Kottayam,KOTTAYAM,447.0,197649.0,116487.0,19764.9,11648.7
2013-12,2013,12,SOUTHERN REGION,SOUTHERN REGION,KERALA,KERALA,Kozhikode,KOZHIKODE,382.0,149009.0,108640.0,14900.9,10864.0
2013-12,2013,12,SOUTHERN REGION,SOUTHERN REGION,KERALA,KERALA,Malappuram,MALAPPURAM,386.0,118789.0,73315.0,11878.9,7331.5
2013-12,2013,12,SOUTHERN REGION,SOUTHERN REGION,KERALA,KERALA,Palakkad,PALAKKAD,358.0,119964.0,84909.0,11996.4,8490.9
2013-12,2013,12,SOUTHERN REGION,SOUTHERN REGION,KERALA,KERALA,Pathanamthitta,PATHANAMTHITTA,353.0,223524.0,64765.0,22352.4,6476.5
2013-12,2013,12,SOUTHERN REGION,SOUTHERN REGION,KERALA,KERALA,Thiruvananthapuram,THIRUVANANTHAPURAM,615.0,440768.0,279107.0,44076.8,27910.7
2013-12,2013,12,SOUTHERN REGION,SOUTHERN REGION,KERALA,KERALA,Thrissur,THRISSUR,606.0,295104.0,171557.0,29510.4,17155.7
2013-12,2013,12,SOUTHERN REGION,SOUTHERN REGION,KERALA,KERALA,Wayanad,WAYANAD,105.0,16561.0,21030.0,1656.1,2103.0
2013-12,2013,12,SOUTHERN REGION,SOUTHERN REGION,LAKSHADWEEP,LAKSHADWEEP,LAKSHADWEEP,LAKSHADWEEP,12.0,6702.0,611.0,670.2,61.1
2013-12,2013,12,CENTRAL REGION,CENTRAL REGION,MADHYA PRADESH,MADHYA PRADESH,Agar-Malwa,AGAR MALWA,28.0,3568.0,4119.0,356.8,411.9
2013-12,2013,12,CENTRAL REGION,CENTRAL REGION,MADHYA PRADESH,MADHYA PRADESH,Alirajpur,ALIRAJPUR,24.0,5351.0,1314.0,535.1,131.4
2013-12,2013,12,CENTRAL REGION,CENTRAL REGION,MADHYA PRADESH,MADHYA PRADESH,Anuppur,ANUPPUR,45.0,16409.0,3680.0,1640.9,368.0
2013-12,2013,12,CENTRAL REGION,CENTRAL REGION,MADHYA PRADESH,MADHYA PRADESH,Ashoknagar,ASHOKNAGAR,54.0,10441.0,7143.0,1044.1,714.3
2013-12,2013,12,CENTRAL REGION,CENTRAL REGION,MADHYA PRADESH,MADHYA PRADESH,Balaghat,BALAGHAT,97.0,20944.0,7602.0,2094.4,760.2
2013-12,2013,12,CENTRAL REGION,CENTRAL REGION,MADHYA PRADESH,MADHYA PRADESH,Barwani,BARWANI,79.0,13201.0,14536.0,1320.1,1453.6
2013-12,2013,12,CENTRAL REGION,CENTRAL REGION,MADHYA PRADESH,MADHYA PRADESH,Betul,BETUL,101.0,28641.0,10309.0,2864.1,1030.9
2013-12,2013,12,CENTRAL REGION,CENTRAL REGION,MADHYA PRADESH,MADHYA PRADESH,Bhind,BHIND,74.0,17803.0,5923.0,1780.3,592.3
2013-12,2013,12,CENTRAL REGION,CENTRAL REGION,MADHYA PRADESH,MADHYA PRADESH,Bhopal,BHOPAL,395.0,589100.0,250722.0,58910.0,25072.2
2013-12,2013,12,CENTRAL REGION,CENTRAL REGION,MADHYA PRADESH,MADHYA PRADESH,Burhanpur,BURHANPUR,45.0,13887.0,9779.0,1388.7,977.9
2013-12,2013,12,CENTRAL REGION,CENTRAL REGION,MADHYA PRADESH,MADHYA PRADESH,Chhatarpur,CHHATARPUR,90.0,28366.0,8889.0,2836.6,888.9
2013-12,2013,12,CENTRAL REGION,CENTRAL REGION,MADHYA PRADESH,MADHYA PRADESH,Chhindwara,CHHINDWARA,147.0,42323.0,18703.0,4232.3,1870.3
2013-12,2013,12,CENTRAL REGION,CENTRAL REGION,MADHYA PRADESH,MADHYA PRADESH,Damoh,DAMOH,69.0,15629.0,7275.0,1562.9,727.5
2013-12,2013,12,CENTRAL REGION,CENTRAL REGION,MADHYA PRADESH,MADHYA PRADESH,Datia,DATIA,51.0,10658.0,6537.0,1065.8,653.7
2013-12,2013,12,CENTRAL REGION,CENTRAL REGION,MADHYA PRADESH,MADHYA PRADESH,Dewas,DEWAS,114.0,25295.0,24540.0,2529.5,2454.0
2013-12,2013,12,CENTRAL REGION,CENTRAL REGION,MADHYA PRADESH,MADHYA PRADESH,Dhar,DHAR,171.0,32165.0,24122.0,3216.5,2412.2
2013-12,2013,12,CENTRAL REGION,CENTRAL REGION,MADHYA PRADESH,MADHYA PRADESH,Dindori,DINDORI,32.0,6446.0,1454.0,644.6,145.4
2013-12,2013,12,CENTRAL REGION,CENTRAL REGION,MADHYA PRADESH,MADHYA PRADESH,East Nimar,EAST NIMAR,83.0,20215.0,14893.0,2021.5,1489.3
2013-12,2013,12,CENTRAL REGION,CENTRAL REGION,MADHYA PRADESH,MADHYA PRADESH,Guna,GUNA,79.0,18599.0,14260.0,1859.9,1426.0
2013-12,2013,12,CENTRAL REGION,CENTRAL REGION,MADHYA PRADESH,MADHYA PRADESH,Gwalior,GWALIOR,202.0,110889.0,40087.0,11088.9,4008.7
2013-12,2013,12,CENTRAL REGION,CENTRAL REGION,MADHYA PRADESH,MADHYA PRADESH,Harda,HARDA,53.0,11547.0,19370.0,1154.7,1937.0
2013-12,2013,12,CENTRAL REGION,CENTRAL REGION,MADHYA PRADESH,MADHYA PRADESH,Hoshangabad,HOSHANGABAD,138.0,31367.0,26026.0,3136.7,2602.6
2013-12,2013,12,CENTRAL REGION,CENTRAL REGION,MADHYA PRADESH,MADHYA PRADESH,Indore,INDORE,462.0,306138.0,340761.0,30613.8,34076.1
2013-12,2013,12,CENTRAL REGION,CENTRAL REGION,MADHYA PRADESH,MADHYA PRADESH,Jabalpur,JABALPUR,251.0,139233.0,52295.0,13923.3,5229.5
2013-12,2013,12,CENTRAL REGION,CENTRAL REGION,MADHYA PRADESH,MADHYA PRADESH,Jhabua,JHABUA,45.0,9907.0,4076.0,990.7,407.6
2013-12,2013,12,CENTRAL REGION,CENTRAL REGION,MADHYA PRADESH,MADHYA PRADESH,Katni,KATNI,84.0,27518.0,11532.0,2751.8,1153.2
2013-12,2013,12,CENTRAL REGION,CENTRAL REGION,MADHYA PRADESH,MADHYA PRADESH,Mandla,MANDLA,58.0,14958.0,4372.0,1495.8,437.2
2013-12,2013,12,CENTRAL REGION,CENTRAL REGION,MADHYA PRADESH,MADHYA PRADESH,Mandsaur,MANDSAUR,83.0,19369.0,10438.0,1936.9,1043.8
2013-12,2013,12,CENTRAL REGION,CENTRAL REGION,MADHYA PRADESH,MADHYA PRADESH,Morena,MORENA,83.0,19777.0,15641.0,1977.7,1564.1
2013-12,2013,12,CENTRAL REGION,CENTRAL REGION,MADHYA PRADESH,MADHYA PRADESH,Narsimhapur,NARSIMHAPUR,93.0,17854.0,15043.0,1785.4,1504.3
2013-12,2013,12,CENTRAL REGION,CENTRAL REGION,MADHYA PRADESH,MADHYA PRADESH,Neemuch,NEEMUCH,66.0,15367.0,7718.0,1536.7,771.8
2013-12,2013,12,CENTRAL REGION,CENTRAL REGION,MADHYA PRADESH,MADHYA PRADESH,Panna,PANNA,49.0,12371.0,3807.0,1237.1,380.7
2013-12,2013,12,CENTRAL REGION,CENTRAL REGION,MADHYA PRADESH,MADHYA PRADESH,Raisen,RAISEN,110.0,17490.0,21025.0,1749.0,2102.5
2013-12,2013,12,CENTRAL REGION,CENTRAL REGION,MADHYA PRADESH,MADHYA PRADESH,Rajgarh,RAJGARH,93.0,14522.0,16462.0,1452.2,1646.2
2013-12,2013,12,CENTRAL REGION,CENTRAL REGION,MADHYA PRADESH,MADHYA PRADESH,Ratlam,RATLAM,110.0,29864.0,18792.0,2986.4,1879.2
2013-12,2013,12,CENTRAL REGION,CENTRAL REGION,MADHYA PRADESH,MADHYA PRADESH,Rewa,REWA,146.0,54319.0,12918.0,5431.9,1291.8
2013-12,2013,12,CENTRAL REGION,CENTRAL REGION,MADHYA PRADESH,MADHYA PRADESH,Sagar,SAGAR,165.0,62452.0,21606.0,6245.2,2160.6
2013-12,2013,12,CENTRAL REGION,CENTRAL REGION,MADHYA PRADESH,MADHYA PRADESH,Satna,SATNA,150.0,46909.0,16437.0,4690.9,1643.7
2013-12,2013,12,CENTRAL REGION,CENTRAL REGION,MADHYA PRADESH,MADHYA PRADESH,Sehore,SEHORE,105.0,17268.0,19156.0,1726.8,1915.6
2013-12,2013,12,CENTRAL REGION,CENTRAL REGION,MADHYA PRADESH,MADHYA PRADESH,Seoni,SEONI,70.0,16792.0,8297.0,1679.2,829.7
2013-12,2013,12,CENTRAL REGION,CENTRAL REGION,MADHYA PRADESH,MADHYA PRADESH,Shahdol,SHAHDOL,58.0,20475.0,5034.0,2047.5,503.4
2013-12,2013,12,CENTRAL REGION,CENTRAL REGION,MADHYA PRADESH,MADHYA PRADESH,Shajapur,SHAJAPUR,67.0,11140.0,12578.0,1114.0,1257.8
2013-12,2013,12,CENTRAL REGION,CENTRAL REGION,MADHYA PRADESH,MADHYA PRADESH,Sheopur,SHEOPUR,27.0,6005.0,3787.0,600.5,378.7
2013-12,2013,12,CENTRAL REGION,CENTRAL REGION,MADHYA PRADESH,MADHYA PRADESH,Shivpuri,SHIVPURI,79.0,21271.0,8748.0,2127.1,874.8
2013-12,2013,12,CENTRAL REGION,CENTRAL REGION,MADHYA PRADESH,MADHYA PRADESH,Sidhi,SIDHI,55.0,15995.0,2603.0,1599.5,260.3
2013-12,2013,12,CENTRAL REGION,CENTRAL REGION,MADHYA PRADESH,MADHYA PRADESH,Singrauli,SINGRAULI,68.0,72068.0,5422.0,7206.8,542.2
2013-12,2013,12,CENTRAL REGION,CENTRAL REGION,MADHYA PRADESH,MADHYA PRADESH,Tikamgarh,TIKAMGARH,71.0,19476.0,4923.0,1947.6,492.3
2013-12,2013,12,CENTRAL REGION,CENTRAL REGION,MADHYA PRADESH,MADHYA PRADESH,Ujjain,UJJAIN,166.0,54592.0,34186.0,5459.2,3418.6
2013-12,2013,12,CENTRAL REGION,CENTRAL REGION,MADHYA PRADESH,MADHYA PRADESH,Umaria,UMARIA,32.0,12364.0,2089.0,1236.4,208.9
2013-12,2013,12,CENTRAL REGION,CENTRAL REGION,MADHYA PRADESH,MADHYA PRADESH,Vidisha,VIDISHA,100.0,20042.0,19177.0,2004.2,1917.7
2013-12,2013,12,CENTRAL REGION,CENTRAL REGION,MADHYA PRADESH,MADHYA PRADESH,West Nimar,WEST NIMAR,106.0,22724.0,19579.0,2272.4,1957.9
2013-12,2013,12,WESTERN REGION,WESTERN REGION,MAHARASHTRA,MAHARASHTRA,Ahmadnagar,AHMADNAGAR,336.0,94609.0,97239.0,9460.9,9723.9
2013-12,2013,12,WESTERN REGION,WESTERN REGION,MAHARASHTRA,MAHARASHTRA,Akola,AKOLA,142.0,38014.0,21160.0,3801.4,2116.0
2013-12,2013,12,WESTERN REGION,WESTERN REGION,MAHARASHTRA,MAHARASHTRA,Amravati,AMRAVATI,216.0,63271.0,33387.0,6327.1,3338.7
2013-12,2013,12,WESTERN REGION,WESTERN REGION,MAHARASHTRA,MAHARASHTRA,Aurangabad,AURANGABAD,259.0,104976.0,107380.0,10497.6,10738.0
2013-12,2013,12,WESTERN REGION,WESTERN REGION,MAHARASHTRA,MAHARASHTRA,Bhandara,BHANDARA,98.0,32773.0,8134.0,3277.3,813.4
2013-12,2013,12,WESTERN REGION,WESTERN REGION,MAHARASHTRA,MAHARASHTRA,Bid,BID,132.0,34271.0,26115.0,3427.1,2611.5
2013-12,2013,12,WESTERN REGION,WESTERN REGION,MAHARASHTRA,MAHARASHTRA,Buldhana,BULDHANA,151.0,33367.0,26186.0,3336.7,2618.6
2013-12,2013,12,WESTERN REGION,WESTERN REGION,MAHARASHTRA,MAHARASHTRA,Chandrapur,CHANDRAPUR,182.0,56894.0,17319.0,5689.4,1731.9
2013-12,2013,12,WESTERN REGION,WESTERN REGION,MAHARASHTRA,MAHARASHTRA,Dhule,DHULE,101.0,40267.0,24394.0,4026.7,2439.4
2013-12,2013,12,WESTERN REGION,WESTERN REGION,MAHARASHTRA,MAHARASHTRA,Gadchiroli,GADCHIROLI,59.0,15401.0,4538.0,1540.1,453.8
2013-12,2013,12,WESTERN REGION,WESTERN REGION,MAHARASHTRA,MAHARASHTRA,Gondia,GONDIA,82.0,19473.0,8303.0,1947.3,830.3
2013-12,2013,12,WESTERN REGION,WESTERN REGION,MAHARASHTRA,MAHARASHTRA,Hingoli,HINGOLI,53.0,9760.0,10138.0,976.0,1013.8
2013-12,2013,12,WESTERN REGION,WESTERN REGION,MAHARASHTRA,MAHARASHTRA,Jalgaon,JALGAON,256.0,76833.0,53678.0,7683.3,5367.8
2013-12,2013,12,WESTERN REGION,WESTERN REGION,MAHARASHTRA,MAHARASHTRA,Jalna,JALNA,98.0,21078.0,29449.0,2107.8,2944.9
2013-12,2013,12,WESTERN REGION,WESTERN REGION,MAHARASHTRA,MAHARASHTRA,Kolhapur,KOLHAPUR,351.0,114644.0,96796.0,11464.4,9679.6
2013-12,2013,12,WESTERN REGION,WESTERN REGION,MAHARASHTRA,MAHARASHTRA,Latur,LATUR,146.0,34752.0,28132.0,3475.2,2813.2
2013-12,2013,12,WESTERN REGION,WESTERN REGION,MAHARASHTRA,MAHARASHTRA,Mumbai,MUMBAI,987.0,9752257.0,9581111.0,975225.7,958111.1
2013-12,2013,12,WESTERN REGION,WESTERN REGION,MAHARASHTRA,MAHARASHTRA,Mumbai Suburban,MUMBAI SUBURBAN,1290.0,4297187.0,3923503.0,429718.7,392350.3
2013-12,2013,12,WESTERN REGION,WESTERN REGION,MAHARASHTRA,MAHARASHTRA,Nagpur,NAGPUR,525.0,450369.0,310026.0,45036.9,31002.6
2013-12,2013,12,WESTERN REGION,WESTERN REGION,MAHARASHTRA,MAHARASHTRA,Nanded,NANDED,179.0,48777.0,41411.0,4877.7,4141.1
2013-12,2013,12,WESTERN REGION,WESTERN REGION,MAHARASHTRA,MAHARASHTRA,Nandurbar,NANDURBAR,60.0,20553.0,9728.0,2055.3,972.8
2013-12,2013,12,WESTERN REGION,WESTERN REGION,MAHARASHTRA,MAHARASHTRA,Nasik,NASIK,455.0,204307.0,134619.0,20430.7,13461.9
2013-12,2013,12,WESTERN REGION,WESTERN REGION,MAHARASHTRA,MAHARASHTRA,Osmanabad,OSMANABAD,99.0,24042.0,14977.0,2404.2,1497.7
2013-12,2013,12,WESTERN REGION,WESTERN REGION,MAHARASHTRA,MAHARASHTRA,Parbhani,PARBHANI,98.0,21301.0,26249.0,2130.1,2624.9
2013-12,2013,12,WESTERN REGION,WESTERN REGION,MAHARASHTRA,MAHARASHTRA,Pune,PUNE,1142.0,1399986.0,1063480.0,139998.6,106348.0
2013-12,2013,12,WESTERN REGION,WESTERN REGION,MAHARASHTRA,MAHARASHTRA,Raigad,RAIGAD,329.0,184475.0,79705.0,18447.5,7970.5
2013-12,2013,12,WESTERN REGION,WESTERN REGION,MAHARASHTRA,MAHARASHTRA,Ratnagiri,RATNAGIRI,203.0,48924.0,23209.0,4892.4,2320.9
2013-12,2013,12,WESTERN REGION,WESTERN REGION,MAHARASHTRA,MAHARASHTRA,Sangli,SANGLI,241.0,74069.0,50866.0,7406.9,5086.6
2013-12,2013,12,WESTERN REGION,WESTERN REGION,MAHARASHTRA,MAHARASHTRA,Satara,SATARA,243.0,64939.0,38680.0,6493.9,3868.0
2013-12,2013,12,WESTERN REGION,WESTERN REGION,MAHARASHTRA,MAHARASHTRA,Sindhudurg,SINDHUDURG,123.0,31169.0,12606.0,3116.9,1260.6
2013-12,2013,12,WESTERN REGION,WESTERN REGION,MAHARASHTRA,MAHARASHTRA,Solapur,SOLAPUR,283.0,81919.0,76990.0,8191.9,7699.0
2013-12,2013,12,WESTERN REGION,WESTERN REGION,MAHARASHTRA,MAHARASHTRA,Thane,THANE,1071.0,949718.0,378215.0,94971.8,37821.5
2013-12,2013,12,WESTERN REGION,WESTERN REGION,MAHARASHTRA,MAHARASHTRA,Wardha,WARDHA,126.0,34309.0,20623.0,3430.9,2062.3
2013-12,2013,12,WESTERN REGION,WESTERN REGION,MAHARASHTRA,MAHARASHTRA,Washim,WASHIM,67.0,10653.0,7152.0,1065.3,715.2
2013-12,2013,12,WESTERN REGION,WESTERN REGION,MAHARASHTRA,MAHARASHTRA,Yavatmal,YAVATMAL,160.0,35265.0,26021.0,3526.5,2602.1
2013-12,2013,12,NORTH-EASTERN REGION,NORTH EASTERN REGION,MANIPUR,MANIPUR,Bishenpur,BISHENPUR,9.0,693.0,597.0,69.3,59.7
2013-12,2013,12,NORTH-EASTERN REGION,NORTH EASTERN REGION,MANIPUR,MANIPUR,Chandel,CHANDEL,4.0,776.0,634.0,77.6,63.4
2013-12,2013,12,NORTH-EASTERN REGION,NORTH EASTERN REGION,MANIPUR,MANIPUR,Churachandpur,CHURACHANDPUR,12.0,2965.0,1117.0,296.5,111.7
2013-12,2013,12,NORTH-EASTERN REGION,NORTH EASTERN REGION,MANIPUR,MANIPUR,Imphal East,IMPHAL EAST,17.0,5639.0,839.0,563.9,83.9
2013-12,2013,12,NORTH-EASTERN REGION,NORTH EASTERN REGION,MANIPUR,MANIPUR,Imphal West,IMPHAL WEST,40.0,28082.0,10278.0,2808.2,1027.8
2013-12,2013,12,NORTH-EASTERN REGION,NORTH EASTERN REGION,MANIPUR,MANIPUR,Senapati,SENAPATI,15.0,2300.0,1325.0,230.0,132.5
2013-12,2013,12,NORTH-EASTERN REGION,NORTH EASTERN REGION,MANIPUR,MANIPUR,Tamenglong,TAMENGLONG,6.0,454.0,135.0,45.4,13.5
2013-12,2013,12,NORTH-EASTERN REGION,NORTH EASTERN REGION,MANIPUR,MANIPUR,Thoubal,THOUBAL,13.0,1533.0,1214.0,153.3,121.4
2013-12,2013,12,NORTH-EASTERN REGION,NORTH EASTERN REGION,MANIPUR,MANIPUR,Ukhrul,UKHRUL,7.0,991.0,208.0,99.1,20.8
2013-12,2013,12,NORTH-EASTERN REGION,NORTH EASTERN REGION,MEGHALAYA,MEGHALAYA,East Garo Hills,EAST GARO HILLS,18.0,4557.0,1261.0,455.7,126.1
2013-12,2013,12,NORTH-EASTERN REGION,NORTH EASTERN REGION,MEGHALAYA,MEGHALAYA,East Khasi Hills,EAST KHASI HILLS,126.0,96135.0,25340.0,9613.5,2534.0
2013-12,2013,12,NORTH-EASTERN REGION,NORTH EASTERN REGION,MEGHALAYA,MEGHALAYA,Jaintia Hills,JAINTIA HILLS,42.0,13334.0,2400.0,1333.4,240.0
2013-12,2013,12,NORTH-EASTERN REGION,NORTH EASTERN REGION,MEGHALAYA,MEGHALAYA,Ri Bhoi,RI BHOI,22.0,6297.0,3468.0,629.7,346.8
2013-12,2013,12,NORTH-EASTERN REGION,NORTH EASTERN REGION,MEGHALAYA,MEGHALAYA,South Garo Hills,SOUTH GARO HILLS,3.0,973.0,203.0,97.3,20.3
2013-12,2013,12,NORTH-EASTERN REGION,NORTH EASTERN REGION,MEGHALAYA,MEGHALAYA,West Garo Hills,WEST GARO HILLS,33.0,9341.0,2842.0,934.1,284.2
2013-12,2013,12,NORTH-EASTERN REGION,NORTH EASTERN REGION,MEGHALAYA,MEGHALAYA,West Khasi Hills,WEST KHASI HILLS,23.0,4836.0,1710.0,483.6,171.0
2013-12,2013,12,NORTH-EASTERN REGION,NORTH EASTERN REGION,MIZORAM,MIZORAM,Aizawl,AIZAWL,56.0,32817.0,9158.0,3281.7,915.8
2013-12,2013,12,NORTH-EASTERN REGION,NORTH EASTERN REGION,MIZORAM,MIZORAM,Champhai,CHAMPHAI,12.0,1481.0,829.0,148.1,82.9
2013-12,2013,12,NORTH-EASTERN REGION,NORTH EASTERN REGION,MIZORAM,MIZORAM,Kolasib,KOLASIB,11.0,1491.0,642.0,149.1,64.2
2013-12,2013,12,NORTH-EASTERN REGION,NORTH EASTERN REGION,MIZORAM,MIZORAM,Lawngtlai,LAWNGTLAI,4.0,887.0,1416.0,88.7,141.6
2013-12,2013,12,NORTH-EASTERN REGION,NORTH EASTERN REGION,MIZORAM,MIZORAM,Lunglei,LUNGLEI,16.0,2937.0,1748.0,293.7,174.8
2013-12,2013,12,NORTH-EASTERN REGION,NORTH EASTERN REGION,MIZORAM,MIZORAM,Mamit,MAMIT,12.0,2516.0,757.0,251.6,75.7
2013-12,2013,12,NORTH-EASTERN REGION,NORTH EASTERN REGION,MIZORAM,MIZORAM,Saiha,SAIHA,5.0,658.0,745.0,65.8,74.5
2013-12,2013,12,NORTH-EASTERN REGION,NORTH EASTERN REGION,MIZORAM,MIZORAM,Serchhip,SERCHHIP,9.0,1009.0,589.0,100.9,58.9
2013-12,2013,12,NORTH-EASTERN REGION,NORTH EASTERN REGION,NAGALAND,NAGALAND,Dimapur,DIMAPUR,42.0,28839.0,8678.0,2883.9,867.8
2013-12,2013,12,NORTH-EASTERN REGION,NORTH EASTERN REGION,NAGALAND,NAGALAND,Kiphire,KIPHIRE,2.0,303.0,171.0,30.3,17.1
2013-12,2013,12,NORTH-EASTERN REGION,NORTH EASTERN REGION,NAGALAND,NAGALAND,Kohima,KOHIMA,28.0,23085.0,4069.0,2308.5,406.9
2013-12,2013,12,NORTH-EASTERN REGION,NORTH EASTERN REGION,NAGALAND,NAGALAND,Longleng,LONGLENG,1.0,330.0,160.0,33.0,16.0
2013-12,2013,12,NORTH-EASTERN REGION,NORTH EASTERN REGION,NAGALAND,NAGALAND,Mokokchung,MOKOKCHUNG,20.0,2436.0,1751.0,243.6,175.1
2013-12,2013,12,NORTH-EASTERN REGION,NORTH EASTERN REGION,NAGALAND,NAGALAND,Mon,MON,5.0,1022.0,556.0,102.2,55.6
2013-12,2013,12,NORTH-EASTERN REGION,NORTH EASTERN REGION,NAGALAND,NAGALAND,Peren,PEREN,3.0,507.0,597.0,50.7,59.7
2013-12,2013,12,NORTH-EASTERN REGION,NORTH EASTERN REGION,NAGALAND,NAGALAND,Phek,PHEK,5.0,928.0,634.0,92.8,63.4
2013-12,2013,12,NORTH-EASTERN REGION,NORTH EASTERN REGION,NAGALAND,NAGALAND,Tuensang,TUENSANG,7.0,837.0,863.0,83.7,86.3
2013-12,2013,12,NORTH-EASTERN REGION,NORTH EASTERN REGION,NAGALAND,NAGALAND,Wokha,WOKHA,11.0,1196.0,1003.0,119.6,100.3
2013-12,2013,12,NORTH-EASTERN REGION,NORTH EASTERN REGION,NAGALAND,NAGALAND,Zunheboto,ZUNHEBOTO,7.0,1172.0,884.0,117.2,88.4
2013-12,2013,12,NORTHERN REGION,NORTHERN REGION,NCT of DELHI,NCT OF DELHI,NCT of DELHI,NCT OF DELHI,2969.0,7857335.0,7491443.0,785733.5,749144.3
2013-12,2013,12,EASTERN REGION,EASTERN REGION,ODISHA,ODISHA,Angul,ANGUL,124.0,45652.0,15833.0,4565.2,1583.3
2013-12,2013,12,EASTERN REGION,EASTERN REGION,ODISHA,ODISHA,Balangir,BALANGIR,107.0,25784.0,10002.0,2578.4,1000.2
2013-12,2013,12,EASTERN REGION,EASTERN REGION,ODISHA,ODISHA,Baleshwar,BALESHWAR,162.0,47047.0,24975.0,4704.7,2497.5
2013-12,2013,12,EASTERN REGION,EASTERN REGION,ODISHA,ODISHA,Bargarh,BARGARH,106.0,21108.0,13001.0,2110.8,1300.1
2013-12,2013,12,EASTERN REGION,EASTERN REGION,ODISHA,ODISHA,Bhadrak,BHADRAK,96.0,24352.0,9772.0,2435.2,977.2
2013-12,2013,12,EASTERN REGION,EASTERN REGION,ODISHA,ODISHA,Boudh,BOUDH,29.0,4490.0,1894.0,449.0,189.4
2013-12,2013,12,EASTERN REGION,EASTERN REGION,ODISHA,ODISHA,Cuttack,CUTTACK,291.0,122672.0,52771.0,12267.2,5277.1
2013-12,2013,12,EASTERN REGION,EASTERN REGION,ODISHA,ODISHA,Deogarh,DEOGARH,27.0,5336.0,1365.0,533.6,136.5
2013-12,2013,12,EASTERN REGION,EASTERN REGION,ODISHA,ODISHA,Dhenkanal,DHENKANAL,88.0,27488.0,8840.0,2748.8,884.0
2013-12,2013,12,EASTERN REGION,EASTERN REGION,ODISHA,ODISHA,Gajapati,GAJAPATI,42.0,10047.0,2050.0,1004.7,205.0
2013-12,2013,12,EASTERN REGION,EASTERN REGION,ODISHA,ODISHA,Ganjam,GANJAM,304.0,95755.0,31747.0,9575.5,3174.7
2013-12,2013,12,EASTERN REGION,EASTERN REGION,ODISHA,ODISHA,Jagatsinghpur,JAGATSINGHPUR,120.0,50371.0,9261.0,5037.1,926.1
2013-12,2013,12,EASTERN REGION,EASTERN REGION,ODISHA,ODISHA,Jajpur,JAJPUR,141.0,36487.0,16806.0,3648.7,1680.6
2013-12,2013,12,EASTERN REGION,EASTERN REGION,ODISHA,ODISHA,Jharsuguda,JHARSUGUDA,65.0,21580.0,8487.0,2158.0,848.7
2013-12,2013,12,EASTERN REGION,EASTERN REGION,ODISHA,ODISHA,Kalahandi,KALAHANDI,108.0,17303.0,10484.0,1730.3,1048.4
2013-12,2013,12,EASTERN REGION,EASTERN REGION,ODISHA,ODISHA,Kandhamal,KANDHAMAL,53.0,12518.0,3267.0,1251.8,326.7
2013-12,2013,12,EASTERN REGION,EASTERN REGION,ODISHA,ODISHA,Kendrapara,KENDRAPARA,99.0,25896.0,7643.0,2589.6,764.3
2013-12,2013,12,EASTERN REGION,EASTERN REGION,ODISHA,ODISHA,Keonjhar,KEONJHAR,168.0,57497.0,19943.0,5749.7,1994.3
2013-12,2013,12,EASTERN REGION,EASTERN REGION,ODISHA,ODISHA,Khurda,KHURDA,451.0,474718.0,315612.0,47471.8,31561.2
2013-12,2013,12,EASTERN REGION,EASTERN REGION,ODISHA,ODISHA,Koraput,KORAPUT,89.0,26827.0,9564.0,2682.7,956.4
2013-12,2013,12,EASTERN REGION,EASTERN REGION,ODISHA,ODISHA,Malkangiri,MALKANGIRI,29.0,8261.0,1341.0,826.1,134.1
2013-12,2013,12,EASTERN REGION,EASTERN REGION,ODISHA,ODISHA,Mayurbhanj,MAYURBHANJ,200.0,47157.0,16275.0,4715.7,1627.5
2013-12,2013,12,EASTERN REGION,EASTERN REGION,ODISHA,ODISHA,Nawapara,NAWAPARA,42.0,8616.0,3018.0,861.6,301.8
2013-12,2013,12,EASTERN REGION,EASTERN REGION,ODISHA,ODISHA,Nawrangpur,NAWRANGPUR,50.0,8036.0,4448.0,803.6,444.8
2013-12,2013,12,EASTERN REGION,EASTERN REGION,ODISHA,ODISHA,Nayagarh,NAYAGARH,76.0,15338.0,6939.0,1533.8,693.9
2013-12,2013,12,EASTERN REGION,EASTERN REGION,ODISHA,ODISHA,Puri,PURI,151.0,40535.0,14512.0,4053.5,1451.2
2013-12,2013,12,EASTERN REGION,EASTERN REGION,ODISHA,ODISHA,Rayagada,RAYAGADA,72.0,19026.0,5900.0,1902.6,590.0
2013-12,2013,12,EASTERN REGION,EASTERN REGION,ODISHA,ODISHA,Sambalpur,SAMBALPUR,125.0,183805.0,15827.0,18380.5,1582.7
2013-12,2013,12,EASTERN REGION,EASTERN REGION,ODISHA,ODISHA,Sonepur,SONEPUR,47.0,7956.0,3745.0,795.6,374.5
2013-12,2013,12,EASTERN REGION,EASTERN REGION,ODISHA,ODISHA,Sundargarh,SUNDARGARH,204.0,98102.0,46059.0,9810.2,4605.9
2013-12,2013,12,SOUTHERN REGION,SOUTHERN REGION,PUDUCHERRY,PUDUCHERRY,Karaikal,KARAIKAL,42.0,10829.0,8542.0,1082.9,854.2
2013-12,2013,12,SOUTHERN REGION,SOUTHERN REGION,PUDUCHERRY,PUDUCHERRY,Mahe,MAHE,8.0,4836.0,1846.0,483.6,184.6
2013-12,2013,12,SOUTHERN REGION,SOUTHERN REGION,PUDUCHERRY,PUDUCHERRY,Puducherry,PUDUCHERRY,131.0,73733.0,57626.0,7373.3,5762.6
2013-12,2013,12,SOUTHERN REGION,SOUTHERN REGION,PUDUCHERRY,PUDUCHERRY,Yanam,YANAM,5.0,1447.0,1094.0,144.7,109.4
2013-12,2013,12,NORTHERN REGION,NORTHERN REGION,PUNJAB,PUNJAB,Amritsar,AMRITSAR,448.0,216915.0,99419.0,21691.5,9941.9
2013-12,2013,12,NORTHERN REGION,NORTHERN REGION,PUNJAB,PUNJAB,Barnala,BARNALA,86.0,21539.0,17272.0,2153.9,1727.2
2013-12,2013,12,NORTHERN REGION,NORTHERN REGION,PUNJAB,PUNJAB,Bathinda,BATHINDA,230.0,68638.0,60266.0,6863.8,6026.6
2013-12,2013,12,NORTHERN REGION,NORTHERN REGION,PUNJAB,PUNJAB,Faridkot,FARIDKOT,104.0,27655.0,19669.0,2765.5,1966.9
2013-12,2013,12,NORTHERN REGION,NORTHERN REGION,PUNJAB,PUNJAB,Fatehgarh Sahib,FATEHGARH SAHIB,128.0,35376.0,39867.0,3537.6,3986.7
2013-12,2013,12,NORTHERN REGION,NORTHERN REGION,PUNJAB,PUNJAB,Fazilka,FAZILKA,119.0,25515.0,41473.0,2551.5,4147.3
2013-12,2013,12,NORTHERN REGION,NORTHERN REGION,PUNJAB,PUNJAB,Ferozpur,FEROZPUR,133.0,35386.0,38114.0,3538.6,3811.4
2013-12,2013,12,NORTHERN REGION,NORTHERN REGION,PUNJAB,PUNJAB,Gurdaspur,GURDASPUR,229.0,82332.0,43450.0,8233.2,4345.0
2013-12,2013,12,NORTHERN REGION,NORTHERN REGION,PUNJAB,PUNJAB,Hoshiarpur,HOSHIARPUR,294.0,154918.0,38871.0,15491.8,3887.1
2013-12,2013,12,NORTHERN REGION,NORTHERN REGION,PUNJAB,PUNJAB,Jalandhar,JALANDHAR,615.0,396018.0,115437.0,39601.8,11543.7
2013-12,2013,12,NORTHERN REGION,NORTHERN REGION,PUNJAB,PUNJAB,Kapurthala,KAPURTHALA,216.0,118730.0,39490.0,11873.0,3949.0
2013-12,2013,12,NORTHERN REGION,NORTHERN REGION,PUNJAB,PUNJAB,Ludhiana,LUDHIANA,718.0,363806.0,571412.0,36380.6,57141.2
2013-12,2013,12,NORTHERN REGION,NORTHERN REGION,PUNJAB,PUNJAB,Mansa,MANSA,88.0,16762.0,18360.0,1676.2,1836.0
2013-12,2013,12,NORTHERN REGION,NORTHERN REGION,PUNJAB,PUNJAB,Moga,MOGA,163.0,54582.0,30105.0,5458.2,3010.5
2013-12,2013,12,NORTHERN REGION,NORTHERN REGION,PUNJAB,PUNJAB,Muktsar,MUKTSAR,127.0,28121.0,28183.0,2812.1,2818.3
2013-12,2013,12,NORTHERN REGION,NORTHERN REGION,PUNJAB,PUNJAB,Pathankot,PATHANKOT,92.0,39644.0,16141.0,3964.4,1614.1
2013-12,2013,12,NORTHERN REGION,NORTHERN REGION,PUNJAB,PUNJAB,Patiala,PATIALA,329.0,163357.0,193886.0,16335.7,19388.6
2013-12,2013,12,NORTHERN REGION,NORTHERN REGION,PUNJAB,PUNJAB,Rupnagar,RUPNAGAR,127.0,44120.0,13984.0,4412.0,1398.4
2013-12,2013,12,NORTHERN REGION,NORTHERN REGION,PUNJAB,PUNJAB,Sahibzada Ajit Singh Nagar,SAHIBZADA AJIT SINGH NAGAR,290.0,135762.0,181785.0,13576.2,18178.5
2013-12,2013,12,NORTHERN REGION,NORTHERN REGION,PUNJAB,PUNJAB,Sangrur,SANGRUR,228.0,67008.0,52984.0,6700.8,5298.4
2013-12,2013,12,NORTHERN REGION,NORTHERN REGION,PUNJAB,PUNJAB,Shahid Bhagat Singh Nagar,SHAHID BHAGAT SINGH NAGAR,146.0,69526.0,15610.0,6952.6,1561.0
2013-12,2013,12,NORTHERN REGION,NORTHERN REGION,PUNJAB,PUNJAB,Tarn Taran,TARN TARAN,134.0,30922.0,20802.0,3092.2,2080.2
2013-12,2013,12,NORTHERN REGION,NORTHERN REGION,RAJASTHAN,RAJASTHAN,Ajmer,AJMER,256.0,117156.0,55948.0,11715.6,5594.8
2013-12,2013,12,NORTHERN REGION,NORTHERN REGION,RAJASTHAN,RAJASTHAN,Alwar,ALWAR,307.0,88626.0,63274.0,8862.6,6327.4
2013-12,2013,12,NORTHERN REGION,NORTHERN REGION,RAJASTHAN,RAJASTHAN,Banswara,BANSWARA,110.0,24456.0,15851.0,2445.6,1585.1
2013-12,2013,12,NORTHERN REGION,NORTHERN REGION,RAJASTHAN,RAJASTHAN,Baran,BARAN,85.0,13380.0,13900.0,1338.0,1390.0
2013-12,2013,12,NORTHERN REGION,NORTHERN REGION,RAJASTHAN,RAJASTHAN,Barmer,BARMER,114.0,30166.0,23088.0,3016.6,2308.8
2013-12,2013,12,NORTHERN REGION,NORTHERN REGION,RAJASTHAN,RAJASTHAN,Bharatpur,BHARATPUR,151.0,37475.0,26317.0,3747.5,2631.7
2013-12,2013,12,NORTHERN REGION,NORTHERN REGION,RAJASTHAN,RAJASTHAN,Bhilwara,BHILWARA,184.0,50261.0,70315.0,5026.1,7031.5
2013-12,2013,12,NORTHERN REGION,NORTHERN REGION,RAJASTHAN,RAJASTHAN,Bikaner,BIKANER,218.0,67262.0,51824.0,6726.2,5182.4
2013-12,2013,12,NORTHERN REGION,NORTHERN REGION,RAJASTHAN,RAJASTHAN,Bundi,BUNDI,91.0,17061.0,15116.0,1706.1,1511.6
2013-12,2013,12,NORTHERN REGION,NORTHERN REGION,RAJASTHAN,RAJASTHAN,Chittaurgarh,CHITTAURGARH,134.0,34830.0,19194.0,3483.0,1919.4
2013-12,2013,12,NORTHERN REGION,NORTHERN REGION,RAJASTHAN,RAJASTHAN,Churu,CHURU,142.0,30703.0,22112.0,3070.3,2211.2
2013-12,2013,12,NORTHERN REGION,NORTHERN REGION,RAJASTHAN,RAJASTHAN,Dausa,DAUSA,112.0,18983.0,12189.0,1898.3,1218.9
2013-12,2013,12,NORTHERN REGION,NORTHERN REGION,RAJASTHAN,RAJASTHAN,Dholpur,DHOLPUR,47.0,11082.0,6905.0,1108.2,690.5
2013-12,2013,12,NORTHERN REGION,NORTHERN REGION,RAJASTHAN,RAJASTHAN,Dungarpur,DUNGARPUR,86.0,21373.0,9405.0,2137.3,940.5
2013-12,2013,12,NORTHERN REGION,NORTHERN REGION,RAJASTHAN,RAJASTHAN,Ganganagar,GANGANAGAR,212.0,47605.0,55846.0,4760.5,5584.6
2013-12,2013,12,NORTHERN REGION,NORTHERN REGION,RAJASTHAN,RAJASTHAN,Hanumangarh,HANUMANGARH,164.0,23980.0,39276.0,2398.0,3927.6
2013-12,2013,12,NORTHERN REGION,NORTHERN REGION,RAJASTHAN,RAJASTHAN,Jaipur,JAIPUR,812.0,562630.0,686145.0,56263.0,68614.5
2013-12,2013,12,NORTHERN REGION,NORTHERN REGION,RAJASTHAN,RAJASTHAN,Jaisalmer,JAISALMER,53.0,10822.0,11066.0,1082.2,1106.6
2013-12,2013,12,NORTHERN REGION,NORTHERN REGION,RAJASTHAN,RAJASTHAN,Jalor,JALOR,102.0,17399.0,15551.0,1739.9,1555.1
2013-12,2013,12,NORTHERN REGION,NORTHERN REGION,RAJASTHAN,RAJASTHAN,Jhalawar,JHALAWAR,86.0,15528.0,12568.0,1552.8,1256.8
2013-12,2013,12,NORTHERN REGION,NORTHERN REGION,RAJASTHAN,RAJASTHAN,Jhunjhunu,JHUNJHUNU,173.0,42818.0,21102.0,4281.8,2110.2
2013-12,2013,12,NORTHERN REGION,NORTHERN REGION,RAJASTHAN,RAJASTHAN,Jodhpur,JODHPUR,304.0,136977.0,94305.0,13697.7,9430.5
2013-12,2013,12,NORTHERN REGION,NORTHERN REGION,RAJASTHAN,RAJASTHAN,Karauli,KARAULI,76.0,14952.0,8129.0,1495.2,812.9
2013-12,2013,12,NORTHERN REGION,NORTHERN REGION,RAJASTHAN,RAJASTHAN,Kota,KOTA,194.0,90913.0,56050.0,9091.3,5605.0
2013-12,2013,12,NORTHERN REGION,NORTHERN REGION,RAJASTHAN,RAJASTHAN,Nagaur,NAGAUR,191.0,35090.0,23252.0,3509.0,2325.2
2013-12,2013,12,NORTHERN REGION,NORTHERN REGION,RAJASTHAN,RAJASTHAN,Pali,PALI,171.0,37353.0,22565.0,3735.3,2256.5
2013-12,2013,12,NORTHERN REGION,NORTHERN REGION,RAJASTHAN,RAJASTHAN,Pratapgarh,PRATAPGARH,52.0,9801.0,7992.0,980.1,799.2
2013-12,2013,12,NORTHERN REGION,NORTHERN REGION,RAJASTHAN,RAJASTHAN,Rajsamand,RAJSAMAND,92.0,24651.0,10760.0,2465.1,1076.0
2013-12,2013,12,NORTHERN REGION,NORTHERN REGION,RAJASTHAN,RAJASTHAN,Sawai Madhopur,SAWAI MADHOPUR,117.0,18879.0,13767.0,1887.9,1376.7
2013-12,2013,12,NORTHERN REGION,NORTHERN REGION,RAJASTHAN,RAJASTHAN,Sikar,SIKAR,203.0,45757.0,30437.0,4575.7,3043.7
2013-12,2013,12,NORTHERN REGION,NORTHERN REGION,RAJASTHAN,RAJASTHAN,Sirohi,SIROHI,81.0,23550.0,9749.0,2355.0,974.9
2013-12,2013,12,NORTHERN REGION,NORTHERN REGION,RAJASTHAN,RAJASTHAN,Tonk,TONK,120.0,20453.0,14930.0,2045.3,1493.0
2013-12,2013,12,NORTHERN REGION,NORTHERN REGION,RAJASTHAN,RAJASTHAN,Udaipur,UDAIPUR,261.0,133211.0,64321.0,13321.1,6432.1
2013-12,2013,12,EASTERN REGION,EASTERN REGION,SIKKIM,SIKKIM,East Sikkim,EAST SIKKIM,65.0,44647.0,10547.0,4464.7,1054.7
2013-12,2013,12,EASTERN REGION,EASTERN REGION,SIKKIM,SIKKIM,North Sikkim,NORTH SIKKIM,8.0,1039.0,407.0,103.9,40.7
2013-12,2013,12,EASTERN REGION,EASTERN REGION,SIKKIM,SIKKIM,South Sikkim,SOUTH SIKKIM,22.0,4486.0,1732.0,448.6,173.2
2013-12,2013,12,EASTERN REGION,EASTERN REGION,SIKKIM,SIKKIM,West Sikkim,WEST SIKKIM,9.0,1840.0,799.0,184.0,79.9
2013-12,2013,12,SOUTHERN REGION,SOUTHERN REGION,TAMIL NADU,TAMIL NADU,Ariyalur,ARIYALUR,58.0,8852.0,19780.0,885.2,1978.0
2013-12,2013,12,SOUTHERN REGION,SOUTHERN REGION,TAMIL NADU,TAMIL NADU,Chennai,CHENNAI,1285.0,2222698.0,2907371.0,222269.8,290737.1
2013-12,2013,12,SOUTHERN REGION,SOUTHERN REGION,TAMIL NADU,TAMIL NADU,Coimbatore,COIMBATORE,612.0,365136.0,495154.0,36513.6,49515.4
2013-12,2013,12,SOUTHERN REGION,SOUTHERN REGION,TAMIL NADU,TAMIL NADU,Cuddalore,CUDDALORE,210.0,80773.0,85010.0,8077.3,8501.0
2013-12,2013,12,SOUTHERN REGION,SOUTHERN REGION,TAMIL NADU,TAMIL NADU,Dharmapuri,DHARMAPURI,96.0,18105.0,37663.0,1810.5,3766.3
2013-12,2013,12,SOUTHERN REGION,SOUTHERN REGION,TAMIL NADU,TAMIL NADU,Dindigul,DINDIGUL,234.0,48440.0,71071.0,4844.0,7107.1
2013-12,2013,12,SOUTHERN REGION,SOUTHERN REGION,TAMIL NADU,TAMIL NADU,Erode,ERODE,293.0,87696.0,118834.0,8769.6,11883.4
2013-12,2013,12,SOUTHERN REGION,SOUTHERN REGION,TAMIL NADU,TAMIL NADU,Kancheepuram,KANCHEEPURAM,580.0,249597.0,142970.0,24959.7,14297.0
2013-12,2013,12,SOUTHERN REGION,SOUTHERN REGION,TAMIL NADU,TAMIL NADU,Kanyakumari,KANYAKUMARI,224.0,66129.0,96712.0,6612.9,9671.2
2013-12,2013,12,SOUTHERN REGION,SOUTHERN REGION,TAMIL NADU,TAMIL NADU,Karur,KARUR,127.0,78913.0,45606.0,7891.3,4560.6
2013-12,2013,12,SOUTHERN REGION,SOUTHERN REGION,TAMIL NADU,TAMIL NADU,Krishnagiri,KRISHNAGIRI,153.0,42568.0,57223.0,4256.8,5722.3
2013-12,2013,12,SOUTHERN REGION,SOUTHERN REGION,TAMIL NADU,TAMIL NADU,Madurai,MADURAI,362.0,146882.0,155862.0,14688.2,15586.2
2013-12,2013,12,SOUTHERN REGION,SOUTHERN REGION,TAMIL NADU,TAMIL NADU,Nagapattinam,NAGAPATTINAM,146.0,40999.0,39193.0,4099.9,3919.3
2013-12,2013,12,SOUTHERN REGION,SOUTHERN REGION,TAMIL NADU,TAMIL NADU,Namakkal,NAMAKKAL,199.0,50155.0,83668.0,5015.5,8366.8
2013-12,2013,12,SOUTHERN REGION,SOUTHERN REGION,TAMIL NADU,TAMIL NADU,Nilgiris,NILGIRIS,95.0,29993.0,19622.0,2999.3,1962.2
2013-12,2013,12,SOUTHERN REGION,SOUTHERN REGION,TAMIL NADU,TAMIL NADU,Perambalur,PERAMBALUR,61.0,11699.0,22252.0,1169.9,2225.2
2013-12,2013,12,SOUTHERN REGION,SOUTHERN REGION,TAMIL NADU,TAMIL NADU,Pudukkottai,PUDUKKOTTAI,159.0,28685.0,44160.0,2868.5,4416.0
2013-12,2013,12,SOUTHERN REGION,SOUTHERN REGION,TAMIL NADU,TAMIL NADU,Ramanathapuram,RAMANATHAPURAM,114.0,25098.0,33827.0,2509.8,3382.7
2013-12,2013,12,SOUTHERN REGION,SOUTHERN REGION,TAMIL NADU,TAMIL NADU,Salem,SALEM,314.0,92893.0,132103.0,9289.3,13210.3
2013-12,2013,12,SOUTHERN REGION,SOUTHERN REGION,TAMIL NADU,TAMIL NADU,Sivaganga,SIVAGANGA,200.0,43964.0,47006.0,4396.4,4700.6
2013-12,2013,12,SOUTHERN REGION,SOUTHERN REGION,TAMIL NADU,TAMIL NADU,Thanjavur,THANJAVUR,243.0,77760.0,84833.0,7776.0,8483.3
2013-12,2013,12,SOUTHERN REGION,SOUTHERN REGION,TAMIL NADU,TAMIL NADU,Theni,THENI,138.0,22651.0,51584.0,2265.1,5158.4
2013-12,2013,12,SOUTHERN REGION,SOUTHERN REGION,TAMIL NADU,TAMIL NADU,Thiruvallur,THIRUVALLUR,349.0,141530.0,95445.0,14153.0,9544.5
2013-12,2013,12,SOUTHERN REGION,SOUTHERN REGION,TAMIL NADU,TAMIL NADU,Thiruvarur,THIRUVARUR,128.0,28028.0,27504.0,2802.8,2750.4
2013-12,2013,12,SOUTHERN REGION,SOUTHERN REGION,TAMIL NADU,TAMIL NADU,Tiruchirapalli,TIRUCHIRAPALLI,324.0,136271.0,132121.0,13627.1,13212.1
2013-12,2013,12,SOUTHERN REGION,SOUTHERN REGION,TAMIL NADU,TAMIL NADU,Tirunelvali,TIRUNELVALI,309.0,94528.0,95229.0,9452.8,9522.9
2013-12,2013,12,SOUTHERN REGION,SOUTHERN REGION,TAMIL NADU,TAMIL NADU,Tiruppur,TIRUPPUR,272.0,98804.0,198248.0,9880.4,19824.8
2013-12,2013,12,SOUTHERN REGION,SOUTHERN REGION,TAMIL NADU,TAMIL NADU,Tiruvannamalai,TIRUVANNAMALAI,162.0,33298.0,44954.0,3329.8,4495.4
2013-12,2013,12,SOUTHERN REGION,SOUTHERN REGION,TAMIL NADU,TAMIL NADU,Toothukudi,TOOTHUKUDI,193.0,76842.0,65407.0,7684.2,6540.7
2013-12,2013,12,SOUTHERN REGION,SOUTHERN REGION,TAMIL NADU,TAMIL NADU,Vellore,VELLORE,310.0,89405.0,92401.0,8940.5,9240.1
2013-12,2013,12,SOUTHERN REGION,SOUTHERN REGION,TAMIL NADU,TAMIL NADU,Villupuram,VILLUPURAM,223.0,40005.0,69008.0,4000.5,6900.8
2013-12,2013,12,SOUTHERN REGION,SOUTHERN REGION,TAMIL NADU,TAMIL NADU,Virudhunagar,VIRUDHUNAGAR,201.0,59390.0,88639.0,5939.0,8863.9
2013-12,2013,12,NORTH-EASTERN REGION,NORTH EASTERN REGION,TRIPURA,TRIPURA,Dhalai,DHALAI,27.0,5140.0,2540.0,514.0,254.0
2013-12,2013,12,NORTH-EASTERN REGION,NORTH EASTERN REGION,TRIPURA,TRIPURA,Gomati,GOMATI,38.0,7697.0,2929.0,769.7,292.9
2013-12,2013,12,NORTH-EASTERN REGION,NORTH EASTERN REGION,TRIPURA,TRIPURA,Khowai,KHOWAI,21.0,5353.0,3114.0,535.3,311.4
2013-12,2013,12,NORTH-EASTERN REGION,NORTH EASTERN REGION,TRIPURA,TRIPURA,North Tripura,NORTH TRIPURA,36.0,7207.0,3227.0,720.7,322.7
2013-12,2013,12,NORTH-EASTERN REGION,NORTH EASTERN REGION,TRIPURA,TRIPURA,Sepahijala,SEPAHIJALA,31.0,7537.0,3131.0,753.7,313.1
2013-12,2013,12,NORTH-EASTERN REGION,NORTH EASTERN REGION,TRIPURA,TRIPURA,South Tripura,SOUTH TRIPURA,32.0,6646.0,2948.0,664.6,294.8
2013-12,2013,12,NORTH-EASTERN REGION,NORTH EASTERN REGION,TRIPURA,TRIPURA,Unakoti,UNAKOTI,16.0,4303.0,1957.0,430.3,195.7
2013-12,2013,12,NORTH-EASTERN REGION,NORTH EASTERN REGION,TRIPURA,TRIPURA,West Tripura,WEST TRIPURA,114.0,82656.0,20605.0,8265.6,2060.5
2013-12,2013,12,CENTRAL REGION,CENTRAL REGION,UTTAR PRADESH,UTTAR PRADESH,Agra,AGRA,425.0,187073.0,104526.0,18707.3,10452.6
2013-12,2013,12,CENTRAL REGION,CENTRAL REGION,UTTAR PRADESH,UTTAR PRADESH,Aligarh,ALIGARH,259.0,100164.0,42575.0,10016.4,4257.5
2013-12,2013,12,CENTRAL REGION,CENTRAL REGION,UTTAR PRADESH,UTTAR PRADESH,Allahabad,ALLAHABAD,417.0,228661.0,47263.0,22866.1,4726.3
2013-12,2013,12,CENTRAL REGION,CENTRAL REGION,UTTAR PRADESH,UTTAR PRADESH,Ambedkar Nagar,AMBEDKAR NAGAR,123.0,29064.0,8441.0,2906.4,844.1
2013-12,2013,12,CENTRAL REGION,CENTRAL REGION,UTTAR PRADESH,UTTAR PRADESH,Amethi,AMETHI,153.0,30443.0,11730.0,3044.3,1173.0
2013-12,2013,12,CENTRAL REGION,CENTRAL REGION,UTTAR PRADESH,UTTAR PRADESH,Auraiya,AURAIYA,81.0,17127.0,4111.0,1712.7,411.1
2013-12,2013,12,CENTRAL REGION,CENTRAL REGION,UTTAR PRADESH,UTTAR PRADESH,Azamgarh,AZAMGARH,264.0,80980.0,13664.0,8098.0,1366.4
2013-12,2013,12,CENTRAL REGION,CENTRAL REGION,UTTAR PRADESH,UTTAR PRADESH,Baghpat,BAGHPAT,95.0,19827.0,10662.0,1982.7,1066.2
2013-12,2013,12,CENTRAL REGION,CENTRAL REGION,UTTAR PRADESH,UTTAR PRADESH,Bahraich,BAHRAICH,142.0,27749.0,15375.0,2774.9,1537.5
2013-12,2013,12,CENTRAL REGION,CENTRAL REGION,UTTAR PRADESH,UTTAR PRADESH,Ballia,BALLIA,178.0,56929.0,10587.0,5692.9,1058.7
2013-12,2013,12,CENTRAL REGION,CENTRAL REGION,UTTAR PRADESH,UTTAR PRADESH,Balrampur,BALRAMPUR,93.0,21428.0,7756.0,2142.8,775.6
2013-12,2013,12,CENTRAL REGION,CENTRAL REGION,UTTAR PRADESH,UTTAR PRADESH,Banda,BANDA,118.0,24223.0,15818.0,2422.3,1581.8
2013-12,2013,12,CENTRAL REGION,CENTRAL REGION,UTTAR PRADESH,UTTAR PRADESH,Bara Banki,BARA BANKI,214.0,40364.0,20604.0,4036.4,2060.4
2013-12,2013,12,CENTRAL REGION,CENTRAL REGION,UTTAR PRADESH,UTTAR PRADESH,Bareilly,BAREILLY,323.0,98250.0,46129.0,9825.0,4612.9
2013-12,2013,12,CENTRAL REGION,CENTRAL REGION,UTTAR PRADESH,UTTAR PRADESH,Basti,BASTI,136.0,34096.0,10270.0,3409.6,1027.0
2013-12,2013,12,CENTRAL REGION,CENTRAL REGION,UTTAR PRADESH,UTTAR PRADESH,Bhim Nagar,BHIM NAGAR,102.0,18788.0,13345.0,1878.8,1334.5
2013-12,2013,12,CENTRAL REGION,CENTRAL REGION,UTTAR PRADESH,UTTAR PRADESH,Bijnor,BIJNOR,207.0,53855.0,36138.0,5385.5,3613.8
2013-12,2013,12,CENTRAL REGION,CENTRAL REGION,UTTAR PRADESH,UTTAR PRADESH,Budaun,BUDAUN,142.0,24833.0,14172.0,2483.3,1417.2
2013-12,2013,12,CENTRAL REGION,CENTRAL REGION,UTTAR PRADESH,UTTAR PRADESH,Bulandshahr,BULANDSHAHR,208.0,61167.0,33009.0,6116.7,3300.9
2013-12,2013,12,CENTRAL REGION,CENTRAL REGION,UTTAR PRADESH,UTTAR PRADESH,Chandauli,CHANDAULI,115.0,29821.0,7475.0,2982.1,747.5
2013-12,2013,12,CENTRAL REGION,CENTRAL REGION,UTTAR PRADESH,UTTAR PRADESH,Chitrakoot,CHITRAKOOT,59.0,11013.0,6297.0,1101.3,629.7
2013-12,2013,12,CENTRAL REGION,CENTRAL REGION,UTTAR PRADESH,UTTAR PRADESH,Deoria,DEORIA,169.0,53243.0,11329.0,5324.3,1132.9
2013-12,2013,12,CENTRAL REGION,CENTRAL REGION,UTTAR PRADESH,UTTAR PRADESH,Etah,ETAH,97.0,22395.0,10094.0,2239.5,1009.4
2013-12,2013,12,CENTRAL REGION,CENTRAL REGION,UTTAR PRADESH,UTTAR PRADESH,Etawah,ETAWAH,99.0,30177.0,8471.0,3017.7,847.1
2013-12,2013,12,CENTRAL REGION,CENTRAL REGION,UTTAR PRADESH,UTTAR PRADESH,Faizabad,FAIZABAD,158.0,50985.0,13257.0,5098.5,1325.7
2013-12,2013,12,CENTRAL REGION,CENTRAL REGION,UTTAR PRADESH,UTTAR PRADESH,Farrukhabad,FARRUKHABAD,105.0,28771.0,10435.0,2877.1,1043.5
2013-12,2013,12,CENTRAL REGION,CENTRAL REGION,UTTAR PRADESH,UTTAR PRADESH,Fatehpur,FATEHPUR,158.0,35811.0,11259.0,3581.1,1125.9
2013-12,2013,12,CENTRAL REGION,CENTRAL REGION,UTTAR PRADESH,UTTAR PRADESH,Firozabad,FIROZABAD,128.0,36658.0,20430.0,3665.8,2043.0
2013-12,2013,12,CENTRAL REGION,CENTRAL REGION,UTTAR PRADESH,UTTAR PRADESH,Gautam Buddha Nagar,GAUTAM BUDDHA NAGAR,365.0,537816.0,253007.0,53781.6,25300.7
2013-12,2013,12,CENTRAL REGION,CENTRAL REGION,UTTAR PRADESH,UTTAR PRADESH,Ghaziabad,GHAZIABAD,364.0,269313.0,121326.0,26931.3,12132.6
2013-12,2013,12,CENTRAL REGION,CENTRAL REGION,UTTAR PRADESH,UTTAR PRADESH,Ghazipur,GHAZIPUR,214.0,65420.0,13284.0,6542.0,1328.4
2013-12,2013,12,CENTRAL REGION,CENTRAL REGION,UTTAR PRADESH,UTTAR PRADESH,Gonda,GONDA,152.0,40281.0,16570.0,4028.1,1657.0
2013-12,2013,12,CENTRAL REGION,CENTRAL REGION,UTTAR PRADESH,UTTAR PRADESH,Gorakhpur,GORAKHPUR,308.0,158276.0,37516.0,15827.6,3751.6
2013-12,2013,12,CENTRAL REGION,CENTRAL REGION,UTTAR PRADESH,UTTAR PRADESH,Hamirpur,HAMIRPUR,82.0,15591.0,10183.0,1559.1,1018.3
2013-12,2013,12,CENTRAL REGION,CENTRAL REGION,UTTAR PRADESH,UTTAR PRADESH,Hardoi,HARDOI,198.0,39877.0,18881.0,3987.7,1888.1
2013-12,2013,12,CENTRAL REGION,CENTRAL REGION,UTTAR PRADESH,UTTAR PRADESH,Hathras,HATHRAS,113.0,24337.0,14292.0,2433.7,1429.2
2013-12,2013,12,CENTRAL REGION,CENTRAL REGION,UTTAR PRADESH,UTTAR PRADESH,Jalaun,JALAUN,109.0,25138.0,17091.0,2513.8,1709.1
2013-12,2013,12,CENTRAL REGION,CENTRAL REGION,UTTAR PRADESH,UTTAR PRADESH,Jaunpur,JAUNPUR,263.0,80491.0,15123.0,8049.1,1512.3
2013-12,2013,12,CENTRAL REGION,CENTRAL REGION,UTTAR PRADESH,UTTAR PRADESH,Jhansi,JHANSI,162.0,68952.0,26389.0,6895.2,2638.9
2013-12,2013,12,CENTRAL REGION,CENTRAL REGION,UTTAR PRADESH,UTTAR PRADESH,Jyotiba Phule Nagar,JYOTIBA PHULE NAGAR,133.0,21584.0,13071.0,2158.4,1307.1
2013-12,2013,12,CENTRAL REGION,CENTRAL REGION,UTTAR PRADESH,UTTAR PRADESH,Kanauj,KANAUJ,90.0,19892.0,9407.0,1989.2,940.7
2013-12,2013,12,CENTRAL REGION,CENTRAL REGION,UTTAR PRADESH,UTTAR PRADESH,Kanpur Dehat,KANPUR DEHAT,155.0,29247.0,10645.0,2924.7,1064.5
2013-12,2013,12,CENTRAL REGION,CENTRAL REGION,UTTAR PRADESH,UTTAR PRADESH,Kanpur Nagar,KANPUR NAGAR,505.0,468709.0,158790.0,46870.9,15879.0
2013-12,2013,12,CENTRAL REGION,CENTRAL REGION,UTTAR PRADESH,UTTAR PRADESH,Kanshiram Nagar,KANSHIRAM NAGAR,73.0,13187.0,6343.0,1318.7,634.3
2013-12,2013,12,CENTRAL REGION,CENTRAL REGION,UTTAR PRADESH,UTTAR PRADESH,Kaushambi,KAUSHAMBI,90.0,15952.0,3844.0,1595.2,384.4
2013-12,2013,12,CENTRAL REGION,CENTRAL REGION,UTTAR PRADESH,UTTAR PRADESH,Kheri,KHERI,205.0,35200.0,28901.0,3520.0,2890.1
2013-12,2013,12,CENTRAL REGION,CENTRAL REGION,UTTAR PRADESH,UTTAR PRADESH,Kushi Nagar,KUSHI NAGAR,159.0,37692.0,12862.0,3769.2,1286.2
2013-12,2013,12,CENTRAL REGION,CENTRAL REGION,UTTAR PRADESH,UTTAR PRADESH,Lalitpur,LALITPUR,67.0,15040.0,10748.0,1504.0,1074.8
2013-12,2013,12,CENTRAL REGION,CENTRAL REGION,UTTAR PRADESH,UTTAR PRADESH,Lucknow,LUCKNOW,764.0,825903.0,422408.0,82590.3,42240.8
2013-12,2013,12,CENTRAL REGION,CENTRAL REGION,UTTAR PRADESH,UTTAR PRADESH,Maharajganj,MAHARAJGANJ,122.0,23298.0,9320.0,2329.8,932.0
2013-12,2013,12,CENTRAL REGION,CENTRAL REGION,UTTAR PRADESH,UTTAR PRADESH,Mahoba,MAHOBA,49.0,12032.0,8053.0,1203.2,805.3
2013-12,2013,12,CENTRAL REGION,CENTRAL REGION,UTTAR PRADESH,UTTAR PRADESH,Mainpuri,MAINPURI,93.0,23372.0,10116.0,2337.2,1011.6
2013-12,2013,12,CENTRAL REGION,CENTRAL REGION,UTTAR PRADESH,UTTAR PRADESH,Mathura,MATHURA,246.0,68198.0,37720.0,6819.8,3772.0
2013-12,2013,12,CENTRAL REGION,CENTRAL REGION,UTTAR PRADESH,UTTAR PRADESH,Mau,MAU,126.0,39700.0,7054.0,3970.0,705.4
2013-12,2013,12,CENTRAL REGION,CENTRAL REGION,UTTAR PRADESH,UTTAR PRADESH,Meerut,MEERUT,340.0,154044.0,88637.0,15404.4,8863.7
2013-12,2013,12,CENTRAL REGION,CENTRAL REGION,UTTAR PRADESH,UTTAR PRADESH,Mirzapur,MIRZAPUR,149.0,40477.0,12833.0,4047.7,1283.3
2013-12,2013,12,CENTRAL REGION,CENTRAL REGION,UTTAR PRADESH,UTTAR PRADESH,Moradabad,MORADABAD,231.0,78972.0,48657.0,7897.2,4865.7
2013-12,2013,12,CENTRAL REGION,CENTRAL REGION,UTTAR PRADESH,UTTAR PRADESH,Muzaffarnagar,MUZAFFARNAGAR,215.0,55783.0,54899.0,5578.3,5489.9
2013-12,2013,12,CENTRAL REGION,CENTRAL REGION,UTTAR PRADESH,UTTAR PRADESH,Panchsheel Nagar,PANCHSHEEL NAGAR,95.0,25562.0,17882.0,2556.2,1788.2
2013-12,2013,12,CENTRAL REGION,CENTRAL REGION,UTTAR PRADESH,UTTAR PRADESH,Pilibhit,PILIBHIT,119.0,20472.0,16304.0,2047.2,1630.4
2013-12,2013,12,CENTRAL REGION,CENTRAL REGION,UTTAR PRADESH,UTTAR PRADESH,Prabudh Nagar,PRABUDH NAGAR,75.0,16432.0,11359.0,1643.2,1135.9
2013-12,2013,12,CENTRAL REGION,CENTRAL REGION,UTTAR PRADESH,UTTAR PRADESH,Pratapgarh,PRATAPGARH,187.0,50148.0,9095.0,5014.8,909.5
2013-12,2013,12,CENTRAL REGION,CENTRAL REGION,UTTAR PRADESH,UTTAR PRADESH,Rai Bareli,RAI BARELI,208.0,45447.0,11872.0,4544.7,1187.2
2013-12,2013,12,CENTRAL REGION,CENTRAL REGION,UTTAR PRADESH,UTTAR PRADESH,Rampur,RAMPUR,147.0,25452.0,18337.0,2545.2,1833.7
2013-12,2013,12,CENTRAL REGION,CENTRAL REGION,UTTAR PRADESH,UTTAR PRADESH,Saharanpur,SAHARANPUR,246.0,64167.0,42610.0,6416.7,4261.0
2013-12,2013,12,CENTRAL REGION,CENTRAL REGION,UTTAR PRADESH,UTTAR PRADESH,Sant Kabir Nagar,SANT KABIR NAGAR,101.0,19352.0,5460.0,1935.2,546.0
2013-12,2013,12,CENTRAL REGION,CENTRAL REGION,UTTAR PRADESH,UTTAR PRADESH,Sant Ravidas Nagar,SANT RAVIDAS NAGAR,95.0,26610.0,9725.0,2661.0,972.5
2013-12,2013,12,CENTRAL REGION,CENTRAL REGION,UTTAR PRADESH,UTTAR PRADESH,Shahjahanpur,SHAHJAHANPUR,176.0,37083.0,24174.0,3708.3,2417.4
2013-12,2013,12,CENTRAL REGION,CENTRAL REGION,UTTAR PRADESH,UTTAR PRADESH,Shravasti,SHRAVASTI,68.0,10208.0,5949.0,1020.8,594.9
2013-12,2013,12,CENTRAL REGION,CENTRAL REGION,UTTAR PRADESH,UTTAR PRADESH,Sidharthanagar,SIDHARTHANAGAR,119.0,22896.0,6963.0,2289.6,696.3
2013-12,2013,12,CENTRAL REGION,CENTRAL REGION,UTTAR PRADESH,UTTAR PRADESH,Sitapur,SITAPUR,223.0,39543.0,20241.0,3954.3,2024.1
2013-12,2013,12,CENTRAL REGION,CENTRAL REGION,UTTAR PRADESH,UTTAR PRADESH,Sonbhadra,SONBHADRA,124.0,41416.0,11249.0,4141.6,1124.9
2013-12,2013,12,CENTRAL REGION,CENTRAL REGION,UTTAR PRADESH,UTTAR PRADESH,Sultanpur,SULTANPUR,140.0,37060.0,9953.0,3706.0,995.3
2013-12,2013,12,CENTRAL REGION,CENTRAL REGION,UTTAR PRADESH,UTTAR PRADESH,Unnao,UNNAO,166.0,48677.0,12536.0,4867.7,1253.6
2013-12,2013,12,CENTRAL REGION,CENTRAL REGION,UTTAR PRADESH,UTTAR PRADESH,Varanasi,VARANASI,363.0,227064.0,64500.0,22706.4,6450.0
2013-12,2013,12,CENTRAL REGION,CENTRAL REGION,UTTARAKHAND,UTTARAKHAND,Almora,ALMORA,104.0,24251.0,5058.0,2425.1,505.8
2013-12,2013,12,CENTRAL REGION,CENTRAL REGION,UTTARAKHAND,UTTARAKHAND,Bageshwar,BAGESHWAR,38.0,7087.0,1853.0,708.7,185.3
2013-12,2013,12,CENTRAL REGION,CENTRAL REGION,UTTARAKHAND,UTTARAKHAND,Chamoli,CHAMOLI,59.0,12996.0,3270.0,1299.6,327.0
2013-12,2013,12,CENTRAL REGION,CENTRAL REGION,UTTARAKHAND,UTTARAKHAND,Champawat,CHAMPAWAT,37.0,7353.0,1834.0,735.3,183.4
2013-12,2013,12,CENTRAL REGION,CENTRAL REGION,UTTARAKHAND,UTTARAKHAND,Dehra Dun,DEHRA DUN,414.0,361897.0,74208.0,36189.7,7420.8
2013-12,2013,12,CENTRAL REGION,CENTRAL REGION,UTTARAKHAND,UTTARAKHAND,Garhwal,GARHWAL,152.0,36855.0,7373.0,3685.5,737.3
2013-12,2013,12,CENTRAL REGION,CENTRAL REGION,UTTARAKHAND,UTTARAKHAND,Haridwar,HARIDWAR,203.0,103092.0,46686.0,10309.2,4668.6
2013-12,2013,12,CENTRAL REGION,CENTRAL REGION,UTTARAKHAND,UTTARAKHAND,Nainital,NAINITAL,164.0,56976.0,21075.0,5697.6,2107.5
2013-12,2013,12,CENTRAL REGION,CENTRAL REGION,UTTARAKHAND,UTTARAKHAND,Pithoragarh,PITHORAGARH,77.0,16955.0,5077.0,1695.5,507.7
2013-12,2013,12,CENTRAL REGION,CENTRAL REGION,UTTARAKHAND,UTTARAKHAND,Rudraprayag,RUDRAPRAYAG,40.0,7442.0,1956.0,744.2,195.6
2013-12,2013,12,CENTRAL REGION,CENTRAL REGION,UTTARAKHAND,UTTARAKHAND,Tehri Garhwal,TEHRI GARHWAL,84.0,18419.0,4169.0,1841.9,416.9
2013-12,2013,12,CENTRAL REGION,CENTRAL REGION,UTTARAKHAND,UTTARAKHAND,Udham Singh Nagar,UDHAM SINGH NAGAR,221.0,53931.0,64103.0,5393.1,6410.3
2013-12,2013,12,CENTRAL REGION,CENTRAL REGION,UTTARAKHAND,UTTARAKHAND,Uttar Kashi,UTTAR KASHI,39.0,7203.0,2587.0,720.3,258.7
2013-12,2013,12,EASTERN REGION,EASTERN REGION,WEST BENGAL,WEST BENGAL,Bankura,BANKURA,216.0,70112.0,14881.0,7011.2,1488.1
2013-12,2013,12,EASTERN REGION,EASTERN REGION,WEST BENGAL,WEST BENGAL,Barddhaman,BARDDHAMAN,589.0,363671.0,95626.0,36367.1,9562.6
2013-12,2013,12,EASTERN REGION,EASTERN REGION,WEST BENGAL,WEST BENGAL,Birbhum,BIRBHUM,234.0,71861.0,16193.0,7186.1,1619.3
2013-12,2013,12,EASTERN REGION,EASTERN REGION,WEST BENGAL,WEST BENGAL,Dakshin Dinajpur,DAKSHIN DINAJPUR,87.0,19293.0,8692.0,1929.3,869.2
2013-12,2013,12,EASTERN REGION,EASTERN REGION,WEST BENGAL,WEST BENGAL,Darjiling,DARJILING,179.0,133926.0,39271.0,13392.6,3927.1
2013-12,2013,12,EASTERN REGION,EASTERN REGION,WEST BENGAL,WEST BENGAL,Haora,HAORA,339.0,196392.0,37210.0,19639.2,3721.0
2013-12,2013,12,EASTERN REGION,EASTERN REGION,WEST BENGAL,WEST BENGAL,Hugli,HUGLI,367.0,208975.0,34843.0,20897.5,3484.3
2013-12,2013,12,EASTERN REGION,EASTERN REGION,WEST BENGAL,WEST BENGAL,Jalpaiguri,JALPAIGURI,199.0,66166.0,17831.0,6616.6,1783.1
2013-12,2013,12,EASTERN REGION,EASTERN REGION,WEST BENGAL,WEST BENGAL,Koch Bihar,KOCH BIHAR,148.0,34082.0,14748.0,3408.2,1474.8
2013-12,2013,12,EASTERN REGION,EASTERN REGION,WEST BENGAL,WEST BENGAL,Kolkata,KOLKATA,1365.0,2135873.0,2169044.0,213587.3,216904.4
2013-12,2013,12,EASTERN REGION,EASTERN REGION,WEST BENGAL,WEST BENGAL,Maldah,MALDAH,183.0,49816.0,19678.0,4981.6,1967.8
2013-12,2013,12,EASTERN REGION,EASTERN REGION,WEST BENGAL,WEST BENGAL,Murshidabad,MURSHIDABAD,328.0,91184.0,28384.0,9118.4,2838.4
2013-12,2013,12,EASTERN REGION,EASTERN REGION,WEST BENGAL,WEST BENGAL,Nadia,NADIA,282.0,117020.0,25865.0,11702.0,2586.5
2013-12,2013,12,EASTERN REGION,EASTERN REGION,WEST BENGAL,WEST BENGAL,North 24 Parganas,NORTH 24 PARGANAS,694.0,629336.0,117925.0,62933.6,11792.5
2013-12,2013,12,EASTERN REGION,EASTERN REGION,WEST BENGAL,WEST BENGAL,Paschim Medinipur,PASCHIM MEDINIPUR,356.0,132629.0,40388.0,13262.9,4038.8
2013-12,2013,12,EASTERN REGION,EASTERN REGION,WEST BENGAL,WEST BENGAL,Purba Medinipur,PURBA MEDINIPUR,265.0,101257.0,27905.0,10125.7,2790.5
2013-12,2013,12,EASTERN REGION,EASTERN REGION,WEST BENGAL,WEST BENGAL,Puruliya,PURULIYA,141.0,50026.0,8451.0,5002.6,845.1
2013-12,2013,12,EASTERN REGION,EASTERN REGION,WEST BENGAL,WEST BENGAL,South 24 Parganas,SOUTH 24 PARGANAS,403.0,157990.0,48003.0,15799.0,4800.3
2013-12,2013,12,EASTERN REGION,EASTERN REGION,WEST BENGAL,WEST BENGAL,Uttar Dinajpur,UTTAR DINAJPUR,111.0,27795.0,12015.0,2779.5,1201.5
