rbi_state,rbi_district,census_state,census_district,population_2011,reporting_offices_dec2013,deposits_crore_dec2013,credit_crore_dec2013,deposits_crore_2015_16,accounts_thousands_2015_16,branch_density_2013,deposits_per_capita_2013_rs,credit_per_capita_2013_rs,deposits_per_capita_2015_16_rs,accounts_per_capita_2015_16
ANDAMAN AND NICOBAR ISLANDS,NICOBAR,ANDAMAN AND NICOBAR ISLANDS,NICOBARS,36842,3.0,116.6,11.0,121.1095,33.588,8.142880408229738,31648.66185331958,2985.722816350904,32872.67249334998,0.9116768905054015
ANDAMAN AND NICOBAR ISLANDS,NORTH AND MIDDLE ANDAMAN,ANDAMAN AND NICOBAR ISLANDS,NORTH AND MIDDLE ANDAMAN,105597,8.0,274.6,78.2,345.1364,99.016,7.575972802257641,26004.52664374935,7405.513414206843,32684.29974336392,0.9376781537354281
ANDAMAN AND NICOBAR ISLANDS,SOUTH ANDAMAN,ANDAMAN AND NICOBAR ISLANDS,SOUTH ANDAMAN,238142,45.0,2197.6,868.9,2765.9053000000004,423.137,18.89628876888579,92281.07599667425,36486.634025077474,116145.21168042599,1.7768264312888948
ANDHRA PRADESH,ADILABAD,ANDHRA PRADESH,ADILABAD,2741239,221.0,5162.3,5365.1,,,8.062047855002794,18831.995313068288,19571.806763292072,,
ANDHRA PRADESH,ANANTAPUR,ANDHRA PRADESH,ANANTAPUR,4081148,359.0,10018.7,9569.3,14110.497100000002,7237.916,8.79654450169413,24548.72991619025,23447.569164362576,34574.82330951978,1.77350000539064
ANDHRA PRADESH,CHITTOOR,ANDHRA PRADESH,CHITTOOR,4174064,435.0,19725.4,12740.9,27167.511899999998,6593.924999999999,10.421498089152442,47257.061702935076,30523.96896645571,65086.47663284511,1.5797373974141267
ANDHRA PRADESH,EAST GODAVARI,ANDHRA PRADESH,EAST GODAVARI,5154296,558.0,14125.3,17739.0,20713.0577,9272.753999999999,10.82592074649962,27404.906509055745,34415.95127637217,40186.00736162611,1.799034048490812
ANDHRA PRADESH,GUNTUR,ANDHRA PRADESH,GUNTUR,4887813,581.0,13053.7,23637.5,20104.6495,8256.925,11.8867067950431,26706.627278907767,48360.07433181261,41132.198592703935,1.6892882358633603
ANDHRA PRADESH,HYDERABAD,ANDHRA PRADESH,HYDERABAD,3943323,1016.0,179750.7,221762.4,,,25.765071742791548,455835.5985548229,562374.4238044918,,
ANDHRA PRADESH,KARIMNAGAR,ANDHRA PRADESH,KARIMNAGAR,3776269,330.0,8957.9,6957.6,,,8.738784233856222,23721.56220862444,18424.534904690317,,
ANDHRA PRADESH,KHAMMAM,ANDHRA PRADESH,KHAMMAM,2797370,253.0,6295.5,6231.1,,,9.044209382384167,22505.06725960456,22274.851020780232,,
ANDHRA PRADESH,KRISHNA,ANDHRA PRADESH,KRISHNA,4517398,606.0,19037.7,21090.9,25905.106699999997,8482.891,13.414802060832365,42143.065543483215,46688.159865480084,57345.19451241621,1.8778267932114903
ANDHRA PRADESH,KURNOOL,ANDHRA PRADESH,KURNOOL,4053463,354.0,7566.5,9083.1,11511.858699999997,6511.645999999999,8.733273253018469,18666.75482174131,22408.246973020352,28400.05866588642,1.606440221608042
ANDHRA PRADESH,MAHBUBNAGAR,ANDHRA PRADESH,MAHBUBNAGAR,4053028,291.0,4803.9,6260.4,,,7.179817163858725,11852.619819058738,15446.229337670502,,
ANDHRA PRADESH,MEDAK,ANDHRA PRADESH,MEDAK,3033288,273.0,6877.2,8224.2,,,9.000134507504727,22672.42675275147,27113.152460300505,,
ANDHRA PRADESH,NALGONDA,ANDHRA PRADESH,NALGONDA,3488809,293.0,4524.9,7548.4,,,8.398281476572665,12969.755581345955,21636.036825174437,,
ANDHRA PRADESH,NIZAMABAD,ANDHRA PRADESH,NIZAMABAD,2551335,265.0,4885.9,5641.2,,,10.38671910979938,19150.366376818412,22110.777298943492,,
ANDHRA PRADESH,PRAKASAM,ANDHRA PRADESH,PRAKASAM,3397448,357.0,6122.9,12270.4,9202.5306,5153.072999999999,10.507887096432382,18022.056555390987,36116.52040001789,27086.597351894718,1.516748159206557
ANDHRA PRADESH,RANGAREDDI,ANDHRA PRADESH,RANGAREDDY,5296741,690.0,39885.3,18494.5,,,13.026878225686325,75301.58639057488,34916.75352825445,,
ANDHRA PRADESH,NELLORE,ANDHRA PRADESH,SRI POTTI SRIRAMULU NELLORE,2963557,332.0,6758.9,10756.2,9810.266199999998,4443.6990000000005,11.20275398785986,22806.715038718674,36294.898326571754,33103.01168494481,1.4994477919608096
ANDHRA PRADESH,SRIKAKULAM,ANDHRA PRADESH,SRIKAKULAM,2703114,209.0,4154.4,4084.3,6758.930200000001,4858.904,7.731823371119383,15368.941154535103,15109.61061945593,25004.236595274935,1.7975209332643758
ANDHRA PRADESH,VISAKHAPATNAM,ANDHRA PRADESH,VISAKHAPATNAM,4290589,539.0,27608.7,22677.3,,,12.562377799411689,64347.10945280473,52853.58257339493,,
ANDHRA PRADESH,VIZIANAGARAM,ANDHRA PRADESH,VIZIANAGARAM,2344474,205.0,3775.8,3236.2,5959.897900000001,3689.607,8.743965597400527,16105.105025690198,13803.522666491503,25421.044976399826,1.5737461793135687
ANDHRA PRADESH,WARANGAL,ANDHRA PRADESH,WARANGAL,3512576,299.0,7811.1,8257.7,,,8.512271335908462,22237.525963851032,23508.957528605788,,
ANDHRA PRADESH,WEST GODAVARI,ANDHRA PRADESH,WEST GODAVARI,3936966,448.0,9596.7,15547.8,13879.8324,6413.567000000001,11.37932103045848,24375.877261830556,39491.832035125524,35255.14926976764,1.6290633447177347
ANDHRA PRADESH,Y S R,ANDHRA PRADESH,Y S R,2882469,285.0,6188.9,7668.6,,,9.88735698458509,21470.82934803462,26604.2757094699,,
ARUNACHAL PRADESH,ANJAW,ARUNACHAL PRADESH,ANJAW,21167,2.0,24.0,5.2,38.1921,13.578,9.448670099683468,11338.404119620163,2456.654225917702,18043.227665706054,0.6414702130675107
ARUNACHAL PRADESH,CHUNGLANG,ARUNACHAL PRADESH,CHANGLANG,148226,5.0,268.6,44.6,374.5105,76.137,3.373227369017581,18120.977426362446,3008.9188131636824,25266.181371689177,0.5136548243897832
ARUNACHAL PRADESH,DIBANG VALLEY,ARUNACHAL PRADESH,DIBANG VALLEY,8004,1.0,22.3,4.6,34.1257,5.785,12.49375312343828,27861.069465267366,5747.126436781609,42635.807096451776,0.7227636181909045
ARUNACHAL PRADESH,EAST KAMENG,ARUNACHAL PRADESH,EAST KAMENG,78690,2.0,93.3,42.2,110.7642,40.347,2.5416190113102046,11856.652687762104,5362.816113864532,14076.019824628289,0.5127335112466641
ARUNACHAL PRADESH,EAST SIANG,ARUNACHAL PRADESH,EAST SIANG,99214,14.0,379.3,120.3,560.1514,134.14600000000002,14.110911766484568,38230.49166448283,12125.304896486383,56458.90700909146,1.352087407019171
ARUNACHAL PRADESH,KURUNG KUMEY,ARUNACHAL PRADESH,KURUNG KUMEY,92076,2.0,39.0,13.4,70.9548,20.248,2.172118684564925,4235.631434901603,1455.3195186584994,7706.112341978365,0.21990529562535296
ARUNACHAL PRADESH,LOHIT,ARUNACHAL PRADESH,LOHIT,145726,7.0,387.5,101.4,496.89239999999995,85.398,4.803535402055913,26590.999547095234,6958.264139549566,34097.71763446468,0.5860175946639584
ARUNACHAL PRADESH,LOWER DIBANG VALLEY,ARUNACHAL PRADESH,LOWER DIBANG VALLEY,54080,2.0,151.0,22.6,188.1308,37.003,3.698224852071006,27921.597633136094,4178.994082840237,34787.5,0.6842270710059172
ARUNACHAL PRADESH,LOWER SUBANSIRI,ARUNACHAL PRADESH,LOWER SUBANSIRI,83030,6.0,166.8,84.5,207.2045,73.649,7.226303745634109,20089.12441286282,10177.044441768036,24955.37757437071,0.8870167409370108
ARUNACHAL PRADESH,PAPUMPARE,ARUNACHAL PRADESH,PAPUM PARE,176573,39.0,3420.4,857.7,4203.420700000001,325.552,22.087182072004214,193710.25015149542,48574.81041835388,238055.6880157216,1.8437246917705425
ARUNACHAL PRADESH,TAWANG,ARUNACHAL PRADESH,TAWANG,49977,6.0,617.1,34.3,756.5103999999999,55.551,12.005522540368569,123476.79932769074,6863.1570522440325,151371.71098705402,1.111531304400024
ARUNACHAL PRADESH,LONGDING,ARUNACHAL PRADESH,TIRAP,111975,5.0,202.9,44.900000000000006,273.023,58.342,4.465282429113641,18120.116097343158,4009.8236213440505,24382.49609287788,0.5210270149586962
ARUNACHAL PRADESH,UPPER SIANG,ARUNACHAL PRADESH,UPPER SIANG,35320,2.0,75.9,19.9,110.0449,29.727,5.662514156285391,21489.241223103058,5634.2015855039635,31156.54020385051,0.841647791619479
ARUNACHAL PRADESH,UPPER SUBANSIRI,ARUNACHAL PRADESH,UPPER SUBANSIRI,83448,4.0,135.1,51.2,249.1061,57.94,4.793404275716614,16189.722941232863,6135.557472917266,29851.65612117726,0.6943246093375516
ARUNACHAL PRADESH,WEST KAMENG,ARUNACHAL PRADESH,WEST KAMENG,83947,9.0,388.7,90.7,528.7403,94.675,10.721050186427151,46303.024527380374,10804.436132321584,62985.01435429497,1.1277949182222116
ARUNACHAL PRADESH,WEST SIANG,ARUNACHAL PRADESH,WEST SIANG,112274,9.0,409.5,137.0,530.3520000000001,121.15899999999999,8.016103461175339,36473.27074834779,12202.29082423357,47237.294476014045,1.0791367547250474
ASSAM,BAKSA,ASSAM,BAKSA,950075,28.0,436.7,212.9,730.246,719.726,2.947135752440597,4596.479225324317,2240.875720337868,7686.193195274057,0.7575465094860933
ASSAM,BARPETA,ASSAM,BARPETA,1693622,69.0,1711.3,796.7,2458.3594000000003,1588.716,4.074108626364088,10104.379843908499,4704.119337136622,14515.39599745398,0.9380581971656013
ASSAM,BONGAIGAON,ASSAM,BONGAIGAON,738804,38.0,1178.7,467.8,1676.2756,744.2189999999999,5.143448059295835,15954.163756557897,6331.855268785767,22689.04337280253,1.0073294134844963
ASSAM,CACHAR,ASSAM,CACHAR,1736617,104.0,4312.0,1529.0,5841.1672,1724.783,5.988654953855686,24829.884770217035,8804.474446582062,33635.32200824937,0.9931856016611608
ASSAM,CHIRANG,ASSAM,CHIRANG,482162,17.0,735.1,229.9,1064.7221,553.944,3.5257859391656745,15245.913199298162,4768.106984789345,22082.24828999382,1.1488752742854063
ASSAM,DARRANG,ASSAM,DARRANG,928500,38.0,839.3,484.7,1182.7828,886.2339999999999,4.092622509423801,9039.31071620894,5220.247711362413,12738.640818524502,0.9544792676359719
ASSAM,DHEMAJI,ASSAM,DHEMAJI,686133,21.0,486.8,342.2,697.3380999999999,633.693,3.06063110213326,7094.83438342129,4987.371253095245,10163.30798839292,0.9235716690495865
ASSAM,DHUBRI,ASSAM,DHUBRI,1949258,55.0,1385.5,538.5,1835.63,1408.826,2.82158647033897,7107.832826644805,2762.5896623227914,9417.070495542406,0.722749887393049
ASSAM,DIBRUGARH,ASSAM,DIBRUGARH,1326335,118.0,6186.5,1820.2,8022.455100000001,1626.7170000000003,8.89669653594303,46643.57044034878,13723.531385358903,60485.88855756654,1.2264752117677662
ASSAM,NORTH CACHAR HILLS,ASSAM,DIMA HASAO,214102,19.0,438.7,100.9,595.3335,196.382,8.874274878329022,20490.23362696285,4712.7070274915695,27806.06906988258,0.9172357100821104
ASSAM,GOALPARA,ASSAM,GOALPARA,1008183,44.0,946.1,382.5,1200.0112,860.3210000000001,4.364287039158565,9384.209017608906,3793.9540738139804,11902.712106829811,0.8533381340490765
ASSAM,GOLAGHAT,ASSAM,GOLAGHAT,1066888,62.0,1494.0,699.5,2448.6194,1176.2469999999998,5.811294156462534,14003.344306056493,6556.452036202488,22951.044533259348,1.102502793170417
ASSAM,HAILAKANDI,ASSAM,HAILAKANDI,659296,28.0,749.5,261.8,1024.8364000000001,585.708,4.246954327039751,11368.186671843907,3970.9022957821676,15544.404941028008,0.8883839732077853
ASSAM,JORHAT,ASSAM,JORHAT,1092256,86.0,3325.5,1399.1,4787.7734,1443.829,7.873612046992646,30446.159142179124,12809.268156915596,43833.80269826854,1.321877838162482
ASSAM,KAMRUP,ASSAM,KAMRUP,1517542,83.0,2110.7,930.9,2311.6236999999996,1570.8980000000001,5.469370864200134,13908.67600369545,6134.2618523902465,15232.683510571698,1.035159488172321
ASSAM,KAMRUP METROPOLITAN,ASSAM,KAMRUP METROPOLITAN,1253938,269.0,31185.1,11217.5,38393.1321,3356.5160000000005,21.452416307664333,248697.30401343608,89458.17097815043,306180.46586035355,2.676779872689081
ASSAM,KARBI ANGLONG,ASSAM,KARBI ANGLONG,956313,55.0,1027.4,411.2,1506.0881,785.052,5.751255080711022,10743.34449076819,4299.84743488795,15748.903340224382,0.8209153279313363
ASSAM,KARIMGANJ,ASSAM,KARIMGANJ,1228686,54.0,1814.3,563.8,2466.3566,1053.914,4.394938983597111,14766.181107296738,4588.641849911206,20073.12364591116,0.85775698591829
ASSAM,KOKRAJHAR,ASSAM,KOKRAJHAR,887142,32.0,1222.8,346.7,1554.6514,764.825,3.6070888313257625,13783.588196703571,3908.0553056895064,17524.267817328004,0.8621224110683521
ASSAM,LAKHIMPUR,ASSAM,LAKHIMPUR,1042137,56.0,1089.0,701.4,1485.1228999999998,1085.701,5.373573723992143,10449.681759691864,6730.40108930016,14250.745343462519,1.0418025653057132
ASSAM,MORIGAON,ASSAM,MORIGAON,957423,38.0,736.2,455.4,1009.298,1033.6109999999999,3.9689875843801534,7689.391209528077,4756.518278754532,10541.819028788737,1.0795761121259881
ASSAM,NAGAON,ASSAM,NAGAON,2823768,118.0,3559.9,1482.6,5276.939999999999,3114.6820000000002,4.178813556921107,12606.9138824436,5250.431338551893,18687.583399202762,1.1030233361947583
ASSAM,NALBARI,ASSAM,NALBARI,771639,52.0,1133.6,568.3,1475.6834999999999,870.3160000000001,6.73890251788725,14690.807488994205,7364.8428863756235,19124.01394952821,1.127879746876454
ASSAM,SIBSAGAR,ASSAM,SIVASAGAR,1151050,78.0,2476.0,1087.4,3740.0674,1237.797,6.776421528169933,21510.79449198558,9447.026627861518,32492.658007905826,1.0753633638851483
ASSAM,SONITPUR,ASSAM,SONITPUR,1924110,104.0,2857.3,1362.4,4155.2948,1881.4020000000003,5.405096382223469,14849.982589353,7080.676260712745,21595.931625530764,0.9778037638180771
ASSAM,TINSUKIA,ASSAM,TINSUKIA,1327929,95.0,3466.5,1205.8,4670.1967,1391.8549999999996,7.153996938089311,26104.55830093326,9080.304745208516,35169.02409692085,1.0481396219225572
ASSAM,UDALGURI,ASSAM,UDALGURI,831668,29.0,557.4,373.6,693.877,717.3979999999999,3.4869683575657593,6702.193663817773,4492.177166850233,8343.197044974677,0.8626014226830897
BIHAR,ARARIA,BIHAR,ARARIA,2811569,94.0,1920.4,798.2,2552.5014,1932.6,3.34332893839703,6830.349886486869,2838.984211306925,9078.56574033929,0.6873742028027767
BIHAR,ARWAL,BIHAR,ARWAL,700843,34.0,806.0,194.1,1071.5452000000002,590.268,4.8513005052486795,11500.435903618927,2769.521847261084,15289.375794578817,0.8422257195976846
BIHAR,AURANGABAD,BIHAR,AURANGABAD,2540073,115.0,3589.1,1051.4,5311.187899999999,1983.68,4.527428936097507,14129.908864823963,4139.251116011233,20909.587637835604,0.7809539332137305
BIHAR,BANKA,BIHAR,BANKA,2034763,70.0,1634.9,633.7,2095.1968,1100.038,3.44020409256508,8034.842387049499,3114.367619226416,10297.006580127514,0.5406221756538723
BIHAR,BEGUSARAI,BIHAR,BEGUSARAI,2970541,138.0,4126.2,1783.7,5393.0818,2318.3250000000003,4.645618424388015,13890.399088920167,6004.63013302964,18155.217517617162,0.7804386473709672
BIHAR,BHAGALPUR,BIHAR,BHAGALPUR,3037766,187.0,6507.1,1685.4,8681.563499999998,2756.166,6.155839521543134,21420.675588573973,5548.156112090266,28578.77631127611,0.9073002989697034
BIHAR,BHOJPUR,BIHAR,BHOJPUR,2728407,144.0,4821.2,1084.7,6608.692099999999,2535.9870000000005,5.277804960916755,17670.384220536012,3975.579889657225,24221.79718788289,0.92947533120975
BIHAR,BUXAR,BIHAR,BUXAR,1706352,103.0,2947.1,773.2,4136.2396,1706.42,6.036269187131378,17271.34846737367,4531.304209213574,24240.248202012244,1.0000398510975461
BIHAR,DARBHANGA,BIHAR,DARBHANGA,3937385,193.0,5206.8,1797.3,7238.332200000001,3050.4449999999997,4.901730463238926,13224.005272534943,4564.7047469322915,18383.602822685614,0.7747388177686458
BIHAR,GAYA,BIHAR,GAYA,4391418,212.0,7021.8,1937.6,10024.2341,4006.421,4.827597828309671,15989.82378812493,4412.242241572085,22826.873005484787,0.9123296848535029
BIHAR,GOPALGANJ,BIHAR,GOPALGANJ,2562012,124.0,3472.2,883.2,4900.3225,2270.6459999999997,4.839946104858213,13552.629730071521,3447.2906450086884,19126.852255180693,0.8862745373557968
BIHAR,JAMUI,BIHAR,JAMUI,1760405,67.0,1782.5,601.4,2441.6023999999998,1353.0610000000001,3.8059423825767364,10125.510890959751,3416.259326689029,13869.549336658323,0.7686077919569646
BIHAR,JEHANABAD,BIHAR,JEHANABAD,1125313,59.0,1492.7,386.7,2125.9276999999997,974.618,5.242985729303758,13264.753895138509,3436.3772568165477,18891.878970561964,0.8660861466987407
BIHAR,KAIMUR,BIHAR,KAIMUR,1626384,81.0,1861.7,983.6,2497.783,1321.1970000000001,4.9803736386978725,11446.866176745467,6047.772235831145,15357.892109120601,0.8123524333736682
BIHAR,KATIHAR,BIHAR,KATIHAR,3071029,124.0,2650.8,1035.7,3531.0006000000003,2090.076,4.037734583424643,8631.634543340359,3372.4852484297608,11497.776803800942,0.6805783989666004
BIHAR,KHAGARIA,BIHAR,KHAGARIA,1666886,69.0,1441.3,578.0,2007.1035000000002,1106.354,4.139455247689404,8646.662099267736,3467.543671252863,12041.036399609811,0.6637250537829221
BIHAR,KISHANGANJ,BIHAR,KISHANGANJ,1690400,65.0,1064.8,600.3,1563.5330999999999,1336.174,3.845243729294842,6299.100804543304,3551.2304779933743,9249.48592049219,0.7904484145764317
BIHAR,LAKHISARAI,BIHAR,LAKHISARAI,1000912,51.0,1346.0,393.4,1788.0202,807.1999999999999,5.095353038029317,13447.735665073453,3930.4154610994774,17863.910113976053,0.8064645043720126
BIHAR,MADHEPURA,BIHAR,MADHEPURA,2001762,74.0,1761.1,589.9,2304.8378999999995,1410.2269999999999,3.696743169267875,8797.749182969803,2946.903777771783,11514.045625803665,0.7044928418063685
BIHAR,MADHUBANI,BIHAR,MADHUBANI,4487379,201.0,4063.8,1054.3,5672.1579,3143.1799999999994,4.479229412091112,9056.06591286361,2349.478392620726,12640.247012788534,0.7004489703232109
BIHAR,MUNGER,BIHAR,MUNGER,1367765,91.0,3224.9,630.4,4439.3773,1426.8819999999998,6.653189692673814,23577.88070319097,4608.978881606124,32457.164059615505,1.0432216060507469
BIHAR,MUZAFFARPUR,BIHAR,MUZAFFARPUR,4801062,273.0,8713.5,2692.0,11424.632899999999,4575.789,5.686241918975426,18149.10950952102,5607.092764059285,23796.05366479333,0.9530785063804633
BIHAR,NALANDA,BIHAR,NALANDA,2877653,150.0,4273.2,1148.7,6154.5893,1832.713,5.212581225046939,14849.601393913721,3991.794702140946,21387.53108870319,0.6368776916466301
BIHAR,NAWADA,BIHAR,NAWADA,2219146,87.0,2302.3,668.8,3192.3075,1841.786,3.9204270471613856,10374.711713424895,3013.7719645304996,14385.297317076029,0.8299526033888712
BIHAR,PASCHIMI CHAMPARAN,BIHAR,PASHCHIM CHAMPARAN,3935042,152.0,2662.8,1243.0,3773.0823,2650.207,3.862728784089217,6766.890925179452,3158.797288567695,9588.416845360227,0.673488872545706
BIHAR,PATNA,BIHAR,PATNA,5838465,615.0,58817.6,14652.7,77569.38710000002,9584.575,10.53359059273285,100741.54764993882,25096.83624034742,132859.21402286392,1.6416258382982514
BIHAR,PURBI CHAMPARAN,BIHAR,PURBA CHAMPARAN,5099371,201.0,4174.2,1799.0,5630.706399999999,3532.8149999999996,3.9416626089766758,8185.715453925592,3527.886086342806,11041.962626370976,0.6927942681558176
BIHAR,PURNIA,BIHAR,PURNIA,3264619,133.0,2905.1,1547.4,4048.5829000000003,2478.981,4.073982293186433,8898.741323260081,4739.909925170441,12401.394772253669,0.7593477217402704
BIHAR,ROHTAS,BIHAR,ROHTAS,2959918,145.0,4205.3,1607.0,5814.024899999999,2521.325,4.8987843582153285,14207.488180415809,5429.2044576910575,19642.520164409958,0.8518225842742941
BIHAR,SAHARSA,BIHAR,SAHARSA,1900661,76.0,1875.6,637.5,2719.4421,1467.169,3.998608905007258,9868.145871357387,3354.096285450167,14307.875523304789,0.7719256616513939
BIHAR,SAMASTIPUR,BIHAR,SAMASTIPUR,4261566,198.0,4858.9,1653.8,6334.7629,3292.569,4.646179362234446,11401.677223818662,3880.7330450824884,14864.871035670925,0.7726195018450964
BIHAR,SARAN,BIHAR,SARAN,3951862,176.0,6189.9,1227.7,8426.3088,3773.443,4.453596810819811,15663.249374598607,3106.63682082016,21322.376135603925,0.9548519153755876
BIHAR,SHEIKHPURA,BIHAR,SHEIKHPURA,636342,35.0,821.0,250.5,1122.1523,545.184,5.500187006358216,12901.867234914558,3936.5624145506663,17634.421427471392,0.8567468436783994
BIHAR,SHEOHAR,BIHAR,SHEOHAR,656246,27.0,399.7,152.2,519.9193,417.92699999999996,4.114310791989589,6090.70379095644,2319.25223163265,7922.628099828418,0.6368450245791973
BIHAR,SITAMARHI,BIHAR,SITAMARHI,3423574,128.0,2709.3,966.2,3580.3637,2264.7999999999997,3.7387829210059427,7913.659818657345,2822.1969205280798,10457.97082230441,0.6615309030854889
BIHAR,SIWAN,BIHAR,SIWAN,3330464,163.0,5491.2,1009.0,7694.772799999999,3256.596,4.894212938497458,16487.79269194923,3029.6078864686724,23104.206500956017,0.9778205078931944
BIHAR,SUPAUL,BIHAR,SUPAUL,2229076,87.0,1766.5,652.7,2266.5228,1583.9119999999998,3.9029624831095937,7924.80830622195,2928.1190950869327,10167.992477600585,0.7105688635111588
BIHAR,VAISHALI,BIHAR,VAISHALI,3495021,168.0,4482.0,1273.2,6417.403700000001,3097.4659999999994,4.806838070500864,12823.957280943376,3642.8965662867263,18361.55977317447,0.8862510411239302
CHANDIGARH,CHANDIGARH,CHANDIGARH,CHANDIGARH,1055450,341.0,50413.6,57784.2,55680.532,3883.692,32.308494007295465,477650.29134492396,547484.0115590506,527552.5320953148,3.6796551234070773
CHHATTISGARH,BASTAR,CHHATTISGARH,BASTAR,1413199,106.0,3135.6000000000004,1834.1,3336.042,1131.779,7.500712921534759,22187.957959211693,12978.356197534813,23606.31446809685,0.8008631480775178
CHHATTISGARH,BIJAPUR,CHHATTISGARH,BIJAPUR,255230,12.0,378.4,58.3,465.9574,159.24900000000002,4.701641656545077,14825.843356972142,2284.21423813815,18256.372683461974,0.6239431101359559
CHHATTISGARH,BILASPUR,CHHATTISGARH,BILASPUR,2663629,186.0,17744.3,3096.5,17209.079299999998,3127.8550000000005,6.982954457996966,66617.01010163203,11625.11746192882,64607.64355696682,1.1742832804418335
CHHATTISGARH,SUKMA,CHHATTISGARH,DAKSHIN BASTAR DANTEWADA,533638,9.0,249.4,53.5,410.1184,147.892,1.6865365659866802,4673.580217300867,1002.5522920031932,7685.329755377241,0.2771391842410023
CHHATTISGARH,DHAMTARI,CHHATTISGARH,DHAMTARI,799781,62.0,1303.9,558.2,1771.2269999999999,1091.8270000000002,7.752122143436766,16303.213004559999,6979.410613655488,22146.400077021084,1.3651574618551832
CHHATTISGARH,BALOD,CHHATTISGARH,DURG,3343872,277.0,13092.9,5574.799999999999,16614.3992,4269.906,8.283809906599295,39154.90784336242,16671.69078242229,49686.109994640945,1.2769346434313276
CHHATTISGARH,JANJGIR CHAMPA,CHHATTISGARH,JANJGIR CHAMPA,1619707,95.0,2463.0,714.9,3051.2134000000005,1705.326,5.865258346108277,15206.454006804934,4413.761254350324,18838.057747481493,1.0528607951932047
CHHATTISGARH,JASHPUR,CHHATTISGARH,JASHPUR,851669,57.0,1287.4,320.4,1577.1486,952.2570000000001,6.692740959222421,15116.201247198149,3762.0249181313397,18518.328129825084,1.1181069171239062
CHHATTISGARH,KAWARDHA,CHHATTISGARH,KABEERDHAM,822526,44.0,747.4,338.3,1030.6809,976.56,5.349374974164951,9086.642853842917,4112.939894909097,12530.678665476837,1.187269460175119
CHHATTISGARH,KORBA,CHHATTISGARH,KORBA,1206640,87.0,3638.3,1496.6,4999.3195,1457.375,7.210104090698136,30152.323808260957,12403.03653119406,41431.7402042034,1.207796028641517
CHHATTISGARH,KORIYA,CHHATTISGARH,KORIYA,658917,66.0,2022.9,433.9,2830.5690000000004,855.8109999999999,10.016436060990989,30700.376526937383,6585.047889187865,42957.89909806547,1.2988145699685998
CHHATTISGARH,MAHASAMUND,CHHATTISGARH,MAHASAMUND,1032754,66.0,1199.3,612.2,1626.6615,1191.934,6.390679677832281,11612.639602460993,5927.839543589277,15750.716046609357,1.1541315744117187
CHHATTISGARH,NARAYANPUR,CHHATTISGARH,NARAYANPUR,139820,8.0,190.7,31.5,275.9321,108.49900000000001,5.721642111285939,13638.964382777856,2252.8965813188383,19734.809040194537,0.7759905592905165
CHHATTISGARH,RAIGARH,CHHATTISGARH,RAIGARH,1493984,119.0,3521.3,2096.6,4321.5287,1782.0080000000005,7.965279413969628,23569.86420202626,14033.617495234219,28926.204698310023,1.1927892132713607
CHHATTISGARH,BALODABAZAR,CHHATTISGARH,RAIPUR,4063872,427.0,24482.199999999997,26581.199999999997,33767.7021,5117.374,10.507220699864563,60243.53129232416,65408.55617499763,83092.43524402344,1.2592360192447005
CHHATTISGARH,RAJNANDGAON,CHHATTISGARH,RAJNANDGAON,1537133,102.0,2556.9,1135.4,3224.5409,1856.892,6.635730284887514,16634.214475910674,7386.478593589494,20977.631083322,1.2080229882515046
CHHATTISGARH,BALRAMPUR,CHHATTISGARH,SURGUJA,2359886,159.0,4418.3,1201.9,5979.5866,2684.3100000000004,6.737613596588988,18722.514562144104,5093.042630025348,25338.45533216435,1.137474437324515
CHHATTISGARH,KANKER,CHHATTISGARH,UTTAR BASTAR KANKER,748941,48.0,985.6,346.9,1355.9108,919.7810000000001,6.409049578004142,13159.915133501838,4631.873538770076,18104.374042815125,1.2281087562304642
DADRA AND NAGAR HAVELI,DADRA AND NAGAR HAVELI,DADRA AND NAGAR HAVELI,DADRA AND NAGAR HAVELI,343709,47.0,2369.3,727.3,,,13.674358250729542,68933.31277330533,21160.342033522546,,
DAMAN AND DIU,DAMAN,DAMAN AND DIU,DAMAN,191173,27.0,1938.4,558.6,2383.127,339.674,14.123333315897119,101395.07147975916,29219.60737133382,124658.13687079243,1.7767885632385327
DAMAN AND DIU,DIU,DAMAN AND DIU,DIU,52074,13.0,1047.4,34.8,1344.8587,157.015,24.964473633675155,201136.84372239505,6682.797557322272,258259.1504397588,3.015228328916542
NCT OF DELHI,NCT OF DELHI,DELHI,DELHI,16787941,2969.0,785733.5,749144.3,967058.6900000001,45466.73099999999,17.685313523558367,468034.4659300387,446239.53586684633,576043.6553833493,2.708297044884777
GOA,NORTH GOA,GOA,NORTH GOA,818008,344.0,24369.0,7723.2,31550.2678,3045.3950000000004,42.05337845106649,297906.62194012775,94414.72455037115,385696.32326334214,3.722940362441444
GOA,SOUTH GOA,GOA,SOUTH GOA,640537,237.0,19055.5,4432.7,24397.920400000003,2441.883,37.00020451589838,297492.5726382707,69202.87196524166,380897.90909814736,3.8122434769576152
GUJARAT,AHMEDABAD,GUJARAT,AHMADABAD,7214225,978.0,108478.0,120698.3,144066.36169999998,13783.379,13.556549733339338,150366.81001770808,167305.98227806867,199697.62753448912,1.9105834653063911
GUJARAT,AMRELI,GUJARAT,AMRELI,1514190,144.0,3470.7,1960.3,4455.3285,1515.895,9.510035068254314,22921.165771798784,12946.195655763147,29423.84046916173,1.0011260145688454
GUJARAT,ANAND,GUJARAT,ANAND,2092745,268.0,18820.1,3635.4,24206.138600000002,3682.9380000000006,12.806146950536258,89930.21127753262,17371.44277014161,115666.9283644209,1.7598598969296309
GUJARAT,BANAS KANTHA,GUJARAT,BANAS KANTHA,3120506,157.0,3987.9,3352.4,5112.804,2460.416,5.0312353188873855,12779.658170822297,10743.129479642084,16384.535072196624,0.7884669986213775
GUJARAT,BHARUCH,GUJARAT,BHARUCH,1551019,207.0,9668.1,3840.0,13018.2144,2453.5150000000003,13.346064748400892,62333.859224161664,24757.91721442484,83933.30062365452,1.58187294933202
GUJARAT,BHAVNAGAR,GUJARAT,BHAVNAGAR,2880365,241.0,11187.800000000001,5440.5,13404.585599999999,3258.8730000000005,8.36699515512791,38841.60514379255,18888.231179034603,46537.801979957396,1.1314097345301726
GUJARAT,DANGS,GUJARAT,DANG,228291,12.0,353.4,68.2,546.4201999999999,240.661,5.2564490058740825,15480.242322299171,2987.415185005103,23935.24930899597,1.0541852285022186
GUJARAT,DOHAD,GUJARAT,DOHAD,2127086,88.0,2291.2,736.4,,,4.137115283538137,10771.543792775656,3462.013289542595,,
GUJARAT,GANDHINAGAR,GUJARAT,GANDHINAGAR,1391753,195.0,17093.3,8490.4,23860.9629,2266.6479999999997,14.011106855886066,122818.48862549604,61005.07776882823,171445.3850647349,1.6286280683425862
GUJARAT,JAMNAGAR,GUJARAT,JAMNAGAR,2160119,245.0,11436.1,3908.9,11952.9142,2027.2449999999997,11.341967734185015,52941.99069588296,18095.76231679829,55334.5172187273,0.9384876481341999
GUJARAT,JUNAGADH,GUJARAT,JUNAGADH,2743082,235.0,8676.1,3742.3,8356.9606,1879.7810000000002,8.567006017319205,31629.02166249496,13642.683667495176,30465.587977318944,0.685280644180524
GUJARAT,KACHCHH,GUJARAT,KACHCHH,2092371,322.0,21504.5,5942.9,28322.020899999996,3271.636,15.389240244679362,102775.7505719588,28402.706785746886,135358.50429966766,1.5636022483584413
GUJARAT,KHEDA,GUJARAT,KHEDA,2299885,191.0,8732.5,2051.5,11188.929999999997,2615.8329999999996,8.304763064240168,37969.289768836265,8920.011217952202,48649.95423684226,1.1373755644303953
GUJARAT,MAHESANA,GUJARAT,MAHESANA,2035064,234.0,7125.7,5026.0,10051.5528,2926.4879999999994,11.498409878018578,35014.62361871666,24697.011985863835,49391.82649783987,1.438032415688155
GUJARAT,NARMADA,GUJARAT,NARMADA,590297,42.0,890.8,361.1,1247.9208,747.1109999999999,7.115062417732091,15090.708575513681,6117.259616769185,21140.5580580623,1.2656527138033904
GUJARAT,NAVSARI,GUJARAT,NAVSARI,1329672,208.0,12827.2,2063.3,16481.679000000004,2547.247,15.642955555956656,96468.90360931116,15517.360672406428,123952.96734833856,1.915695750530958
GUJARAT,MAHISAGAR,GUJARAT,PANCH MAHALS,2390776,154.0,4878.4,1847.6,6586.890399999999,2549.593,6.441423203177546,20405.090230117752,7728.034746877164,27551.26536321261,1.0664290590168213
GUJARAT,PATAN,GUJARAT,PATAN,1343734,106.0,2944.5,1438.6,3934.2109000000005,1482.8380000000004,7.888466020804713,21912.819054961772,10705.987941065718,29278.19717295239,1.103520488430002
GUJARAT,PORBANDAR,GUJARAT,PORBANDAR,585449,69.0,4675.2,1061.4,6252.5967,909.235,11.785825921643045,79856.65702734141,18129.674830770913,106800.02357165184,1.5530558596905963
GUJARAT,RAJKOT,GUJARAT,RAJKOT,3804558,437.0,23333.5,21195.9,29151.5504,4116.591,11.48622257828636,61330.3831877448,55711.85930139585,76622.6994042409,1.0820155718482938
GUJARAT,ARAVALLI,GUJARAT,SABAR KANTHA,2428589,200.0,4639.8,3522.8,6347.0939,2907.1060000000007,8.235234533303082,19104.92059380982,14505.542106960049,26134.90343569867,1.1970349861586298
GUJARAT,SURAT,GUJARAT,SURAT,6081322,545.0,36833.1,31702.6,48355.9728,7589.199999999999,8.961867172960089,60567.58711345987,52131.099126143956,79515.56059685707,1.2479523366794258
GUJARAT,SURENDRANAGAR,GUJARAT,SURENDRANAGAR,1756268,160.0,4320.8,2423.8,5550.0576,1682.528,9.110226912976835,24602.167778493942,13800.854994795784,31601.427572557262,0.958013241714818
GUJARAT,TAPI,GUJARAT,TAPI,807022,45.0,1390.1,462.0,1924.0017,790.6099999999999,5.576056166994208,17225.05706164144,5724.750998114054,23840.75898798298,0.9796635035971757
GUJARAT,VADODARA,GUJARAT,VADODARA,4165626,567.0,51991.3,43984.1,67927.86349999999,7362.508,13.611399583159889,124810.29261868444,105588.21171175713,163067.60016381688,1.7674433566527576
GUJARAT,VALSAD,GUJARAT,VALSAD,1705678,173.0,8622.2,4281.5,11668.6188,2633.869,10.14259432319582,50549.98657425376,25101.455257088382,68410.4432372347,1.5441771541873672
HARYANA,AMBALA,HARYANA,AMBALA,1128350,222.0,8909.1,3942.3,12167.7653,2400.457,19.674746310985068,78956.88394558425,34938.6271990074,107836.79975185003,2.127404617361634
HARYANA,BHIWANI,HARYANA,BHIWANI,1634445,168.0,4103.2,2761.9,5781.1653,2006.5769999999998,10.278718464065784,25104.54619152067,16898.090789228147,35370.815781503814,1.227680955920817
HARYANA,FARIDABAD,HARYANA,FARIDABAD,1809733,251.0,20368.8,13244.7,29278.523800000006,3607.5510000000004,13.869449250248516,112551.40951731554,73185.93405767591,161783.6653252165,1.9934161558638763
HARYANA,FATEHABAD,HARYANA,FATEHABAD,942011,121.0,1995.9,2383.1,3060.0818,1250.1299999999999,12.844860622646657,21187.650674992117,25298.00607423905,32484.565466857606,1.3270864140652283
HARYANA,GURGAON,HARYANA,GURGAON,1514432,487.0,61488.5,30643.0,90184.0468,6415.565,32.15727084477877,406016.9093098931,202339.8871656172,595497.4987321979,4.236284626843595
HARYANA,HISAR,HARYANA,HISAR,1743931,207.0,6101.2,11676.1,9210.916900000002,2545.3650000000002,11.869735671881514,34985.32912139299,66952.76361278055,52816.98014428324,1.4595560260124973
HARYANA,JHAJJAR,HARYANA,JHAJJAR,958405,123.0,4355.6,3545.0,5805.043999999999,1327.013,12.8338228619425,45446.34053453394,36988.53824844403,60569.842603074896,1.384605672967065
HARYANA,JIND,HARYANA,JIND,1334152,133.0,2675.2,3434.9,3829.202399999999,1688.1470000000002,9.968879108227547,20051.688263406268,25745.941991617146,28701.39534325923,1.2653333353321063
HARYANA,KAITHAL,HARYANA,KAITHAL,1074304,122.0,2177.8,3439.6,3106.7041999999997,1526.2689999999998,11.356189681877757,20271.72941737162,32017.00822113666,28918.296869414986,1.4207049401286784
HARYANA,KARNAL,HARYANA,KARNAL,1505324,233.0,6986.9,11935.9,9604.0966,2437.946,15.478395348775413,46414.59247311542,79291.235640965,63800.8601470514,1.6195490140328594
HARYANA,KURUKSHETRA,HARYANA,KURUKSHETRA,964655,160.0,4711.4,3263.7,6532.6393,1693.4309999999996,16.58624067671862,48840.25895268257,33832.8210603791,67719.95480249416,1.7554783834635175
HARYANA,MAHENDRAGARH,HARYANA,MAHENDRAGARH,922088,100.0,2564.6,2810.0,3492.3078000000005,1289.8370000000002,10.844951891793409,27812.963621693376,30474.314815939477,37873.910082334885,1.3988220213255136
HARYANA,MEWAT,HARYANA,MEWAT,1089263,58.0,1204.8,557.0,1508.2826,683.1100000000001,5.324701197047912,11060.689658971249,5113.549253027047,13846.817527080237,0.6271304542612759
HARYANA,PALWAL,HARYANA,PALWAL,1042708,87.0,2165.1,1430.2,2932.4919,1201.654,8.343659010959923,20764.20244210268,13716.208181005612,28123.807432186193,1.152435773006441
HARYANA,PANCHKULA,HARYANA,PANCHKULA,561293,171.0,18771.7,15290.0,16674.0829,1662.8629999999998,30.465371918053496,334436.73803165194,272406.74656551925,297065.57715845376,2.962557879752642
HARYANA,PANIPAT,HARYANA,PANIPAT,1205437,173.0,5710.2,7203.8,7898.37,1887.632,14.351641769748232,47370.372736194426,59760.89998896666,65522.876765853376,1.565931691162624
HARYANA,REWARI,HARYANA,REWARI,900332,126.0,5083.5,2163.9,6686.8094,1598.8829999999998,13.994837459959216,56462.50494262117,24034.467285401384,74270.48466565667,1.7758815636898386
HARYANA,ROHTAK,HARYANA,ROHTAK,1061204,166.0,8313.2,3928.5,11486.519999999999,1934.9629999999997,15.64260971500296,78337.43559202566,37019.272449029595,108240.45141179263,1.8233657242151367
HARYANA,SIRSA,HARYANA,SIRSA,1295189,158.0,3137.0,3595.0,4616.783,1851.552,12.198991807373286,24220.403354259495,27756.5668022196,35645.631641405234,1.4295612455016218
HARYANA,SONIPAT,HARYANA,SONIPAT,1450001,217.0,8342.7,11992.4,10816.648500000001,2152.152,14.965506920340056,57535.82238908801,82706.14985782768,74597.52441550042,1.4842417350057
HARYANA,YAMUNANAGAR,HARYANA,YAMUNANAGAR,1214205,164.0,5949.8,3549.9,7929.957899999999,2093.006,13.506780156563348,49001.61010702476,29236.41394986843,65309.87683298949,1.723766579778538
HIMACHAL PRADESH,BILASPUR,HIMACHAL PRADESH,BILASPUR,381956,70.0,2055.6,494.0,2912.2872,586.311,18.326718260742076,53817.71722397344,12933.42688686655,76246.66715537917,1.5350223585962781
HIMACHAL PRADESH,CHAMBA,HIMACHAL PRADESH,CHAMBA,519080,74.0,1772.9,530.5,2432.4875,585.023,14.255991369345764,34154.6582415042,10220.004623564768,46861.514602758725,1.1270382214687524
HIMACHAL PRADESH,HAMIRPUR,HIMACHAL PRADESH,HAMIRPUR,454768,88.0,3518.6,591.6,5017.5987000000005,1049.19,19.350525982478977,77371.31900221652,13008.830876402913,110333.1522886395,2.307088449495127
HIMACHAL PRADESH,KANGRA,HIMACHAL PRADESH,KANGRA,1510075,247.0,10055.8,2069.5,13792.246799999999,2539.732,16.35680347002632,66591.39446716223,13704.617320331772,91334.84628246941,1.681858185851696
HIMACHAL PRADESH,KINNAUR,HIMACHAL PRADESH,KINNAUR,84121,27.0,521.7,205.2,689.2958000000001,115.21100000000001,32.096622722031356,62017.8076817917,24393.433268743833,81940.98976474366,1.3695866668251686
HIMACHAL PRADESH,KULU,HIMACHAL PRADESH,KULLU,437903,85.0,2538.3,1123.8,3749.3353999999995,743.3930000000001,19.410691408827983,57964.89176826832,25663.217653224572,85620.22639717013,1.697620249233278
HIMACHAL PRADESH,LAHUL AND SPITI,HIMACHAL PRADESH,LAHUL AND SPITI,31564,13.0,231.3,52.7,304.0005,54.996,41.18616144975288,73279.68571790648,16696.236218476744,96312.4128754277,1.742364719300469
HIMACHAL PRADESH,MANDI,HIMACHAL PRADESH,MANDI,999777,162.0,5001.4,1450.0,7614.1044999999995,1566.92,16.203613405789493,50025.15560970096,14503.234221231334,76158.02824029759,1.567269501098745
HIMACHAL PRADESH,SIMLA,HIMACHAL PRADESH,SHIMLA,814010,199.0,13722.8,3673.1,15965.5449,1370.616,24.446874117025587,168582.69554428078,45123.52428102849,196134.50571860297,1.6837827545116153
HIMACHAL PRADESH,SIRMAUR,HIMACHAL PRADESH,SIRMAUR,529855,82.0,1720.9,1363.0,2422.4314,620.122,15.475932094629664,32478.697002009983,25724.018835341743,45718.76079304716,1.1703617027299922
HIMACHAL PRADESH,SOLAN,HIMACHAL PRADESH,SOLAN,580320,165.0,4970.1,4060.6,6893.5149,1317.083,28.43258891645989,85644.12737799835,69971.73972980425,118788.16687344912,2.269580576233802
HIMACHAL PRADESH,UNA,HIMACHAL PRADESH,UNA,521173,96.0,3305.3,902.4,4557.0913,1009.4430000000001,18.419987221133866,63420.39975209767,17314.787987865835,87439.1286578545,1.9368674125482328
JAMMU AND KASHMIR,ANANTNAG,JAMMU AND KASHMIR,ANANTNAG,1078692,86.0,2358.5,1149.5,3210.8579999999997,1132.582,7.972618690043126,21864.44323310083,10656.424632796015,29766.216862644756,1.049958653628654
JAMMU AND KASHMIR,BADGAM,JAMMU AND KASHMIR,BADGAM,753745,65.0,1150.8,767.7,2105.1564000000003,821.412,8.623606126740476,15267.762970235292,10185.142189997943,27929.291736595274,1.0897743931966382
JAMMU AND KASHMIR,BANDIPORA,JAMMU AND KASHMIR,BANDIPORE,392232,20.0,589.1,357.9,,,5.099023027187991,15019.172326582227,9124.70170715291,,
JAMMU AND KASHMIR,BARAMULLA,JAMMU AND KASHMIR,BARAMULA,1008039,117.0,2475.5,1769.7,3288.0824000000002,1211.156,11.606693788633176,24557.5816015055,17555.868374140286,32618.603050080408,1.2014971642962227
JAMMU AND KASHMIR,DODA,JAMMU AND KASHMIR,DODA,409936,35.0,958.3,229.2,1316.9430000000002,492.411,8.53791811404707,23376.81979626088,5591.116662113111,32125.575699621408,1.2011899418445806
JAMMU AND KASHMIR,GANDERBAL,JAMMU AND KASHMIR,GANDERBAL,297446,30.0,637.9,422.0,799.4715,373.02299999999997,10.085864324953102,21445.909509625275,14187.449150434028,26877.870268889143,1.2540864560289933
JAMMU AND KASHMIR,JAMMU,JAMMU AND KASHMIR,JAMMU,1529958,295.0,19315.9,5849.9,26052.316400000003,3568.346,19.281575049772606,126251.17813691618,38235.69013005586,170281.25216509213,2.332316311951047
JAMMU AND KASHMIR,KARGIL,JAMMU AND KASHMIR,KARGIL,140802,17.0,608.5,153.6,895.5139,174.35999999999999,12.0736921350549,43216.71567165239,10908.935952614309,63600.93606624906,1.2383346827459836
JAMMU AND KASHMIR,KATHUA,JAMMU AND KASHMIR,KATHUA,616435,72.0,2457.2,899.0,3405.2018999999996,924.606,11.680063591457332,39861.461467956884,14583.857178777973,55240.24268576573,1.499924566255972
JAMMU AND KASHMIR,KISHTWAR,JAMMU AND KASHMIR,KISHTWAR,230696,20.0,691.3,144.6,914.2632,306.196,8.66941776190311,29965.842494018103,6267.989041855949,39630.64812567188,1.3272705205118425
JAMMU AND KASHMIR,KULGAM,JAMMU AND KASHMIR,KULGAM,424483,36.0,792.2,482.3,1098.385,505.975,8.480905006796503,18662.70262884497,11362.05690216098,25875.830127472713,1.191979419670517
JAMMU AND KASHMIR,KUPWARA,JAMMU AND KASHMIR,KUPWARA,870354,63.0,1091.9,692.8,1524.83,810.605,7.238434016503629,12545.470004159228,7959.979502593198,17519.6529228337,0.9313509215790357
JAMMU AND KASHMIR,LEH LADAKH,JAMMU AND KASHMIR,LEH,133487,29.0,1353.3,290.4,1929.6697,266.323,21.724961981316532,101380.65879074366,21754.92744611835,144558.62368620167,1.9951231206035045
JAMMU AND KASHMIR,PULWAMA,JAMMU AND KASHMIR,PULWAMA,560440,50.0,1331.9,879.4,1856.1019,601.3289999999998,8.92156163014774,23765.25587038755,15691.242595103848,33118.65498536864,1.072958746699022
JAMMU AND KASHMIR,POONCH,JAMMU AND KASHMIR,PUNCH,476835,27.0,1142.6,224.9,1666.0940000000003,536.063,5.66233602818585,23962.16720668575,4716.516195329621,34940.68178720103,1.1242106808434784
JAMMU AND KASHMIR,RAJOURI,JAMMU AND KASHMIR,RAJOURI,642415,54.0,1758.2,418.0,2438.8013,826.922,8.405781309589594,27368.601293556345,6506.6973840897235,37963.01923211631,1.2872084244608235
JAMMU AND KASHMIR,RAMBAN,JAMMU AND KASHMIR,RAMBAN,283713,20.0,598.5,145.2,906.7988,316.94599999999997,7.049377363744347,21095.26176100496,5117.847966078396,31961.83467095269,1.1171359789646578
JAMMU AND KASHMIR,REASI,JAMMU AND KASHMIR,REASI,314667,34.0,1206.5,307.6,1585.5013999999999,413.471,10.805073299710488,38342.12040029619,9775.413373502783,50386.64365821646,1.3139954300895869
JAMMU AND KASHMIR,SAMBA,JAMMU AND KASHMIR,SAMBA,318898,58.0,1754.2,1007.1,2397.7654,574.856,18.187633663428432,55008.18443514854,31580.63079730823,75189.10121731715,1.8026328167627266
JAMMU AND KASHMIR,SHOPIAN,JAMMU AND KASHMIR,SHUPIYAN,266215,24.0,510.0,625.7,764.2598,308.40799999999996,9.015269612906861,19157.447927427078,23503.559153315928,28708.36729710948,1.1584921961572412
JAMMU AND KASHMIR,SRINAGAR,JAMMU AND KASHMIR,SRINAGAR,1236829,188.0,16254.3,7002.4,18606.026,2014.222,15.200161057025667,131419.13716447464,56615.74882218965,150433.29352723784,1.6285371704576785
JAMMU AND KASHMIR,UDHAMPUR,JAMMU AND KASHMIR,UDHAMPUR,554985,60.0,2141.6,578.8,2799.5325,735.762,10.81110300278386,38588.43031793652,10429.110696685497,50443.390361901664,1.3257331279223763
JHARKHAND,BOKARO,JHARKHAND,BOKARO,2062330,178.0,10411.7,3049.3,14442.589999999998,2819.557,8.631014435129197,50485.130895637456,14785.703548898577,70030.45099474864,1.3671706273971673
JHARKHAND,CHATRA,JHARKHAND,CHATRA,1042886,46.0,1188.9,275.1,1881.5625,828.5809999999999,4.410836850815909,11400.095504206596,2637.872212303166,18041.880895898496,0.794507741018673
JHARKHAND,DEOGHAR,JHARKHAND,DEOGHAR,1492073,107.0,3015.9,902.3,4419.8325,1497.39,7.171230898220127,20212.81800555335,6047.291251835533,29622.092886876184,1.0035634985687698
JHARKHAND,DHANBAD,JHARKHAND,DHANBAD,2684487,218.0,15228.5,3497.1,19218.397999999997,3327.5980000000004,8.1207321920352,56727.784489178004,13027.069976498304,71590.57950364445,1.2395656972821998
JHARKHAND,DUMKA,JHARKHAND,DUMKA,1321442,95.0,1915.3,491.2,2958.4158999999995,1187.1680000000001,7.189116132225251,14494.014871632657,3717.15141489373,22387.78470791756,0.8983882758380619
JHARKHAND,GARHWA,JHARKHAND,GARHWA,1322784,49.0,1184.2,404.0,1587.434,997.5780000000001,3.7043084887630937,8952.330841618888,3054.164549918959,12000.704574594189,0.7541503374700632
JHARKHAND,GIRIDIH,JHARKHAND,GIRIDIH,2445474,127.0,3511.9,1498.6,5223.2432,2251.727,5.193267235717902,14360.81512213992,6128.055338147124,21358.817145469548,0.9207732325103436
JHARKHAND,GODDA,JHARKHAND,GODDA,1313551,78.0,1532.0,461.2,2277.9486,1121.769,5.938102136879345,11663.041632947636,3511.093212216351,17341.912114565785,0.853997294357052
JHARKHAND,GUMLA,JHARKHAND,GUMLA,1025213,58.0,1304.8,326.8,1702.6024000000002,899.405,5.657360958161865,12727.111341740692,3187.630277805685,16607.304043159813,0.8772859883750986
JHARKHAND,HAZARIBAG,JHARKHAND,HAZARIBAGH,1734495,126.0,4811.0,1312.8,6196.355999999999,1951.3739999999998,7.264362249530843,27737.179986105464,7568.773619987373,35724.26556432852,1.1250387000250792
JHARKHAND,JAMTARA,JHARKHAND,JAMTARA,791042,53.0,1019.2,267.9,1441.3145,706.807,6.700023513290066,12884.271631594782,3386.672262661148,18220.45479253946,0.8935138715769833
JHARKHAND,KHUNTI,JHARKHAND,KHUNTI,531885,41.0,694.9,179.8,1078.0491,580.558,7.708433213946623,13064.854244808559,3380.4299801648854,20268.462167573816,1.091510382883518
JHARKHAND,KODERMA,JHARKHAND,KODARMA,716259,51.0,1533.5,492.1,2221.3266000000003,772.6959999999999,7.120329378060171,21409.85313971622,6870.419778320412,31012.896173032386,1.0787941233548197
JHARKHAND,LATEHAR,JHARKHAND,LATEHAR,726978,34.0,826.6,250.1,1224.9328,625.7479999999999,4.676895311825117,11370.357837513653,3440.26916908077,16849.654322414157,0.8607523198776302
JHARKHAND,LOHARDAGGA,JHARKHAND,LOHARDAGA,461790,35.0,633.6,236.9,956.8702000000001,507.1170000000001,7.579202667879339,13720.522315338141,5130.037462916044,20720.894779012106,1.0981550055219906
JHARKHAND,PAKUR,JHARKHAND,PAKUR,900422,48.0,611.2,194.6,1011.1151,619.567,5.330833764612593,6787.928326940035,2161.2088554033553,11229.346906228413,0.6880851422999438
JHARKHAND,PALAMAU,JHARKHAND,PALAMU,1939869,100.0,2977.9,870.0,4010.4985,1801.167,5.154987269758937,15351.03659061514,4484.838924690275,20674.068712887314,0.9284992955709895
JHARKHAND,PASCHIMI SINGHBHUM,JHARKHAND,PASHCHIMI SINGHBHUM,1502338,116.0,12227.0,1551.9,16605.5949,1339.2229999999997,7.721298402889363,81386.47894148987,10329.899130555175,110531.68394861875,0.8914258975010948
JHARKHAND,PURBI SINGHBHUM,JHARKHAND,PURBI SINGHBHUM,2293919,265.0,15225.0,7487.8,20872.8711,3632.879,11.552282360449519,66371.13167465809,32641.954663612796,90992.18891338361,1.583699773182924
JHARKHAND,RAMGARH,JHARKHAND,RAMGARH,949443,84.0,3208.5,1061.5,4410.1170999999995,1192.096,8.847292570486065,33793.497871910164,11180.239361393997,46449.51934976612,1.2555740576316852
JHARKHAND,RANCHI,JHARKHAND,RANCHI,2914253,346.0,25954.4,7776.7,40258.481,4579.8460000000005,11.87268229628656,89060.21543084968,26685.05445477795,138143.39729597946,1.5715334255467868
JHARKHAND,SAHEBGANJ,JHARKHAND,SAHIBGANJ,1150567,62.0,1130.2,490.7,1673.5040000000001,1009.3029999999999,5.38864751031448,9822.982929286169,4264.853763405347,14545.037359840846,0.8772222738875701
JHARKHAND,SERAIKELA KHARSAWAN,JHARKHAND,SARAIKELA KHARSAWAN,1065056,86.0,2076.9,1094.0,2944.6839,1099.1159999999998,8.074692786107022,19500.383078448456,10271.760358140793,27648.16028452964,1.031979539104047
JHARKHAND,SIMDEGA,JHARKHAND,SIMDEGA,599578,38.0,748.4,166.2,1004.6657999999999,551.9909999999999,6.337790912942102,12482.112419068078,2771.9496045552037,16756.215204693966,0.9206325115331114
KARNATAKA,BAGALKOTE,KARNATAKA,BAGALKOT,1889752,206.0,4312.9,4994.3,6206.4378,2582.158,10.900901282284659,22822.571427361898,26428.335569958384,32842.604743902906,1.3664004588961938
KARNATAKA,BELLARY,KARNATAKA,BALLARI,2452595,261.0,7900.7,8134.0,11218.932499999999,3193.682,10.641789614673439,32213.634945843078,33164.87230871791,45743.110868284406,1.302164442152088
KARNATAKA,BELGAUM,KARNATAKA,BELGAUM,4779661,490.0,14193.8,10325.8,18715.2972,6845.864999999999,10.251773085999195,29696.2483322562,21603.624190083774,39156.11839417063,1.4322909093343648
KARNATAKA,BANGALORE URBAN,KARNATAKA,BENGALURU,9621551,1848.0,329260.6,229846.8,451912.51190000004,26972.614000000005,19.206882549393544,342211.56235621474,238887.4725083305,469687.79971129395,2.8033540538318618
KARNATAKA,BANGALORE RURAL,KARNATAKA,BENGALURU RURAL,990923,163.0,3874.0,2764.0,7882.9999,1661.5439999999999,16.449310390413785,39094.864081265645,27893.186453437855,79552.09335135021,1.6767639867073423
KARNATAKA,BIDAR,KARNATAKA,BIDAR,1703300,143.0,2336.7,1957.4,3361.0013,1613.5609999999997,8.39546762167557,13718.663770328187,11491.810015851583,19732.292021370282,0.9473146245523394
KARNATAKA,BIJAPUR,KARNATAKA,BIJAPUR,2177331,185.0,3962.7,4032.8,5752.223,2690.474,8.496641071109536,18199.80517431663,18521.75897922732,26418.688752422117,1.235675237251479
KARNATAKA,CHAMARAJANAGAR,KARNATAKA,CHAMARAJANAGAR,1020791,98.0,1284.7,1435.1,1981.1797000000001,1486.73,9.60039812263235,12585.338232801818,14058.705454887435,19408.279461711554,1.4564489694756322
KARNATAKA,CHIKKABALLAPURA,KARNATAKA,CHIKKABALLAPURA,1255104,126.0,2015.5,2208.8,3313.6993,1420.1330000000003,10.039008719596145,16058.430217734945,17598.5416347968,26401.79060858702,1.1314863150782726
KARNATAKA,CHIKMAGALUR,KARNATAKA,CHIKKAMAGALURU,1137961,195.0,4225.0,3126.7,6043.4918,1908.7000000000003,17.135912390670683,37127.81017978648,27476.33706251796,53108.074881300854,1.677298255388366
KARNATAKA,CHITRADURGA,KARNATAKA,CHITRADURGA,1659456,177.0,2807.8,2583.6,4205.5083,2048.7039999999997,10.66614601411547,16920.002699679895,15568.957537891936,25342.692424505385,1.234563616028385
KARNATAKA,DAKSHIN KANNAD,KARNATAKA,DAKSHINA KANNADA,2089649,494.0,25808.9,12308.5,33263.5861,5220.389000000001,23.640333855111553,123508.30211198148,58902.23669142521,159182.6478992405,2.49821333630672
KARNATAKA,DAVANGERE,KARNATAKA,DAVANAGERE,1945497,184.0,4147.6,4178.9,5925.383900000001,2502.735,9.457737534419225,21318.974020520207,21479.858360100272,30456.916150474663,1.286424497185038
KARNATAKA,DHARWAD,KARNATAKA,DHARWAD,1847023,307.0,11548.5,7757.9,16544.9335,3821.9709999999995,16.621341477610187,62524.938779863594,42002.18405509839,89576.218054675,2.0692601012548297
KARNATAKA,GADAG,KARNATAKA,GADAG,1064570,132.0,2288.8,1927.3,3301.3055000000004,1642.9129999999998,12.399372516602947,21499.760466667292,18104.023220643077,31010.694458795573,1.5432644166189164
KARNATAKA,GULBARGA,KARNATAKA,GULBARGA,2566326,212.0,5647.4,4447.7,8240.9684,2624.6420000000003,8.26083669806564,22005.777909743345,17331.001595276673,32111.931219961923,1.022723535513415
KARNATAKA,HASSAN,KARNATAKA,HASSAN,1776421,249.0,4529.3,3937.4,6774.0124000000005,2840.9509999999996,14.01694755916531,25496.771317159615,22164.79089134839,38132.92231965283,1.5992554692834635
KARNATAKA,HAVERI,KARNATAKA,HAVERI,1597668,163.0,2423.6,2443.8,3533.9328,2273.5609999999997,10.202369954208258,15169.609706146708,15296.043984106836,22119.3189073074,1.4230497199668515
KARNATAKA,KODAGU,KARNATAKA,KODAGU,554519,138.0,3077.6,1876.8,4291.567800000001,1054.5629999999999,24.886433106890834,55500.35255780235,33845.54902537154,77392.61954955557,1.901761706992907
KARNATAKA,KOLAR,KARNATAKA,KOLAR,1536401,134.0,2974.1,2284.8,4496.320699999999,1735.1440000000005,8.72168138396161,19357.57657017927,14871.117631399615,29265.281004112854,1.1293562032307976
KARNATAKA,KOPPAL,KARNATAKA,KOPPAL,1389920,128.0,2148.6,2530.2,3202.2893,1496.087,9.209163117301715,15458.443651433176,18203.92540577875,23039.378525382755,1.076383532865201
KARNATAKA,MANDYA,KARNATAKA,MANDYA,1805769,178.0,2830.0,2743.1,4247.944799999999,2653.4659999999994,9.857296254393558,15671.993483108858,15190.758064846612,23524.29795837673,1.4694382282562164
KARNATAKA,MYSORE,KARNATAKA,MYSORE,3001127,387.0,18181.2,11087.3,25382.140799999997,5422.173,12.895155719834582,60581.24164688799,36943.78811693074,84575.36385497847,1.80671227842074
KARNATAKA,RAICHUR,KARNATAKA,RAICHUR,1928812,176.0,3366.8,3996.9,4914.762,2003.743,9.12478769314998,17455.304093918952,20722.081778835884,25480.772620659765,1.03884826514974
KARNATAKA,RAMANAGARA,KARNATAKA,RAMANAGARA,1082636,136.0,3596.5,2309.0,4877.5469,1653.1059999999998,12.561932172955638,33219.84489708452,21327.574549525416,45052.50980015444,1.5269268710813235
KARNATAKA,SHIMOGA,KARNATAKA,SHIVAMOGGA,1752753,240.0,7153.6,4245.2,10205.8064,3008.5029999999997,13.692745070183877,40813.508805861406,24220.183904976915,58227.2938628546,1.7164443592451415
KARNATAKA,TUMKUR,KARNATAKA,TUMKUR,2678980,238.0,5113.1,5042.5,7556.7612,3840.4570000000003,8.883978230520572,19085.995416165853,18822.46228042016,28207.605879849794,1.4335519488760649
KARNATAKA,UDIPI,KARNATAKA,UDUPI,1177361,305.0,12939.3,5865.2,17342.8986,3400.7659999999996,25.90539350292731,109900.87152538601,49816.49638471123,147303.15170962855,2.888464965291019
KARNATAKA,UTTAR KANNAD,KARNATAKA,UTTARA KANNADA,1437169,239.0,6680.1,1880.7,9420.9665,3009.817,16.629916175481103,46480.96361666582,13086.143661601385,65552.25237950443,2.09426796709364
KARNATAKA,YADGIR,KARNATAKA,YADGIR,1174271,91.0,1183.4,1377.6,1947.0661,959.3190000000001,7.749488831794364,10077.741850049946,11731.533862285622,16581.062633753198,0.816948557871224
KERALA,ALAPUZHA,KERALA,ALAPPUZHA,2127789,335.0,15427.3,8456.5,21888.9527,3993.198,15.744042289907503,72503.89958778808,39743.132425254575,102871.81999718958,1.8766889010141512
KERALA,ERNAKULAM,KERALA,ERNAKULAM,3282388,851.0,54190.3,46718.9,74142.4702,7979.497000000001,25.92624637916054,165094.1326863247,142332.0460591496,225879.6650487389,2.431003586413307
KERALA,IDUKKI,KERALA,IDUKKI,1108974,154.0,2954.7,3741.0,4067.9419999999996,1659.073,13.88670969743204,26643.54619675484,33733.883752008616,36682.03222077343,1.4960431894706279
KERALA,KANNUR,KERALA,KANNUR,2523003,336.0,13470.0,7554.5,19245.5603,4539.2919999999995,13.317463356167234,53388.75934749186,29942.493132192074,76280.37025718954,1.7991623474090197
KERALA,KASARAGOD,KERALA,KASARAGOD,1307375,191.0,4252.2,3645.3,6175.1146,2271.672,14.609427287503584,32524.715555980496,27882.589157663257,47232.925518692035,1.7375825604742328
KERALA,KOLLAM,KERALA,KOLLAM,2635375,345.0,18492.7,11283.1,24205.105100000004,4476.465,13.091116065076127,70171.03827728501,42814.02077503202,91846.91021201917,1.6986064601811885
KERALA,KOTTAYAM,KERALA,KOTTAYAM,1974551,447.0,19764.9,11648.7,27537.1095,4053.723,22.638057968621727,100098.19954004734,58994.17133312839,139460.10763966086,2.0529847038643214
KERALA,KOZHIKODE,KERALA,KOZHIKODE,3086293,382.0,14900.9,10864.0,20731.973299999998,4973.632,12.377308311297728,48280.898799951916,35200.80562668548,67174.35220829648,1.6115229500245116
KERALA,MALAPPURAM,KERALA,MALAPPURAM,4112920,386.0,11878.9,7331.5,17077.1053,5209.522,9.385059762893516,28881.913579646578,17825.535142915494,41520.63570407399,1.2666237125934858
KERALA,PALAKKAD,KERALA,PALAKKAD,2809934,358.0,11996.4,8490.9,16794.6472,4419.326999999999,12.740512766492024,42692.817696074,30217.435712013164,59768.831581097635,1.572751174938628
KERALA,PATHANAMTHITTA,KERALA,PATHANAMTHITTA,1197412,353.0,22352.4,6476.5,30776.0668,3195.455,29.480245729957606,186672.59055362732,54087.48200285282,257021.53310639947,2.668634521785317
KERALA,THIRUVANANTHAPURAM,KERALA,THIRUVANANTHAPURAM,3301427,615.0,44076.8,27910.7,59415.89839999999,7177.436,18.628308304257523,133508.3283683086,84541.32107116104,179970.3534259579,2.174040498245153
KERALA,THRISSUR,KERALA,THRISSUR,3121200,606.0,29510.4,17155.7,41639.8996,6600.102000000002,19.415609381007307,94548.25067281815,54965.077534281685,133409.90516468024,2.1146039984621305
KERALA,WAYANAD,KERALA,WAYANAD,817420,105.0,1656.1,2103.0,2438.8308999999995,1292.636,12.845293729049937,20260.086613980573,25727.288297325733,29835.713586650676,1.5813608671184949
LAKSHADWEEP,LAKSHADWEEP,LAKSHADWEEP,LAKSHADWEEP,64473,12.0,670.2,61.1,754.8396,90.69200000000001,18.61244241775627,103950.49090316877,9476.835264374235,117078.4049136848,1.406666356459293
MADHYA PRADESH,ALIRAJPUR,MADHYA PRADESH,ALIRAJPUR,728999,24.0,535.1,131.4,682.2511999999999,489.318,3.292185585988458,7340.2021127601,1802.4716083286808,9358.739861097201,0.6712190277352919
MADHYA PRADESH,ANUPPUR,MADHYA PRADESH,ANUPPUR,749237,45.0,1640.9,368.0,2292.9387,938.734,6.006110216126539,21900.94723031564,4911.66346563237,30603.650113382013,1.2529199705834069
MADHYA PRADESH,ASHOKNAGAR,MADHYA PRADESH,ASHOKNAGAR,845071,54.0,1044.1,714.3,1278.731,739.1439999999999,6.389995633502983,12355.174890630491,8452.54422409478,15131.639826712784,0.8746531356536905
MADHYA PRADESH,BALAGHAT,MADHYA PRADESH,BALAGHAT,1701698,97.0,2094.4,760.2,2628.0262000000002,1945.554,5.7001888701755545,12307.706772882144,4467.302658873667,15443.552263680162,1.1433015728995393
MADHYA PRADESH,BARWANI,MADHYA PRADESH,BARWANI,1385881,79.0,1320.1,1453.6,1753.4786,1239.135,5.700345123426903,9525.34885751374,10488.635027105502,12652.447071573966,0.8941135638629868
MADHYA PRADESH,BETUL,MADHYA PRADESH,BETUL,1575362,101.0,2864.1,1030.9,3719.976,1890.6939999999997,6.411224848637964,18180.583256419795,6543.892768773146,23613.467888650353,1.200164787521852
MADHYA PRADESH,BHIND,MADHYA PRADESH,BHIND,1703005,74.0,1780.3,592.3,2311.54,1207.8709999999999,4.345260289899326,10453.874181226714,3477.9698239288787,13573.30131150525,0.7092586340028361
MADHYA PRADESH,BHOPAL,MADHYA PRADESH,BHOPAL,2371061,395.0,58910.0,25072.2,71636.3424,5320.275,16.659208683370018,248454.17304742476,105742.53467118728,302127.79173542984,2.2438372526054793
MADHYA PRADESH,BURHANPUR,MADHYA PRADESH,BURHANPUR,757847,45.0,1388.7,977.9,1817.0948000000003,756.103,5.937874003591754,18324.279175084153,12903.659973583059,23977.06661107058,0.9976987439417191
MADHYA PRADESH,CHHATARPUR,MADHYA PRADESH,CHHATARPUR,1762375,90.0,2836.6,888.9,3572.9031999999997,1836.75,5.106745159231151,16095.325909638981,5043.761968933967,20273.22902333499,1.0422015745797575
MADHYA PRADESH,CHHINDWARA,MADHYA PRADESH,CHHINDWARA,2090922,147.0,4232.3,1870.3,5701.517599999999,2634.5699999999997,7.030391377583669,20241.309814522014,8944.857818703902,27267.959302164305,1.2600039599755513
MADHYA PRADESH,DAMOH,MADHYA PRADESH,DAMOH,1264219,69.0,1562.9,727.5,2024.1386000000002,1343.5739999999998,5.457915123882808,12362.573256690494,5754.5409458329605,16010.980692427502,1.0627699789356115
MADHYA PRADESH,DATIA,MADHYA PRADESH,DATIA,786754,51.0,1065.8,653.7,1358.3492999999999,741.846,6.482331198824538,13546.80116021018,8308.823342493333,17265.235384885236,0.9429198961810172
MADHYA PRADESH,DEWAS,MADHYA PRADESH,DEWAS,1563715,114.0,2529.5,2454.0,3388.4940999999994,1779.9270000000001,7.290331038584397,16176.221370262483,15693.396814636939,21669.512027447454,1.1382681626767028
MADHYA PRADESH,DHAR,MADHYA PRADESH,DHAR,2185793,171.0,3216.5,2412.2,4358.6402,2483.0919999999996,7.823247672583817,14715.48312214377,11035.811716846014,19940.772982620038,1.13601425203576
MADHYA PRADESH,DINDORI,MADHYA PRADESH,DINDORI,704524,32.0,644.6,145.4,780.302,678.883,4.542073797344022,9149.439905524865,2063.80478166819,11075.591463172297,0.9636052143007193
MADHYA PRADESH,GUNA,MADHYA PRADESH,GUNA,1241519,79.0,1859.9,1426.0,2358.8718,1275.3049999999998,6.363172855187879,14980.842016916375,11485.92973607331,18999.88481851667,1.027213437732326
MADHYA PRADESH,GWALIOR,MADHYA PRADESH,GWALIOR,2032036,202.0,11088.9,4008.7,16245.5003,3128.71,9.94076876590769,54570.39146944247,19727.504827670375,79946.91186573466,1.5396922101773787
MADHYA PRADESH,HARDA,MADHYA PRADESH,HARDA,570465,53.0,1154.7,1937.0,1227.9886999999999,633.1899999999999,9.290666386193719,20241.382030448844,33954.75620765516,21526.100637199474,1.1099541602026415
MADHYA PRADESH,HOSHANGABAD,MADHYA PRADESH,HOSHANGABAD,1241350,138.0,3136.7,2602.6,4260.733700000001,1832.338,11.116929149716034,25268.45772747412,20965.883916703588,34323.38744109237,1.4760849075603173
MADHYA PRADESH,INDORE,MADHYA PRADESH,INDORE,3276697,462.0,30613.8,34076.1,41336.37589999999,6273.6320000000005,14.099564286841293,93428.84007889652,103995.27328892479,126152.57346040843,1.9146207293503186
MADHYA PRADESH,JABALPUR,MADHYA PRADESH,JABALPUR,2463289,251.0,13923.3,5229.5,19407.988999999998,3913.102,10.189628581948767,56523.2094163535,21229.746083386886,78788.92407671206,1.58856796746139
MADHYA PRADESH,JHABUA,MADHYA PRADESH,JHABUA,1025048,45.0,990.7,407.6,1219.8791999999999,858.0989999999999,4.390038320156715,9664.913252842794,3976.3991539908375,11900.70318658248,0.8371305538862569
MADHYA PRADESH,KATNI,MADHYA PRADESH,KATNI,1292042,84.0,2751.8,1153.2,3603.4473,1497.1470000000002,6.501336643855231,21298.069257810504,8925.406449635539,27889.552352013325,1.1587448395640392
MADHYA PRADESH,EAST NIMAR,MADHYA PRADESH,KHANDWA,1310061,83.0,2021.5,1489.3,2558.9024,1474.0719999999997,6.335582846905602,15430.579186770692,11368.172932405438,19532.69656909106,1.1251934070245582
MADHYA PRADESH,WEST NIMAR,MADHYA PRADESH,KHARGONE,1873046,106.0,2272.4,1957.9,2943.8030000000003,2002.1770000000001,5.659231006606351,12132.109942841767,10453.026780976015,15716.661523529056,1.0689417131239705
MADHYA PRADESH,MANDLA,MADHYA PRADESH,MANDLA,1054905,58.0,1495.8,437.2,1848.2851999999998,998.9990000000001,5.498125423616345,14179.475876974704,4144.4490262156305,17520.868703816926,0.947003758632294
MADHYA PRADESH,MANDSAUR,MADHYA PRADESH,MANDSAUR,1340411,83.0,1936.9,1043.8,2583.4714,1472.839,6.192130622622464,14450.04554573187,7787.163787823287,19273.725745312444,1.0987965631436925
MADHYA PRADESH,MORENA,MADHYA PRADESH,MORENA,1965970,83.0,1977.7,1564.1,2710.156,1608.3190000000002,4.221834514260136,10059.665203436472,7955.869112956962,13785.3375178665,0.8180791161614879
MADHYA PRADESH,NARSIMHAPUR,MADHYA PRADESH,NARSIMHAPUR,1091854,93.0,1785.4,1504.3,2506.3900000000003,1343.043,8.517622319467621,16352.003106642464,13777.483070080798,22955.358500312315,1.2300573153553498
MADHYA PRADESH,NEEMUCH,MADHYA PRADESH,NEEMUCH,826067,66.0,1536.7,771.8,2072.8786,1029.683,7.989666697737593,18602.607294565696,9343.06781411193,25093.34714980746,1.2464884809585663
MADHYA PRADESH,PANNA,MADHYA PRADESH,PANNA,1016520,49.0,1237.1,380.7,1626.3099000000002,1137.521,4.820367528430331,12169.952386573801,3745.13044504781,15998.798843111796,1.1190345492464486
MADHYA PRADESH,RAISEN,MADHYA PRADESH,RAISEN,1331597,110.0,1749.0,2102.5,2177.6487,1450.788,8.260757571547547,13134.604538760601,15789.311631071563,16353.661806086977,1.089509814155484
MADHYA PRADESH,RAJGARH,MADHYA PRADESH,RAJGARH,1545814,93.0,1452.2,1646.2,1889.8179000000005,1683.0230000000001,6.016247750376178,9394.403207630414,10649.40542652609,12225.389988704983,1.0887616492022973
MADHYA PRADESH,RATLAM,MADHYA PRADESH,RATLAM,1455069,110.0,2986.4,1879.2,4001.5493999999994,1741.317,7.559778952063442,20524.112602220237,12914.851460652382,27500.75357251099,1.196724691406387
MADHYA PRADESH,REWA,MADHYA PRADESH,REWA,2365106,146.0,5431.9,1291.8,7043.8547,2511.5240000000003,6.173084842708953,22966.835313089563,5461.911643706456,29782.405947133026,1.0619075846917645
MADHYA PRADESH,SAGAR,MADHYA PRADESH,SAGAR,2378458,165.0,6245.2,2160.6,8098.8661999999995,2976.8430000000003,6.937267759195244,26257.348248318867,9084.03680031348,34050.91113654309,1.251585270793094
MADHYA PRADESH,SATNA,MADHYA PRADESH,SATNA,2228935,150.0,4690.9,1643.7,6123.8427999999985,2389.599,6.729671345283734,21045.476875727647,7374.373860161916,27474.299609454734,1.0720810611345777
MADHYA PRADESH,SEHORE,MADHYA PRADESH,SEHORE,1311332,105.0,1726.8,1915.6,2226.5674,1553.3629999999998,8.007125579182082,13168.289952506306,14608.047389982095,16979.43312601233,1.1845688201004778
MADHYA PRADESH,SEONI,MADHYA PRADESH,SEONI,1379131,70.0,1679.2,829.7,2122.0242,1413.726,5.0756599626866485,12175.783156204885,6016.1072443444455,15386.676102560235,1.0250846366298778
MADHYA PRADESH,SHAHDOL,MADHYA PRADESH,SHAHDOL,1066063,58.0,2047.5,503.4,2755.8426,1337.572,5.440579027693485,19206.18199862485,4722.047383691208,25850.65422962808,1.2546838226258674
MADHYA PRADESH,AGAR MALWA,MADHYA PRADESH,SHAJAPUR,1512681,95.0,1470.8,1669.6999999999998,1859.6019,1710.7060000000001,6.280240182827708,9723.133958845256,11038.017929755182,12293.417448887109,1.1309099539162588
MADHYA PRADESH,SHEOPUR,MADHYA PRADESH,SHEOPUR,687861,27.0,600.5,378.7,641.7703,578.778,3.925211634327284,8729.961431161237,5505.472762665713,9329.941659724856,0.8414170886269173
MADHYA PRADESH,SHIVPURI,MADHYA PRADESH,SHIVPURI,1726050,79.0,2127.1,874.8,2639.9898,1599.5120000000002,4.576924191072101,12323.513223834767,5068.219344746676,15294.978708612149,0.9266892616088759
MADHYA PRADESH,SIDHI,MADHYA PRADESH,SIDHI,1127033,55.0,1599.5,260.3,2102.3831,1024.203,4.880070060060353,14192.131020120973,2309.604066606745,18654.1396747034,0.9087604355861807
MADHYA PRADESH,SINGRAULI,MADHYA PRADESH,SINGRAULI,1178273,68.0,7206.8,542.2,6942.8538,1133.791,5.771158296931187,61164.09355047599,4601.650042053073,58923.98281213267,0.9622481377405746
MADHYA PRADESH,TIKAMGARH,MADHYA PRADESH,TIKAMGARH,1445166,71.0,1947.6,492.3,2454.4465,1302.4409999999998,4.912930417682121,13476.65250912352,3406.52907693649,16983.837842849887,0.9012397191741293
MADHYA PRADESH,UJJAIN,MADHYA PRADESH,UJJAIN,1986864,166.0,5459.2,3418.6,7614.7728,2598.5429999999997,8.354874817803333,27476.465424910813,17206.009067555708,38325.58645181552,1.3078615345589832
MADHYA PRADESH,UMARIA,MADHYA PRADESH,UMARIA,644758,32.0,1236.4,208.9,1517.1527999999998,762.796,4.963102435332327,19176.187034515275,3239.9753085653842,23530.57736391018,1.1830733391442991
MADHYA PRADESH,VIDISHA,MADHYA PRADESH,VIDISHA,1458875,100.0,2004.2,1917.7,2561.7839999999997,1439.348,6.854596864021935,13737.983034872761,13145.060406134864,17559.996572701566,0.9866150287036244
MAHARASHTRA,AHMADNAGAR,MAHARASHTRA,AHMADNAGAR,4543159,336.0,9460.9,9723.9,,,7.395734994086713,20824.496787367556,21403.389139583272,,
MAHARASHTRA,AKOLA,MAHARASHTRA,AKOLA,1813906,142.0,3801.4,2116.0,5145.546200000001,1872.1569999999997,7.828410071966243,20956.984540543996,11665.433600197584,28367.21528017439,1.0321135714860636
MAHARASHTRA,AMRAVATI,MAHARASHTRA,AMRAVATI,2888445,216.0,6327.1,3338.7,9039.7484,3331.7729999999992,7.478072111464819,21904.865766874565,11558.814517846107,31296.24555773089,1.1534832756033087
MAHARASHTRA,AURANGABAD,MAHARASHTRA,AURANGABAD,3701282,259.0,10497.6,10738.0,15701.9998,3784.923,6.997575434673715,28362.06481970301,29011.569504836432,42423.13825317822,1.0225978458274727
MAHARASHTRA,BHANDARA,MAHARASHTRA,BHANDARA,1200334,98.0,3277.3,813.4,2853.9251,1473.7730000000001,8.164394243602196,27303.23393322192,6776.447222189824,23776.09148786921,1.2278024283241167
MAHARASHTRA,BID,MAHARASHTRA,BID,2585049,132.0,3427.1,2611.5,5230.8044,2227.388,5.106286186451398,13257.388931505748,10102.32301205896,20234.83655435545,0.8616424678990611
MAHARASHTRA,BULDHANA,MAHARASHTRA,BULDANA,2586258,151.0,3336.7,2618.6,6085.6903999999995,2513.804,5.83855129689304,12901.651730028481,10125.053262280871,23530.871243317564,0.9719850069095968
MAHARASHTRA,CHANDRAPUR,MAHARASHTRA,CHANDRAPUR,2204307,182.0,5689.4,1731.9,7829.010700000001,2339.0769999999998,8.256563173822883,25810.37940722413,7856.8910773317875,35516.87990828864,1.0611393966448412
MAHARASHTRA,DHULE,MAHARASHTRA,DHULE,2050862,101.0,4026.7,2439.4,5423.5194,1962.711,4.924758467415165,19634.183089842223,11894.51069842827,26445.07236469348,0.9570175857761273
MAHARASHTRA,GADCHIROLI,MAHARASHTRA,GADCHIROLI,1072942,59.0,1540.1,453.8,2088.0456,891.66,5.498899288125546,14353.991175664667,4229.4923677141915,19460.936378667255,0.8310421252966144
MAHARASHTRA,GONDIA,MAHARASHTRA,GONDIYA,1322507,82.0,1947.3,830.3,2660.3417,1458.194,6.20034525337106,14724.307697426177,6278.2276388707205,20115.898819439142,1.102598322730995
MAHARASHTRA,HINGOLI,MAHARASHTRA,HINGOLI,1177345,53.0,976.0,1013.8,1380.8562,890.1859999999999,4.501654145556316,8289.83857747729,8610.899948613192,11728.560447447435,0.7560961315502251
MAHARASHTRA,JALGAON,MAHARASHTRA,JALGAON,4229917,256.0,7683.3,5367.8,10857.440100000002,3863.6250000000005,6.052128209607895,18164.186200343884,12690.08351700518,25668.210747397647,0.9134044474158713
MAHARASHTRA,JALNA,MAHARASHTRA,JALNA,1959046,98.0,2107.8,2944.9,3221.3887999999997,1776.4349999999997,5.0024348585995435,10759.318566281752,15032.316750091626,16443.660843083824,0.9067857518404365
MAHARASHTRA,KOLHAPUR,MAHARASHTRA,KOLHAPUR,3876001,351.0,11464.4,9679.6,15366.662999999999,4537.724,9.05572521782115,29577.907745637836,24973.16177163009,39645.66314611374,1.1707231241684406
MAHARASHTRA,LATUR,MAHARASHTRA,LATUR,2454196,146.0,3475.2,2813.2,5229.7369,2151.733,5.948995108785118,14160.23822058222,11462.817150708419,21309.369341324003,0.8767567871514744
MAHARASHTRA,MUMBAI,MAHARASHTRA,MUMBAI,3085411,987.0,975225.7,958111.1,1074180.047,13251.906,31.989255240225692,3160764.31956715,3105294.886159413,3481481.225677876,4.295021311585393
MAHARASHTRA,MUMBAI SUBURBAN,MAHARASHTRA,MUMBAI SUBURBAN,9356962,1290.0,429718.7,392350.3,486919.46830000007,42981.524,13.786526011327181,459250.2352793567,419313.768721087,520382.00892554666,4.593534097926229
MAHARASHTRA,NAGPUR,MAHARASHTRA,NAGPUR,4653570,525.0,45036.9,31002.6,62203.13580000001,7096.067000000001,11.281661176258229,96779.2469007665,66621.11024439301,133667.5623231197,1.524865211010042
MAHARASHTRA,NANDED,MAHARASHTRA,NANDED,3361292,179.0,4877.7,4141.1,6690.1143999999995,2797.666,5.325333234958463,14511.38431293681,12319.965061053905,19903.40143016435,0.8323186441404079
MAHARASHTRA,NANDURBAR,MAHARASHTRA,NANDURBAR,1648295,60.0,2055.3,972.8,2780.9069,1526.9950000000001,3.6401250989659015,12469.248526507694,5901.856160456714,16871.415007629097,0.9264088042492395
MAHARASHTRA,NASIK,MAHARASHTRA,NASHIK,6107187,455.0,20430.7,13461.9,30375.129999999997,6485.665000000002,7.450238546813778,33453.53597327215,22042.717866670857,49736.69547043508,1.061972557905956
MAHARASHTRA,OSMANABAD,MAHARASHTRA,OSMANABAD,1657576,99.0,2404.2,1497.7,3671.0077,1506.582,5.972576823023499,14504.31232112434,9035.483139234642,22146.843945616973,0.9089067409277162
MAHARASHTRA,PARBHANI,MAHARASHTRA,PARBHANI,1836086,98.0,2130.1,2624.9,3007.7661,1499.692,5.337440620973092,11601.308435443656,14296.17131223701,16381.400980128381,0.8167874489539161
MAHARASHTRA,PUNE,MAHARASHTRA,PUNE,9429408,1142.0,139998.6,106348.0,190195.21599999996,17405.554000000004,12.111046631983683,148470.19028129868,112783.32637637485,201704.3021152547,1.8458798261778473
MAHARASHTRA,RAIGAD,MAHARASHTRA,RAIGARH,2634200,329.0,18447.5,7970.5,23227.570599999995,3640.8559999999998,12.489560397843746,70030.74937362387,30257.763267785285,88176.94404373244,1.382148659934705
MAHARASHTRA,RATNAGIRI,MAHARASHTRA,RATNAGIRI,1615069,203.0,4892.4,2320.9,6533.7919,2140.396,12.569122433778372,30292.204233998673,14370.283870224739,40455.18736351202,1.3252659793482509
MAHARASHTRA,SANGLI,MAHARASHTRA,SANGLI,2822143,241.0,7406.9,5086.6,9661.643900000001,3035.635,8.53960979298356,26245.657998194987,18023.891773024967,34235.132309028995,1.0756488951835537
MAHARASHTRA,SATARA,MAHARASHTRA,SATARA,3003741,243.0,6493.9,3868.0,9252.960700000001,3132.562000000001,8.089911879885783,21619.37397398777,12877.275370945765,30804.78876174744,1.04288685342711
MAHARASHTRA,SINDHUDURG,MAHARASHTRA,SINDHUDURG,849651,123.0,3116.9,1260.6,4064.1173,1241.222,14.476532129074172,36684.473978139256,14836.68000155358,47832.78428437088,1.460860988805992
MAHARASHTRA,SOLAPUR,MAHARASHTRA,SOLAPUR,4317756,283.0,8191.9,7699.0,12150.665299999999,4287.919000000001,6.554330536510169,18972.586686232386,17831.021484308054,28141.15781438321,0.9930896975188039
MAHARASHTRA,THANE,MAHARASHTRA,THANE,11060148,1071.0,94971.8,37821.5,119990.3935,11488.630999999998,9.683414724649255,85868.47119948124,34196.197012915196,108488.9582851875,1.0387411633189716
MAHARASHTRA,WARDHA,MAHARASHTRA,WARDHA,1300774,126.0,3430.9,2062.3,4957.5979,1726.2009999999998,9.686540475132498,26375.834695342928,15854.406684020438,38112.67676014434,1.3270568138662056
MAHARASHTRA,WASHIM,MAHARASHTRA,WASHIM,1197160,67.0,1065.3,715.2,1564.0326,974.3609999999999,5.596578569280631,8898.559925156203,5974.1387951485185,13064.524374352635,0.8138937151257977
MAHARASHTRA,YAVATMAL,MAHARASHTRA,YAVATMAL,2772348,160.0,3526.5,2602.1,4992.8497,2512.815,5.771281238863231,12720.264555531989,9385.906819778758,18009.462376296193,0.9063851291396319
MANIPUR,BISHENPUR,MANIPUR,BISHNUPUR,237399,9.0,69.3,59.7,118.004,150.857,3.7910858933693907,2919.1361378944307,2514.753642601696,4970.703330679573,0.635457605128918
MANIPUR,CHANDEL,MANIPUR,CHANDEL,144182,4.0,77.6,63.4,116.40299999999999,69.26299999999999,2.774271406971744,5382.086529525183,4397.220180050214,8073.337864643298,0.4803859011527097
MANIPUR,CHURACHANDPUR,MANIPUR,CHURACHANDPUR,274143,12.0,296.5,111.7,372.67139999999995,194.969,4.377277552226393,10815.523285292713,4074.5158548640675,13594.051279806523,0.7111945225666897
MANIPUR,IMPHAL EAST,MANIPUR,IMPHAL EAST,456113,17.0,563.9,83.9,692.3540000000002,261.49,3.727146562365028,12363.16439128023,1839.456450484858,15179.440182586337,0.5733009144663713
MANIPUR,IMPHAL WEST,MANIPUR,IMPHAL WEST,517992,40.0,2808.2,1027.8,3872.1009999999997,770.4739999999999,7.7221269826561025,54213.19248173717,19842.005281934857,74752.1390291742,1.4874245162087443
MANIPUR,SENAPATI,MANIPUR,SENAPATI,479148,15.0,230.0,132.5,369.9298,182.32,3.1305567382103234,4800.186998589163,2765.3251187524525,7720.574853698648,0.38050873634033744
MANIPUR,TAMENGLONG,MANIPUR,TAMENGLONG,140651,6.0,45.4,13.5,82.60470000000001,44.501999999999995,4.265877953231758,3227.847651278697,959.8225394771456,5873.026142722058,0.31640016779119945
MANIPUR,THOUBAL,MANIPUR,THOUBAL,422168,13.0,153.3,121.4,263.2723,325.311,3.079342820867522,3631.2558033768546,2875.632449640901,6236.197437986772,0.7705723787686418
MANIPUR,UKHRUL,MANIPUR,UKHRUL,183998,7.0,99.1,20.8,148.7136,85.932,3.8043891781432406,5385.9281079142165,1130.4470700768486,8082.348721181754,0.4670268155088642
MEGHALAYA,EAST GARO HILLS,MEGHALAYA,EAST GARO HILLS,317917,18.0,455.7,126.1,288.06269999999995,81.04499999999999,5.661855138290812,14333.929925106238,3966.4440718803967,9060.940434138469,0.25492502760154373
MEGHALAYA,EAST KHASI HILLS,MEGHALAYA,EAST KHASI HILLS,825922,126.0,9613.5,2534.0,13270.901800000003,1025.829,15.255677896944263,116397.19004942356,30680.863326076797,160679.84385934754,1.2420410159797173
MEGHALAYA,JAINTIA HILLS,MEGHALAYA,JAINTIA HILLS,395124,42.0,1333.4,240.0,1375.746,214.865,10.629574513317339,33746.36822870795,6074.042579038479,34818.0824247578,0.5437913161437928
MEGHALAYA,RI BHOI,MEGHALAYA,RIBHOI,258840,22.0,629.7,346.8,793.2266,181.149,8.49945912532839,24327.770050996754,13398.23829392675,30645.441199196415,0.699849327770051
MEGHALAYA,SOUTH GARO HILLS,MEGHALAYA,SOUTH GARO HILLS,142334,3.0,97.3,20.3,114.4937,34.352000000000004,2.107718465018899,6836.033554877963,1426.2228279961219,8044.016187277812,0.24134781570109748
MEGHALAYA,WEST GARO HILLS,MEGHALAYA,WEST GARO HILLS,643291,33.0,934.1,284.2,1073.528,330.54499999999996,5.1298712402318705,14520.64462272906,4417.907292345144,16688.061856920118,0.5138343300310434
MEGHALAYA,WEST KHASI HILLS,MEGHALAYA,WEST KHASI HILLS,383461,23.0,483.6,171.0,370.42050000000006,173.404,5.998002404416616,12611.452012069023,4459.3843963271365,9659.926302805241,0.4522076560588952
MIZORAM,AIZAWL,MIZORAM,AIZAWL,400309,56.0,3281.7,915.8,4449.6241,495.73799999999994,13.989193348138562,81979.17109033272,22877.32726468803,111154.73546685185,1.2383883450034847
MIZORAM,CHAMPHAI,MIZORAM,CHAMPHAI,125745,12.0,148.1,82.9,187.3951,100.42699999999999,9.543122986997494,11777.804286452742,6592.707463517436,14902.787387172453,0.7986560101793311
MIZORAM,KOLASIB,MIZORAM,KOLASIB,83955,11.0,149.1,64.2,188.4476,74.527,13.102257161574652,17759.514025370736,7646.9537252099335,22446.262878923233,0.887701744982431
MIZORAM,LAWNGTLAI,MIZORAM,LAWNGTLAI,117894,4.0,88.7,141.6,137.8999,83.427,3.39287834834682,7523.7077374590735,12010.789353147742,11696.939623729791,0.7076441549188254
MIZORAM,LUNGLEI,MIZORAM,LUNGLEI,161428,16.0,293.7,174.8,390.23490000000004,150.919,9.911539509874371,18193.869712813143,10828.356914537751,24173.928934261716,0.9348997695567064
MIZORAM,MAMIT,MIZORAM,MAMIT,86364,12.0,251.6,75.7,318.7763,75.12100000000001,13.894678338196472,29132.508915751932,8765.22625167894,36910.784586170164,0.8698184428697144
MIZORAM,SAIHA,MIZORAM,SAIHA,56574,5.0,65.8,74.5,109.40220000000001,52.64999999999999,8.837982111924205,11630.784459292254,13168.593346767066,19337.893732103086,0.9306395163856187
MIZORAM,SERCHHIP,MIZORAM,SERCHHIP,64937,9.0,100.9,58.9,131.44910000000002,56.694,13.859586984307867,15538.136963518487,9070.329704174816,20242.558171766486,0.8730615827648336
NAGALAND,DIMAPUR,NAGALAND,DIMAPUR,378811,42.0,2883.9,867.8,3770.3149000000003,444.318,11.087323229790053,76130.31300569413,22908.52166383764,99530.23803427038,1.1729279244794897
NAGALAND,KIPHIRE,NAGALAND,KIPHIRE,74004,2.0,30.3,17.1,28.3909,20.887999999999998,2.7025566185611587,4094.3732771201558,2310.6859088697906,3836.4007350954003,0.2822550132425274
NAGALAND,KOHIMA,NAGALAND,KOHIMA,267988,28.0,2308.5,406.9,3011.1394,256.387,10.448229025180233,86141.91680224487,15183.515679806558,112360.97884979924,0.9567107482424586
NAGALAND,LONGLENG,NAGALAND,LONGLENG,50484,1.0,33.0,16.0,28.5961,16.328,1.9808256081134616,6536.724506774423,3169.3209729815385,5664.388717217336,0.32342920529276603
NAGALAND,MOKOKCHUNG,NAGALAND,MOKOKCHUNG,194622,20.0,243.6,175.1,326.4674,124.53300000000002,10.2763305278951,12516.57058297623,8996.92737717216,16774.434544912703,0.6398711348151803
NAGALAND,MON,NAGALAND,MON,250260,5.0,102.2,55.6,121.4038,55.714,1.9979221609526092,4083.752896987133,2221.6894429793015,4851.106848877168,0.22262447055062734
NAGALAND,PEREN,NAGALAND,PEREN,95219,3.0,50.7,59.7,56.1919,37.369,3.150631701656182,5324.5675757989475,6269.757086295802,5901.332717209801,0.39245318686396624
NAGALAND,PHEK,NAGALAND,PHEK,163418,5.0,92.8,63.4,74.3999,51.027,3.0596384731180164,5678.689006107038,3879.621583913645,4552.735928722662,0.31224834473558605
NAGALAND,TUENSANG,NAGALAND,TUENSANG,196596,7.0,83.7,86.3,90.7113,57.852999999999994,3.560601436448351,4257.462003296099,4389.712913792752,4614.096929744247,0.2942735355754949
NAGALAND,WOKHA,NAGALAND,WOKHA,166343,11.0,119.6,100.3,120.3987,59.873,6.612842139434783,7189.962907967272,6029.709696230078,7237.978153574241,0.3599369976494352
NAGALAND,ZUNHEBOTO,NAGALAND,ZUNHEBOTO,140757,7.0,117.2,88.4,100.3812,54.123,4.973109685486334,8326.406501985692,6280.327088528456,7131.524542296299,0.38451373643939557
ODISHA,ANGUL,ODISHA,ANUGUL,1273821,124.0,4565.2,1583.3,6654.5102,1628.2169999999999,9.734491737850139,35838.63038841407,12429.532877853324,52240.54400108021,1.2782149140263819
ODISHA,BALANGIR,ODISHA,BALANGIR,1648997,107.0,2578.4,1000.2,,,6.488792884401852,15636.171563683863,6065.505273811899,,
ODISHA,BALESHWAR,ODISHA,BALESHWAR,2320529,162.0,4704.7,2497.5,6699.3471,2631.757,6.9811667942956115,20274.25643032257,10762.632141205733,28869.913282704074,1.1341194184601873
ODISHA,BARGARH,ODISHA,BARGARH,1481255,106.0,2110.8,1300.1,2995.9833,1430.051,7.156093987868395,14250.078480747745,8777.016786441227,20225.979321588788,0.9654320154193572
ODISHA,BOUDH,ODISHA,BAUDH,441162,29.0,449.0,189.4,626.9709,391.06800000000004,6.573548945738754,10177.667160816209,4293.207483872137,14211.80654725475,0.8864498755559184
ODISHA,BHADRAK,ODISHA,BHADRAK,1506337,96.0,2435.2,977.2,3463.8121,1605.4650000000001,6.373075878770819,16166.369145815312,6487.26015493213,22994.934732400518,1.0658073193448745
ODISHA,CUTTACK,ODISHA,CUTTACK,2624470,291.0,12267.2,5277.1,17153.5397,3695.7250000000004,11.087952996223999,46741.62783342923,20107.29785442394,65360.01440290802,1.4081795562532626
ODISHA,DEOGARH,ODISHA,DEBAGARH,312520,27.0,533.6,136.5,756.5631000000001,332.057,8.639447075387176,17074.107257135543,4367.720465890183,24208.469857929096,1.062514399078459
ODISHA,DHENKANAL,ODISHA,DHENKANAL,1192811,88.0,2748.8,884.0,3498.2163999999993,1300.2620000000002,7.377530891314718,23044.723765961247,7411.065122638875,29327.499494890635,1.0900821672503023
ODISHA,GAJAPATI,ODISHA,GAJAPATI,577817,42.0,1004.7,205.0,1463.4497000000001,585.504,7.268737333792533,17387.858093479423,3547.8360795892127,25327.21778694639,1.0133035199725864
ODISHA,GANJAM,ODISHA,GANJAM,3529031,304.0,9575.5,3174.7,12921.920400000003,4575.176,8.614262668704242,27133.510586900484,8995.953846820841,36616.05806239731,1.2964397309063027
ODISHA,JAGATSINGHPUR,ODISHA,JAGATSINGHAPUR,1136971,120.0,5037.1,926.1,6666.2664,1508.134,10.554358906251787,44302.801038900725,8145.326485899816,58631.80679190587,1.3264489595600943
ODISHA,JAJPUR,ODISHA,JAJAPUR,1827192,141.0,3648.7,1680.6,5305.4493,2216.5439999999994,7.7167588299423375,19968.892158021707,9197.719779858931,29036.07995218893,1.213087622975582
ODISHA,JHARSUGUDA,ODISHA,JHARSUGUDA,579505,65.0,2158.0,848.7,3134.8415,765.259,11.216469228048075,37238.67783711961,14645.257590529849,54095.15879932011,1.3205390807672064
ODISHA,KALAHANDI,ODISHA,KALAHANDI,1576869,108.0,1730.3,1048.4,2505.9844,1253.3780000000002,6.849015358916942,10973.010440309246,6648.618242859743,15892.15337482061,0.7948523307896853
ODISHA,KANDHAMAL,ODISHA,KANDHAMAL,733110,53.0,1251.8,326.7,1539.7497999999998,705.447,7.229474430849394,17075.200174598627,4456.35716331792,21002.984545293337,0.9622662356263044
ODISHA,KENDRAPARA,ODISHA,KENDRAPARA,1440361,99.0,2589.6,764.3,3472.0802000000003,1620.2310000000002,6.8732769076641205,17978.826141502028,5306.308626795643,24105.62490931093,1.124878415897126
ODISHA,KEONJHAR,ODISHA,KENDUJHAR,1801733,168.0,5749.7,1994.3,6768.531899999999,2014.4509999999998,9.324356050535789,31912.053561765257,11068.787661656861,37566.78653274375,1.1180629982355874
ODISHA,KHURDA,ODISHA,KHORDHA,2251673,451.0,47471.8,31561.2,62668.565599999994,4895.585999999999,20.02955136025524,210829.01469263076,140167.77747035204,278320.01183120284,2.17419936198551
ODISHA,KORAPUT,ODISHA,KORAPUT,1379647,89.0,2682.7,956.4,3682.2973,1195.0749999999998,6.45092549036094,19444.829003361006,6932.208021327195,26690.141028828388,0.8662179528531572
ODISHA,MALKANGIRI,ODISHA,MALKANGIRI,613192,29.0,826.1,134.1,977.6156,433.437,4.7293506764602276,13472.12618559929,2186.916985218333,15943.058617855419,0.7068536445354799
ODISHA,MAYURBHANJ,ODISHA,MAYURBHANJ,2519738,200.0,4715.7,1627.5,6623.5518999999995,3094.9579999999996,7.937333167178493,18715.04100823181,6459.004864791498,26286.66909019906,1.2282856392212205
ODISHA,NAWRANGPUR,ODISHA,NABARANGAPUR,1220946,50.0,803.6,444.8,1262.7768,755.7320000000001,4.095185208846256,6581.781667657701,3643.0767617896286,10342.609746868411,0.6189725016503598
ODISHA,NAYAGARH,ODISHA,NAYAGARH,962789,76.0,1533.8,693.9,2074.1087,1073.84,7.893733725665748,15930.801037402796,7207.186621367714,21542.712889324663,1.115343029469593
ODISHA,NAWAPARA,ODISHA,NUAPADA,610382,42.0,861.6,301.8,1264.9487,579.405,6.880936855936119,14115.750464463237,4944.444626479811,20723.886025472573,0.949249814050873
ODISHA,PURI,ODISHA,PURI,1698730,151.0,4053.5,1451.2,5578.945899999999,2031.69,8.888993542234493,23861.943922812927,8542.852601649467,32841.8636275335,1.1960052509816157
ODISHA,RAYAGADA,ODISHA,RAYAGADA,967911,72.0,1902.6,590.0,2480.1469,892.9139999999999,7.438700459029808,19656.765962986265,6095.601765038315,25623.70817151577,0.9225166363436307
ODISHA,SAMBALPUR,ODISHA,SAMBALPUR,1041099,125.0,18380.5,1582.7,19157.123499999998,1467.6879999999999,12.006543085719995,176549.01214966108,15202.204593415228,184008.66296096717,1.4097487366715362
ODISHA,SONEPUR,ODISHA,SUBARNAPUR,610183,47.0,795.6,374.5,1127.688,611.683,7.702607250611702,13038.711337418446,6137.503011391665,18481.144181335767,1.0024582789097698
ODISHA,SUNDARGARH,ODISHA,SUNDARGARH,2093437,204.0,9810.2,4605.9,12928.765799999997,2581.4599999999996,9.744740348049643,46861.692040410104,22001.617435824435,61758.561638109946,1.233120461709619
PUDUCHERRY,KARAIKAL,PUDUCHERRY,KARAIKAL,200222,42.0,1082.9,854.2,1486.0958999999998,425.18100000000004,20.976715845411594,54084.965688086224,42662.64446464425,74222.40812697905,2.123547861873321
PUDUCHERRY,MAHE,PUDUCHERRY,MAHE,41816,8.0,483.6,184.6,675.5341000000001,104.75700000000002,19.131432944327532,115649.51214845992,44145.78151903577,161549.19169695812,2.5051894011861493
PUDUCHERRY,PUDUCHERRY,PUDUCHERRY,PUDUCHERRY,950289,131.0,7373.3,5762.6,10315.902299999998,1852.047,13.785280056909004,77590.08049130318,60640.499890033454,108555.42156123031,1.9489302727906983
PUDUCHERRY,YANAM,PUDUCHERRY,YANAM,55626,5.0,144.7,109.4,198.7219,92.89500000000001,8.988602452090749,26013.01549635063,19667.062165174557,35724.643152482655,1.6699924495739404
PUNJAB,AMRITSAR,PUNJAB,AMRITSAR,2490656,448.0,21691.5,9941.9,28364.767400000004,4924.182000000001,17.987229067362172,87091.51323988539,39916.793005537496,113884.72514871586,1.9770622679326253
PUNJAB,BARNALA,PUNJAB,BARNALA,595527,86.0,2153.9,1727.2,3171.4457999999995,943.3969999999999,14.440990920646755,36167.96551625703,29002.883160629157,53254.441864096836,1.584138082740161
PUNJAB,BATHINDA,PUNJAB,BATHINDA,1388525,230.0,6863.8,6026.6,9814.2726,2268.3689999999997,16.564339857042544,49432.31126555157,43402.89155758809,70681.28121567851,1.6336536972686841
PUNJAB,FARIDKOT,PUNJAB,FARIDKOT,617508,104.0,2765.5,1966.9,3745.9772000000003,978.9129999999999,16.841887068669557,44784.84489269774,31852.218918621296,60662.81246558749,1.5852636726973577
PUNJAB,FATEHGARH SAHIB,PUNJAB,FATEHGARH SAHIB,600163,128.0,3537.6,3986.7,4569.1811,1104.3,21.327539351809424,58943.986883563295,66426.95401082706,76132.33571546397,1.840000133297121
PUNJAB,FAZILKA,PUNJAB,FIROZPUR,2029074,252.0,6090.1,7958.700000000001,8216.6239,2980.4479999999994,12.419458334195795,30014.183809954688,39223.31073189051,40494.451656272766,1.4688710219538565
PUNJAB,GURDASPUR,PUNJAB,GURDASPUR,2298323,321.0,12197.6,5959.1,16340.432999999997,3925.4449999999997,13.966705289030307,53071.7396989022,25928.035354473675,71097.20000191443,1.7079605434049085
PUNJAB,HOSHIARPUR,PUNJAB,HOSHIARPUR,1586625,294.0,15491.8,3887.1,19933.3056,3342.6119999999996,18.52989836917986,97639.95903253762,24499.17277239423,125633.376506736,2.106743559442212
PUNJAB,JALANDHAR,PUNJAB,JALANDHAR,2193590,615.0,39601.8,11543.7,49886.312099999996,6013.052999999999,28.036232842053433,180534.1928072247,52624.69285509142,227418.579132837,2.7411927479611045
PUNJAB,KAPURTHALA,PUNJAB,KAPURTHALA,815168,216.0,11873.0,3949.0,15243.174599999997,1970.9020000000003,26.497605401585933,145650.95783936564,48444.001727251314,186994.27111957286,2.417786272277617
PUNJAB,LUDHIANA,PUNJAB,LUDHIANA,3498739,718.0,36380.6,57141.2,48348.96150000001,7550.3150000000005,20.521679382200272,103982.03467020547,163319.41307996967,138189.67776676113,2.1580103574459257
PUNJAB,MANSA,PUNJAB,MANSA,769751,88.0,1676.2,1836.0,2187.8873000000003,1069.833,11.432268356910223,21775.872977105584,23851.868981008145,28423.31221394971,1.389842949213447
PUNJAB,MOGA,PUNJAB,MOGA,995746,163.0,5458.2,3010.5,7332.847199999999,1676.6940000000002,16.36963643338763,54815.18379185053,30233.613793075743,73641.74397888618,1.683857128223463
PUNJAB,MUKTSAR,PUNJAB,MUKTSAR,901896,127.0,2812.1,2818.3,3601.2047,1320.5569999999998,14.08144619778777,31179.86996283385,31248.614030886045,39929.26789785075,1.464200972174175
PUNJAB,PATIALA,PUNJAB,PATIALA,1895686,329.0,16335.7,19388.6,22184.533499999998,3667.985,17.355194900421274,86173.0265455355,102277.48688337626,117026.4141846276,1.9349116889611466
PUNJAB,RUPNAGAR,PUNJAB,RUPNAGAR,684627,127.0,4412.0,1398.4,5883.8906,1243.857,18.550247068841866,64443.85044703174,20425.720866983043,85943.01130396551,1.816838950260507
PUNJAB,SAHIBZADA AJIT SINGH NAGAR,PUNJAB,SAHIBZADA AJIT SINGH NAGAR,994628,290.0,13576.2,18178.5,,,29.156629413207753,136495.2524964107,182766.82337517143,,
PUNJAB,SANGRUR,PUNJAB,SANGRUR,1655169,228.0,6700.8,5298.4,9396.580899999999,2448.7960000000003,13.775028410996097,40484.08349842222,32011.23268983409,56771.126694615465,1.479483968102351
PUNJAB,SHAHID BHAGAT SINGH NAGAR,PUNJAB,SHAHID BHAGAT SINGH NAGAR,612310,146.0,6952.6,1561.0,8613.722099999999,1348.527,23.844131240711405,113547.05949600693,25493.622511472946,140675.83576946316,2.2023599157289606
PUNJAB,TARN TARAN,PUNJAB,TARN TARAN,1119627,134.0,3092.2,2080.2,4331.683,1410.465,11.968271576158847,27618.12639387939,18579.401890093755,38688.62576554513,1.2597632961691707
RAJASTHAN,AJMER,RAJASTHAN,AJMER,2583052,256.0,11715.6,5594.8,16456.916299999997,3623.7829999999994,9.910756732733217,45355.649053909874,21659.649128240548,63711.13047666093,1.4029074908286785
RAJASTHAN,ALWAR,RAJASTHAN,ALWAR,3674179,307.0,8862.6,6327.4,11677.6511,4070.7180000000008,8.355608150827708,24121.307100171223,17221.262219396496,31783.02173084109,1.1079258794958005
RAJASTHAN,BANSWARA,RAJASTHAN,BANSWARA,1797485,110.0,2445.6,1585.1,3520.0778,1565.025,6.119661638344687,13605.67682066888,8818.432420854695,19583.35006968069,0.8706748595954904
RAJASTHAN,BARAN,RAJASTHAN,BARAN,1222755,85.0,1338.0,1390.0,1831.8085999999998,1250.5149999999999,6.951515225862908,10942.502790828907,11367.771957587578,14980.99455737249,1.0227028309023474
RAJASTHAN,BARMER,RAJASTHAN,BARMER,2603751,114.0,3016.6,2308.8,3983.6265000000003,1704.4070000000002,4.378298846548691,11585.593246051561,8867.207348168085,15299.56781581649,0.6545967721183785
RAJASTHAN,BHARATPUR,RAJASTHAN,BHARATPUR,2548462,151.0,3747.5,2631.7,5347.7156,2235.5850000000005,5.925142301513619,14704.947533061117,10326.620526419463,20984.090011936612,0.8772290895449885
RAJASTHAN,BHILWARA,RAJASTHAN,BHILWARA,2408523,184.0,5026.1,7031.5,7304.6786,2662.542,7.639536761741533,20867.975933798432,29194.240619666078,30328.456900764493,1.105466711341349
RAJASTHAN,BIKANER,RAJASTHAN,BIKANER,2363937,218.0,6726.2,5182.4,9731.421999999999,2703.4300000000003,9.221903967829938,28453.380948815473,21922.75005636783,41166.1647497374,1.1436133873280043
RAJASTHAN,BUNDI,RAJASTHAN,BUNDI,1110906,91.0,1706.1,1511.6,2254.1876,1129.007,8.19151215314347,15357.735037887995,13606.911835924911,20291.434198753093,1.01629390785539
RAJASTHAN,CHITTAURGARH,RAJASTHAN,CHITTAURGARH,1544338,134.0,3483.0,1919.4,4888.252399999999,1755.2499999999998,8.676857009281647,22553.352957707444,12428.626375832233,31652.736641849126,1.136571139219523
RAJASTHAN,CHURU,RAJASTHAN,CHURU,2039547,142.0,3070.3,2211.2,4294.0644,1996.342,6.9623303606143905,15053.833032531244,10841.623164359537,21054.010522924942,0.9788163744203983
RAJASTHAN,DAUSA,RAJASTHAN,DAUSA,1634409,112.0,1898.3,1218.9,2745.7282999999998,1673.534,6.852629910872983,11614.595856973378,7457.74160568132,16799.51774617002,1.023938316541331
RAJASTHAN,DHOLPUR,RAJASTHAN,DHAULPUR,1206516,47.0,1108.2,690.5,1590.1246999999998,912.1170000000001,3.8955140255081573,9185.124772485404,5723.090286411452,13179.474619482873,0.7559924609371116
RAJASTHAN,DUNGARPUR,RAJASTHAN,DUNGARPUR,1388552,86.0,2137.3,940.5,3020.8720999999996,1379.794,6.193502295916897,15392.293554724634,6773.242917802142,21755.556147699182,0.9936927101037628
RAJASTHAN,GANGANAGAR,RAJASTHAN,GANGANAGAR,1969168,212.0,4760.5,5584.6,6631.8294000000005,2777.2819999999997,10.765968165235266,24175.184646510606,28360.200856402298,33678.332168712885,1.410383471598157
RAJASTHAN,HANUMANGARH,RAJASTHAN,HANUMANGARH,1774692,164.0,2398.0,3927.6,3419.1819,2017.72,9.241040135415046,13512.203807759319,22131.164168204963,19266.339736697973,1.1369409452457102
RAJASTHAN,JAIPUR,RAJASTHAN,JAIPUR,6626178,812.0,56263.0,68614.5,76895.6105,10260.455999999998,12.254424798126461,84910.1850267228,103550.64412697636,116048.21135200413,1.5484727394887368
RAJASTHAN,JAISALMER,RAJASTHAN,JAISALMER,669919,53.0,1082.2,1106.6,1515.5172,592.7429999999999,7.91140421453937,16154.191775423596,16518.41491284767,22622.394647711142,0.884798012894096
RAJASTHAN,JALOR,RAJASTHAN,JALOR,1828730,102.0,1739.9,1555.1,2407.8367,1399.708,5.577641313917309,9514.253060867379,8503.715693404713,13166.715152045408,0.76539893806084
RAJASTHAN,JHALAWAR,RAJASTHAN,JHALAWAR,1411129,86.0,1552.8,1256.8,2156.7619,1702.3,6.094410929121293,11003.954989232026,8906.343785720512,15283.945691712097,1.2063390377492065
RAJASTHAN,JHUNJHUNU,RAJASTHAN,JHUNJHUNUN,2137045,173.0,4281.8,2110.2,6044.862100000001,2410.0400000000004,8.095290459489624,20036.07785516917,9874.382617118497,28286.077738185213,1.127744151386611
RAJASTHAN,JODHPUR,RAJASTHAN,JODHPUR,3687165,304.0,13697.7,9430.5,19378.7909,3899.204,8.244816817256618,37149.68003872894,25576.560853663996,52557.42799684853,1.0575073260892853
RAJASTHAN,KARAULI,RAJASTHAN,KARAULI,1458248,76.0,1495.2,812.9,2055.1453999999994,1275.0,5.211733532293547,10253.399970375409,5574.497616317663,14093.250256472145,0.8743368754834568
RAJASTHAN,KOTA,RAJASTHAN,KOTA,1951014,194.0,9091.3,5605.0,12162.6646,2547.7849999999994,9.943547304119805,46597.82041543526,28728.650845150267,62340.22205888835,1.3058773540323132
RAJASTHAN,NAGAUR,RAJASTHAN,NAGAUR,3307743,191.0,3509.0,2325.2,5094.5874,2641.146,5.774330109685063,10608.44207062036,7029.566686408225,15402.004932063948,0.7984737629253542
RAJASTHAN,PALI,RAJASTHAN,PALI,2037573,171.0,3735.3,2256.5,5025.0284,2185.526,8.392337354293565,18332.103929527922,11074.449847931828,24661.83248403861,1.0726123677532045
RAJASTHAN,PRATAPGARH,RAJASTHAN,PRATAPGARH,867848,52.0,980.1,799.2,1305.6123,751.493,5.991832671159005,11293.45230962104,9208.985905365917,15044.250836552023,0.8659269826052488
RAJASTHAN,RAJSAMAND,RAJASTHAN,RAJSAMAND,1156597,92.0,2465.1,1076.0,3389.1595,1088.703,7.9543695859491255,21313.38746339477,9303.153994001368,29302.855705141897,0.941298481666475
RAJASTHAN,SAWAI MADHOPUR,RAJASTHAN,SAWAI MADHOPUR,1335551,117.0,1887.9,1376.7,2844.6427999999996,1361.656,8.76042921610631,14135.738732553082,10308.105044285092,21299.394781629453,1.0195462397167911
RAJASTHAN,SIKAR,RAJASTHAN,SIKAR,2677333,203.0,4575.7,3043.7,6314.6356000000005,2805.781,7.582172258736586,17090.515076010342,11368.402809811107,23585.544271108603,1.0479761015906501
RAJASTHAN,SIROHI,RAJASTHAN,SIROHI,1036346,81.0,2355.0,974.9,3060.3385000000003,1077.8410000000001,7.815922481487843,22724.07091839984,9407.08991012654,29530.084547052822,1.0400397164653505
RAJASTHAN,TONK,RAJASTHAN,TONK,1421326,120.0,2045.3,1493.0,2949.1744,1499.4280000000003,8.442820295977137,14390.083626135032,10504.275584911555,20749.457900580164,1.0549500958963673
RAJASTHAN,UDAIPUR,RAJASTHAN,UDAIPUR,3068420,261.0,13321.1,6432.1,17699.056099999998,3334.4030000000002,8.5060063485442,43413.54834083991,20962.254189452553,57681.33469342527,1.0866840263066988
SIKKIM,EAST SIKKIM,SIKKIM,EAST DISTRICT,283583,65.0,4464.7,1054.7,5312.0231,564.845,22.920979043172547,157438.91559084994,37191.93322589859,187318.10792607456,1.9918154473293532
SIKKIM,NORTH SIKKIM,SIKKIM,NORTH DISTRICT,43709,8.0,103.9,40.7,135.6361,45.35,18.30286668649477,23770.848109085084,9311.583426754216,31031.61820220092,1.0375437552906723
SIKKIM,SOUTH SIKKIM,SIKKIM,SOUTH DISTRICT,146850,22.0,448.6,173.2,631.9145000000001,155.418,14.981273408239701,30548.178413346952,11794.347974123255,43031.29043241403,1.0583452502553625
SIKKIM,WEST SIKKIM,SIKKIM,WEST DISTRICT,136435,9.0,184.0,79.9,274.3822,105.114,6.5965478066478545,13486.275515813391,5856.268552790706,20110.83666214681,0.7704328068310917
TAMIL NADU,ARIYALUR,TAMIL NADU,ARIYALUR,754894,58.0,885.2,1978.0,1313.3454,1100.7779999999998,7.683197905931164,11726.149631603907,26202.35423781352,17397.745908697114,1.4581888318094989
TAMIL NADU,CHENNAI,TAMIL NADU,CHENNAI,4646732,1285.0,222269.8,290737.1,267157.9936,17770.968999999997,27.653843604494515,478335.74219472957,625680.8010446912,574937.3830898791,3.8244015363915964
TAMIL NADU,COIMBATORE,TAMIL NADU,COIMBATORE,3458045,612.0,36513.6,49515.4,50038.674,7557.329999999999,17.697861074682372,105590.29740792846,143188.99840806006,144702.2060152485,2.185434255482505
TAMIL NADU,CUDDALORE,TAMIL NADU,CUDDALORE,2605914,210.0,8077.3,8501.0,10093.3572,3673.964,8.05859287758537,30996.03440481919,32621.951453501537,38732.50306802143,1.409856196328812
TAMIL NADU,DHARMAPURI,TAMIL NADU,DHARMAPURI,1506843,96.0,1810.5,3766.3,2623.7573,1749.4859999999999,6.3709357909218145,12015.18671819161,24994.641113905032,17412.28050964832,1.1610273930329833
TAMIL NADU,DINDIGUL,TAMIL NADU,DINDIGUL,2159775,234.0,4844.0,7107.1,6762.0836,3006.0989999999997,10.834461923116992,22428.262203238763,32906.66851871144,31309.203968005928,1.3918574851547034
TAMIL NADU,ERODE,TAMIL NADU,ERODE,2251744,293.0,8769.6,11883.4,12821.9849,3794.7900000000004,13.012136370741967,38945.81266786988,52774.205238250885,56942.462819929795,1.6852670641067549
TAMIL NADU,KANCHEEPURAM,TAMIL NADU,KANCHEEPURAM,3998252,580.0,24959.7,14297.0,38370.9366,7419.430999999999,14.506339270261103,62426.530393782086,35758.126301193624,95969.28007539295,1.8556686772119413
TAMIL NADU,KANYAKUMARI,TAMIL NADU,KANNIYAKUMARI,1870374,224.0,6612.9,9671.2,9598.922400000001,3347.8080000000004,11.976214382791891,35356.03039819843,51707.30559770399,51320.87165454611,1.7899136750190072
TAMIL NADU,KARUR,TAMIL NADU,KARUR,1064493,127.0,7891.3,4560.6,3983.4453000000003,1608.0060000000003,11.930562248882802,74132.00462567626,42842.930860043234,37421.05678477923,1.5105839117777198
TAMIL NADU,KRISHNAGIRI,TAMIL NADU,KRISHNAGIRI,1879809,153.0,4256.8,5722.3,5691.291199999999,2636.4300000000003,8.139124772782766,22644.853812275607,30440.858619146944,30275.901434667023,1.4024988708959263
TAMIL NADU,MADURAI,TAMIL NADU,MADURAI,3038252,362.0,14688.2,15586.2,19692.8475,5223.353,11.914745715628593,48344.245309474,51299.89217484264,64816.37303291498,1.7191967618222583
TAMIL NADU,NAGAPATTINAM,TAMIL NADU,NAGAPATTINAM,1616450,146.0,4099.9,3919.3,5585.0596000000005,2289.5190000000002,9.03213832781713,25363.60543165579,24246.34229329704,34551.39101116645,1.4163871446688732
TAMIL NADU,NAMAKKAL,TAMIL NADU,NAMAKKAL,1726601,199.0,5015.5,8366.8,7536.532400000001,2858.559,11.525534851421956,29048.40203382252,48458.21356526493,43649.53107289989,1.6555990642887384
TAMIL NADU,PERAMBALUR,TAMIL NADU,PERAMBALUR,565223,61.0,1169.9,2225.2,1755.2068000000002,788.1210000000001,10.792200600470965,20698.025381132757,39368.53241994752,31053.350624443803,1.394354086794062
TAMIL NADU,PUDUKKOTTAI,TAMIL NADU,PUDUKKOTTAI,1618345,159.0,2868.5,4416.0,4063.8815,2141.619,9.824851932066402,17724.89796674998,27287.13593207876,25111.342142744594,1.3233389666603845
TAMIL NADU,RAMANATHAPURAM,TAMIL NADU,RAMANATHAPURAM,1353445,114.0,2509.8,3382.7,3298.0240000000003,1788.246,8.422950323064477,18543.79010598879,24993.25794546509,24367.624838837193,1.3212550195981365
TAMIL NADU,SALEM,TAMIL NADU,SALEM,3482056,314.0,9289.3,13210.3,13508.793400000002,4903.852999999999,9.017660830268094,26677.62953841064,37938.21811021994,38795.45130807776,1.4083211183277924
TAMIL NADU,SIVAGANGA,TAMIL NADU,SIVAGANGA,1339101,200.0,4396.4,4700.6,6183.349899999998,2250.091,14.935393222766617,32830.98138228558,35102.65469146838,46175.38109522731,1.680299693600408
TAMIL NADU,THANJAVUR,TAMIL NADU,THANJAVUR,2405890,243.0,7776.0,8483.3,11174.370299999999,3879.568,10.100212395412923,32320.679665321357,35260.5480716076,46445.890294236226,1.6125292511295197
TAMIL NADU,NILGIRIS,TAMIL NADU,THE NILGIRIS,735394,95.0,2999.3,1962.2,3742.4929,1121.269,12.918245185573992,40784.93977378113,26682.295476982406,50890.990407863,1.5247187222087752
TAMIL NADU,THENI,TAMIL NADU,THENI,1245899,138.0,2265.1,5158.4,3362.6387999999997,1733.3329999999999,11.076339253823946,18180.44640857726,41403.0350774822,26989.6580701967,1.3912307498440883
TAMIL NADU,THIRUVALLUR,TAMIL NADU,THIRUVALLUR,3728104,349.0,14153.0,9544.5,20937.7867,5289.575,9.361326829938221,37962.99674043428,25601.485366288063,56162.02418172883,1.4188378328501565
TAMIL NADU,THIRUVARUR,TAMIL NADU,THIRUVARUR,1264277,128.0,2802.8,2750.4,3771.0681,1809.8850000000002,10.124363569059629,22169.192352625254,21754.726219016877,29827.862881314773,1.4315573248583975
TAMIL NADU,TOOTHUKUDI,TAMIL NADU,THOOTHUKKUDI,1750176,193.0,7684.2,6540.7,8996.3375,2788.201,11.027462380926261,43905.29866710548,37371.67004918362,51402.47323697731,1.5930974941948695
TAMIL NADU,TIRUCHIRAPALLI,TAMIL NADU,TIRUCHIRAPPALLI,2722290,324.0,13627.1,13212.1,19089.7993,4775.5509999999995,11.901744487178075,50057.488364575416,48533.03652439674,70124.04740126879,1.7542403638113497
TAMIL NADU,TIRUNELVALI,TAMIL NADU,TIRUNELVELI,3077233,309.0,9452.8,9522.9,13292.7935,4867.682,10.04148857106368,30718.505878495387,30946.307933133434,43197.227834226396,1.5818373194359998
TAMIL NADU,TIRUPPUR,TAMIL NADU,TIRUPPUR,2479052,272.0,9880.4,19824.8,14583.8271,3709.9129999999996,10.971936046521009,39855.55768898757,79969.27857906974,58828.24200541175,1.4965047122851798
TAMIL NADU,TIRUVANNAMALAI,TAMIL NADU,TIRUVANNAMALAI,2464875,162.0,3329.8,4495.4,4630.1756000000005,2952.5249999999996,6.572341396622547,13509.001470662812,18237.841675541356,18784.626400933113,1.1978396470409247
TAMIL NADU,VELLORE,TAMIL NADU,VELLORE,3936331,310.0,8940.5,9240.1,12288.337199999998,5082.138,7.8753539781080395,22712.7749165403,23473.889771972936,31217.74362979129,1.2910850230836788
TAMIL NADU,VILLUPURAM,TAMIL NADU,VILUPPURAM,3458873,223.0,4000.5,6900.8,5673.003700000001,4144.658,6.4471866992514615,11565.90600464371,19951.007163315913,16401.306726208222,1.1982683376926533
TAMIL NADU,VIRUDHUNAGAR,TAMIL NADU,VIRUDHUNAGAR,1942288,201.0,5939.0,8863.9,8412.6605,2982.6720000000005,10.348619772145016,30577.339714810572,45636.38348174936,43313.146660021586,1.535648678259867
TRIPURA,DHALAI,TRIPURA,DHALAI,378230,27.0,514.0,254.0,697.5541999999999,436.62399999999997,7.138513602834254,13589.61478465484,6715.49057451815,18442.593131163576,1.154387541971816
TRIPURA,NORTH TRIPURA,TRIPURA,NORTH TRIPURA,693947,52.0,1151.0,518.4,1548.7674000000002,893.8249999999999,7.493367649114413,16586.28108486671,7470.311133270985,22318.23755992893,1.2880306421095558
TRIPURA,GOMATI,TRIPURA,SOUTH TRIPURA,876001,70.0,1434.3000000000002,587.7,2176.8355,1119.134,7.990858457924134,16373.268980286555,6708.896451031449,24849.691952406447,1.2775487699214956
TRIPURA,KHOWAI,TRIPURA,WEST TRIPURA,1725739,166.0,9554.6,2685.0,12901.998799999998,2798.571,9.619067541499613,55365.26670603144,15558.552017425578,74762.1673961126,1.6216652691977176
UTTAR PRADESH,AGRA,UTTAR PRADESH,AGRA,4418797,425.0,18707.3,10452.6,27282.0972,5925.854,9.618002365802276,42335.73074300539,23654.854477361147,61741.0059796818,1.341055948032915
UTTAR PRADESH,ALIGARH,UTTAR PRADESH,ALIGARH,3673889,259.0,10016.4,4257.5,12909.388099999998,3882.2339999999995,7.049750278247383,27263.752388817407,11588.5373782387,35138.20940153608,1.0567096610703262
UTTAR PRADESH,ALLAHABAD,UTTAR PRADESH,ALLAHABAD,5954391,417.0,22866.1,4726.3,29743.173800000004,7255.376999999999,7.003235091548406,38402.08007838249,7937.503600284227,49951.66390651875,1.2184918659187813
UTTAR PRADESH,AMBEDKAR NAGAR,UTTAR PRADESH,AMBEDKAR NAGAR,2397888,123.0,2906.4,844.1,4173.2497,2596.052,5.12951397229562,12120.666186243894,3520.1810926949047,17403.855809779274,1.0826410574639016
UTTAR PRADESH,AURAIYA,UTTAR PRADESH,AURAIYA,1379545,81.0,1712.7,411.1,2481.7468999999996,1462.329,5.8715011108735125,12414.962904435883,2979.9680329383964,17989.604543527028,1.060008191106488
UTTAR PRADESH,AZAMGARH,UTTAR PRADESH,AZAMGARH,4613913,264.0,8098.0,1366.4,13021.4823,5238.663999999999,5.721824403711123,17551.262886838136,2961.477600466242,28222.210301754716,1.1354058908349591
UTTAR PRADESH,BAGHPAT,UTTAR PRADESH,BAGHPAT,1303048,95.0,1982.7,1066.2,2874.8594000000003,1297.6009999999999,7.290598657915902,15215.863114789325,8182.353988494668,22062.574824565178,0.9958198009589824
UTTAR PRADESH,BAHRAICH,UTTAR PRADESH,BAHRAICH,3487731,142.0,2774.9,1537.5,4273.986099999999,3078.612,4.0714149112990645,7956.175519270265,4408.310159241066,12254.34559029925,0.8826976621763548
UTTAR PRADESH,BALLIA,UTTAR PRADESH,BALLIA,3239774,178.0,5692.9,1058.7,7665.1336,3892.0490000000004,5.494210398626571,17571.904706933263,3267.8205331606464,23659.470074147146,1.2013334880766375
UTTAR PRADESH,BALRAMPUR,UTTAR PRADESH,BALRAMPUR,2148665,93.0,2142.8,775.6,3233.9465999999998,1784.2949999999996,4.3282689483935375,9972.703981309325,3609.6832219075563,15050.957687680488,0.8304202842229941
UTTAR PRADESH,BANDA,UTTAR PRADESH,BANDA,1799410,118.0,2422.3,1581.8,3346.5207,1744.7869999999998,6.557705025536148,13461.634646912044,8790.65916050261,18597.877637670124,0.9696439388466218
UTTAR PRADESH,BARA BANKI,UTTAR PRADESH,BARA BANKI,3260699,214.0,4036.4,2060.4,5545.387099999999,3414.3969999999995,6.563009955840757,12378.940834465247,6318.890520100138,17006.74333938827,1.0471365188875144
UTTAR PRADESH,BAREILLY,UTTAR PRADESH,BAREILLY,4448359,323.0,9825.0,4612.9,13935.900699999998,4687.71,7.26110460059541,22086.796501811117,10369.89145885033,31328.183494182904,1.053806583506412
UTTAR PRADESH,BASTI,UTTAR PRADESH,BASTI,2464464,136.0,3409.6,1027.0,4931.0464999999995,2831.4230000000002,5.518441332476352,13835.057034714242,4167.234741509716,20008.596189678563,1.148900125950308
UTTAR PRADESH,BIJNOR,UTTAR PRADESH,BIJNOR,3682713,207.0,5385.5,3613.8,7937.3547,3717.7250000000004,5.6208561459988875,14623.729842645896,9812.874367348202,21553.00915384935,1.0095071215161215
UTTAR PRADESH,BUDAUN,UTTAR PRADESH,BUDAUN,3681896,142.0,2483.3,1417.2,3580.7486,2708.2499999999995,3.856708608825453,6744.622879081864,3849.103831286924,9725.284472999781,0.7355585274543331
UTTAR PRADESH,BULANDSHAHR,UTTAR PRADESH,BULANDSHAHR,3499171,208.0,6116.7,3300.9,8474.475900000001,3504.3100000000004,5.944265084501444,17480.42607806249,9433.37721991866,24218.524616259114,1.0014686335706373
UTTAR PRADESH,CHANDAULI,UTTAR PRADESH,CHANDAULI,1952756,115.0,2982.1,747.5,4071.7470999999996,2174.4939999999997,5.8891126182687445,15271.237164294977,3827.923201874684,20851.28454348623,1.1135513090217106
UTTAR PRADESH,CHITRAKOOT,UTTAR PRADESH,CHITRAKOOT,991730,59.0,1101.3,629.7,1533.5844000000002,949.98,5.94919988303268,11104.837002006594,6349.510451433353,15463.729039153804,0.9579018482853195
UTTAR PRADESH,DEORIA,UTTAR PRADESH,DEORIA,3100946,169.0,5324.3,1132.9,7312.3454999999985,3784.9669999999996,5.449949789515845,17169.92169486344,3653.401252392012,23581.015277273447,1.2205846215961191
UTTAR PRADESH,ETAH,UTTAR PRADESH,ETAH,1774480,97.0,2239.5,1009.4,2926.1616999999997,1702.29,5.466390153735179,12620.598710608177,5688.427032144628,16490.24897434741,0.9593176592579234
UTTAR PRADESH,ETAWAH,UTTAR PRADESH,ETAWAH,1581810,99.0,3017.7,847.1,4548.853099999999,1815.123,6.258653061998596,19077.512469892084,5355.257584665668,28757.266043330103,1.1474974870559675
UTTAR PRADESH,FAIZABAD,UTTAR PRADESH,FAIZABAD,2470996,158.0,5098.5,1325.7,7229.7215,2643.772,6.394182750599354,20633.380224006836,5365.043083841496,29258.329434770432,1.0699216024631364
UTTAR PRADESH,FARRUKHABAD,UTTAR PRADESH,FARRUKHABAD,1885204,105.0,2877.1,1043.5,3836.2709000000004,1841.2949999999998,5.5696890097835565,15261.478333379306,5535.209982580134,20349.367495507122,0.9767086214542298
UTTAR PRADESH,FATEHPUR,UTTAR PRADESH,FATEHPUR,2632733,158.0,3581.1,1125.9,4861.842999999999,2545.264,6.001368160007111,13602.21488468447,4276.544564146839,18466.904923514838,0.9667763498995151
UTTAR PRADESH,FIROZABAD,UTTAR PRADESH,FIROZABAD,2498156,128.0,3665.8,2043.0,5149.747899999999,2486.1589999999997,5.123779299611393,14674.023559777692,8178.032116489122,20614.196631435345,0.9951976577923874
UTTAR PRADESH,GAUTAM BUDDHA NAGAR,UTTAR PRADESH,GAUTAM BUDDHA NAGAR,1648115,365.0,53781.6,25300.7,66795.94470000001,5081.476,22.146512834359253,326321.8889458563,153512.95267623922,405286.916871699,3.083204752095576
UTTAR PRADESH,GHAZIABAD,UTTAR PRADESH,GHAZIABAD,4681645,364.0,26931.3,12132.6,36498.605899999995,5156.248,7.775044882728187,57525.29292588396,25915.24987477692,77961.07116195267,1.101375264463666
UTTAR PRADESH,GHAZIPUR,UTTAR PRADESH,GHAZIPUR,3620268,214.0,6542.0,1328.4,8806.0394,4132.903,5.911164587815046,18070.485389479454,3669.341606753975,24324.274887936474,1.141601395255821
UTTAR PRADESH,GONDA,UTTAR PRADESH,GONDA,3433919,152.0,4028.1,1657.0,5820.091700000001,3325.337,4.426429394519789,11730.329107937607,4825.390464946901,16948.832223474114,0.9683795686502797
UTTAR PRADESH,GORAKHPUR,UTTAR PRADESH,GORAKHPUR,4440895,308.0,15827.6,3751.6,23110.8969,5753.711000000001,6.935538894749819,35640.56344498125,8447.846661540072,52041.079331981506,1.295619689274347
UTTAR PRADESH,HAMIRPUR,UTTAR PRADESH,HAMIRPUR,1104285,82.0,1559.1,1018.3,2075.0317999999997,1276.663,7.425619292121146,14118.63785164156,9221.351372154833,18790.727031518127,1.1560991954069828
UTTAR PRADESH,HARDOI,UTTAR PRADESH,HARDOI,4092845,198.0,3987.7,1888.1,5439.028,3712.957,4.837710687797852,9743.100459460351,4613.1724998137,13289.113074157463,0.9071824122340328
UTTAR PRADESH,JALAUN,UTTAR PRADESH,JALAUN,1689974,109.0,2513.8,1709.1,3427.0690000000004,1814.1649999999997,6.449803369755984,14874.785055864764,10113.173338761424,20278.826774849793,1.0734869293847122
UTTAR PRADESH,JAUNPUR,UTTAR PRADESH,JAUNPUR,4494204,263.0,8049.1,1512.3,11305.253499999999,5308.825,5.851981796998979,17909.95691339334,3365.0007876812,25155.185434395054,1.1812603522225515
UTTAR PRADESH,JHANSI,UTTAR PRADESH,JHANSI,1998603,162.0,6895.2,2638.9,9805.322000000002,2634.2710000000006,8.105661804770632,34500.0983186756,13203.722800376063,49060.87902399827,1.3180561622293174
UTTAR PRADESH,JYOTIBA PHULE NAGAR,UTTAR PRADESH,JYOTIBA PHULE NAGAR,1840221,228.0,4714.6,3095.3,7407.7068,3470.919,12.389816223160153,25619.748932329323,16820.262348924396,40254.44117853236,1.8861424796260884
UTTAR PRADESH,KANAUJ,UTTAR PRADESH,KANNAUJ,1656616,90.0,1989.2,940.7,2853.4016,1645.766,5.432761726314366,12007.610695538375,5678.443284382138,17224.27889142686,0.9934505039188322
UTTAR PRADESH,KANPUR DEHAT,UTTAR PRADESH,KANPUR DEHAT,1796184,155.0,2924.7,1064.5,3972.5027999999998,2470.932,8.629405450666523,16282.852981654441,5926.452969183558,22116.346654908404,1.3756563915500861
UTTAR PRADESH,KANPUR NAGAR,UTTAR PRADESH,KANPUR NAGAR,4581268,505.0,46870.9,15879.0,55715.9095,6932.739,11.023149049564443,102309.8845123228,34660.7096550562,121616.78709911754,1.5132795112619475
UTTAR PRADESH,KANSHIRAM NAGAR,UTTAR PRADESH,KANSHIRAM NAGAR,1436719,73.0,1318.7,634.3,1861.458,1335.654,5.081021410588988,9178.551964580409,4414.920384570678,12956.312264263228,0.9296556946765512
UTTAR PRADESH,KAUSHAMBI,UTTAR PRADESH,KAUSHAMBI,1599596,90.0,1595.2,384.4,2269.1747,1451.511,5.626420671219483,9972.518060810355,2403.106784463077,14185.923820764743,0.907423499433607
UTTAR PRADESH,KHERI,UTTAR PRADESH,KHERI,4021243,205.0,3520.0,2890.1,5100.045700000001,3705.0279999999993,5.097926188494453,8753.512284634378,7187.0812084721065,12682.759286121234,0.9213638668441573
UTTAR PRADESH,KUSHI NAGAR,UTTAR PRADESH,KUSHINAGAR,3564544,159.0,3769.2,1286.2,5430.3673,3836.7850000000003,4.460598606722206,10574.143565067508,3608.3156779661017,15234.39547947788,1.0763747059932491
UTTAR PRADESH,LALITPUR,UTTAR PRADESH,LALITPUR,1221592,67.0,1504.0,1074.8,2184.1829,1238.0900000000001,5.4846462648740335,12311.80295876201,8798.354933562106,17879.806842219004,1.0135053274743124
UTTAR PRADESH,LUCKNOW,UTTAR PRADESH,LUCKNOW,4589838,764.0,82590.3,42240.8,104646.42150000001,9897.501,16.645467661385872,179941.64499923526,92031.13486794087,227995.89331911065,2.1563944086915487
UTTAR PRADESH,HATHRAS,UTTAR PRADESH,MAHAMAYA NAGAR,1564708,113.0,2433.7,1429.2,3125.6882999999993,1634.573,7.221794737420657,15553.700754389956,9133.972600638586,19976.17638562594,1.0446505034805216
UTTAR PRADESH,MAHOBA,UTTAR PRADESH,MAHOBA,875958,49.0,1203.2,805.3,1724.1229000000003,989.798,5.593875505446608,13735.818383986447,9193.3631521146,19682.711956509334,1.1299605688857228
UTTAR PRADESH,MAHARAJGANJ,UTTAR PRADESH,MAHRAJGANJ,2684703,122.0,2329.8,932.0,3221.6990000000005,2721.649,4.544264300371401,8678.054890987942,3471.519940939463,12000.206354296919,1.0137616712165183
UTTAR PRADESH,MAINPURI,UTTAR PRADESH,MAINPURI,1868529,93.0,2337.2,1011.6,3390.0355000000004,1954.695,4.977177234070223,12508.235087600995,5413.884397833804,18142.803777731042,1.0461143498441823
UTTAR PRADESH,MATHURA,UTTAR PRADESH,MATHURA,2547184,246.0,6819.8,3772.0,9494.120499999997,2970.1689999999994,9.65772398067827,26773.88048919905,14808.510103706682,37273.00619036551,1.166059852762894
UTTAR PRADESH,MAU,UTTAR PRADESH,MAU,2205968,126.0,3970.0,705.4,5445.4102,2552.665000000001,5.711778230690563,17996.634584001218,3197.6891777215264,24684.901140905036,1.157163204543312
UTTAR PRADESH,MEERUT,UTTAR PRADESH,MEERUT,3443689,340.0,15404.4,8863.7,21873.557799999995,5248.412000000001,9.873133142975455,44732.26240813267,25738.9677174681,63517.808373520355,1.524066778387944
UTTAR PRADESH,MIRZAPUR,UTTAR PRADESH,MIRZAPUR,2496970,149.0,4047.7,1283.3,5498.7371,2733.56,5.967232285530063,16210.44706183895,5139.4289879333755,22021.63862601473,1.094750838015675
UTTAR PRADESH,BHIM NAGAR,UTTAR PRADESH,MORADABAD,4772006,333.0,9776.0,6200.2,14806.7755,5915.592000000001,6.978197428921925,20486.14356310533,12992.858768408925,31028.40922664389,1.2396447112597933
UTTAR PRADESH,MUZAFFARNAGAR,UTTAR PRADESH,MUZAFFARNAGAR,4143512,290.0,7221.5,6625.799999999999,10348.3013,4161.504,6.998893692114323,17428.45199917365,15990.782698348645,24974.71058367877,1.0043422101830524
UTTAR PRADESH,PILIBHIT,UTTAR PRADESH,PILIBHIT,2031007,119.0,2047.2,1630.4,2996.3704000000002,1905.1200000000001,5.85916247457542,10079.728922647731,8027.5449567628275,14753.126897150036,0.9380174465179097
UTTAR PRADESH,PRATAPGARH,UTTAR PRADESH,PRATAPGARH,3209141,187.0,5014.8,909.5,6876.115,3476.2209999999995,5.827104511768103,15626.611607280578,2834.091739814486,21426.652802104985,1.0832247632621936
UTTAR PRADESH,RAI BARELI,UTTAR PRADESH,RAE BARELI,3405559,208.0,4544.7,1187.2,6291.338000000001,2733.5740000000005,6.107661033034518,13344.945719630756,3486.064989624317,18473.730744350636,0.8026799711882837
UTTAR PRADESH,RAMPUR,UTTAR PRADESH,RAMPUR,2335819,147.0,2545.2,1833.7,3942.2283,2190.6310000000003,6.29329584184391,10896.39222902117,7850.3514184960395,16877.285012237677,0.9378427866200251
UTTAR PRADESH,SAHARANPUR,UTTAR PRADESH,SAHARANPUR,3466382,246.0,6416.7,4261.0,8894.425599999999,3914.326,7.096736597409056,18511.231595363697,12292.35554534959,25659.10393026504,1.1292252267638132
UTTAR PRADESH,SANT KABIR NAGAR,UTTAR PRADESH,SANT KABIR NAGAR,1715183,101.0,1935.2,546.0,2783.9137,1885.021,5.888584483404978,11282.761081470608,3183.3337900387305,16231.001006889644,1.0990203377715382
UTTAR PRADESH,SANT RAVIDAS NAGAR,UTTAR PRADESH,SANT RAVIDAS NAGAR,1578213,95.0,2661.0,972.5,3757.7988,1680.726,6.01946632045231,16860.841977603784,6162.032628041969,23810.466648038004,1.0649551106219504
UTTAR PRADESH,SHAHJAHANPUR,UTTAR PRADESH,SHAHJAHANPUR,3006538,176.0,3708.3,2417.4,4998.9687,2868.8460000000005,5.853909047549042,12334.119841492107,8040.477120196053,16626.993239400268,0.95420247474005
UTTAR PRADESH,SHRAVASTI,UTTAR PRADESH,SHRAWASTI,1117361,68.0,1020.8,594.9,1206.6533,1135.8870000000002,6.085768162661843,9135.811971242956,5324.152176422839,10799.13564192772,1.0165801383796287
UTTAR PRADESH,SIDHARTHANAGAR,UTTAR PRADESH,SIDDHARTHNAGAR,2559297,119.0,2289.6,696.3,,,4.649714355152997,8946.206712233867,2720.668996212632,,
UTTAR PRADESH,SITAPUR,UTTAR PRADESH,SITAPUR,4483992,223.0,3954.3,2024.1,5691.6396,3844.3190000000004,4.973247053072352,8818.70440446816,4514.058009024102,12693.242093206234,0.857342965821527
UTTAR PRADESH,SONBHADRA,UTTAR PRADESH,SONBHADRA,1862559,124.0,4141.6,1124.9,5617.889,2124.5699999999997,6.6575072252744745,22236.074132416747,6039.540223960691,30162.20694216935,1.1406725907743054
UTTAR PRADESH,AMETHI,UTTAR PRADESH,SULTANPUR,3797117,293.0,6750.3,2168.3,9833.543999999998,4998.027,7.716380611922149,17777.43482752836,5710.3850105224565,25897.39531333904,1.3162688955857826
UTTAR PRADESH,UNNAO,UTTAR PRADESH,UNNAO,3108367,166.0,4867.7,1253.6,6722.318300000002,3204.054,5.340424731056532,15659.99124299029,4032.9858089472705,21626.527047803564,1.0307836880265426
UTTAR PRADESH,VARANASI,UTTAR PRADESH,VARANASI,3676841,363.0,22706.4,6450.0,29075.7395,5816.282,9.872605315269276,61755.186041495945,17542.232584982597,79078.0441688939,1.5818693275015157
UTTARAKHAND,ALMORA,UTTARAKHAND,ALMORA,622506,104.0,2425.1,505.8,3344.6979,959.128,16.706666281128214,38957.05422919618,8125.222889417933,53729.568871625335,1.5407530208544176
UTTARAKHAND,BAGESHWAR,UTTARAKHAND,BAGESHWAR,259898,38.0,708.7,185.3,979.5766,351.798,14.621120593463589,27268.389906809596,7129.7201209705345,37690.809471408014,1.3536002585629747
UTTARAKHAND,CHAMOLI,UTTARAKHAND,CHAMOLI,391605,59.0,1299.6,327.0,1694.9335,523.028,15.066201912641565,33186.50170452369,8350.250890565749,43281.71243983095,1.335600924400863
UTTARAKHAND,CHAMPAWAT,UTTARAKHAND,CHAMPAWAT,259648,37.0,735.3,183.4,1071.4206,338.7,14.250061621888095,28319.108947498153,7063.408922849396,41264.35019719004,1.304458343603648
UTTARAKHAND,DEHRA DUN,UTTARAKHAND,DEHRADUN,1696694,414.0,36189.7,7420.8,47676.4515,4154.282,24.400392763810093,213295.38502523143,43736.819956928004,280996.16960984125,2.448456822503056
UTTARAKHAND,GARHWAL,UTTARAKHAND,GARHWAL,687271,152.0,3685.5,737.3,4829.9977,1201.873,22.116457700092106,53625.13477216411,10727.937014656518,70277.92093657378,1.7487614056172893
UTTARAKHAND,HARIDWAR,UTTARAKHAND,HARDWAR,1890422,203.0,10309.2,4668.6,14440.329099999997,2869.091999999999,10.738343078952742,54533.85540371409,24696.073151920576,76386.80199447529,1.5176992227132349
UTTARAKHAND,NAINITAL,UTTARAKHAND,NAINITAL,954605,164.0,5697.6,2107.5,7937.605199999999,1505.273,17.179880683633545,59685.419623823465,22077.194232169328,83150.67698157876,1.5768543009936047
UTTARAKHAND,PITHORAGARH,UTTARAKHAND,PITHORAGARH,483439,77.0,1695.5,507.7,2218.2099,698.854,15.92755239027054,35071.64295805676,10501.842011091368,45883.96674658023,1.4455887919675492
UTTARAKHAND,RUDRAPRAYAG,UTTARAKHAND,RUDRAPRAYAG,242285,40.0,744.2,195.6,988.1187,323.423,16.509482634087956,30715.89244072064,8073.137008069009,40783.32129516891,1.334886600491157
UTTARAKHAND,TEHRI GARHWAL,UTTARAKHAND,TEHRI GARHWAL,618931,84.0,1841.9,416.9,2422.5221,797.807,13.571787485196252,29759.375439265445,6735.807384021806,39140.42276118016,1.2890079831192816
UTTARAKHAND,UDHAM SINGH NAGAR,UTTARAKHAND,UDHAM SINGH NAGAR,1648902,221.0,5393.1,6410.3,7988.7695,2377.1310000000003,13.40285838697509,32707.219713482064,38876.17335657304,48449.025472708505,1.4416448036329632
UTTARAKHAND,UTTAR KASHI,UTTARAKHAND,UTTARKASHI,330086,39.0,720.3,258.7,924.9301,388.283,11.815102730803488,21821.585889737828,7837.351478099647,28020.882436698314,1.1763085983652746
WEST BENGAL,BANKURA,WEST BENGAL,BANKURA,3596674,216.0,7011.2,1488.1,10086.2032,4006.816,6.00554845949341,19493.565444074164,4137.433640079696,28043.139856434027,1.114033687790442
WEST BENGAL,BARDDHAMAN,WEST BENGAL,BARDDHAMAN,7717563,589.0,36367.1,9562.6,49555.7035,9854.140000000001,7.631942881451049,47122.5178207162,12390.698981012529,64211.59568117553,1.2768460717457055
WEST BENGAL,BIRBHUM,WEST BENGAL,BIRBHUM,3502404,234.0,7186.1,1619.3,10153.4247,4246.115,6.681125307074797,20517.621610756498,4623.395816130863,28989.872955832623,1.2123430078311925
WEST BENGAL,DAKSHIN DINAJPUR,WEST BENGAL,DAKSHIN DINAJPUR,1676276,87.0,1929.3,869.2,2685.3804000000005,1846.441,5.190076097253674,11509.441166013234,5185.303613486085,16019.917961004037,1.1015137125389853
WEST BENGAL,DARJILING,WEST BENGAL,DARJILING,1846823,179.0,13392.6,3927.1,12537.0547,2933.101,9.692320271081744,72516.96562150244,21264.08432210342,67884.4410103188,1.588187389912298
WEST BENGAL,HAORA,WEST BENGAL,HAORA,4850029,339.0,19639.2,3721.0,,,6.9896489278723895,40492.9537534724,7672.119073927187,,
WEST BENGAL,HUGLI,WEST BENGAL,HUGLI,5519145,367.0,20897.5,3484.3,29525.669899999997,7616.605,6.649580686863635,37863.65460592175,6313.115527858029,53496.81861955067,1.3800335015659129
WEST BENGAL,JALPAIGURI,WEST BENGAL,JALPAIGURI,3872846,199.0,6616.6,1783.1,8566.7076,3430.725,5.13834012506565,17084.593603773556,4604.107676886713,22119.92834210294,0.8858408002796909
WEST BENGAL,KOCH BIHAR,WEST BENGAL,KOCH BIHAR,2819086,148.0,3408.2,1474.8,,,5.24992852293261,12089.734048553326,5231.482828122306,,
WEST BENGAL,KOLKATA,WEST BENGAL,KOLKATA,4496694,1365.0,213587.3,216904.4,260112.41249999998,17880.968,30.35563460622404,474987.4018556744,482364.1546433891,578452.5531423753,3.9764698242753456
WEST BENGAL,MALDAH,WEST BENGAL,MALDAH,3988845,183.0,4981.6,1967.8,7319.3899,4381.401,4.587794211106223,12488.828219697682,4933.257622193893,18349.647328988718,1.09841345051011
WEST BENGAL,MURSHIDABAD,WEST BENGAL,MURSHIDABAD,7103807,328.0,9118.4,2838.4,13532.612299999999,7626.483000000001,4.617242557406191,12835.93430958921,3995.604047238333,19049.802873304412,1.0735768863089892
WEST BENGAL,NADIA,WEST BENGAL,NADIA,5167600,282.0,11702.0,2586.5,16942.6041,6803.9749999999985,5.457078721263255,22644.941558944192,5005.224862605465,32786.214296772196,1.3166605387413883
WEST BENGAL,NORTH 24 PARGANAS,WEST BENGAL,NORTH TWENTY FOUR PARGANAS,10009781,694.0,62933.6,11792.5,90491.42240000001,14458.197,6.933218618868885,62872.10479430069,11780.977026370507,90402.99922645661,1.4444069255860843
WEST BENGAL,PASCHIM MEDINIPUR,WEST BENGAL,PASCHIM MEDINIPUR,5913457,356.0,13262.9,4038.8,17865.1126,6518.991,6.020167221981998,22428.335912478946,6829.845892174409,30210.945306611684,1.1023993241178554
WEST BENGAL,PURBA MEDINIPUR,WEST BENGAL,PURBA MEDINIPUR,5095875,265.0,10125.7,2790.5,13184.8616,5541.876000000001,5.200284543871269,19870.385360708417,5475.9977432727455,25873.59697794785,1.0875219662962692
WEST BENGAL,PURULIYA,WEST BENGAL,PURULIYA,2930115,141.0,5002.6,845.1,6929.0734,2607.901,4.812097818686297,17073.05003387239,2884.187139412617,23647.786520324287,0.8900336676205541
WEST BENGAL,SOUTH 24 PARGANAS,WEST BENGAL,SOUTH TWENTY FOUR PARGANAS,8161961,403.0,15799.0,4800.3,22956.9408,8797.182,4.9375389076228124,19356.867791943627,5881.307200561238,28126.7465012391,1.0778270075046916
WEST BENGAL,UTTAR DINAJPUR,WEST BENGAL,UTTAR DINAJPUR,3007134,111.0,2779.5,1201.5,4009.3930000000005,3161.0440000000003,3.6912222734337745,9243.020098206465,3995.4987040816936,13332.93760770222,1.0511816234328102
