dataset,variable,label
NFHS-4 Household,hhid,case identification
NFHS-4 Household,hv000,country code and phase
NFHS-4 Household,hv001,cluster number
NFHS-4 Household,hv002,household number
NFHS-4 Household,hv003,respondent's line number (answering household questionnaire)
NFHS-4 Household,hv004,ultimate area unit
NFHS-4 Household,hv005,household sample weight (6 decimals)
NFHS-4 Household,hv006,month of interview
NFHS-4 Household,hv007,year of interview
NFHS-4 Household,hv008,date of interview (cmc)
NFHS-4 Household,hv009,number of household members
NFHS-4 Household,hv010,number of eligible women in household
NFHS-4 Household,hv011,number of eligible men in household
NFHS-4 Household,hv012,number of de jure members
NFHS-4 Household,hv013,number of de facto members
NFHS-4 Household,hv014,number of children 5 and under (de jure)
NFHS-4 Household,hv015,result of household interview
NFHS-4 Household,hv016,day of interview
NFHS-4 Household,hv017,number of visits
NFHS-4 Household,hv018,interviewer identification
NFHS-4 Household,hv019,na - keyer identification
NFHS-4 Household,hv020,ever-married sample
NFHS-4 Household,hv021,primary sampling unit
NFHS-4 Household,hv022,sample strata for sampling errors
NFHS-4 Household,hv023,stratification used in sample design
NFHS-4 Household,hv024,state
NFHS-4 Household,hv025,type of place of residence
NFHS-4 Household,hv026,na - place of residence
NFHS-4 Household,hv027,household selected for male interview
NFHS-4 Household,hv028,household weight for male subsample (6 decimals)
NFHS-4 Household,hv030,field supervisor
NFHS-4 Household,hv031,na - field editor
NFHS-4 Household,hv032,na - office editor
NFHS-4 Household,hv035,number of eligible children for height and weight
NFHS-4 Household,hv040,cluster altitude in meters
NFHS-4 Household,hv041,total adults measured
NFHS-4 Household,hv042,household selected for hemoglobin
NFHS-4 Household,hv044,household selected for domestic violence module
NFHS-4 Household,hv201,source of drinking water
NFHS-4 Household,hv202,na - source of non-drinking water
NFHS-4 Household,hv204,time to get to water source (minutes)
NFHS-4 Household,hv205,type of toilet facility
NFHS-4 Household,hv206,has electricity
NFHS-4 Household,hv207,has radio
NFHS-4 Household,hv208,has television
NFHS-4 Household,hv209,has refrigerator
NFHS-4 Household,hv210,has bicycle
NFHS-4 Household,hv211,has motorcycle/scooter
NFHS-4 Household,hv212,has car/truck
NFHS-4 Household,hv213,main floor material
NFHS-4 Household,hv214,main wall material
NFHS-4 Household,hv215,main roof material
NFHS-4 Household,hv216,number of rooms used for sleeping
NFHS-4 Household,hv217,relationship structure
NFHS-4 Household,hv218,line number of head of household
NFHS-4 Household,hv219,sex of head of household
NFHS-4 Household,hv220,age of head of household
NFHS-4 Household,hv221,has telephone (land-line)
NFHS-4 Household,hv225,share toilet with other households
NFHS-4 Household,hv226,type of cooking fuel
NFHS-4 Household,hv227,has mosquito bed net for sleeping
NFHS-4 Household,hv228,children under 5 slept under mosquito bed net last night
NFHS-4 Household,hv230a,place where household members wash their hands
NFHS-4 Household,hv230b,presence of water at hand washing place
NFHS-4 Household,hv232,items present: soap or detergent
NFHS-4 Household,hv232b,"items present: ash, mud, sand"
NFHS-4 Household,hv232c,na - items present: cs
NFHS-4 Household,hv232d,na - items present: cs
NFHS-4 Household,hv232e,na - items present: cs
NFHS-4 Household,hv232y,items present: none
NFHS-4 Household,hv234,na - result of salt test for iodine (ppm)
NFHS-4 Household,hv234a,result of salt test for iodine
NFHS-4 Household,hv235,location of source for water
NFHS-4 Household,hv236,person fetching water
NFHS-4 Household,hv237,anything done to water to make safe to drink
NFHS-4 Household,hv237a,water usually treated by: boil
NFHS-4 Household,hv237b,water usually treated by: add bleach/chlorine
NFHS-4 Household,hv237c,water usually treated by: strain through a cloth
NFHS-4 Household,hv237d,water usually treated by: use water filter
NFHS-4 Household,hv237e,na - water usually treated by: solar disinfection
NFHS-4 Household,hv237f,water usually treated by: let it stand and settle
NFHS-4 Household,hv237g,water usually treated by: use alum
NFHS-4 Household,hv237h,water usually treated by: use electric purifier
NFHS-4 Household,hv237i,na - water usually treated by: cs
NFHS-4 Household,hv237j,na - water usually treated by: cs
NFHS-4 Household,hv237k,na - water usually treated by: cs
NFHS-4 Household,hv237x,water usually treated by: other
NFHS-4 Household,hv237z,water usually treated by: don't know
NFHS-4 Household,hv238,number of households sharing toilet
NFHS-4 Household,hv239,food cooked on stove or open fire  (see sh39)
NFHS-4 Household,hv240,"na - household has a chimney, hood or neither"
NFHS-4 Household,hv241,food cooked in the house/separate building/outdoors
NFHS-4 Household,hv242,household has separate room used as kitchen
NFHS-4 Household,hv243a,has mobile telephone
NFHS-4 Household,hv243b,has watch
NFHS-4 Household,hv243c,has animal-drawn cart
NFHS-4 Household,hv243d,na - has boat with a motor
NFHS-4 Household,hv244,owns land usable for agriculture
NFHS-4 Household,hv245,"hectares of agricultural land (1 decimal)  (see: hv245i, sh50 and sh51)"
NFHS-4 Household,hv246,"owns livestock, herds or farm animals"
NFHS-4 Household,hv246a,na - owns cattle
NFHS-4 Household,hv246b,na - owns cows/bulls
NFHS-4 Household,hv246c,na - owns horses/donkeys/mules
NFHS-4 Household,hv246d,na - owns goats
NFHS-4 Household,hv246e,na - owns sheep
NFHS-4 Household,hv246f,na - owns chickens
NFHS-4 Household,hv246g,na - owns cs
NFHS-4 Household,hv246h,na - owns cs
NFHS-4 Household,hv246i,na - owns cs
NFHS-4 Household,hv246j,na - owns cs
NFHS-4 Household,hv246k,na - owns cs
NFHS-4 Household,hv247,has bank account
NFHS-4 Household,hv252,frequency household members smoke inside the house
NFHS-4 Household,hv253,na - has dwelling been sprayed against mosquitoes in last 12 months
NFHS-4 Household,hv253a,na - dwelling sprayed by: government worker/program
NFHS-4 Household,hv253b,na - dwelling sprayed by: private company
NFHS-4 Household,hv253c,na - dwelling sprayed by: ngo
NFHS-4 Household,hv253d,na - dwelling sprayed by: cs
NFHS-4 Household,hv253e,na - dwelling sprayed by: cs
NFHS-4 Household,hv253f,na - dwelling sprayed by: cs
NFHS-4 Household,hv253g,na - dwelling sprayed by: cs
NFHS-4 Household,hv253h,na - dwelling sprayed by: cs
NFHS-4 Household,hv253x,na - dwelling sprayed by: other
NFHS-4 Household,hv253z,na - dwelling sprayed by: don't know
NFHS-4 Household,hv270,wealth index
NFHS-4 Household,hv271,wealth index factor score (5 decimals)
NFHS-4 Household,hml1,number of mosquito bed nets
NFHS-4 Household,hml1a,number of mosquito bed nets with specific information
NFHS-4 Household,hml2,number of children under mosquito bed net previous night
NFHS-4 Household,shv005,state household weight (6 decimals)
NFHS-4 Household,shv028,state weight for households selected for men's sub-sample (6 decimals)
NFHS-4 Household,shdistri,district
NFHS-4 Household,shslumc,slum designation by sample frame
NFHS-4 Household,shslumo,slum designation by observation
NFHS-4 Household,shconsent,consent agreement
NFHS-4 Household,shlangq,language of questionnaire
NFHS-4 Household,shlangrm,respondent's mother tongue
NFHS-4 Household,shlangi,language of the interview
NFHS-4 Household,shtransl,translator used?
NFHS-4 Household,sh23,any usual resident of the household suffers from tb
NFHS-4 Household,sh34,household head's religion
NFHS-4 Household,sh35,caste or tribe of household head
NFHS-4 Household,sh36,type of caste or tribe of the household head
NFHS-4 Household,sh37b,mattress
NFHS-4 Household,sh37c,pressure cooker
NFHS-4 Household,sh37d,chair
NFHS-4 Household,sh37e,cot or bed
NFHS-4 Household,sh37f,table
NFHS-4 Household,sh37g,electric fan
NFHS-4 Household,sh37i,black and white television
NFHS-4 Household,sh37j,colour television
NFHS-4 Household,sh37k,sewing machine
NFHS-4 Household,sh37n,internet
NFHS-4 Household,sh37o,computer
NFHS-4 Household,sh37q,air conditioner/cooler
NFHS-4 Household,sh37r,washing machine
NFHS-4 Household,sh37x,water pump
NFHS-4 Household,sh37y,thresher
NFHS-4 Household,sh37z,tractor
NFHS-4 Household,sh46,member of household owns this house or any other house
NFHS-4 Household,sh47,gender of person owning house
NFHS-4 Household,sh49,gender of person owning agricultural land
NFHS-4 Household,hv245i,"hectares of irrigated agricultural land (1 decimal)  (see: hv245, sh50 and sh51)"
NFHS-4 Household,sh52a,cows/bulls/buffaloes
NFHS-4 Household,sh52b,camels
NFHS-4 Household,sh52c,horses/donkeys/mules
NFHS-4 Household,sh52d,goats
NFHS-4 Household,sh52e,sheep
NFHS-4 Household,sh52f,chickens/ducks
NFHS-4 Household,sh54,member of household covered by a health scheme or health insurance
NFHS-4 Household,sh55a,health scheme/insurance: esis
NFHS-4 Household,sh55b,health scheme/insurance: cghs
NFHS-4 Household,sh55c,health scheme/insurance: state health insurance scheme
NFHS-4 Household,sh55d,health scheme/insurance: rashtriya swasthya bima yojana (rsby)
NFHS-4 Household,sh55e,health scheme/insurance: comm health insurance programme
NFHS-4 Household,sh55f,health scheme/insurance: other health insurance through employer
NFHS-4 Household,sh55g,health scheme/insurance: medical reimbursement from employer
NFHS-4 Household,sh55h,health scheme/insurance: other privately purchased comm health insurance
NFHS-4 Household,sh55x,health scheme/insurance: other
NFHS-4 Household,sh56,where household members generally go for treatment
NFHS-4 Household,sh57a,reason hh members don't use govt facility: no nearby facility
NFHS-4 Household,sh57b,reason hh members don't use govt facility: facility timing not convenient
NFHS-4 Household,sh57c,reason hh members don't use govt facility: health personnel often absent
NFHS-4 Household,sh57d,reason hh members don't use govt facility: waiting time too long
NFHS-4 Household,sh57e,reason hh members don't use govt facility: poor quality of care
NFHS-4 Household,sh57x,reason hh members don't use govt facility: other
NFHS-4 Household,sh58,household has a bpl card
NFHS-4 Household,sh61a,place mosquito nets came from: purchased from market
NFHS-4 Household,sh61b,place mosquito nets came from: government
NFHS-4 Household,sh61c,place mosquito nets came from: supplied by ngo/trust
NFHS-4 Household,sh61x,place mosquito nets came from: other
NFHS-4 Household,sh61z,place mosquito nets came from: don't know
NFHS-4 Household,sh70,any usual member of the household died since january 2011
NFHS-4 Household,sh71,total number of deaths since january 2011
NFHS-4 Household,sh39,"in this household, is food cooked on a stove, a chullah or an open fire?"
NFHS-4 Household,shnfhs2,house type (as defined in nfhs-2 and 3)
NFHS-4 Household,shstruc,household structure
NFHS-4 Household,sh50,agricultural land (without units specified) (1 decimal)  (see: sh50u)
NFHS-4 Household,sh51,irrigated agricultural land (without units specified) (1 decimal)  (see: sh50u)
NFHS-4 Household,agland,agricultural land status
NFHS-4 Household,sv270s,wealth index within state
NFHS-4 Household,sv270u,wealth index - urban
NFHS-4 Household,sv271u,wealth index factor score (5 decimals) - urban
NFHS-4 Household,sv270us,wealth index - urban within state
NFHS-4 Household,sv270r,wealth index - rural
NFHS-4 Household,sv271r,wealth index factor score (5 decimals) - rural
NFHS-4 Household,sv270rs,wealth index - rural within state
NFHS-4 Household,sh50u,unit of measurement for agricultural land (see: sh50 and sh51)
NFHS-4 Household,shphase,questionnaire version: education questions
NFHS-4 Household,hvidx_01,line number
NFHS-4 Household,hvidx_02,line number
NFHS-4 Household,hvidx_03,line number
NFHS-4 Household,hvidx_04,line number
NFHS-4 Household,hvidx_05,line number
NFHS-4 Household,hvidx_06,line number
NFHS-4 Household,hvidx_07,line number
NFHS-4 Household,hvidx_08,line number
NFHS-4 Household,hvidx_09,line number
NFHS-4 Household,hvidx_10,line number
NFHS-4 Household,hvidx_11,line number
NFHS-4 Household,hvidx_12,line number
NFHS-4 Household,hvidx_13,line number
NFHS-4 Household,hvidx_14,line number
NFHS-4 Household,hvidx_15,line number
NFHS-4 Household,hvidx_16,line number
NFHS-4 Household,hvidx_17,line number
NFHS-4 Household,hvidx_18,line number
NFHS-4 Household,hvidx_19,line number
NFHS-4 Household,hvidx_20,line number
NFHS-4 Household,hvidx_21,line number
NFHS-4 Household,hvidx_22,line number
NFHS-4 Household,hvidx_23,line number
NFHS-4 Household,hvidx_24,line number
NFHS-4 Household,hvidx_25,line number
NFHS-4 Household,hvidx_26,line number
NFHS-4 Household,hvidx_27,line number
NFHS-4 Household,hvidx_28,line number
NFHS-4 Household,hvidx_29,line number
NFHS-4 Household,hvidx_30,line number
NFHS-4 Household,hvidx_31,line number
NFHS-4 Household,hvidx_32,line number
NFHS-4 Household,hvidx_33,line number
NFHS-4 Household,hvidx_34,line number
NFHS-4 Household,hvidx_35,line number
NFHS-4 Household,hvidx_36,line number
NFHS-4 Household,hvidx_37,line number
NFHS-4 Household,hvidx_38,line number
NFHS-4 Household,hvidx_39,line number
NFHS-4 Household,hvidx_40,line number
NFHS-4 Household,hvidx_41,line number
NFHS-4 Household,hv101_01,relationship to head
NFHS-4 Household,hv101_02,relationship to head
NFHS-4 Household,hv101_03,relationship to head
NFHS-4 Household,hv101_04,relationship to head
NFHS-4 Household,hv101_05,relationship to head
NFHS-4 Household,hv101_06,relationship to head
NFHS-4 Household,hv101_07,relationship to head
NFHS-4 Household,hv101_08,relationship to head
NFHS-4 Household,hv101_09,relationship to head
NFHS-4 Household,hv101_10,relationship to head
NFHS-4 Household,hv101_11,relationship to head
NFHS-4 Household,hv101_12,relationship to head
NFHS-4 Household,hv101_13,relationship to head
NFHS-4 Household,hv101_14,relationship to head
NFHS-4 Household,hv101_15,relationship to head
NFHS-4 Household,hv101_16,relationship to head
NFHS-4 Household,hv101_17,relationship to head
NFHS-4 Household,hv101_18,relationship to head
NFHS-4 Household,hv101_19,relationship to head
NFHS-4 Household,hv101_20,relationship to head
NFHS-4 Household,hv101_21,relationship to head
NFHS-4 Household,hv101_22,relationship to head
NFHS-4 Household,hv101_23,relationship to head
NFHS-4 Household,hv101_24,relationship to head
NFHS-4 Household,hv101_25,relationship to head
NFHS-4 Household,hv101_26,relationship to head
NFHS-4 Household,hv101_27,relationship to head
NFHS-4 Household,hv101_28,relationship to head
NFHS-4 Household,hv101_29,relationship to head
NFHS-4 Household,hv101_30,relationship to head
NFHS-4 Household,hv101_31,relationship to head
NFHS-4 Household,hv101_32,relationship to head
NFHS-4 Household,hv101_33,relationship to head
NFHS-4 Household,hv101_34,relationship to head
NFHS-4 Household,hv101_35,relationship to head
NFHS-4 Household,hv101_36,relationship to head
NFHS-4 Household,hv101_37,relationship to head
NFHS-4 Household,hv101_38,relationship to head
NFHS-4 Household,hv101_39,relationship to head
NFHS-4 Household,hv101_40,relationship to head
NFHS-4 Household,hv101_41,relationship to head
NFHS-4 Household,hv102_01,usual resident
NFHS-4 Household,hv102_02,usual resident
NFHS-4 Household,hv102_03,usual resident
NFHS-4 Household,hv102_04,usual resident
NFHS-4 Household,hv102_05,usual resident
NFHS-4 Household,hv102_06,usual resident
NFHS-4 Household,hv102_07,usual resident
NFHS-4 Household,hv102_08,usual resident
NFHS-4 Household,hv102_09,usual resident
NFHS-4 Household,hv102_10,usual resident
NFHS-4 Household,hv102_11,usual resident
NFHS-4 Household,hv102_12,usual resident
NFHS-4 Household,hv102_13,usual resident
NFHS-4 Household,hv102_14,usual resident
NFHS-4 Household,hv102_15,usual resident
NFHS-4 Household,hv102_16,usual resident
NFHS-4 Household,hv102_17,usual resident
NFHS-4 Household,hv102_18,usual resident
NFHS-4 Household,hv102_19,usual resident
NFHS-4 Household,hv102_20,usual resident
NFHS-4 Household,hv102_21,usual resident
NFHS-4 Household,hv102_22,usual resident
NFHS-4 Household,hv102_23,usual resident
NFHS-4 Household,hv102_24,usual resident
NFHS-4 Household,hv102_25,usual resident
NFHS-4 Household,hv102_26,usual resident
NFHS-4 Household,hv102_27,usual resident
NFHS-4 Household,hv102_28,usual resident
NFHS-4 Household,hv102_29,usual resident
NFHS-4 Household,hv102_30,usual resident
NFHS-4 Household,hv102_31,usual resident
NFHS-4 Household,hv102_32,usual resident
NFHS-4 Household,hv102_33,usual resident
NFHS-4 Household,hv102_34,usual resident
NFHS-4 Household,hv102_35,usual resident
NFHS-4 Household,hv102_36,usual resident
NFHS-4 Household,hv102_37,usual resident
NFHS-4 Household,hv102_38,usual resident
NFHS-4 Household,hv102_39,usual resident
NFHS-4 Household,hv102_40,usual resident
NFHS-4 Household,hv102_41,usual resident
NFHS-4 Household,hv103_01,slept last night
NFHS-4 Household,hv103_02,slept last night
NFHS-4 Household,hv103_03,slept last night
NFHS-4 Household,hv103_04,slept last night
NFHS-4 Household,hv103_05,slept last night
NFHS-4 Household,hv103_06,slept last night
NFHS-4 Household,hv103_07,slept last night
NFHS-4 Household,hv103_08,slept last night
NFHS-4 Household,hv103_09,slept last night
NFHS-4 Household,hv103_10,slept last night
NFHS-4 Household,hv103_11,slept last night
NFHS-4 Household,hv103_12,slept last night
NFHS-4 Household,hv103_13,slept last night
NFHS-4 Household,hv103_14,slept last night
NFHS-4 Household,hv103_15,slept last night
NFHS-4 Household,hv103_16,slept last night
NFHS-4 Household,hv103_17,slept last night
NFHS-4 Household,hv103_18,slept last night
NFHS-4 Household,hv103_19,slept last night
NFHS-4 Household,hv103_20,slept last night
NFHS-4 Household,hv103_21,slept last night
NFHS-4 Household,hv103_22,slept last night
NFHS-4 Household,hv103_23,slept last night
NFHS-4 Household,hv103_24,slept last night
NFHS-4 Household,hv103_25,slept last night
NFHS-4 Household,hv103_26,slept last night
NFHS-4 Household,hv103_27,slept last night
NFHS-4 Household,hv103_28,slept last night
NFHS-4 Household,hv103_29,slept last night
NFHS-4 Household,hv103_30,slept last night
NFHS-4 Household,hv103_31,slept last night
NFHS-4 Household,hv103_32,slept last night
NFHS-4 Household,hv103_33,slept last night
NFHS-4 Household,hv103_34,slept last night
NFHS-4 Household,hv103_35,slept last night
NFHS-4 Household,hv103_36,slept last night
NFHS-4 Household,hv103_37,slept last night
NFHS-4 Household,hv103_38,slept last night
NFHS-4 Household,hv103_39,slept last night
NFHS-4 Household,hv103_40,slept last night
NFHS-4 Household,hv103_41,slept last night
NFHS-4 Household,hv104_01,sex of household member
NFHS-4 Household,hv104_02,sex of household member
NFHS-4 Household,hv104_03,sex of household member
NFHS-4 Household,hv104_04,sex of household member
NFHS-4 Household,hv104_05,sex of household member
NFHS-4 Household,hv104_06,sex of household member
NFHS-4 Household,hv104_07,sex of household member
NFHS-4 Household,hv104_08,sex of household member
NFHS-4 Household,hv104_09,sex of household member
NFHS-4 Household,hv104_10,sex of household member
NFHS-4 Household,hv104_11,sex of household member
NFHS-4 Household,hv104_12,sex of household member
NFHS-4 Household,hv104_13,sex of household member
NFHS-4 Household,hv104_14,sex of household member
NFHS-4 Household,hv104_15,sex of household member
NFHS-4 Household,hv104_16,sex of household member
NFHS-4 Household,hv104_17,sex of household member
NFHS-4 Household,hv104_18,sex of household member
NFHS-4 Household,hv104_19,sex of household member
NFHS-4 Household,hv104_20,sex of household member
NFHS-4 Household,hv104_21,sex of household member
NFHS-4 Household,hv104_22,sex of household member
NFHS-4 Household,hv104_23,sex of household member
NFHS-4 Household,hv104_24,sex of household member
NFHS-4 Household,hv104_25,sex of household member
NFHS-4 Household,hv104_26,sex of household member
NFHS-4 Household,hv104_27,sex of household member
NFHS-4 Household,hv104_28,sex of household member
NFHS-4 Household,hv104_29,sex of household member
NFHS-4 Household,hv104_30,sex of household member
NFHS-4 Household,hv104_31,sex of household member
NFHS-4 Household,hv104_32,sex of household member
NFHS-4 Household,hv104_33,sex of household member
NFHS-4 Household,hv104_34,sex of household member
NFHS-4 Household,hv104_35,sex of household member
NFHS-4 Household,hv104_36,sex of household member
NFHS-4 Household,hv104_37,sex of household member
NFHS-4 Household,hv104_38,sex of household member
NFHS-4 Household,hv104_39,sex of household member
NFHS-4 Household,hv104_40,sex of household member
NFHS-4 Household,hv104_41,sex of household member
NFHS-4 Household,hv105_01,age of household members
NFHS-4 Household,hv105_02,age of household members
NFHS-4 Household,hv105_03,age of household members
NFHS-4 Household,hv105_04,age of household members
NFHS-4 Household,hv105_05,age of household members
NFHS-4 Household,hv105_06,age of household members
NFHS-4 Household,hv105_07,age of household members
NFHS-4 Household,hv105_08,age of household members
NFHS-4 Household,hv105_09,age of household members
NFHS-4 Household,hv105_10,age of household members
NFHS-4 Household,hv105_11,age of household members
NFHS-4 Household,hv105_12,age of household members
NFHS-4 Household,hv105_13,age of household members
NFHS-4 Household,hv105_14,age of household members
NFHS-4 Household,hv105_15,age of household members
NFHS-4 Household,hv105_16,age of household members
NFHS-4 Household,hv105_17,age of household members
NFHS-4 Household,hv105_18,age of household members
NFHS-4 Household,hv105_19,age of household members
NFHS-4 Household,hv105_20,age of household members
NFHS-4 Household,hv105_21,age of household members
NFHS-4 Household,hv105_22,age of household members
NFHS-4 Household,hv105_23,age of household members
NFHS-4 Household,hv105_24,age of household members
NFHS-4 Household,hv105_25,age of household members
NFHS-4 Household,hv105_26,age of household members
NFHS-4 Household,hv105_27,age of household members
NFHS-4 Household,hv105_28,age of household members
NFHS-4 Household,hv105_29,age of household members
NFHS-4 Household,hv105_30,age of household members
NFHS-4 Household,hv105_31,age of household members
NFHS-4 Household,hv105_32,age of household members
NFHS-4 Household,hv105_33,age of household members
NFHS-4 Household,hv105_34,age of household members
NFHS-4 Household,hv105_35,age of household members
NFHS-4 Household,hv105_36,age of household members
NFHS-4 Household,hv105_37,age of household members
NFHS-4 Household,hv105_38,age of household members
NFHS-4 Household,hv105_39,age of household members
NFHS-4 Household,hv105_40,age of household members
NFHS-4 Household,hv105_41,age of household members
NFHS-4 Household,hv106_01,highest educational level attained
NFHS-4 Household,hv106_02,highest educational level attained
NFHS-4 Household,hv106_03,highest educational level attained
NFHS-4 Household,hv106_04,highest educational level attained
NFHS-4 Household,hv106_05,highest educational level attained
NFHS-4 Household,hv106_06,highest educational level attained
NFHS-4 Household,hv106_07,highest educational level attained
NFHS-4 Household,hv106_08,highest educational level attained
NFHS-4 Household,hv106_09,highest educational level attained
NFHS-4 Household,hv106_10,highest educational level attained
NFHS-4 Household,hv106_11,highest educational level attained
NFHS-4 Household,hv106_12,highest educational level attained
NFHS-4 Household,hv106_13,highest educational level attained
NFHS-4 Household,hv106_14,highest educational level attained
NFHS-4 Household,hv106_15,highest educational level attained
NFHS-4 Household,hv106_16,highest educational level attained
NFHS-4 Household,hv106_17,highest educational level attained
NFHS-4 Household,hv106_18,highest educational level attained
NFHS-4 Household,hv106_19,highest educational level attained
NFHS-4 Household,hv106_20,highest educational level attained
NFHS-4 Household,hv106_21,highest educational level attained
NFHS-4 Household,hv106_22,highest educational level attained
NFHS-4 Household,hv106_23,highest educational level attained
NFHS-4 Household,hv106_24,highest educational level attained
NFHS-4 Household,hv106_25,highest educational level attained
NFHS-4 Household,hv106_26,highest educational level attained
NFHS-4 Household,hv106_27,highest educational level attained
NFHS-4 Household,hv106_28,highest educational level attained
NFHS-4 Household,hv106_29,highest educational level attained
NFHS-4 Household,hv106_30,highest educational level attained
NFHS-4 Household,hv106_31,highest educational level attained
NFHS-4 Household,hv106_32,highest educational level attained
NFHS-4 Household,hv106_33,highest educational level attained
NFHS-4 Household,hv106_34,highest educational level attained
NFHS-4 Household,hv106_35,highest educational level attained
NFHS-4 Household,hv106_36,highest educational level attained
NFHS-4 Household,hv106_37,highest educational level attained
NFHS-4 Household,hv106_38,highest educational level attained
NFHS-4 Household,hv106_39,highest educational level attained
NFHS-4 Household,hv106_40,highest educational level attained
NFHS-4 Household,hv106_41,highest educational level attained
NFHS-4 Household,hv107_01,highest year of education completed
NFHS-4 Household,hv107_02,highest year of education completed
NFHS-4 Household,hv107_03,highest year of education completed
NFHS-4 Household,hv107_04,highest year of education completed
NFHS-4 Household,hv107_05,highest year of education completed
NFHS-4 Household,hv107_06,highest year of education completed
NFHS-4 Household,hv107_07,highest year of education completed
NFHS-4 Household,hv107_08,highest year of education completed
NFHS-4 Household,hv107_09,highest year of education completed
NFHS-4 Household,hv107_10,highest year of education completed
NFHS-4 Household,hv107_11,highest year of education completed
NFHS-4 Household,hv107_12,highest year of education completed
NFHS-4 Household,hv107_13,highest year of education completed
NFHS-4 Household,hv107_14,highest year of education completed
NFHS-4 Household,hv107_15,highest year of education completed
NFHS-4 Household,hv107_16,highest year of education completed
NFHS-4 Household,hv107_17,highest year of education completed
NFHS-4 Household,hv107_18,highest year of education completed
NFHS-4 Household,hv107_19,highest year of education completed
NFHS-4 Household,hv107_20,highest year of education completed
NFHS-4 Household,hv107_21,highest year of education completed
NFHS-4 Household,hv107_22,highest year of education completed
NFHS-4 Household,hv107_23,highest year of education completed
NFHS-4 Household,hv107_24,highest year of education completed
NFHS-4 Household,hv107_25,highest year of education completed
NFHS-4 Household,hv107_26,highest year of education completed
NFHS-4 Household,hv107_27,highest year of education completed
NFHS-4 Household,hv107_28,highest year of education completed
NFHS-4 Household,hv107_29,highest year of education completed
NFHS-4 Household,hv107_30,highest year of education completed
NFHS-4 Household,hv107_31,highest year of education completed
NFHS-4 Household,hv107_32,highest year of education completed
NFHS-4 Household,hv107_33,highest year of education completed
NFHS-4 Household,hv107_34,highest year of education completed
NFHS-4 Household,hv107_35,highest year of education completed
NFHS-4 Household,hv107_36,highest year of education completed
NFHS-4 Household,hv107_37,highest year of education completed
NFHS-4 Household,hv107_38,highest year of education completed
NFHS-4 Household,hv107_39,highest year of education completed
NFHS-4 Household,hv107_40,highest year of education completed
NFHS-4 Household,hv107_41,highest year of education completed
NFHS-4 Household,hv108_01,education completed in single years
NFHS-4 Household,hv108_02,education completed in single years
NFHS-4 Household,hv108_03,education completed in single years
NFHS-4 Household,hv108_04,education completed in single years
NFHS-4 Household,hv108_05,education completed in single years
NFHS-4 Household,hv108_06,education completed in single years
NFHS-4 Household,hv108_07,education completed in single years
NFHS-4 Household,hv108_08,education completed in single years
NFHS-4 Household,hv108_09,education completed in single years
NFHS-4 Household,hv108_10,education completed in single years
NFHS-4 Household,hv108_11,education completed in single years
NFHS-4 Household,hv108_12,education completed in single years
NFHS-4 Household,hv108_13,education completed in single years
NFHS-4 Household,hv108_14,education completed in single years
NFHS-4 Household,hv108_15,education completed in single years
NFHS-4 Household,hv108_16,education completed in single years
NFHS-4 Household,hv108_17,education completed in single years
NFHS-4 Household,hv108_18,education completed in single years
NFHS-4 Household,hv108_19,education completed in single years
NFHS-4 Household,hv108_20,education completed in single years
NFHS-4 Household,hv108_21,education completed in single years
NFHS-4 Household,hv108_22,education completed in single years
NFHS-4 Household,hv108_23,education completed in single years
NFHS-4 Household,hv108_24,education completed in single years
NFHS-4 Household,hv108_25,education completed in single years
NFHS-4 Household,hv108_26,education completed in single years
NFHS-4 Household,hv108_27,education completed in single years
NFHS-4 Household,hv108_28,education completed in single years
NFHS-4 Household,hv108_29,education completed in single years
NFHS-4 Household,hv108_30,education completed in single years
NFHS-4 Household,hv108_31,education completed in single years
NFHS-4 Household,hv108_32,education completed in single years
NFHS-4 Household,hv108_33,education completed in single years
NFHS-4 Household,hv108_34,education completed in single years
NFHS-4 Household,hv108_35,education completed in single years
NFHS-4 Household,hv108_36,education completed in single years
NFHS-4 Household,hv108_37,education completed in single years
NFHS-4 Household,hv108_38,education completed in single years
NFHS-4 Household,hv108_39,education completed in single years
NFHS-4 Household,hv108_40,education completed in single years
NFHS-4 Household,hv108_41,education completed in single years
NFHS-4 Household,hv109_01,educational attainment
NFHS-4 Household,hv109_02,educational attainment
NFHS-4 Household,hv109_03,educational attainment
NFHS-4 Household,hv109_04,educational attainment
NFHS-4 Household,hv109_05,educational attainment
NFHS-4 Household,hv109_06,educational attainment
NFHS-4 Household,hv109_07,educational attainment
NFHS-4 Household,hv109_08,educational attainment
NFHS-4 Household,hv109_09,educational attainment
NFHS-4 Household,hv109_10,educational attainment
NFHS-4 Household,hv109_11,educational attainment
NFHS-4 Household,hv109_12,educational attainment
NFHS-4 Household,hv109_13,educational attainment
NFHS-4 Household,hv109_14,educational attainment
NFHS-4 Household,hv109_15,educational attainment
NFHS-4 Household,hv109_16,educational attainment
NFHS-4 Household,hv109_17,educational attainment
NFHS-4 Household,hv109_18,educational attainment
NFHS-4 Household,hv109_19,educational attainment
NFHS-4 Household,hv109_20,educational attainment
NFHS-4 Household,hv109_21,educational attainment
NFHS-4 Household,hv109_22,educational attainment
NFHS-4 Household,hv109_23,educational attainment
NFHS-4 Household,hv109_24,educational attainment
NFHS-4 Household,hv109_25,educational attainment
NFHS-4 Household,hv109_26,educational attainment
NFHS-4 Household,hv109_27,educational attainment
NFHS-4 Household,hv109_28,educational attainment
NFHS-4 Household,hv109_29,educational attainment
NFHS-4 Household,hv109_30,educational attainment
NFHS-4 Household,hv109_31,educational attainment
NFHS-4 Household,hv109_32,educational attainment
NFHS-4 Household,hv109_33,educational attainment
NFHS-4 Household,hv109_34,educational attainment
NFHS-4 Household,hv109_35,educational attainment
NFHS-4 Household,hv109_36,educational attainment
NFHS-4 Household,hv109_37,educational attainment
NFHS-4 Household,hv109_38,educational attainment
NFHS-4 Household,hv109_39,educational attainment
NFHS-4 Household,hv109_40,educational attainment
NFHS-4 Household,hv109_41,educational attainment
NFHS-4 Household,hv110_01,na - member still in school
NFHS-4 Household,hv110_02,na - member still in school
NFHS-4 Household,hv110_03,na - member still in school
NFHS-4 Household,hv110_04,na - member still in school
NFHS-4 Household,hv110_05,na - member still in school
NFHS-4 Household,hv110_06,na - member still in school
NFHS-4 Household,hv110_07,na - member still in school
NFHS-4 Household,hv110_08,na - member still in school
NFHS-4 Household,hv110_09,na - member still in school
NFHS-4 Household,hv110_10,na - member still in school
NFHS-4 Household,hv110_11,na - member still in school
NFHS-4 Household,hv110_12,na - member still in school
NFHS-4 Household,hv110_13,na - member still in school
NFHS-4 Household,hv110_14,na - member still in school
NFHS-4 Household,hv110_15,na - member still in school
NFHS-4 Household,hv110_16,na - member still in school
NFHS-4 Household,hv110_17,na - member still in school
NFHS-4 Household,hv110_18,na - member still in school
NFHS-4 Household,hv110_19,na - member still in school
NFHS-4 Household,hv110_20,na - member still in school
NFHS-4 Household,hv110_21,na - member still in school
NFHS-4 Household,hv110_22,na - member still in school
NFHS-4 Household,hv110_23,na - member still in school
NFHS-4 Household,hv110_24,na - member still in school
NFHS-4 Household,hv110_25,na - member still in school
NFHS-4 Household,hv110_26,na - member still in school
NFHS-4 Household,hv110_27,na - member still in school
NFHS-4 Household,hv110_28,na - member still in school
NFHS-4 Household,hv110_29,na - member still in school
NFHS-4 Household,hv110_30,na - member still in school
NFHS-4 Household,hv110_31,na - member still in school
NFHS-4 Household,hv110_32,na - member still in school
NFHS-4 Household,hv110_33,na - member still in school
NFHS-4 Household,hv110_34,na - member still in school
NFHS-4 Household,hv110_35,na - member still in school
NFHS-4 Household,hv110_36,na - member still in school
NFHS-4 Household,hv110_37,na - member still in school
NFHS-4 Household,hv110_38,na - member still in school
NFHS-4 Household,hv110_39,na - member still in school
NFHS-4 Household,hv110_40,na - member still in school
NFHS-4 Household,hv110_41,na - member still in school
NFHS-4 Household,hv111_01,mother alive
NFHS-4 Household,hv111_02,mother alive
NFHS-4 Household,hv111_03,mother alive
NFHS-4 Household,hv111_04,mother alive
NFHS-4 Household,hv111_05,mother alive
NFHS-4 Household,hv111_06,mother alive
NFHS-4 Household,hv111_07,mother alive
NFHS-4 Household,hv111_08,mother alive
NFHS-4 Household,hv111_09,mother alive
NFHS-4 Household,hv111_10,mother alive
NFHS-4 Household,hv111_11,mother alive
NFHS-4 Household,hv111_12,mother alive
NFHS-4 Household,hv111_13,mother alive
NFHS-4 Household,hv111_14,mother alive
NFHS-4 Household,hv111_15,mother alive
NFHS-4 Household,hv111_16,mother alive
NFHS-4 Household,hv111_17,mother alive
NFHS-4 Household,hv111_18,mother alive
NFHS-4 Household,hv111_19,mother alive
NFHS-4 Household,hv111_20,mother alive
NFHS-4 Household,hv111_21,mother alive
NFHS-4 Household,hv111_22,mother alive
NFHS-4 Household,hv111_23,mother alive
NFHS-4 Household,hv111_24,mother alive
NFHS-4 Household,hv111_25,mother alive
NFHS-4 Household,hv111_26,mother alive
NFHS-4 Household,hv111_27,mother alive
NFHS-4 Household,hv111_28,mother alive
NFHS-4 Household,hv111_29,mother alive
NFHS-4 Household,hv111_30,mother alive
NFHS-4 Household,hv111_31,mother alive
NFHS-4 Household,hv111_32,mother alive
NFHS-4 Household,hv111_33,mother alive
NFHS-4 Household,hv111_34,mother alive
NFHS-4 Household,hv111_35,mother alive
NFHS-4 Household,hv111_36,mother alive
NFHS-4 Household,hv111_37,mother alive
NFHS-4 Household,hv111_38,mother alive
NFHS-4 Household,hv111_39,mother alive
NFHS-4 Household,hv111_40,mother alive
NFHS-4 Household,hv111_41,mother alive
NFHS-4 Household,hv112_01,mother's line number
NFHS-4 Household,hv112_02,mother's line number
NFHS-4 Household,hv112_03,mother's line number
NFHS-4 Household,hv112_04,mother's line number
NFHS-4 Household,hv112_05,mother's line number
NFHS-4 Household,hv112_06,mother's line number
NFHS-4 Household,hv112_07,mother's line number
NFHS-4 Household,hv112_08,mother's line number
NFHS-4 Household,hv112_09,mother's line number
NFHS-4 Household,hv112_10,mother's line number
NFHS-4 Household,hv112_11,mother's line number
NFHS-4 Household,hv112_12,mother's line number
NFHS-4 Household,hv112_13,mother's line number
NFHS-4 Household,hv112_14,mother's line number
NFHS-4 Household,hv112_15,mother's line number
NFHS-4 Household,hv112_16,mother's line number
NFHS-4 Household,hv112_17,mother's line number
NFHS-4 Household,hv112_18,mother's line number
NFHS-4 Household,hv112_19,mother's line number
NFHS-4 Household,hv112_20,mother's line number
NFHS-4 Household,hv112_21,mother's line number
NFHS-4 Household,hv112_22,mother's line number
NFHS-4 Household,hv112_23,mother's line number
NFHS-4 Household,hv112_24,mother's line number
NFHS-4 Household,hv112_25,mother's line number
NFHS-4 Household,hv112_26,mother's line number
NFHS-4 Household,hv112_27,mother's line number
NFHS-4 Household,hv112_28,mother's line number
NFHS-4 Household,hv112_29,mother's line number
NFHS-4 Household,hv112_30,mother's line number
NFHS-4 Household,hv112_31,mother's line number
NFHS-4 Household,hv112_32,mother's line number
NFHS-4 Household,hv112_33,mother's line number
NFHS-4 Household,hv112_34,mother's line number
NFHS-4 Household,hv112_35,mother's line number
NFHS-4 Household,hv112_36,mother's line number
NFHS-4 Household,hv112_37,mother's line number
NFHS-4 Household,hv112_38,mother's line number
NFHS-4 Household,hv112_39,mother's line number
NFHS-4 Household,hv112_40,mother's line number
NFHS-4 Household,hv112_41,mother's line number
NFHS-4 Household,hv113_01,father alive
NFHS-4 Household,hv113_02,father alive
NFHS-4 Household,hv113_03,father alive
NFHS-4 Household,hv113_04,father alive
NFHS-4 Household,hv113_05,father alive
NFHS-4 Household,hv113_06,father alive
NFHS-4 Household,hv113_07,father alive
NFHS-4 Household,hv113_08,father alive
NFHS-4 Household,hv113_09,father alive
NFHS-4 Household,hv113_10,father alive
NFHS-4 Household,hv113_11,father alive
NFHS-4 Household,hv113_12,father alive
NFHS-4 Household,hv113_13,father alive
NFHS-4 Household,hv113_14,father alive
NFHS-4 Household,hv113_15,father alive
NFHS-4 Household,hv113_16,father alive
NFHS-4 Household,hv113_17,father alive
NFHS-4 Household,hv113_18,father alive
NFHS-4 Household,hv113_19,father alive
NFHS-4 Household,hv113_20,father alive
NFHS-4 Household,hv113_21,father alive
NFHS-4 Household,hv113_22,father alive
NFHS-4 Household,hv113_23,father alive
NFHS-4 Household,hv113_24,father alive
NFHS-4 Household,hv113_25,father alive
NFHS-4 Household,hv113_26,father alive
NFHS-4 Household,hv113_27,father alive
NFHS-4 Household,hv113_28,father alive
NFHS-4 Household,hv113_29,father alive
NFHS-4 Household,hv113_30,father alive
NFHS-4 Household,hv113_31,father alive
NFHS-4 Household,hv113_32,father alive
NFHS-4 Household,hv113_33,father alive
NFHS-4 Household,hv113_34,father alive
NFHS-4 Household,hv113_35,father alive
NFHS-4 Household,hv113_36,father alive
NFHS-4 Household,hv113_37,father alive
NFHS-4 Household,hv113_38,father alive
NFHS-4 Household,hv113_39,father alive
NFHS-4 Household,hv113_40,father alive
NFHS-4 Household,hv113_41,father alive
NFHS-4 Household,hv114_01,father's line number
NFHS-4 Household,hv114_02,father's line number
NFHS-4 Household,hv114_03,father's line number
NFHS-4 Household,hv114_04,father's line number
NFHS-4 Household,hv114_05,father's line number
NFHS-4 Household,hv114_06,father's line number
NFHS-4 Household,hv114_07,father's line number
NFHS-4 Household,hv114_08,father's line number
NFHS-4 Household,hv114_09,father's line number
NFHS-4 Household,hv114_10,father's line number
NFHS-4 Household,hv114_11,father's line number
NFHS-4 Household,hv114_12,father's line number
NFHS-4 Household,hv114_13,father's line number
NFHS-4 Household,hv114_14,father's line number
NFHS-4 Household,hv114_15,father's line number
NFHS-4 Household,hv114_16,father's line number
NFHS-4 Household,hv114_17,father's line number
NFHS-4 Household,hv114_18,father's line number
NFHS-4 Household,hv114_19,father's line number
NFHS-4 Household,hv114_20,father's line number
NFHS-4 Household,hv114_21,father's line number
NFHS-4 Household,hv114_22,father's line number
NFHS-4 Household,hv114_23,father's line number
NFHS-4 Household,hv114_24,father's line number
NFHS-4 Household,hv114_25,father's line number
NFHS-4 Household,hv114_26,father's line number
NFHS-4 Household,hv114_27,father's line number
NFHS-4 Household,hv114_28,father's line number
NFHS-4 Household,hv114_29,father's line number
NFHS-4 Household,hv114_30,father's line number
NFHS-4 Household,hv114_31,father's line number
NFHS-4 Household,hv114_32,father's line number
NFHS-4 Household,hv114_33,father's line number
NFHS-4 Household,hv114_34,father's line number
NFHS-4 Household,hv114_35,father's line number
NFHS-4 Household,hv114_36,father's line number
NFHS-4 Household,hv114_37,father's line number
NFHS-4 Household,hv114_38,father's line number
NFHS-4 Household,hv114_39,father's line number
NFHS-4 Household,hv114_40,father's line number
NFHS-4 Household,hv114_41,father's line number
NFHS-4 Household,hv115_01,current marital status
NFHS-4 Household,hv115_02,current marital status
NFHS-4 Household,hv115_03,current marital status
NFHS-4 Household,hv115_04,current marital status
NFHS-4 Household,hv115_05,current marital status
NFHS-4 Household,hv115_06,current marital status
NFHS-4 Household,hv115_07,current marital status
NFHS-4 Household,hv115_08,current marital status
NFHS-4 Household,hv115_09,current marital status
NFHS-4 Household,hv115_10,current marital status
NFHS-4 Household,hv115_11,current marital status
NFHS-4 Household,hv115_12,current marital status
NFHS-4 Household,hv115_13,current marital status
NFHS-4 Household,hv115_14,current marital status
NFHS-4 Household,hv115_15,current marital status
NFHS-4 Household,hv115_16,current marital status
NFHS-4 Household,hv115_17,current marital status
NFHS-4 Household,hv115_18,current marital status
NFHS-4 Household,hv115_19,current marital status
NFHS-4 Household,hv115_20,current marital status
NFHS-4 Household,hv115_21,current marital status
NFHS-4 Household,hv115_22,current marital status
NFHS-4 Household,hv115_23,current marital status
NFHS-4 Household,hv115_24,current marital status
NFHS-4 Household,hv115_25,current marital status
NFHS-4 Household,hv115_26,current marital status
NFHS-4 Household,hv115_27,current marital status
NFHS-4 Household,hv115_28,current marital status
NFHS-4 Household,hv115_29,current marital status
NFHS-4 Household,hv115_30,current marital status
NFHS-4 Household,hv115_31,current marital status
NFHS-4 Household,hv115_32,current marital status
NFHS-4 Household,hv115_33,current marital status
NFHS-4 Household,hv115_34,current marital status
NFHS-4 Household,hv115_35,current marital status
NFHS-4 Household,hv115_36,current marital status
NFHS-4 Household,hv115_37,current marital status
NFHS-4 Household,hv115_38,current marital status
NFHS-4 Household,hv115_39,current marital status
NFHS-4 Household,hv115_40,current marital status
NFHS-4 Household,hv115_41,current marital status
NFHS-4 Household,hv116_01,"currently, formerly, never married"
NFHS-4 Household,hv116_02,"currently, formerly, never married"
NFHS-4 Household,hv116_03,"currently, formerly, never married"
NFHS-4 Household,hv116_04,"currently, formerly, never married"
NFHS-4 Household,hv116_05,"currently, formerly, never married"
NFHS-4 Household,hv116_06,"currently, formerly, never married"
NFHS-4 Household,hv116_07,"currently, formerly, never married"
NFHS-4 Household,hv116_08,"currently, formerly, never married"
NFHS-4 Household,hv116_09,"currently, formerly, never married"
NFHS-4 Household,hv116_10,"currently, formerly, never married"
NFHS-4 Household,hv116_11,"currently, formerly, never married"
NFHS-4 Household,hv116_12,"currently, formerly, never married"
NFHS-4 Household,hv116_13,"currently, formerly, never married"
NFHS-4 Household,hv116_14,"currently, formerly, never married"
NFHS-4 Household,hv116_15,"currently, formerly, never married"
NFHS-4 Household,hv116_16,"currently, formerly, never married"
NFHS-4 Household,hv116_17,"currently, formerly, never married"
NFHS-4 Household,hv116_18,"currently, formerly, never married"
NFHS-4 Household,hv116_19,"currently, formerly, never married"
NFHS-4 Household,hv116_20,"currently, formerly, never married"
NFHS-4 Household,hv116_21,"currently, formerly, never married"
NFHS-4 Household,hv116_22,"currently, formerly, never married"
NFHS-4 Household,hv116_23,"currently, formerly, never married"
NFHS-4 Household,hv116_24,"currently, formerly, never married"
NFHS-4 Household,hv116_25,"currently, formerly, never married"
NFHS-4 Household,hv116_26,"currently, formerly, never married"
NFHS-4 Household,hv116_27,"currently, formerly, never married"
NFHS-4 Household,hv116_28,"currently, formerly, never married"
NFHS-4 Household,hv116_29,"currently, formerly, never married"
NFHS-4 Household,hv116_30,"currently, formerly, never married"
NFHS-4 Household,hv116_31,"currently, formerly, never married"
NFHS-4 Household,hv116_32,"currently, formerly, never married"
NFHS-4 Household,hv116_33,"currently, formerly, never married"
NFHS-4 Household,hv116_34,"currently, formerly, never married"
NFHS-4 Household,hv116_35,"currently, formerly, never married"
NFHS-4 Household,hv116_36,"currently, formerly, never married"
NFHS-4 Household,hv116_37,"currently, formerly, never married"
NFHS-4 Household,hv116_38,"currently, formerly, never married"
NFHS-4 Household,hv116_39,"currently, formerly, never married"
NFHS-4 Household,hv116_40,"currently, formerly, never married"
NFHS-4 Household,hv116_41,"currently, formerly, never married"
NFHS-4 Household,hv117_01,eligibility for female interview
NFHS-4 Household,hv117_02,eligibility for female interview
NFHS-4 Household,hv117_03,eligibility for female interview
NFHS-4 Household,hv117_04,eligibility for female interview
NFHS-4 Household,hv117_05,eligibility for female interview
NFHS-4 Household,hv117_06,eligibility for female interview
NFHS-4 Household,hv117_07,eligibility for female interview
NFHS-4 Household,hv117_08,eligibility for female interview
NFHS-4 Household,hv117_09,eligibility for female interview
NFHS-4 Household,hv117_10,eligibility for female interview
NFHS-4 Household,hv117_11,eligibility for female interview
NFHS-4 Household,hv117_12,eligibility for female interview
NFHS-4 Household,hv117_13,eligibility for female interview
NFHS-4 Household,hv117_14,eligibility for female interview
NFHS-4 Household,hv117_15,eligibility for female interview
NFHS-4 Household,hv117_16,eligibility for female interview
NFHS-4 Household,hv117_17,eligibility for female interview
NFHS-4 Household,hv117_18,eligibility for female interview
NFHS-4 Household,hv117_19,eligibility for female interview
NFHS-4 Household,hv117_20,eligibility for female interview
NFHS-4 Household,hv117_21,eligibility for female interview
NFHS-4 Household,hv117_22,eligibility for female interview
NFHS-4 Household,hv117_23,eligibility for female interview
NFHS-4 Household,hv117_24,eligibility for female interview
NFHS-4 Household,hv117_25,eligibility for female interview
NFHS-4 Household,hv117_26,eligibility for female interview
NFHS-4 Household,hv117_27,eligibility for female interview
NFHS-4 Household,hv117_28,eligibility for female interview
NFHS-4 Household,hv117_29,eligibility for female interview
NFHS-4 Household,hv117_30,eligibility for female interview
NFHS-4 Household,hv117_31,eligibility for female interview
NFHS-4 Household,hv117_32,eligibility for female interview
NFHS-4 Household,hv117_33,eligibility for female interview
NFHS-4 Household,hv117_34,eligibility for female interview
NFHS-4 Household,hv117_35,eligibility for female interview
NFHS-4 Household,hv117_36,eligibility for female interview
NFHS-4 Household,hv117_37,eligibility for female interview
NFHS-4 Household,hv117_38,eligibility for female interview
NFHS-4 Household,hv117_39,eligibility for female interview
NFHS-4 Household,hv117_40,eligibility for female interview
NFHS-4 Household,hv117_41,eligibility for female interview
NFHS-4 Household,hv118_01,eligibility for male interview
NFHS-4 Household,hv118_02,eligibility for male interview
NFHS-4 Household,hv118_03,eligibility for male interview
NFHS-4 Household,hv118_04,eligibility for male interview
NFHS-4 Household,hv118_05,eligibility for male interview
NFHS-4 Household,hv118_06,eligibility for male interview
NFHS-4 Household,hv118_07,eligibility for male interview
NFHS-4 Household,hv118_08,eligibility for male interview
NFHS-4 Household,hv118_09,eligibility for male interview
NFHS-4 Household,hv118_10,eligibility for male interview
NFHS-4 Household,hv118_11,eligibility for male interview
NFHS-4 Household,hv118_12,eligibility for male interview
NFHS-4 Household,hv118_13,eligibility for male interview
NFHS-4 Household,hv118_14,eligibility for male interview
NFHS-4 Household,hv118_15,eligibility for male interview
NFHS-4 Household,hv118_16,eligibility for male interview
NFHS-4 Household,hv118_17,eligibility for male interview
NFHS-4 Household,hv118_18,eligibility for male interview
NFHS-4 Household,hv118_19,eligibility for male interview
NFHS-4 Household,hv118_20,eligibility for male interview
NFHS-4 Household,hv118_21,eligibility for male interview
NFHS-4 Household,hv118_22,eligibility for male interview
NFHS-4 Household,hv118_23,eligibility for male interview
NFHS-4 Household,hv118_24,eligibility for male interview
NFHS-4 Household,hv118_25,eligibility for male interview
NFHS-4 Household,hv118_26,eligibility for male interview
NFHS-4 Household,hv118_27,eligibility for male interview
NFHS-4 Household,hv118_28,eligibility for male interview
NFHS-4 Household,hv118_29,eligibility for male interview
NFHS-4 Household,hv118_30,eligibility for male interview
NFHS-4 Household,hv118_31,eligibility for male interview
NFHS-4 Household,hv118_32,eligibility for male interview
NFHS-4 Household,hv118_33,eligibility for male interview
NFHS-4 Household,hv118_34,eligibility for male interview
NFHS-4 Household,hv118_35,eligibility for male interview
NFHS-4 Household,hv118_36,eligibility for male interview
NFHS-4 Household,hv118_37,eligibility for male interview
NFHS-4 Household,hv118_38,eligibility for male interview
NFHS-4 Household,hv118_39,eligibility for male interview
NFHS-4 Household,hv118_40,eligibility for male interview
NFHS-4 Household,hv118_41,eligibility for male interview
NFHS-4 Household,hv120_01,children eligibility for height/weight and hemoglobin
NFHS-4 Household,hv120_02,children eligibility for height/weight and hemoglobin
NFHS-4 Household,hv120_03,children eligibility for height/weight and hemoglobin
NFHS-4 Household,hv120_04,children eligibility for height/weight and hemoglobin
NFHS-4 Household,hv120_05,children eligibility for height/weight and hemoglobin
NFHS-4 Household,hv120_06,children eligibility for height/weight and hemoglobin
NFHS-4 Household,hv120_07,children eligibility for height/weight and hemoglobin
NFHS-4 Household,hv120_08,children eligibility for height/weight and hemoglobin
NFHS-4 Household,hv120_09,children eligibility for height/weight and hemoglobin
NFHS-4 Household,hv120_10,children eligibility for height/weight and hemoglobin
NFHS-4 Household,hv120_11,children eligibility for height/weight and hemoglobin
NFHS-4 Household,hv120_12,children eligibility for height/weight and hemoglobin
NFHS-4 Household,hv120_13,children eligibility for height/weight and hemoglobin
NFHS-4 Household,hv120_14,children eligibility for height/weight and hemoglobin
NFHS-4 Household,hv120_15,children eligibility for height/weight and hemoglobin
NFHS-4 Household,hv120_16,children eligibility for height/weight and hemoglobin
NFHS-4 Household,hv120_17,children eligibility for height/weight and hemoglobin
NFHS-4 Household,hv120_18,children eligibility for height/weight and hemoglobin
NFHS-4 Household,hv120_19,children eligibility for height/weight and hemoglobin
NFHS-4 Household,hv120_20,children eligibility for height/weight and hemoglobin
NFHS-4 Household,hv120_21,children eligibility for height/weight and hemoglobin
NFHS-4 Household,hv120_22,children eligibility for height/weight and hemoglobin
NFHS-4 Household,hv120_23,children eligibility for height/weight and hemoglobin
NFHS-4 Household,hv120_24,children eligibility for height/weight and hemoglobin
NFHS-4 Household,hv120_25,children eligibility for height/weight and hemoglobin
NFHS-4 Household,hv120_26,children eligibility for height/weight and hemoglobin
NFHS-4 Household,hv120_27,children eligibility for height/weight and hemoglobin
NFHS-4 Household,hv120_28,children eligibility for height/weight and hemoglobin
NFHS-4 Household,hv120_29,children eligibility for height/weight and hemoglobin
NFHS-4 Household,hv120_30,children eligibility for height/weight and hemoglobin
NFHS-4 Household,hv120_31,children eligibility for height/weight and hemoglobin
NFHS-4 Household,hv120_32,children eligibility for height/weight and hemoglobin
NFHS-4 Household,hv120_33,children eligibility for height/weight and hemoglobin
NFHS-4 Household,hv120_34,children eligibility for height/weight and hemoglobin
NFHS-4 Household,hv120_35,children eligibility for height/weight and hemoglobin
NFHS-4 Household,hv120_36,children eligibility for height/weight and hemoglobin
NFHS-4 Household,hv120_37,children eligibility for height/weight and hemoglobin
NFHS-4 Household,hv120_38,children eligibility for height/weight and hemoglobin
NFHS-4 Household,hv120_39,children eligibility for height/weight and hemoglobin
NFHS-4 Household,hv120_40,children eligibility for height/weight and hemoglobin
NFHS-4 Household,hv120_41,children eligibility for height/weight and hemoglobin
NFHS-4 Household,hv121_01,member attended school during current school year
NFHS-4 Household,hv121_02,member attended school during current school year
NFHS-4 Household,hv121_03,member attended school during current school year
NFHS-4 Household,hv121_04,member attended school during current school year
NFHS-4 Household,hv121_05,member attended school during current school year
NFHS-4 Household,hv121_06,member attended school during current school year
NFHS-4 Household,hv121_07,member attended school during current school year
NFHS-4 Household,hv121_08,member attended school during current school year
NFHS-4 Household,hv121_09,member attended school during current school year
NFHS-4 Household,hv121_10,member attended school during current school year
NFHS-4 Household,hv121_11,member attended school during current school year
NFHS-4 Household,hv121_12,member attended school during current school year
NFHS-4 Household,hv121_13,member attended school during current school year
NFHS-4 Household,hv121_14,member attended school during current school year
NFHS-4 Household,hv121_15,member attended school during current school year
NFHS-4 Household,hv121_16,member attended school during current school year
NFHS-4 Household,hv121_17,member attended school during current school year
NFHS-4 Household,hv121_18,member attended school during current school year
NFHS-4 Household,hv121_19,member attended school during current school year
NFHS-4 Household,hv121_20,member attended school during current school year
NFHS-4 Household,hv121_21,member attended school during current school year
NFHS-4 Household,hv121_22,member attended school during current school year
NFHS-4 Household,hv121_23,member attended school during current school year
NFHS-4 Household,hv121_24,member attended school during current school year
NFHS-4 Household,hv121_25,member attended school during current school year
NFHS-4 Household,hv121_26,member attended school during current school year
NFHS-4 Household,hv121_27,member attended school during current school year
NFHS-4 Household,hv121_28,member attended school during current school year
NFHS-4 Household,hv121_29,member attended school during current school year
NFHS-4 Household,hv121_30,member attended school during current school year
NFHS-4 Household,hv121_31,member attended school during current school year
NFHS-4 Household,hv121_32,member attended school during current school year
NFHS-4 Household,hv121_33,member attended school during current school year
NFHS-4 Household,hv121_34,member attended school during current school year
NFHS-4 Household,hv121_35,member attended school during current school year
NFHS-4 Household,hv121_36,member attended school during current school year
NFHS-4 Household,hv121_37,member attended school during current school year
NFHS-4 Household,hv121_38,member attended school during current school year
NFHS-4 Household,hv121_39,member attended school during current school year
NFHS-4 Household,hv121_40,member attended school during current school year
NFHS-4 Household,hv121_41,member attended school during current school year
NFHS-4 Household,hv122_01,educational level during current school year
NFHS-4 Household,hv122_02,educational level during current school year
NFHS-4 Household,hv122_03,educational level during current school year
NFHS-4 Household,hv122_04,educational level during current school year
NFHS-4 Household,hv122_05,educational level during current school year
NFHS-4 Household,hv122_06,educational level during current school year
NFHS-4 Household,hv122_07,educational level during current school year
NFHS-4 Household,hv122_08,educational level during current school year
NFHS-4 Household,hv122_09,educational level during current school year
NFHS-4 Household,hv122_10,educational level during current school year
NFHS-4 Household,hv122_11,educational level during current school year
NFHS-4 Household,hv122_12,educational level during current school year
NFHS-4 Household,hv122_13,educational level during current school year
NFHS-4 Household,hv122_14,educational level during current school year
NFHS-4 Household,hv122_15,educational level during current school year
NFHS-4 Household,hv122_16,educational level during current school year
NFHS-4 Household,hv122_17,educational level during current school year
NFHS-4 Household,hv122_18,educational level during current school year
NFHS-4 Household,hv122_19,educational level during current school year
NFHS-4 Household,hv122_20,educational level during current school year
NFHS-4 Household,hv122_21,educational level during current school year
NFHS-4 Household,hv122_22,educational level during current school year
NFHS-4 Household,hv122_23,educational level during current school year
NFHS-4 Household,hv122_24,educational level during current school year
NFHS-4 Household,hv122_25,educational level during current school year
NFHS-4 Household,hv122_26,educational level during current school year
NFHS-4 Household,hv122_27,educational level during current school year
NFHS-4 Household,hv122_28,educational level during current school year
NFHS-4 Household,hv122_29,educational level during current school year
NFHS-4 Household,hv122_30,educational level during current school year
NFHS-4 Household,hv122_31,educational level during current school year
NFHS-4 Household,hv122_32,educational level during current school year
NFHS-4 Household,hv122_33,educational level during current school year
NFHS-4 Household,hv122_34,educational level during current school year
NFHS-4 Household,hv122_35,educational level during current school year
NFHS-4 Household,hv122_36,educational level during current school year
NFHS-4 Household,hv122_37,educational level during current school year
NFHS-4 Household,hv122_38,educational level during current school year
NFHS-4 Household,hv122_39,educational level during current school year
NFHS-4 Household,hv122_40,educational level during current school year
NFHS-4 Household,hv122_41,educational level during current school year
NFHS-4 Household,hv123_01,grade of education during current school year
NFHS-4 Household,hv123_02,grade of education during current school year
NFHS-4 Household,hv123_03,grade of education during current school year
NFHS-4 Household,hv123_04,grade of education during current school year
NFHS-4 Household,hv123_05,grade of education during current school year
NFHS-4 Household,hv123_06,grade of education during current school year
NFHS-4 Household,hv123_07,grade of education during current school year
NFHS-4 Household,hv123_08,grade of education during current school year
NFHS-4 Household,hv123_09,grade of education during current school year
NFHS-4 Household,hv123_10,grade of education during current school year
NFHS-4 Household,hv123_11,grade of education during current school year
NFHS-4 Household,hv123_12,grade of education during current school year
NFHS-4 Household,hv123_13,grade of education during current school year
NFHS-4 Household,hv123_14,grade of education during current school year
NFHS-4 Household,hv123_15,grade of education during current school year
NFHS-4 Household,hv123_16,grade of education during current school year
NFHS-4 Household,hv123_17,grade of education during current school year
NFHS-4 Household,hv123_18,grade of education during current school year
NFHS-4 Household,hv123_19,grade of education during current school year
NFHS-4 Household,hv123_20,grade of education during current school year
NFHS-4 Household,hv123_21,grade of education during current school year
NFHS-4 Household,hv123_22,grade of education during current school year
NFHS-4 Household,hv123_23,grade of education during current school year
NFHS-4 Household,hv123_24,grade of education during current school year
NFHS-4 Household,hv123_25,grade of education during current school year
NFHS-4 Household,hv123_26,grade of education during current school year
NFHS-4 Household,hv123_27,grade of education during current school year
NFHS-4 Household,hv123_28,grade of education during current school year
NFHS-4 Household,hv123_29,grade of education during current school year
NFHS-4 Household,hv123_30,grade of education during current school year
NFHS-4 Household,hv123_31,grade of education during current school year
NFHS-4 Household,hv123_32,grade of education during current school year
NFHS-4 Household,hv123_33,grade of education during current school year
NFHS-4 Household,hv123_34,grade of education during current school year
NFHS-4 Household,hv123_35,grade of education during current school year
NFHS-4 Household,hv123_36,grade of education during current school year
NFHS-4 Household,hv123_37,grade of education during current school year
NFHS-4 Household,hv123_38,grade of education during current school year
NFHS-4 Household,hv123_39,grade of education during current school year
NFHS-4 Household,hv123_40,grade of education during current school year
NFHS-4 Household,hv123_41,grade of education during current school year
NFHS-4 Household,hv124_01,education in single years - current school year
NFHS-4 Household,hv124_02,education in single years - current school year
NFHS-4 Household,hv124_03,education in single years - current school year
NFHS-4 Household,hv124_04,education in single years - current school year
NFHS-4 Household,hv124_05,education in single years - current school year
NFHS-4 Household,hv124_06,education in single years - current school year
NFHS-4 Household,hv124_07,education in single years - current school year
NFHS-4 Household,hv124_08,education in single years - current school year
NFHS-4 Household,hv124_09,education in single years - current school year
NFHS-4 Household,hv124_10,education in single years - current school year
NFHS-4 Household,hv124_11,education in single years - current school year
NFHS-4 Household,hv124_12,education in single years - current school year
NFHS-4 Household,hv124_13,education in single years - current school year
NFHS-4 Household,hv124_14,education in single years - current school year
NFHS-4 Household,hv124_15,education in single years - current school year
NFHS-4 Household,hv124_16,education in single years - current school year
NFHS-4 Household,hv124_17,education in single years - current school year
NFHS-4 Household,hv124_18,education in single years - current school year
NFHS-4 Household,hv124_19,education in single years - current school year
NFHS-4 Household,hv124_20,education in single years - current school year
NFHS-4 Household,hv124_21,education in single years - current school year
NFHS-4 Household,hv124_22,education in single years - current school year
NFHS-4 Household,hv124_23,education in single years - current school year
NFHS-4 Household,hv124_24,education in single years - current school year
NFHS-4 Household,hv124_25,education in single years - current school year
NFHS-4 Household,hv124_26,education in single years - current school year
NFHS-4 Household,hv124_27,education in single years - current school year
NFHS-4 Household,hv124_28,education in single years - current school year
NFHS-4 Household,hv124_29,education in single years - current school year
NFHS-4 Household,hv124_30,education in single years - current school year
NFHS-4 Household,hv124_31,education in single years - current school year
NFHS-4 Household,hv124_32,education in single years - current school year
NFHS-4 Household,hv124_33,education in single years - current school year
NFHS-4 Household,hv124_34,education in single years - current school year
NFHS-4 Household,hv124_35,education in single years - current school year
NFHS-4 Household,hv124_36,education in single years - current school year
NFHS-4 Household,hv124_37,education in single years - current school year
NFHS-4 Household,hv124_38,education in single years - current school year
NFHS-4 Household,hv124_39,education in single years - current school year
NFHS-4 Household,hv124_40,education in single years - current school year
NFHS-4 Household,hv124_41,education in single years - current school year
NFHS-4 Household,hv125_01,na - member attended school during previous school year
NFHS-4 Household,hv125_02,na - member attended school during previous school year
NFHS-4 Household,hv125_03,na - member attended school during previous school year
NFHS-4 Household,hv125_04,na - member attended school during previous school year
NFHS-4 Household,hv125_05,na - member attended school during previous school year
NFHS-4 Household,hv125_06,na - member attended school during previous school year
NFHS-4 Household,hv125_07,na - member attended school during previous school year
NFHS-4 Household,hv125_08,na - member attended school during previous school year
NFHS-4 Household,hv125_09,na - member attended school during previous school year
NFHS-4 Household,hv125_10,na - member attended school during previous school year
NFHS-4 Household,hv125_11,na - member attended school during previous school year
NFHS-4 Household,hv125_12,na - member attended school during previous school year
NFHS-4 Household,hv125_13,na - member attended school during previous school year
NFHS-4 Household,hv125_14,na - member attended school during previous school year
NFHS-4 Household,hv125_15,na - member attended school during previous school year
NFHS-4 Household,hv125_16,na - member attended school during previous school year
NFHS-4 Household,hv125_17,na - member attended school during previous school year
NFHS-4 Household,hv125_18,na - member attended school during previous school year
NFHS-4 Household,hv125_19,na - member attended school during previous school year
NFHS-4 Household,hv125_20,na - member attended school during previous school year
NFHS-4 Household,hv125_21,na - member attended school during previous school year
NFHS-4 Household,hv125_22,na - member attended school during previous school year
NFHS-4 Household,hv125_23,na - member attended school during previous school year
NFHS-4 Household,hv125_24,na - member attended school during previous school year
NFHS-4 Household,hv125_25,na - member attended school during previous school year
NFHS-4 Household,hv125_26,na - member attended school during previous school year
NFHS-4 Household,hv125_27,na - member attended school during previous school year
NFHS-4 Household,hv125_28,na - member attended school during previous school year
NFHS-4 Household,hv125_29,na - member attended school during previous school year
NFHS-4 Household,hv125_30,na - member attended school during previous school year
NFHS-4 Household,hv125_31,na - member attended school during previous school year
NFHS-4 Household,hv125_32,na - member attended school during previous school year
NFHS-4 Household,hv125_33,na - member attended school during previous school year
NFHS-4 Household,hv125_34,na - member attended school during previous school year
NFHS-4 Household,hv125_35,na - member attended school during previous school year
NFHS-4 Household,hv125_36,na - member attended school during previous school year
NFHS-4 Household,hv125_37,na - member attended school during previous school year
NFHS-4 Household,hv125_38,na - member attended school during previous school year
NFHS-4 Household,hv125_39,na - member attended school during previous school year
NFHS-4 Household,hv125_40,na - member attended school during previous school year
NFHS-4 Household,hv125_41,na - member attended school during previous school year
NFHS-4 Household,hv126_01,na - educational level during previous school year
NFHS-4 Household,hv126_02,na - educational level during previous school year
NFHS-4 Household,hv126_03,na - educational level during previous school year
NFHS-4 Household,hv126_04,na - educational level during previous school year
NFHS-4 Household,hv126_05,na - educational level during previous school year
NFHS-4 Household,hv126_06,na - educational level during previous school year
NFHS-4 Household,hv126_07,na - educational level during previous school year
NFHS-4 Household,hv126_08,na - educational level during previous school year
NFHS-4 Household,hv126_09,na - educational level during previous school year
NFHS-4 Household,hv126_10,na - educational level during previous school year
NFHS-4 Household,hv126_11,na - educational level during previous school year
NFHS-4 Household,hv126_12,na - educational level during previous school year
NFHS-4 Household,hv126_13,na - educational level during previous school year
NFHS-4 Household,hv126_14,na - educational level during previous school year
NFHS-4 Household,hv126_15,na - educational level during previous school year
NFHS-4 Household,hv126_16,na - educational level during previous school year
NFHS-4 Household,hv126_17,na - educational level during previous school year
NFHS-4 Household,hv126_18,na - educational level during previous school year
NFHS-4 Household,hv126_19,na - educational level during previous school year
NFHS-4 Household,hv126_20,na - educational level during previous school year
NFHS-4 Household,hv126_21,na - educational level during previous school year
NFHS-4 Household,hv126_22,na - educational level during previous school year
NFHS-4 Household,hv126_23,na - educational level during previous school year
NFHS-4 Household,hv126_24,na - educational level during previous school year
NFHS-4 Household,hv126_25,na - educational level during previous school year
NFHS-4 Household,hv126_26,na - educational level during previous school year
NFHS-4 Household,hv126_27,na - educational level during previous school year
NFHS-4 Household,hv126_28,na - educational level during previous school year
NFHS-4 Household,hv126_29,na - educational level during previous school year
NFHS-4 Household,hv126_30,na - educational level during previous school year
NFHS-4 Household,hv126_31,na - educational level during previous school year
NFHS-4 Household,hv126_32,na - educational level during previous school year
NFHS-4 Household,hv126_33,na - educational level during previous school year
NFHS-4 Household,hv126_34,na - educational level during previous school year
NFHS-4 Household,hv126_35,na - educational level during previous school year
NFHS-4 Household,hv126_36,na - educational level during previous school year
NFHS-4 Household,hv126_37,na - educational level during previous school year
NFHS-4 Household,hv126_38,na - educational level during previous school year
NFHS-4 Household,hv126_39,na - educational level during previous school year
NFHS-4 Household,hv126_40,na - educational level during previous school year
NFHS-4 Household,hv126_41,na - educational level during previous school year
NFHS-4 Household,hv127_01,na - grade of education during previous school year
NFHS-4 Household,hv127_02,na - grade of education during previous school year
NFHS-4 Household,hv127_03,na - grade of education during previous school year
NFHS-4 Household,hv127_04,na - grade of education during previous school year
NFHS-4 Household,hv127_05,na - grade of education during previous school year
NFHS-4 Household,hv127_06,na - grade of education during previous school year
NFHS-4 Household,hv127_07,na - grade of education during previous school year
NFHS-4 Household,hv127_08,na - grade of education during previous school year
NFHS-4 Household,hv127_09,na - grade of education during previous school year
NFHS-4 Household,hv127_10,na - grade of education during previous school year
NFHS-4 Household,hv127_11,na - grade of education during previous school year
NFHS-4 Household,hv127_12,na - grade of education during previous school year
NFHS-4 Household,hv127_13,na - grade of education during previous school year
NFHS-4 Household,hv127_14,na - grade of education during previous school year
NFHS-4 Household,hv127_15,na - grade of education during previous school year
NFHS-4 Household,hv127_16,na - grade of education during previous school year
NFHS-4 Household,hv127_17,na - grade of education during previous school year
NFHS-4 Household,hv127_18,na - grade of education during previous school year
NFHS-4 Household,hv127_19,na - grade of education during previous school year
NFHS-4 Household,hv127_20,na - grade of education during previous school year
NFHS-4 Household,hv127_21,na - grade of education during previous school year
NFHS-4 Household,hv127_22,na - grade of education during previous school year
NFHS-4 Household,hv127_23,na - grade of education during previous school year
NFHS-4 Household,hv127_24,na - grade of education during previous school year
NFHS-4 Household,hv127_25,na - grade of education during previous school year
NFHS-4 Household,hv127_26,na - grade of education during previous school year
NFHS-4 Household,hv127_27,na - grade of education during previous school year
NFHS-4 Household,hv127_28,na - grade of education during previous school year
NFHS-4 Household,hv127_29,na - grade of education during previous school year
NFHS-4 Household,hv127_30,na - grade of education during previous school year
NFHS-4 Household,hv127_31,na - grade of education during previous school year
NFHS-4 Household,hv127_32,na - grade of education during previous school year
NFHS-4 Household,hv127_33,na - grade of education during previous school year
NFHS-4 Household,hv127_34,na - grade of education during previous school year
NFHS-4 Household,hv127_35,na - grade of education during previous school year
NFHS-4 Household,hv127_36,na - grade of education during previous school year
NFHS-4 Household,hv127_37,na - grade of education during previous school year
NFHS-4 Household,hv127_38,na - grade of education during previous school year
NFHS-4 Household,hv127_39,na - grade of education during previous school year
NFHS-4 Household,hv127_40,na - grade of education during previous school year
NFHS-4 Household,hv127_41,na - grade of education during previous school year
NFHS-4 Household,hv128_01,na - education in single years - previous school year
NFHS-4 Household,hv128_02,na - education in single years - previous school year
NFHS-4 Household,hv128_03,na - education in single years - previous school year
NFHS-4 Household,hv128_04,na - education in single years - previous school year
NFHS-4 Household,hv128_05,na - education in single years - previous school year
NFHS-4 Household,hv128_06,na - education in single years - previous school year
NFHS-4 Household,hv128_07,na - education in single years - previous school year
NFHS-4 Household,hv128_08,na - education in single years - previous school year
NFHS-4 Household,hv128_09,na - education in single years - previous school year
NFHS-4 Household,hv128_10,na - education in single years - previous school year
NFHS-4 Household,hv128_11,na - education in single years - previous school year
NFHS-4 Household,hv128_12,na - education in single years - previous school year
NFHS-4 Household,hv128_13,na - education in single years - previous school year
NFHS-4 Household,hv128_14,na - education in single years - previous school year
NFHS-4 Household,hv128_15,na - education in single years - previous school year
NFHS-4 Household,hv128_16,na - education in single years - previous school year
NFHS-4 Household,hv128_17,na - education in single years - previous school year
NFHS-4 Household,hv128_18,na - education in single years - previous school year
NFHS-4 Household,hv128_19,na - education in single years - previous school year
NFHS-4 Household,hv128_20,na - education in single years - previous school year
NFHS-4 Household,hv128_21,na - education in single years - previous school year
NFHS-4 Household,hv128_22,na - education in single years - previous school year
NFHS-4 Household,hv128_23,na - education in single years - previous school year
NFHS-4 Household,hv128_24,na - education in single years - previous school year
NFHS-4 Household,hv128_25,na - education in single years - previous school year
NFHS-4 Household,hv128_26,na - education in single years - previous school year
NFHS-4 Household,hv128_27,na - education in single years - previous school year
NFHS-4 Household,hv128_28,na - education in single years - previous school year
NFHS-4 Household,hv128_29,na - education in single years - previous school year
NFHS-4 Household,hv128_30,na - education in single years - previous school year
NFHS-4 Household,hv128_31,na - education in single years - previous school year
NFHS-4 Household,hv128_32,na - education in single years - previous school year
NFHS-4 Household,hv128_33,na - education in single years - previous school year
NFHS-4 Household,hv128_34,na - education in single years - previous school year
NFHS-4 Household,hv128_35,na - education in single years - previous school year
NFHS-4 Household,hv128_36,na - education in single years - previous school year
NFHS-4 Household,hv128_37,na - education in single years - previous school year
NFHS-4 Household,hv128_38,na - education in single years - previous school year
NFHS-4 Household,hv128_39,na - education in single years - previous school year
NFHS-4 Household,hv128_40,na - education in single years - previous school year
NFHS-4 Household,hv128_41,na - education in single years - previous school year
NFHS-4 Household,hv129_01,na - school attendance status
NFHS-4 Household,hv129_02,na - school attendance status
NFHS-4 Household,hv129_03,na - school attendance status
NFHS-4 Household,hv129_04,na - school attendance status
NFHS-4 Household,hv129_05,na - school attendance status
NFHS-4 Household,hv129_06,na - school attendance status
NFHS-4 Household,hv129_07,na - school attendance status
NFHS-4 Household,hv129_08,na - school attendance status
NFHS-4 Household,hv129_09,na - school attendance status
NFHS-4 Household,hv129_10,na - school attendance status
NFHS-4 Household,hv129_11,na - school attendance status
NFHS-4 Household,hv129_12,na - school attendance status
NFHS-4 Household,hv129_13,na - school attendance status
NFHS-4 Household,hv129_14,na - school attendance status
NFHS-4 Household,hv129_15,na - school attendance status
NFHS-4 Household,hv129_16,na - school attendance status
NFHS-4 Household,hv129_17,na - school attendance status
NFHS-4 Household,hv129_18,na - school attendance status
NFHS-4 Household,hv129_19,na - school attendance status
NFHS-4 Household,hv129_20,na - school attendance status
NFHS-4 Household,hv129_21,na - school attendance status
NFHS-4 Household,hv129_22,na - school attendance status
NFHS-4 Household,hv129_23,na - school attendance status
NFHS-4 Household,hv129_24,na - school attendance status
NFHS-4 Household,hv129_25,na - school attendance status
NFHS-4 Household,hv129_26,na - school attendance status
NFHS-4 Household,hv129_27,na - school attendance status
NFHS-4 Household,hv129_28,na - school attendance status
NFHS-4 Household,hv129_29,na - school attendance status
NFHS-4 Household,hv129_30,na - school attendance status
NFHS-4 Household,hv129_31,na - school attendance status
NFHS-4 Household,hv129_32,na - school attendance status
NFHS-4 Household,hv129_33,na - school attendance status
NFHS-4 Household,hv129_34,na - school attendance status
NFHS-4 Household,hv129_35,na - school attendance status
NFHS-4 Household,hv129_36,na - school attendance status
NFHS-4 Household,hv129_37,na - school attendance status
NFHS-4 Household,hv129_38,na - school attendance status
NFHS-4 Household,hv129_39,na - school attendance status
NFHS-4 Household,hv129_40,na - school attendance status
NFHS-4 Household,hv129_41,na - school attendance status
NFHS-4 Household,hv140_01,member has a birth certificate
NFHS-4 Household,hv140_02,member has a birth certificate
NFHS-4 Household,hv140_03,member has a birth certificate
NFHS-4 Household,hv140_04,member has a birth certificate
NFHS-4 Household,hv140_05,member has a birth certificate
NFHS-4 Household,hv140_06,member has a birth certificate
NFHS-4 Household,hv140_07,member has a birth certificate
NFHS-4 Household,hv140_08,member has a birth certificate
NFHS-4 Household,hv140_09,member has a birth certificate
NFHS-4 Household,hv140_10,member has a birth certificate
NFHS-4 Household,hv140_11,member has a birth certificate
NFHS-4 Household,hv140_12,member has a birth certificate
NFHS-4 Household,hv140_13,member has a birth certificate
NFHS-4 Household,hv140_14,member has a birth certificate
NFHS-4 Household,hv140_15,member has a birth certificate
NFHS-4 Household,hv140_16,member has a birth certificate
NFHS-4 Household,hv140_17,member has a birth certificate
NFHS-4 Household,hv140_18,member has a birth certificate
NFHS-4 Household,hv140_19,member has a birth certificate
NFHS-4 Household,hv140_20,member has a birth certificate
NFHS-4 Household,hv140_21,member has a birth certificate
NFHS-4 Household,hv140_22,member has a birth certificate
NFHS-4 Household,hv140_23,member has a birth certificate
NFHS-4 Household,hv140_24,member has a birth certificate
NFHS-4 Household,hv140_25,member has a birth certificate
NFHS-4 Household,hv140_26,member has a birth certificate
NFHS-4 Household,hv140_27,member has a birth certificate
NFHS-4 Household,hv140_28,member has a birth certificate
NFHS-4 Household,hv140_29,member has a birth certificate
NFHS-4 Household,hv140_30,member has a birth certificate
NFHS-4 Household,hv140_31,member has a birth certificate
NFHS-4 Household,hv140_32,member has a birth certificate
NFHS-4 Household,hv140_33,member has a birth certificate
NFHS-4 Household,hv140_34,member has a birth certificate
NFHS-4 Household,hv140_35,member has a birth certificate
NFHS-4 Household,hv140_36,member has a birth certificate
NFHS-4 Household,hv140_37,member has a birth certificate
NFHS-4 Household,hv140_38,member has a birth certificate
NFHS-4 Household,hv140_39,member has a birth certificate
NFHS-4 Household,hv140_40,member has a birth certificate
NFHS-4 Household,hv140_41,member has a birth certificate
NFHS-4 Household,idxh4_01,index to household schedule
NFHS-4 Household,idxh4_02,index to household schedule
NFHS-4 Household,idxh4_03,index to household schedule
NFHS-4 Household,idxh4_04,index to household schedule
NFHS-4 Household,idxh4_05,index to household schedule
NFHS-4 Household,idxh4_06,index to household schedule
NFHS-4 Household,idxh4_07,index to household schedule
NFHS-4 Household,idxh4_08,index to household schedule
NFHS-4 Household,idxh4_09,index to household schedule
NFHS-4 Household,idxh4_10,index to household schedule
NFHS-4 Household,idxh4_11,index to household schedule
NFHS-4 Household,idxh4_12,index to household schedule
NFHS-4 Household,idxh4_13,index to household schedule
NFHS-4 Household,idxh4_14,index to household schedule
NFHS-4 Household,idxh4_15,index to household schedule
NFHS-4 Household,idxh4_16,index to household schedule
NFHS-4 Household,idxh4_17,index to household schedule
NFHS-4 Household,idxh4_18,index to household schedule
NFHS-4 Household,idxh4_19,index to household schedule
NFHS-4 Household,idxh4_20,index to household schedule
NFHS-4 Household,idxh4_21,index to household schedule
NFHS-4 Household,idxh4_22,index to household schedule
NFHS-4 Household,idxh4_23,index to household schedule
NFHS-4 Household,idxh4_24,index to household schedule
NFHS-4 Household,idxh4_25,index to household schedule
NFHS-4 Household,idxh4_26,index to household schedule
NFHS-4 Household,idxh4_27,index to household schedule
NFHS-4 Household,idxh4_28,index to household schedule
NFHS-4 Household,idxh4_29,index to household schedule
NFHS-4 Household,idxh4_30,index to household schedule
NFHS-4 Household,idxh4_31,index to household schedule
NFHS-4 Household,idxh4_32,index to household schedule
NFHS-4 Household,idxh4_33,index to household schedule
NFHS-4 Household,idxh4_34,index to household schedule
NFHS-4 Household,idxh4_35,index to household schedule
NFHS-4 Household,idxh4_36,index to household schedule
NFHS-4 Household,idxh4_37,index to household schedule
NFHS-4 Household,idxh4_38,index to household schedule
NFHS-4 Household,idxh4_39,index to household schedule
NFHS-4 Household,idxh4_40,index to household schedule
NFHS-4 Household,idxh4_41,index to household schedule
NFHS-4 Household,sh08_01,current marital status [age 13+]
NFHS-4 Household,sh08_02,current marital status [age 13+]
NFHS-4 Household,sh08_03,current marital status [age 13+]
NFHS-4 Household,sh08_04,current marital status [age 13+]
NFHS-4 Household,sh08_05,current marital status [age 13+]
NFHS-4 Household,sh08_06,current marital status [age 13+]
NFHS-4 Household,sh08_07,current marital status [age 13+]
NFHS-4 Household,sh08_08,current marital status [age 13+]
NFHS-4 Household,sh08_09,current marital status [age 13+]
NFHS-4 Household,sh08_10,current marital status [age 13+]
NFHS-4 Household,sh08_11,current marital status [age 13+]
NFHS-4 Household,sh08_12,current marital status [age 13+]
NFHS-4 Household,sh08_13,current marital status [age 13+]
NFHS-4 Household,sh08_14,current marital status [age 13+]
NFHS-4 Household,sh08_15,current marital status [age 13+]
NFHS-4 Household,sh08_16,current marital status [age 13+]
NFHS-4 Household,sh08_17,current marital status [age 13+]
NFHS-4 Household,sh08_18,current marital status [age 13+]
NFHS-4 Household,sh08_19,current marital status [age 13+]
NFHS-4 Household,sh08_20,current marital status [age 13+]
NFHS-4 Household,sh08_21,current marital status [age 13+]
NFHS-4 Household,sh08_22,current marital status [age 13+]
NFHS-4 Household,sh08_23,current marital status [age 13+]
NFHS-4 Household,sh08_24,current marital status [age 13+]
NFHS-4 Household,sh08_25,current marital status [age 13+]
NFHS-4 Household,sh08_26,current marital status [age 13+]
NFHS-4 Household,sh08_27,current marital status [age 13+]
NFHS-4 Household,sh08_28,current marital status [age 13+]
NFHS-4 Household,sh08_29,current marital status [age 13+]
NFHS-4 Household,sh08_30,current marital status [age 13+]
NFHS-4 Household,sh08_31,current marital status [age 13+]
NFHS-4 Household,sh08_32,current marital status [age 13+]
NFHS-4 Household,sh08_33,current marital status [age 13+]
NFHS-4 Household,sh08_34,current marital status [age 13+]
NFHS-4 Household,sh08_35,current marital status [age 13+]
NFHS-4 Household,sh08_36,current marital status [age 13+]
NFHS-4 Household,sh08_37,current marital status [age 13+]
NFHS-4 Household,sh08_38,current marital status [age 13+]
NFHS-4 Household,sh08_39,current marital status [age 13+]
NFHS-4 Household,sh08_40,current marital status [age 13+]
NFHS-4 Household,sh08_41,current marital status [age 13+]
NFHS-4 Household,sh21a_01,aadhaar/id card
NFHS-4 Household,sh21a_02,aadhaar/id card
NFHS-4 Household,sh21a_03,aadhaar/id card
NFHS-4 Household,sh21a_04,aadhaar/id card
NFHS-4 Household,sh21a_05,aadhaar/id card
NFHS-4 Household,sh21a_06,aadhaar/id card
NFHS-4 Household,sh21a_07,aadhaar/id card
NFHS-4 Household,sh21a_08,aadhaar/id card
NFHS-4 Household,sh21a_09,aadhaar/id card
NFHS-4 Household,sh21a_10,aadhaar/id card
NFHS-4 Household,sh21a_11,aadhaar/id card
NFHS-4 Household,sh21a_12,aadhaar/id card
NFHS-4 Household,sh21a_13,aadhaar/id card
NFHS-4 Household,sh21a_14,aadhaar/id card
NFHS-4 Household,sh21a_15,aadhaar/id card
NFHS-4 Household,sh21a_16,aadhaar/id card
NFHS-4 Household,sh21a_17,aadhaar/id card
NFHS-4 Household,sh21a_18,aadhaar/id card
NFHS-4 Household,sh21a_19,aadhaar/id card
NFHS-4 Household,sh21a_20,aadhaar/id card
NFHS-4 Household,sh21a_21,aadhaar/id card
NFHS-4 Household,sh21a_22,aadhaar/id card
NFHS-4 Household,sh21a_23,aadhaar/id card
NFHS-4 Household,sh21a_24,aadhaar/id card
NFHS-4 Household,sh21a_25,aadhaar/id card
NFHS-4 Household,sh21a_26,aadhaar/id card
NFHS-4 Household,sh21a_27,aadhaar/id card
NFHS-4 Household,sh21a_28,aadhaar/id card
NFHS-4 Household,sh21a_29,aadhaar/id card
NFHS-4 Household,sh21a_30,aadhaar/id card
NFHS-4 Household,sh21a_31,aadhaar/id card
NFHS-4 Household,sh21a_32,aadhaar/id card
NFHS-4 Household,sh21a_33,aadhaar/id card
NFHS-4 Household,sh21a_34,aadhaar/id card
NFHS-4 Household,sh21a_35,aadhaar/id card
NFHS-4 Household,sh21a_36,aadhaar/id card
NFHS-4 Household,sh21a_37,aadhaar/id card
NFHS-4 Household,sh21a_38,aadhaar/id card
NFHS-4 Household,sh21a_39,aadhaar/id card
NFHS-4 Household,sh21a_40,aadhaar/id card
NFHS-4 Household,sh21a_41,aadhaar/id card
NFHS-4 Household,sh24_01,suffers from tb
NFHS-4 Household,sh24_02,suffers from tb
NFHS-4 Household,sh24_03,suffers from tb
NFHS-4 Household,sh24_04,suffers from tb
NFHS-4 Household,sh24_05,suffers from tb
NFHS-4 Household,sh24_06,suffers from tb
NFHS-4 Household,sh24_07,suffers from tb
NFHS-4 Household,sh24_08,suffers from tb
NFHS-4 Household,sh24_09,suffers from tb
NFHS-4 Household,sh24_10,suffers from tb
NFHS-4 Household,sh24_11,suffers from tb
NFHS-4 Household,sh24_12,suffers from tb
NFHS-4 Household,sh24_13,suffers from tb
NFHS-4 Household,sh24_14,suffers from tb
NFHS-4 Household,sh24_15,suffers from tb
NFHS-4 Household,sh24_16,suffers from tb
NFHS-4 Household,sh24_17,suffers from tb
NFHS-4 Household,sh24_18,suffers from tb
NFHS-4 Household,sh24_19,suffers from tb
NFHS-4 Household,sh24_20,suffers from tb
NFHS-4 Household,sh24_21,suffers from tb
NFHS-4 Household,sh24_22,suffers from tb
NFHS-4 Household,sh24_23,suffers from tb
NFHS-4 Household,sh24_24,suffers from tb
NFHS-4 Household,sh24_25,suffers from tb
NFHS-4 Household,sh24_26,suffers from tb
NFHS-4 Household,sh24_27,suffers from tb
NFHS-4 Household,sh24_28,suffers from tb
NFHS-4 Household,sh24_29,suffers from tb
NFHS-4 Household,sh24_30,suffers from tb
NFHS-4 Household,sh24_31,suffers from tb
NFHS-4 Household,sh24_32,suffers from tb
NFHS-4 Household,sh24_33,suffers from tb
NFHS-4 Household,sh24_34,suffers from tb
NFHS-4 Household,sh24_35,suffers from tb
NFHS-4 Household,sh24_36,suffers from tb
NFHS-4 Household,sh24_37,suffers from tb
NFHS-4 Household,sh24_38,suffers from tb
NFHS-4 Household,sh24_39,suffers from tb
NFHS-4 Household,sh24_40,suffers from tb
NFHS-4 Household,sh24_41,suffers from tb
NFHS-4 Household,sh24a_01,location where treated for tb
NFHS-4 Household,sh24a_02,location where treated for tb
NFHS-4 Household,sh24a_03,location where treated for tb
NFHS-4 Household,sh24a_04,location where treated for tb
NFHS-4 Household,sh24a_05,location where treated for tb
NFHS-4 Household,sh24a_06,location where treated for tb
NFHS-4 Household,sh24a_07,location where treated for tb
NFHS-4 Household,sh24a_08,location where treated for tb
NFHS-4 Household,sh24a_09,location where treated for tb
NFHS-4 Household,sh24a_10,location where treated for tb
NFHS-4 Household,sh24a_11,location where treated for tb
NFHS-4 Household,sh24a_12,location where treated for tb
NFHS-4 Household,sh24a_13,location where treated for tb
NFHS-4 Household,sh24a_14,location where treated for tb
NFHS-4 Household,sh24a_15,location where treated for tb
NFHS-4 Household,sh24a_16,location where treated for tb
NFHS-4 Household,sh24a_17,location where treated for tb
NFHS-4 Household,sh24a_18,location where treated for tb
NFHS-4 Household,sh24a_19,location where treated for tb
NFHS-4 Household,sh24a_20,location where treated for tb
NFHS-4 Household,sh24a_21,location where treated for tb
NFHS-4 Household,sh24a_22,location where treated for tb
NFHS-4 Household,sh24a_23,location where treated for tb
NFHS-4 Household,sh24a_24,location where treated for tb
NFHS-4 Household,sh24a_25,location where treated for tb
NFHS-4 Household,sh24a_26,location where treated for tb
NFHS-4 Household,sh24a_27,location where treated for tb
NFHS-4 Household,sh24a_28,location where treated for tb
NFHS-4 Household,sh24a_29,location where treated for tb
NFHS-4 Household,sh24a_30,location where treated for tb
NFHS-4 Household,sh24a_31,location where treated for tb
NFHS-4 Household,sh24a_32,location where treated for tb
NFHS-4 Household,sh24a_33,location where treated for tb
NFHS-4 Household,sh24a_34,location where treated for tb
NFHS-4 Household,sh24a_35,location where treated for tb
NFHS-4 Household,sh24a_36,location where treated for tb
NFHS-4 Household,sh24a_37,location where treated for tb
NFHS-4 Household,sh24a_38,location where treated for tb
NFHS-4 Household,sh24a_39,location where treated for tb
NFHS-4 Household,sh24a_40,location where treated for tb
NFHS-4 Household,sh24a_41,location where treated for tb
NFHS-4 Household,shb12a_01,30 minutes prior to bp measure: eaten
NFHS-4 Household,shb12a_02,30 minutes prior to bp measure: eaten
NFHS-4 Household,shb12a_03,30 minutes prior to bp measure: eaten
NFHS-4 Household,shb12a_04,30 minutes prior to bp measure: eaten
NFHS-4 Household,shb12a_05,30 minutes prior to bp measure: eaten
NFHS-4 Household,shb12a_06,30 minutes prior to bp measure: eaten
NFHS-4 Household,shb12a_07,30 minutes prior to bp measure: eaten
NFHS-4 Household,shb12a_08,30 minutes prior to bp measure: eaten
NFHS-4 Household,shb12a_09,30 minutes prior to bp measure: eaten
NFHS-4 Household,shb12a_10,30 minutes prior to bp measure: eaten
NFHS-4 Household,shb12a_11,30 minutes prior to bp measure: eaten
NFHS-4 Household,shb12a_12,30 minutes prior to bp measure: eaten
NFHS-4 Household,shb12a_13,30 minutes prior to bp measure: eaten
NFHS-4 Household,shb12a_14,30 minutes prior to bp measure: eaten
NFHS-4 Household,shb12a_15,30 minutes prior to bp measure: eaten
NFHS-4 Household,shb12a_16,30 minutes prior to bp measure: eaten
NFHS-4 Household,shb12a_17,30 minutes prior to bp measure: eaten
NFHS-4 Household,shb12a_18,30 minutes prior to bp measure: eaten
NFHS-4 Household,shb12a_19,30 minutes prior to bp measure: eaten
NFHS-4 Household,shb12a_20,30 minutes prior to bp measure: eaten
NFHS-4 Household,shb12a_21,30 minutes prior to bp measure: eaten
NFHS-4 Household,shb12a_22,30 minutes prior to bp measure: eaten
NFHS-4 Household,shb12a_23,30 minutes prior to bp measure: eaten
NFHS-4 Household,shb12a_24,30 minutes prior to bp measure: eaten
NFHS-4 Household,shb12a_25,30 minutes prior to bp measure: eaten
NFHS-4 Household,shb12a_26,30 minutes prior to bp measure: eaten
NFHS-4 Household,shb12a_27,30 minutes prior to bp measure: eaten
NFHS-4 Household,shb12a_28,30 minutes prior to bp measure: eaten
NFHS-4 Household,shb12a_29,30 minutes prior to bp measure: eaten
NFHS-4 Household,shb12a_30,30 minutes prior to bp measure: eaten
NFHS-4 Household,shb12a_31,30 minutes prior to bp measure: eaten
NFHS-4 Household,shb12a_32,30 minutes prior to bp measure: eaten
NFHS-4 Household,shb12a_33,30 minutes prior to bp measure: eaten
NFHS-4 Household,shb12a_34,30 minutes prior to bp measure: eaten
NFHS-4 Household,shb12a_35,30 minutes prior to bp measure: eaten
NFHS-4 Household,shb12a_36,30 minutes prior to bp measure: eaten
NFHS-4 Household,shb12a_37,30 minutes prior to bp measure: eaten
NFHS-4 Household,shb12a_38,30 minutes prior to bp measure: eaten
NFHS-4 Household,shb12a_39,30 minutes prior to bp measure: eaten
NFHS-4 Household,shb12a_40,30 minutes prior to bp measure: eaten
NFHS-4 Household,shb12a_41,30 minutes prior to bp measure: eaten
NFHS-4 Household,shb12b_01,"30 minutes prior to bp measure: had coffee, tea"
NFHS-4 Household,shb12b_02,"30 minutes prior to bp measure: had coffee, tea"
NFHS-4 Household,shb12b_03,"30 minutes prior to bp measure: had coffee, tea"
NFHS-4 Household,shb12b_04,"30 minutes prior to bp measure: had coffee, tea"
NFHS-4 Household,shb12b_05,"30 minutes prior to bp measure: had coffee, tea"
NFHS-4 Household,shb12b_06,"30 minutes prior to bp measure: had coffee, tea"
NFHS-4 Household,shb12b_07,"30 minutes prior to bp measure: had coffee, tea"
NFHS-4 Household,shb12b_08,"30 minutes prior to bp measure: had coffee, tea"
NFHS-4 Household,shb12b_09,"30 minutes prior to bp measure: had coffee, tea"
NFHS-4 Household,shb12b_10,"30 minutes prior to bp measure: had coffee, tea"
NFHS-4 Household,shb12b_11,"30 minutes prior to bp measure: had coffee, tea"
NFHS-4 Household,shb12b_12,"30 minutes prior to bp measure: had coffee, tea"
NFHS-4 Household,shb12b_13,"30 minutes prior to bp measure: had coffee, tea"
NFHS-4 Household,shb12b_14,"30 minutes prior to bp measure: had coffee, tea"
NFHS-4 Household,shb12b_15,"30 minutes prior to bp measure: had coffee, tea"
NFHS-4 Household,shb12b_16,"30 minutes prior to bp measure: had coffee, tea"
NFHS-4 Household,shb12b_17,"30 minutes prior to bp measure: had coffee, tea"
NFHS-4 Household,shb12b_18,"30 minutes prior to bp measure: had coffee, tea"
NFHS-4 Household,shb12b_19,"30 minutes prior to bp measure: had coffee, tea"
NFHS-4 Household,shb12b_20,"30 minutes prior to bp measure: had coffee, tea"
NFHS-4 Household,shb12b_21,"30 minutes prior to bp measure: had coffee, tea"
NFHS-4 Household,shb12b_22,"30 minutes prior to bp measure: had coffee, tea"
NFHS-4 Household,shb12b_23,"30 minutes prior to bp measure: had coffee, tea"
NFHS-4 Household,shb12b_24,"30 minutes prior to bp measure: had coffee, tea"
NFHS-4 Household,shb12b_25,"30 minutes prior to bp measure: had coffee, tea"
NFHS-4 Household,shb12b_26,"30 minutes prior to bp measure: had coffee, tea"
NFHS-4 Household,shb12b_27,"30 minutes prior to bp measure: had coffee, tea"
NFHS-4 Household,shb12b_28,"30 minutes prior to bp measure: had coffee, tea"
NFHS-4 Household,shb12b_29,"30 minutes prior to bp measure: had coffee, tea"
NFHS-4 Household,shb12b_30,"30 minutes prior to bp measure: had coffee, tea"
NFHS-4 Household,shb12b_31,"30 minutes prior to bp measure: had coffee, tea"
NFHS-4 Household,shb12b_32,"30 minutes prior to bp measure: had coffee, tea"
NFHS-4 Household,shb12b_33,"30 minutes prior to bp measure: had coffee, tea"
NFHS-4 Household,shb12b_34,"30 minutes prior to bp measure: had coffee, tea"
NFHS-4 Household,shb12b_35,"30 minutes prior to bp measure: had coffee, tea"
NFHS-4 Household,shb12b_36,"30 minutes prior to bp measure: had coffee, tea"
NFHS-4 Household,shb12b_37,"30 minutes prior to bp measure: had coffee, tea"
NFHS-4 Household,shb12b_38,"30 minutes prior to bp measure: had coffee, tea"
NFHS-4 Household,shb12b_39,"30 minutes prior to bp measure: had coffee, tea"
NFHS-4 Household,shb12b_40,"30 minutes prior to bp measure: had coffee, tea"
NFHS-4 Household,shb12b_41,"30 minutes prior to bp measure: had coffee, tea"
NFHS-4 Household,shb12c_01,30 minutes prior to bp measure: smoked any tobacco product
NFHS-4 Household,shb12c_02,30 minutes prior to bp measure: smoked any tobacco product
NFHS-4 Household,shb12c_03,30 minutes prior to bp measure: smoked any tobacco product
NFHS-4 Household,shb12c_04,30 minutes prior to bp measure: smoked any tobacco product
NFHS-4 Household,shb12c_05,30 minutes prior to bp measure: smoked any tobacco product
NFHS-4 Household,shb12c_06,30 minutes prior to bp measure: smoked any tobacco product
NFHS-4 Household,shb12c_07,30 minutes prior to bp measure: smoked any tobacco product
NFHS-4 Household,shb12c_08,30 minutes prior to bp measure: smoked any tobacco product
NFHS-4 Household,shb12c_09,30 minutes prior to bp measure: smoked any tobacco product
NFHS-4 Household,shb12c_10,30 minutes prior to bp measure: smoked any tobacco product
NFHS-4 Household,shb12c_11,30 minutes prior to bp measure: smoked any tobacco product
NFHS-4 Household,shb12c_12,30 minutes prior to bp measure: smoked any tobacco product
NFHS-4 Household,shb12c_13,30 minutes prior to bp measure: smoked any tobacco product
NFHS-4 Household,shb12c_14,30 minutes prior to bp measure: smoked any tobacco product
NFHS-4 Household,shb12c_15,30 minutes prior to bp measure: smoked any tobacco product
NFHS-4 Household,shb12c_16,30 minutes prior to bp measure: smoked any tobacco product
NFHS-4 Household,shb12c_17,30 minutes prior to bp measure: smoked any tobacco product
NFHS-4 Household,shb12c_18,30 minutes prior to bp measure: smoked any tobacco product
NFHS-4 Household,shb12c_19,30 minutes prior to bp measure: smoked any tobacco product
NFHS-4 Household,shb12c_20,30 minutes prior to bp measure: smoked any tobacco product
NFHS-4 Household,shb12c_21,30 minutes prior to bp measure: smoked any tobacco product
NFHS-4 Household,shb12c_22,30 minutes prior to bp measure: smoked any tobacco product
NFHS-4 Household,shb12c_23,30 minutes prior to bp measure: smoked any tobacco product
NFHS-4 Household,shb12c_24,30 minutes prior to bp measure: smoked any tobacco product
NFHS-4 Household,shb12c_25,30 minutes prior to bp measure: smoked any tobacco product
NFHS-4 Household,shb12c_26,30 minutes prior to bp measure: smoked any tobacco product
NFHS-4 Household,shb12c_27,30 minutes prior to bp measure: smoked any tobacco product
NFHS-4 Household,shb12c_28,30 minutes prior to bp measure: smoked any tobacco product
NFHS-4 Household,shb12c_29,30 minutes prior to bp measure: smoked any tobacco product
NFHS-4 Household,shb12c_30,30 minutes prior to bp measure: smoked any tobacco product
NFHS-4 Household,shb12c_31,30 minutes prior to bp measure: smoked any tobacco product
NFHS-4 Household,shb12c_32,30 minutes prior to bp measure: smoked any tobacco product
NFHS-4 Household,shb12c_33,30 minutes prior to bp measure: smoked any tobacco product
NFHS-4 Household,shb12c_34,30 minutes prior to bp measure: smoked any tobacco product
NFHS-4 Household,shb12c_35,30 minutes prior to bp measure: smoked any tobacco product
NFHS-4 Household,shb12c_36,30 minutes prior to bp measure: smoked any tobacco product
NFHS-4 Household,shb12c_37,30 minutes prior to bp measure: smoked any tobacco product
NFHS-4 Household,shb12c_38,30 minutes prior to bp measure: smoked any tobacco product
NFHS-4 Household,shb12c_39,30 minutes prior to bp measure: smoked any tobacco product
NFHS-4 Household,shb12c_40,30 minutes prior to bp measure: smoked any tobacco product
NFHS-4 Household,shb12c_41,30 minutes prior to bp measure: smoked any tobacco product
NFHS-4 Household,shb12d_01,30 minutes prior to bp measure: use any other type of tobacco
NFHS-4 Household,shb12d_02,30 minutes prior to bp measure: use any other type of tobacco
NFHS-4 Household,shb12d_03,30 minutes prior to bp measure: use any other type of tobacco
NFHS-4 Household,shb12d_04,30 minutes prior to bp measure: use any other type of tobacco
NFHS-4 Household,shb12d_05,30 minutes prior to bp measure: use any other type of tobacco
NFHS-4 Household,shb12d_06,30 minutes prior to bp measure: use any other type of tobacco
NFHS-4 Household,shb12d_07,30 minutes prior to bp measure: use any other type of tobacco
NFHS-4 Household,shb12d_08,30 minutes prior to bp measure: use any other type of tobacco
NFHS-4 Household,shb12d_09,30 minutes prior to bp measure: use any other type of tobacco
NFHS-4 Household,shb12d_10,30 minutes prior to bp measure: use any other type of tobacco
NFHS-4 Household,shb12d_11,30 minutes prior to bp measure: use any other type of tobacco
NFHS-4 Household,shb12d_12,30 minutes prior to bp measure: use any other type of tobacco
NFHS-4 Household,shb12d_13,30 minutes prior to bp measure: use any other type of tobacco
NFHS-4 Household,shb12d_14,30 minutes prior to bp measure: use any other type of tobacco
NFHS-4 Household,shb12d_15,30 minutes prior to bp measure: use any other type of tobacco
NFHS-4 Household,shb12d_16,30 minutes prior to bp measure: use any other type of tobacco
NFHS-4 Household,shb12d_17,30 minutes prior to bp measure: use any other type of tobacco
NFHS-4 Household,shb12d_18,30 minutes prior to bp measure: use any other type of tobacco
NFHS-4 Household,shb12d_19,30 minutes prior to bp measure: use any other type of tobacco
NFHS-4 Household,shb12d_20,30 minutes prior to bp measure: use any other type of tobacco
NFHS-4 Household,shb12d_21,30 minutes prior to bp measure: use any other type of tobacco
NFHS-4 Household,shb12d_22,30 minutes prior to bp measure: use any other type of tobacco
NFHS-4 Household,shb12d_23,30 minutes prior to bp measure: use any other type of tobacco
NFHS-4 Household,shb12d_24,30 minutes prior to bp measure: use any other type of tobacco
NFHS-4 Household,shb12d_25,30 minutes prior to bp measure: use any other type of tobacco
NFHS-4 Household,shb12d_26,30 minutes prior to bp measure: use any other type of tobacco
NFHS-4 Household,shb12d_27,30 minutes prior to bp measure: use any other type of tobacco
NFHS-4 Household,shb12d_28,30 minutes prior to bp measure: use any other type of tobacco
NFHS-4 Household,shb12d_29,30 minutes prior to bp measure: use any other type of tobacco
NFHS-4 Household,shb12d_30,30 minutes prior to bp measure: use any other type of tobacco
NFHS-4 Household,shb12d_31,30 minutes prior to bp measure: use any other type of tobacco
NFHS-4 Household,shb12d_32,30 minutes prior to bp measure: use any other type of tobacco
NFHS-4 Household,shb12d_33,30 minutes prior to bp measure: use any other type of tobacco
NFHS-4 Household,shb12d_34,30 minutes prior to bp measure: use any other type of tobacco
NFHS-4 Household,shb12d_35,30 minutes prior to bp measure: use any other type of tobacco
NFHS-4 Household,shb12d_36,30 minutes prior to bp measure: use any other type of tobacco
NFHS-4 Household,shb12d_37,30 minutes prior to bp measure: use any other type of tobacco
NFHS-4 Household,shb12d_38,30 minutes prior to bp measure: use any other type of tobacco
NFHS-4 Household,shb12d_39,30 minutes prior to bp measure: use any other type of tobacco
NFHS-4 Household,shb12d_40,30 minutes prior to bp measure: use any other type of tobacco
NFHS-4 Household,shb12d_41,30 minutes prior to bp measure: use any other type of tobacco
NFHS-4 Household,shb13_01,arm circumference
NFHS-4 Household,shb13_02,arm circumference
NFHS-4 Household,shb13_03,arm circumference
NFHS-4 Household,shb13_04,arm circumference
NFHS-4 Household,shb13_05,arm circumference
NFHS-4 Household,shb13_06,arm circumference
NFHS-4 Household,shb13_07,arm circumference
NFHS-4 Household,shb13_08,arm circumference
NFHS-4 Household,shb13_09,arm circumference
NFHS-4 Household,shb13_10,arm circumference
NFHS-4 Household,shb13_11,arm circumference
NFHS-4 Household,shb13_12,arm circumference
NFHS-4 Household,shb13_13,arm circumference
NFHS-4 Household,shb13_14,arm circumference
NFHS-4 Household,shb13_15,arm circumference
NFHS-4 Household,shb13_16,arm circumference
NFHS-4 Household,shb13_17,arm circumference
NFHS-4 Household,shb13_18,arm circumference
NFHS-4 Household,shb13_19,arm circumference
NFHS-4 Household,shb13_20,arm circumference
NFHS-4 Household,shb13_21,arm circumference
NFHS-4 Household,shb13_22,arm circumference
NFHS-4 Household,shb13_23,arm circumference
NFHS-4 Household,shb13_24,arm circumference
NFHS-4 Household,shb13_25,arm circumference
NFHS-4 Household,shb13_26,arm circumference
NFHS-4 Household,shb13_27,arm circumference
NFHS-4 Household,shb13_28,arm circumference
NFHS-4 Household,shb13_29,arm circumference
NFHS-4 Household,shb13_30,arm circumference
NFHS-4 Household,shb13_31,arm circumference
NFHS-4 Household,shb13_32,arm circumference
NFHS-4 Household,shb13_33,arm circumference
NFHS-4 Household,shb13_34,arm circumference
NFHS-4 Household,shb13_35,arm circumference
NFHS-4 Household,shb13_36,arm circumference
NFHS-4 Household,shb13_37,arm circumference
NFHS-4 Household,shb13_38,arm circumference
NFHS-4 Household,shb13_39,arm circumference
NFHS-4 Household,shb13_40,arm circumference
NFHS-4 Household,shb13_41,arm circumference
NFHS-4 Household,shb14_01,blood pressure monitor cuff size
NFHS-4 Household,shb14_02,blood pressure monitor cuff size
NFHS-4 Household,shb14_03,blood pressure monitor cuff size
NFHS-4 Household,shb14_04,blood pressure monitor cuff size
NFHS-4 Household,shb14_05,blood pressure monitor cuff size
NFHS-4 Household,shb14_06,blood pressure monitor cuff size
NFHS-4 Household,shb14_07,blood pressure monitor cuff size
NFHS-4 Household,shb14_08,blood pressure monitor cuff size
NFHS-4 Household,shb14_09,blood pressure monitor cuff size
NFHS-4 Household,shb14_10,blood pressure monitor cuff size
NFHS-4 Household,shb14_11,blood pressure monitor cuff size
NFHS-4 Household,shb14_12,blood pressure monitor cuff size
NFHS-4 Household,shb14_13,blood pressure monitor cuff size
NFHS-4 Household,shb14_14,blood pressure monitor cuff size
NFHS-4 Household,shb14_15,blood pressure monitor cuff size
NFHS-4 Household,shb14_16,blood pressure monitor cuff size
NFHS-4 Household,shb14_17,blood pressure monitor cuff size
NFHS-4 Household,shb14_18,blood pressure monitor cuff size
NFHS-4 Household,shb14_19,blood pressure monitor cuff size
NFHS-4 Household,shb14_20,blood pressure monitor cuff size
NFHS-4 Household,shb14_21,blood pressure monitor cuff size
NFHS-4 Household,shb14_22,blood pressure monitor cuff size
NFHS-4 Household,shb14_23,blood pressure monitor cuff size
NFHS-4 Household,shb14_24,blood pressure monitor cuff size
NFHS-4 Household,shb14_25,blood pressure monitor cuff size
NFHS-4 Household,shb14_26,blood pressure monitor cuff size
NFHS-4 Household,shb14_27,blood pressure monitor cuff size
NFHS-4 Household,shb14_28,blood pressure monitor cuff size
NFHS-4 Household,shb14_29,blood pressure monitor cuff size
NFHS-4 Household,shb14_30,blood pressure monitor cuff size
NFHS-4 Household,shb14_31,blood pressure monitor cuff size
NFHS-4 Household,shb14_32,blood pressure monitor cuff size
NFHS-4 Household,shb14_33,blood pressure monitor cuff size
NFHS-4 Household,shb14_34,blood pressure monitor cuff size
NFHS-4 Household,shb14_35,blood pressure monitor cuff size
NFHS-4 Household,shb14_36,blood pressure monitor cuff size
NFHS-4 Household,shb14_37,blood pressure monitor cuff size
NFHS-4 Household,shb14_38,blood pressure monitor cuff size
NFHS-4 Household,shb14_39,blood pressure monitor cuff size
NFHS-4 Household,shb14_40,blood pressure monitor cuff size
NFHS-4 Household,shb14_41,blood pressure monitor cuff size
NFHS-4 Household,shb15h_01,time of first bp reading: hour
NFHS-4 Household,shb15h_02,time of first bp reading: hour
NFHS-4 Household,shb15h_03,time of first bp reading: hour
NFHS-4 Household,shb15h_04,time of first bp reading: hour
NFHS-4 Household,shb15h_05,time of first bp reading: hour
NFHS-4 Household,shb15h_06,time of first bp reading: hour
NFHS-4 Household,shb15h_07,time of first bp reading: hour
NFHS-4 Household,shb15h_08,time of first bp reading: hour
NFHS-4 Household,shb15h_09,time of first bp reading: hour
NFHS-4 Household,shb15h_10,time of first bp reading: hour
NFHS-4 Household,shb15h_11,time of first bp reading: hour
NFHS-4 Household,shb15h_12,time of first bp reading: hour
NFHS-4 Household,shb15h_13,time of first bp reading: hour
NFHS-4 Household,shb15h_14,time of first bp reading: hour
NFHS-4 Household,shb15h_15,time of first bp reading: hour
NFHS-4 Household,shb15h_16,time of first bp reading: hour
NFHS-4 Household,shb15h_17,time of first bp reading: hour
NFHS-4 Household,shb15h_18,time of first bp reading: hour
NFHS-4 Household,shb15h_19,time of first bp reading: hour
NFHS-4 Household,shb15h_20,time of first bp reading: hour
NFHS-4 Household,shb15h_21,time of first bp reading: hour
NFHS-4 Household,shb15h_22,time of first bp reading: hour
NFHS-4 Household,shb15h_23,time of first bp reading: hour
NFHS-4 Household,shb15h_24,time of first bp reading: hour
NFHS-4 Household,shb15h_25,time of first bp reading: hour
NFHS-4 Household,shb15h_26,time of first bp reading: hour
NFHS-4 Household,shb15h_27,time of first bp reading: hour
NFHS-4 Household,shb15h_28,time of first bp reading: hour
NFHS-4 Household,shb15h_29,time of first bp reading: hour
NFHS-4 Household,shb15h_30,time of first bp reading: hour
NFHS-4 Household,shb15h_31,time of first bp reading: hour
NFHS-4 Household,shb15h_32,time of first bp reading: hour
NFHS-4 Household,shb15h_33,time of first bp reading: hour
NFHS-4 Household,shb15h_34,time of first bp reading: hour
NFHS-4 Household,shb15h_35,time of first bp reading: hour
NFHS-4 Household,shb15h_36,time of first bp reading: hour
NFHS-4 Household,shb15h_37,time of first bp reading: hour
NFHS-4 Household,shb15h_38,time of first bp reading: hour
NFHS-4 Household,shb15h_39,time of first bp reading: hour
NFHS-4 Household,shb15h_40,time of first bp reading: hour
NFHS-4 Household,shb15h_41,time of first bp reading: hour
NFHS-4 Household,shb15m_01,time of first bp reading: minutes
NFHS-4 Household,shb15m_02,time of first bp reading: minutes
NFHS-4 Household,shb15m_03,time of first bp reading: minutes
NFHS-4 Household,shb15m_04,time of first bp reading: minutes
NFHS-4 Household,shb15m_05,time of first bp reading: minutes
NFHS-4 Household,shb15m_06,time of first bp reading: minutes
NFHS-4 Household,shb15m_07,time of first bp reading: minutes
NFHS-4 Household,shb15m_08,time of first bp reading: minutes
NFHS-4 Household,shb15m_09,time of first bp reading: minutes
NFHS-4 Household,shb15m_10,time of first bp reading: minutes
NFHS-4 Household,shb15m_11,time of first bp reading: minutes
NFHS-4 Household,shb15m_12,time of first bp reading: minutes
NFHS-4 Household,shb15m_13,time of first bp reading: minutes
NFHS-4 Household,shb15m_14,time of first bp reading: minutes
NFHS-4 Household,shb15m_15,time of first bp reading: minutes
NFHS-4 Household,shb15m_16,time of first bp reading: minutes
NFHS-4 Household,shb15m_17,time of first bp reading: minutes
NFHS-4 Household,shb15m_18,time of first bp reading: minutes
NFHS-4 Household,shb15m_19,time of first bp reading: minutes
NFHS-4 Household,shb15m_20,time of first bp reading: minutes
NFHS-4 Household,shb15m_21,time of first bp reading: minutes
NFHS-4 Household,shb15m_22,time of first bp reading: minutes
NFHS-4 Household,shb15m_23,time of first bp reading: minutes
NFHS-4 Household,shb15m_24,time of first bp reading: minutes
NFHS-4 Household,shb15m_25,time of first bp reading: minutes
NFHS-4 Household,shb15m_26,time of first bp reading: minutes
NFHS-4 Household,shb15m_27,time of first bp reading: minutes
NFHS-4 Household,shb15m_28,time of first bp reading: minutes
NFHS-4 Household,shb15m_29,time of first bp reading: minutes
NFHS-4 Household,shb15m_30,time of first bp reading: minutes
NFHS-4 Household,shb15m_31,time of first bp reading: minutes
NFHS-4 Household,shb15m_32,time of first bp reading: minutes
NFHS-4 Household,shb15m_33,time of first bp reading: minutes
NFHS-4 Household,shb15m_34,time of first bp reading: minutes
NFHS-4 Household,shb15m_35,time of first bp reading: minutes
NFHS-4 Household,shb15m_36,time of first bp reading: minutes
NFHS-4 Household,shb15m_37,time of first bp reading: minutes
NFHS-4 Household,shb15m_38,time of first bp reading: minutes
NFHS-4 Household,shb15m_39,time of first bp reading: minutes
NFHS-4 Household,shb15m_40,time of first bp reading: minutes
NFHS-4 Household,shb15m_41,time of first bp reading: minutes
NFHS-4 Household,shb16s_01,first systolic reading
NFHS-4 Household,shb16s_02,first systolic reading
NFHS-4 Household,shb16s_03,first systolic reading
NFHS-4 Household,shb16s_04,first systolic reading
NFHS-4 Household,shb16s_05,first systolic reading
NFHS-4 Household,shb16s_06,first systolic reading
NFHS-4 Household,shb16s_07,first systolic reading
NFHS-4 Household,shb16s_08,first systolic reading
NFHS-4 Household,shb16s_09,first systolic reading
NFHS-4 Household,shb16s_10,first systolic reading
NFHS-4 Household,shb16s_11,first systolic reading
NFHS-4 Household,shb16s_12,first systolic reading
NFHS-4 Household,shb16s_13,first systolic reading
NFHS-4 Household,shb16s_14,first systolic reading
NFHS-4 Household,shb16s_15,first systolic reading
NFHS-4 Household,shb16s_16,first systolic reading
NFHS-4 Household,shb16s_17,first systolic reading
NFHS-4 Household,shb16s_18,first systolic reading
NFHS-4 Household,shb16s_19,first systolic reading
NFHS-4 Household,shb16s_20,first systolic reading
NFHS-4 Household,shb16s_21,first systolic reading
NFHS-4 Household,shb16s_22,first systolic reading
NFHS-4 Household,shb16s_23,first systolic reading
NFHS-4 Household,shb16s_24,first systolic reading
NFHS-4 Household,shb16s_25,first systolic reading
NFHS-4 Household,shb16s_26,first systolic reading
NFHS-4 Household,shb16s_27,first systolic reading
NFHS-4 Household,shb16s_28,first systolic reading
NFHS-4 Household,shb16s_29,first systolic reading
NFHS-4 Household,shb16s_30,first systolic reading
NFHS-4 Household,shb16s_31,first systolic reading
NFHS-4 Household,shb16s_32,first systolic reading
NFHS-4 Household,shb16s_33,first systolic reading
NFHS-4 Household,shb16s_34,first systolic reading
NFHS-4 Household,shb16s_35,first systolic reading
NFHS-4 Household,shb16s_36,first systolic reading
NFHS-4 Household,shb16s_37,first systolic reading
NFHS-4 Household,shb16s_38,first systolic reading
NFHS-4 Household,shb16s_39,first systolic reading
NFHS-4 Household,shb16s_40,first systolic reading
NFHS-4 Household,shb16s_41,first systolic reading
NFHS-4 Household,shb16d_01,first diastolic reading
NFHS-4 Household,shb16d_02,first diastolic reading
NFHS-4 Household,shb16d_03,first diastolic reading
NFHS-4 Household,shb16d_04,first diastolic reading
NFHS-4 Household,shb16d_05,first diastolic reading
NFHS-4 Household,shb16d_06,first diastolic reading
NFHS-4 Household,shb16d_07,first diastolic reading
NFHS-4 Household,shb16d_08,first diastolic reading
NFHS-4 Household,shb16d_09,first diastolic reading
NFHS-4 Household,shb16d_10,first diastolic reading
NFHS-4 Household,shb16d_11,first diastolic reading
NFHS-4 Household,shb16d_12,first diastolic reading
NFHS-4 Household,shb16d_13,first diastolic reading
NFHS-4 Household,shb16d_14,first diastolic reading
NFHS-4 Household,shb16d_15,first diastolic reading
NFHS-4 Household,shb16d_16,first diastolic reading
NFHS-4 Household,shb16d_17,first diastolic reading
NFHS-4 Household,shb16d_18,first diastolic reading
NFHS-4 Household,shb16d_19,first diastolic reading
NFHS-4 Household,shb16d_20,first diastolic reading
NFHS-4 Household,shb16d_21,first diastolic reading
NFHS-4 Household,shb16d_22,first diastolic reading
NFHS-4 Household,shb16d_23,first diastolic reading
NFHS-4 Household,shb16d_24,first diastolic reading
NFHS-4 Household,shb16d_25,first diastolic reading
NFHS-4 Household,shb16d_26,first diastolic reading
NFHS-4 Household,shb16d_27,first diastolic reading
NFHS-4 Household,shb16d_28,first diastolic reading
NFHS-4 Household,shb16d_29,first diastolic reading
NFHS-4 Household,shb16d_30,first diastolic reading
NFHS-4 Household,shb16d_31,first diastolic reading
NFHS-4 Household,shb16d_32,first diastolic reading
NFHS-4 Household,shb16d_33,first diastolic reading
NFHS-4 Household,shb16d_34,first diastolic reading
NFHS-4 Household,shb16d_35,first diastolic reading
NFHS-4 Household,shb16d_36,first diastolic reading
NFHS-4 Household,shb16d_37,first diastolic reading
NFHS-4 Household,shb16d_38,first diastolic reading
NFHS-4 Household,shb16d_39,first diastolic reading
NFHS-4 Household,shb16d_40,first diastolic reading
NFHS-4 Household,shb16d_41,first diastolic reading
NFHS-4 Household,shb17_01,blood pressure ever been checked previously
NFHS-4 Household,shb17_02,blood pressure ever been checked previously
NFHS-4 Household,shb17_03,blood pressure ever been checked previously
NFHS-4 Household,shb17_04,blood pressure ever been checked previously
NFHS-4 Household,shb17_05,blood pressure ever been checked previously
NFHS-4 Household,shb17_06,blood pressure ever been checked previously
NFHS-4 Household,shb17_07,blood pressure ever been checked previously
NFHS-4 Household,shb17_08,blood pressure ever been checked previously
NFHS-4 Household,shb17_09,blood pressure ever been checked previously
NFHS-4 Household,shb17_10,blood pressure ever been checked previously
NFHS-4 Household,shb17_11,blood pressure ever been checked previously
NFHS-4 Household,shb17_12,blood pressure ever been checked previously
NFHS-4 Household,shb17_13,blood pressure ever been checked previously
NFHS-4 Household,shb17_14,blood pressure ever been checked previously
NFHS-4 Household,shb17_15,blood pressure ever been checked previously
NFHS-4 Household,shb17_16,blood pressure ever been checked previously
NFHS-4 Household,shb17_17,blood pressure ever been checked previously
NFHS-4 Household,shb17_18,blood pressure ever been checked previously
NFHS-4 Household,shb17_19,blood pressure ever been checked previously
NFHS-4 Household,shb17_20,blood pressure ever been checked previously
NFHS-4 Household,shb17_21,blood pressure ever been checked previously
NFHS-4 Household,shb17_22,blood pressure ever been checked previously
NFHS-4 Household,shb17_23,blood pressure ever been checked previously
NFHS-4 Household,shb17_24,blood pressure ever been checked previously
NFHS-4 Household,shb17_25,blood pressure ever been checked previously
NFHS-4 Household,shb17_26,blood pressure ever been checked previously
NFHS-4 Household,shb17_27,blood pressure ever been checked previously
NFHS-4 Household,shb17_28,blood pressure ever been checked previously
NFHS-4 Household,shb17_29,blood pressure ever been checked previously
NFHS-4 Household,shb17_30,blood pressure ever been checked previously
NFHS-4 Household,shb17_31,blood pressure ever been checked previously
NFHS-4 Household,shb17_32,blood pressure ever been checked previously
NFHS-4 Household,shb17_33,blood pressure ever been checked previously
NFHS-4 Household,shb17_34,blood pressure ever been checked previously
NFHS-4 Household,shb17_35,blood pressure ever been checked previously
NFHS-4 Household,shb17_36,blood pressure ever been checked previously
NFHS-4 Household,shb17_37,blood pressure ever been checked previously
NFHS-4 Household,shb17_38,blood pressure ever been checked previously
NFHS-4 Household,shb17_39,blood pressure ever been checked previously
NFHS-4 Household,shb17_40,blood pressure ever been checked previously
NFHS-4 Household,shb17_41,blood pressure ever been checked previously
NFHS-4 Household,shb18_01,told had high bp on two or more occasions by doctor or other health professional
NFHS-4 Household,shb18_02,told had high bp on two or more occasions by doctor or other health professional
NFHS-4 Household,shb18_03,told had high bp on two or more occasions by doctor or other health professional
NFHS-4 Household,shb18_04,told had high bp on two or more occasions by doctor or other health professional
NFHS-4 Household,shb18_05,told had high bp on two or more occasions by doctor or other health professional
NFHS-4 Household,shb18_06,told had high bp on two or more occasions by doctor or other health professional
NFHS-4 Household,shb18_07,told had high bp on two or more occasions by doctor or other health professional
NFHS-4 Household,shb18_08,told had high bp on two or more occasions by doctor or other health professional
NFHS-4 Household,shb18_09,told had high bp on two or more occasions by doctor or other health professional
NFHS-4 Household,shb18_10,told had high bp on two or more occasions by doctor or other health professional
NFHS-4 Household,shb18_11,told had high bp on two or more occasions by doctor or other health professional
NFHS-4 Household,shb18_12,told had high bp on two or more occasions by doctor or other health professional
NFHS-4 Household,shb18_13,told had high bp on two or more occasions by doctor or other health professional
NFHS-4 Household,shb18_14,told had high bp on two or more occasions by doctor or other health professional
NFHS-4 Household,shb18_15,told had high bp on two or more occasions by doctor or other health professional
NFHS-4 Household,shb18_16,told had high bp on two or more occasions by doctor or other health professional
NFHS-4 Household,shb18_17,told had high bp on two or more occasions by doctor or other health professional
NFHS-4 Household,shb18_18,told had high bp on two or more occasions by doctor or other health professional
NFHS-4 Household,shb18_19,told had high bp on two or more occasions by doctor or other health professional
NFHS-4 Household,shb18_20,told had high bp on two or more occasions by doctor or other health professional
NFHS-4 Household,shb18_21,told had high bp on two or more occasions by doctor or other health professional
NFHS-4 Household,shb18_22,told had high bp on two or more occasions by doctor or other health professional
NFHS-4 Household,shb18_23,told had high bp on two or more occasions by doctor or other health professional
NFHS-4 Household,shb18_24,told had high bp on two or more occasions by doctor or other health professional
NFHS-4 Household,shb18_25,told had high bp on two or more occasions by doctor or other health professional
NFHS-4 Household,shb18_26,told had high bp on two or more occasions by doctor or other health professional
NFHS-4 Household,shb18_27,told had high bp on two or more occasions by doctor or other health professional
NFHS-4 Household,shb18_28,told had high bp on two or more occasions by doctor or other health professional
NFHS-4 Household,shb18_29,told had high bp on two or more occasions by doctor or other health professional
NFHS-4 Household,shb18_30,told had high bp on two or more occasions by doctor or other health professional
NFHS-4 Household,shb18_31,told had high bp on two or more occasions by doctor or other health professional
NFHS-4 Household,shb18_32,told had high bp on two or more occasions by doctor or other health professional
NFHS-4 Household,shb18_33,told had high bp on two or more occasions by doctor or other health professional
NFHS-4 Household,shb18_34,told had high bp on two or more occasions by doctor or other health professional
NFHS-4 Household,shb18_35,told had high bp on two or more occasions by doctor or other health professional
NFHS-4 Household,shb18_36,told had high bp on two or more occasions by doctor or other health professional
NFHS-4 Household,shb18_37,told had high bp on two or more occasions by doctor or other health professional
NFHS-4 Household,shb18_38,told had high bp on two or more occasions by doctor or other health professional
NFHS-4 Household,shb18_39,told had high bp on two or more occasions by doctor or other health professional
NFHS-4 Household,shb18_40,told had high bp on two or more occasions by doctor or other health professional
NFHS-4 Household,shb18_41,told had high bp on two or more occasions by doctor or other health professional
NFHS-4 Household,shb19_01,currently taking a prescribed medicine to lower bp
NFHS-4 Household,shb19_02,currently taking a prescribed medicine to lower bp
NFHS-4 Household,shb19_03,currently taking a prescribed medicine to lower bp
NFHS-4 Household,shb19_04,currently taking a prescribed medicine to lower bp
NFHS-4 Household,shb19_05,currently taking a prescribed medicine to lower bp
NFHS-4 Household,shb19_06,currently taking a prescribed medicine to lower bp
NFHS-4 Household,shb19_07,currently taking a prescribed medicine to lower bp
NFHS-4 Household,shb19_08,currently taking a prescribed medicine to lower bp
NFHS-4 Household,shb19_09,currently taking a prescribed medicine to lower bp
NFHS-4 Household,shb19_10,currently taking a prescribed medicine to lower bp
NFHS-4 Household,shb19_11,currently taking a prescribed medicine to lower bp
NFHS-4 Household,shb19_12,currently taking a prescribed medicine to lower bp
NFHS-4 Household,shb19_13,currently taking a prescribed medicine to lower bp
NFHS-4 Household,shb19_14,currently taking a prescribed medicine to lower bp
NFHS-4 Household,shb19_15,currently taking a prescribed medicine to lower bp
NFHS-4 Household,shb19_16,currently taking a prescribed medicine to lower bp
NFHS-4 Household,shb19_17,currently taking a prescribed medicine to lower bp
NFHS-4 Household,shb19_18,currently taking a prescribed medicine to lower bp
NFHS-4 Household,shb19_19,currently taking a prescribed medicine to lower bp
NFHS-4 Household,shb19_20,currently taking a prescribed medicine to lower bp
NFHS-4 Household,shb19_21,currently taking a prescribed medicine to lower bp
NFHS-4 Household,shb19_22,currently taking a prescribed medicine to lower bp
NFHS-4 Household,shb19_23,currently taking a prescribed medicine to lower bp
NFHS-4 Household,shb19_24,currently taking a prescribed medicine to lower bp
NFHS-4 Household,shb19_25,currently taking a prescribed medicine to lower bp
NFHS-4 Household,shb19_26,currently taking a prescribed medicine to lower bp
NFHS-4 Household,shb19_27,currently taking a prescribed medicine to lower bp
NFHS-4 Household,shb19_28,currently taking a prescribed medicine to lower bp
NFHS-4 Household,shb19_29,currently taking a prescribed medicine to lower bp
NFHS-4 Household,shb19_30,currently taking a prescribed medicine to lower bp
NFHS-4 Household,shb19_31,currently taking a prescribed medicine to lower bp
NFHS-4 Household,shb19_32,currently taking a prescribed medicine to lower bp
NFHS-4 Household,shb19_33,currently taking a prescribed medicine to lower bp
NFHS-4 Household,shb19_34,currently taking a prescribed medicine to lower bp
NFHS-4 Household,shb19_35,currently taking a prescribed medicine to lower bp
NFHS-4 Household,shb19_36,currently taking a prescribed medicine to lower bp
NFHS-4 Household,shb19_37,currently taking a prescribed medicine to lower bp
NFHS-4 Household,shb19_38,currently taking a prescribed medicine to lower bp
NFHS-4 Household,shb19_39,currently taking a prescribed medicine to lower bp
NFHS-4 Household,shb19_40,currently taking a prescribed medicine to lower bp
NFHS-4 Household,shb19_41,currently taking a prescribed medicine to lower bp
NFHS-4 Household,shb22h_01,time of second bp reading: hour
NFHS-4 Household,shb22h_02,time of second bp reading: hour
NFHS-4 Household,shb22h_03,time of second bp reading: hour
NFHS-4 Household,shb22h_04,time of second bp reading: hour
NFHS-4 Household,shb22h_05,time of second bp reading: hour
NFHS-4 Household,shb22h_06,time of second bp reading: hour
NFHS-4 Household,shb22h_07,time of second bp reading: hour
NFHS-4 Household,shb22h_08,time of second bp reading: hour
NFHS-4 Household,shb22h_09,time of second bp reading: hour
NFHS-4 Household,shb22h_10,time of second bp reading: hour
NFHS-4 Household,shb22h_11,time of second bp reading: hour
NFHS-4 Household,shb22h_12,time of second bp reading: hour
NFHS-4 Household,shb22h_13,time of second bp reading: hour
NFHS-4 Household,shb22h_14,time of second bp reading: hour
NFHS-4 Household,shb22h_15,time of second bp reading: hour
NFHS-4 Household,shb22h_16,time of second bp reading: hour
NFHS-4 Household,shb22h_17,time of second bp reading: hour
NFHS-4 Household,shb22h_18,time of second bp reading: hour
NFHS-4 Household,shb22h_19,time of second bp reading: hour
NFHS-4 Household,shb22h_20,time of second bp reading: hour
NFHS-4 Household,shb22h_21,time of second bp reading: hour
NFHS-4 Household,shb22h_22,time of second bp reading: hour
NFHS-4 Household,shb22h_23,time of second bp reading: hour
NFHS-4 Household,shb22h_24,time of second bp reading: hour
NFHS-4 Household,shb22h_25,time of second bp reading: hour
NFHS-4 Household,shb22h_26,time of second bp reading: hour
NFHS-4 Household,shb22h_27,time of second bp reading: hour
NFHS-4 Household,shb22h_28,time of second bp reading: hour
NFHS-4 Household,shb22h_29,time of second bp reading: hour
NFHS-4 Household,shb22h_30,time of second bp reading: hour
NFHS-4 Household,shb22h_31,time of second bp reading: hour
NFHS-4 Household,shb22h_32,time of second bp reading: hour
NFHS-4 Household,shb22h_33,time of second bp reading: hour
NFHS-4 Household,shb22h_34,time of second bp reading: hour
NFHS-4 Household,shb22h_35,time of second bp reading: hour
NFHS-4 Household,shb22h_36,time of second bp reading: hour
NFHS-4 Household,shb22h_37,time of second bp reading: hour
NFHS-4 Household,shb22h_38,time of second bp reading: hour
NFHS-4 Household,shb22h_39,time of second bp reading: hour
NFHS-4 Household,shb22h_40,time of second bp reading: hour
NFHS-4 Household,shb22h_41,time of second bp reading: hour
NFHS-4 Household,shb22m_01,time of second bp reading: minutes
NFHS-4 Household,shb22m_02,time of second bp reading: minutes
NFHS-4 Household,shb22m_03,time of second bp reading: minutes
NFHS-4 Household,shb22m_04,time of second bp reading: minutes
NFHS-4 Household,shb22m_05,time of second bp reading: minutes
NFHS-4 Household,shb22m_06,time of second bp reading: minutes
NFHS-4 Household,shb22m_07,time of second bp reading: minutes
NFHS-4 Household,shb22m_08,time of second bp reading: minutes
NFHS-4 Household,shb22m_09,time of second bp reading: minutes
NFHS-4 Household,shb22m_10,time of second bp reading: minutes
NFHS-4 Household,shb22m_11,time of second bp reading: minutes
NFHS-4 Household,shb22m_12,time of second bp reading: minutes
NFHS-4 Household,shb22m_13,time of second bp reading: minutes
NFHS-4 Household,shb22m_14,time of second bp reading: minutes
NFHS-4 Household,shb22m_15,time of second bp reading: minutes
NFHS-4 Household,shb22m_16,time of second bp reading: minutes
NFHS-4 Household,shb22m_17,time of second bp reading: minutes
NFHS-4 Household,shb22m_18,time of second bp reading: minutes
NFHS-4 Household,shb22m_19,time of second bp reading: minutes
NFHS-4 Household,shb22m_20,time of second bp reading: minutes
NFHS-4 Household,shb22m_21,time of second bp reading: minutes
NFHS-4 Household,shb22m_22,time of second bp reading: minutes
NFHS-4 Household,shb22m_23,time of second bp reading: minutes
NFHS-4 Household,shb22m_24,time of second bp reading: minutes
NFHS-4 Household,shb22m_25,time of second bp reading: minutes
NFHS-4 Household,shb22m_26,time of second bp reading: minutes
NFHS-4 Household,shb22m_27,time of second bp reading: minutes
NFHS-4 Household,shb22m_28,time of second bp reading: minutes
NFHS-4 Household,shb22m_29,time of second bp reading: minutes
NFHS-4 Household,shb22m_30,time of second bp reading: minutes
NFHS-4 Household,shb22m_31,time of second bp reading: minutes
NFHS-4 Household,shb22m_32,time of second bp reading: minutes
NFHS-4 Household,shb22m_33,time of second bp reading: minutes
NFHS-4 Household,shb22m_34,time of second bp reading: minutes
NFHS-4 Household,shb22m_35,time of second bp reading: minutes
NFHS-4 Household,shb22m_36,time of second bp reading: minutes
NFHS-4 Household,shb22m_37,time of second bp reading: minutes
NFHS-4 Household,shb22m_38,time of second bp reading: minutes
NFHS-4 Household,shb22m_39,time of second bp reading: minutes
NFHS-4 Household,shb22m_40,time of second bp reading: minutes
NFHS-4 Household,shb22m_41,time of second bp reading: minutes
NFHS-4 Household,shb23s_01,second systolic reading
NFHS-4 Household,shb23s_02,second systolic reading
NFHS-4 Household,shb23s_03,second systolic reading
NFHS-4 Household,shb23s_04,second systolic reading
NFHS-4 Household,shb23s_05,second systolic reading
NFHS-4 Household,shb23s_06,second systolic reading
NFHS-4 Household,shb23s_07,second systolic reading
NFHS-4 Household,shb23s_08,second systolic reading
NFHS-4 Household,shb23s_09,second systolic reading
NFHS-4 Household,shb23s_10,second systolic reading
NFHS-4 Household,shb23s_11,second systolic reading
NFHS-4 Household,shb23s_12,second systolic reading
NFHS-4 Household,shb23s_13,second systolic reading
NFHS-4 Household,shb23s_14,second systolic reading
NFHS-4 Household,shb23s_15,second systolic reading
NFHS-4 Household,shb23s_16,second systolic reading
NFHS-4 Household,shb23s_17,second systolic reading
NFHS-4 Household,shb23s_18,second systolic reading
NFHS-4 Household,shb23s_19,second systolic reading
NFHS-4 Household,shb23s_20,second systolic reading
NFHS-4 Household,shb23s_21,second systolic reading
NFHS-4 Household,shb23s_22,second systolic reading
NFHS-4 Household,shb23s_23,second systolic reading
NFHS-4 Household,shb23s_24,second systolic reading
NFHS-4 Household,shb23s_25,second systolic reading
NFHS-4 Household,shb23s_26,second systolic reading
NFHS-4 Household,shb23s_27,second systolic reading
NFHS-4 Household,shb23s_28,second systolic reading
NFHS-4 Household,shb23s_29,second systolic reading
NFHS-4 Household,shb23s_30,second systolic reading
NFHS-4 Household,shb23s_31,second systolic reading
NFHS-4 Household,shb23s_32,second systolic reading
NFHS-4 Household,shb23s_33,second systolic reading
NFHS-4 Household,shb23s_34,second systolic reading
NFHS-4 Household,shb23s_35,second systolic reading
NFHS-4 Household,shb23s_36,second systolic reading
NFHS-4 Household,shb23s_37,second systolic reading
NFHS-4 Household,shb23s_38,second systolic reading
NFHS-4 Household,shb23s_39,second systolic reading
NFHS-4 Household,shb23s_40,second systolic reading
NFHS-4 Household,shb23s_41,second systolic reading
NFHS-4 Household,shb23d_01,second diastolic reading
NFHS-4 Household,shb23d_02,second diastolic reading
NFHS-4 Household,shb23d_03,second diastolic reading
NFHS-4 Household,shb23d_04,second diastolic reading
NFHS-4 Household,shb23d_05,second diastolic reading
NFHS-4 Household,shb23d_06,second diastolic reading
NFHS-4 Household,shb23d_07,second diastolic reading
NFHS-4 Household,shb23d_08,second diastolic reading
NFHS-4 Household,shb23d_09,second diastolic reading
NFHS-4 Household,shb23d_10,second diastolic reading
NFHS-4 Household,shb23d_11,second diastolic reading
NFHS-4 Household,shb23d_12,second diastolic reading
NFHS-4 Household,shb23d_13,second diastolic reading
NFHS-4 Household,shb23d_14,second diastolic reading
NFHS-4 Household,shb23d_15,second diastolic reading
NFHS-4 Household,shb23d_16,second diastolic reading
NFHS-4 Household,shb23d_17,second diastolic reading
NFHS-4 Household,shb23d_18,second diastolic reading
NFHS-4 Household,shb23d_19,second diastolic reading
NFHS-4 Household,shb23d_20,second diastolic reading
NFHS-4 Household,shb23d_21,second diastolic reading
NFHS-4 Household,shb23d_22,second diastolic reading
NFHS-4 Household,shb23d_23,second diastolic reading
NFHS-4 Household,shb23d_24,second diastolic reading
NFHS-4 Household,shb23d_25,second diastolic reading
NFHS-4 Household,shb23d_26,second diastolic reading
NFHS-4 Household,shb23d_27,second diastolic reading
NFHS-4 Household,shb23d_28,second diastolic reading
NFHS-4 Household,shb23d_29,second diastolic reading
NFHS-4 Household,shb23d_30,second diastolic reading
NFHS-4 Household,shb23d_31,second diastolic reading
NFHS-4 Household,shb23d_32,second diastolic reading
NFHS-4 Household,shb23d_33,second diastolic reading
NFHS-4 Household,shb23d_34,second diastolic reading
NFHS-4 Household,shb23d_35,second diastolic reading
NFHS-4 Household,shb23d_36,second diastolic reading
NFHS-4 Household,shb23d_37,second diastolic reading
NFHS-4 Household,shb23d_38,second diastolic reading
NFHS-4 Household,shb23d_39,second diastolic reading
NFHS-4 Household,shb23d_40,second diastolic reading
NFHS-4 Household,shb23d_41,second diastolic reading
NFHS-4 Household,shb26h_01,time of third bp reading: hour
NFHS-4 Household,shb26h_02,time of third bp reading: hour
NFHS-4 Household,shb26h_03,time of third bp reading: hour
NFHS-4 Household,shb26h_04,time of third bp reading: hour
NFHS-4 Household,shb26h_05,time of third bp reading: hour
NFHS-4 Household,shb26h_06,time of third bp reading: hour
NFHS-4 Household,shb26h_07,time of third bp reading: hour
NFHS-4 Household,shb26h_08,time of third bp reading: hour
NFHS-4 Household,shb26h_09,time of third bp reading: hour
NFHS-4 Household,shb26h_10,time of third bp reading: hour
NFHS-4 Household,shb26h_11,time of third bp reading: hour
NFHS-4 Household,shb26h_12,time of third bp reading: hour
NFHS-4 Household,shb26h_13,time of third bp reading: hour
NFHS-4 Household,shb26h_14,time of third bp reading: hour
NFHS-4 Household,shb26h_15,time of third bp reading: hour
NFHS-4 Household,shb26h_16,time of third bp reading: hour
NFHS-4 Household,shb26h_17,time of third bp reading: hour
NFHS-4 Household,shb26h_18,time of third bp reading: hour
NFHS-4 Household,shb26h_19,time of third bp reading: hour
NFHS-4 Household,shb26h_20,time of third bp reading: hour
NFHS-4 Household,shb26h_21,time of third bp reading: hour
NFHS-4 Household,shb26h_22,time of third bp reading: hour
NFHS-4 Household,shb26h_23,time of third bp reading: hour
NFHS-4 Household,shb26h_24,time of third bp reading: hour
NFHS-4 Household,shb26h_25,time of third bp reading: hour
NFHS-4 Household,shb26h_26,time of third bp reading: hour
NFHS-4 Household,shb26h_27,time of third bp reading: hour
NFHS-4 Household,shb26h_28,time of third bp reading: hour
NFHS-4 Household,shb26h_29,time of third bp reading: hour
NFHS-4 Household,shb26h_30,time of third bp reading: hour
NFHS-4 Household,shb26h_31,time of third bp reading: hour
NFHS-4 Household,shb26h_32,time of third bp reading: hour
NFHS-4 Household,shb26h_33,time of third bp reading: hour
NFHS-4 Household,shb26h_34,time of third bp reading: hour
NFHS-4 Household,shb26h_35,time of third bp reading: hour
NFHS-4 Household,shb26h_36,time of third bp reading: hour
NFHS-4 Household,shb26h_37,time of third bp reading: hour
NFHS-4 Household,shb26h_38,time of third bp reading: hour
NFHS-4 Household,shb26h_39,time of third bp reading: hour
NFHS-4 Household,shb26h_40,time of third bp reading: hour
NFHS-4 Household,shb26h_41,time of third bp reading: hour
NFHS-4 Household,shb26m_01,time of third bp reading: minutes
NFHS-4 Household,shb26m_02,time of third bp reading: minutes
NFHS-4 Household,shb26m_03,time of third bp reading: minutes
NFHS-4 Household,shb26m_04,time of third bp reading: minutes
NFHS-4 Household,shb26m_05,time of third bp reading: minutes
NFHS-4 Household,shb26m_06,time of third bp reading: minutes
NFHS-4 Household,shb26m_07,time of third bp reading: minutes
NFHS-4 Household,shb26m_08,time of third bp reading: minutes
NFHS-4 Household,shb26m_09,time of third bp reading: minutes
NFHS-4 Household,shb26m_10,time of third bp reading: minutes
NFHS-4 Household,shb26m_11,time of third bp reading: minutes
NFHS-4 Household,shb26m_12,time of third bp reading: minutes
NFHS-4 Household,shb26m_13,time of third bp reading: minutes
NFHS-4 Household,shb26m_14,time of third bp reading: minutes
NFHS-4 Household,shb26m_15,time of third bp reading: minutes
NFHS-4 Household,shb26m_16,time of third bp reading: minutes
NFHS-4 Household,shb26m_17,time of third bp reading: minutes
NFHS-4 Household,shb26m_18,time of third bp reading: minutes
NFHS-4 Household,shb26m_19,time of third bp reading: minutes
NFHS-4 Household,shb26m_20,time of third bp reading: minutes
NFHS-4 Household,shb26m_21,time of third bp reading: minutes
NFHS-4 Household,shb26m_22,time of third bp reading: minutes
NFHS-4 Household,shb26m_23,time of third bp reading: minutes
NFHS-4 Household,shb26m_24,time of third bp reading: minutes
NFHS-4 Household,shb26m_25,time of third bp reading: minutes
NFHS-4 Household,shb26m_26,time of third bp reading: minutes
NFHS-4 Household,shb26m_27,time of third bp reading: minutes
NFHS-4 Household,shb26m_28,time of third bp reading: minutes
NFHS-4 Household,shb26m_29,time of third bp reading: minutes
NFHS-4 Household,shb26m_30,time of third bp reading: minutes
NFHS-4 Household,shb26m_31,time of third bp reading: minutes
NFHS-4 Household,shb26m_32,time of third bp reading: minutes
NFHS-4 Household,shb26m_33,time of third bp reading: minutes
NFHS-4 Household,shb26m_34,time of third bp reading: minutes
NFHS-4 Household,shb26m_35,time of third bp reading: minutes
NFHS-4 Household,shb26m_36,time of third bp reading: minutes
NFHS-4 Household,shb26m_37,time of third bp reading: minutes
NFHS-4 Household,shb26m_38,time of third bp reading: minutes
NFHS-4 Household,shb26m_39,time of third bp reading: minutes
NFHS-4 Household,shb26m_40,time of third bp reading: minutes
NFHS-4 Household,shb26m_41,time of third bp reading: minutes
NFHS-4 Household,shb27s_01,third systolic reading
NFHS-4 Household,shb27s_02,third systolic reading
NFHS-4 Household,shb27s_03,third systolic reading
NFHS-4 Household,shb27s_04,third systolic reading
NFHS-4 Household,shb27s_05,third systolic reading
NFHS-4 Household,shb27s_06,third systolic reading
NFHS-4 Household,shb27s_07,third systolic reading
NFHS-4 Household,shb27s_08,third systolic reading
NFHS-4 Household,shb27s_09,third systolic reading
NFHS-4 Household,shb27s_10,third systolic reading
NFHS-4 Household,shb27s_11,third systolic reading
NFHS-4 Household,shb27s_12,third systolic reading
NFHS-4 Household,shb27s_13,third systolic reading
NFHS-4 Household,shb27s_14,third systolic reading
NFHS-4 Household,shb27s_15,third systolic reading
NFHS-4 Household,shb27s_16,third systolic reading
NFHS-4 Household,shb27s_17,third systolic reading
NFHS-4 Household,shb27s_18,third systolic reading
NFHS-4 Household,shb27s_19,third systolic reading
NFHS-4 Household,shb27s_20,third systolic reading
NFHS-4 Household,shb27s_21,third systolic reading
NFHS-4 Household,shb27s_22,third systolic reading
NFHS-4 Household,shb27s_23,third systolic reading
NFHS-4 Household,shb27s_24,third systolic reading
NFHS-4 Household,shb27s_25,third systolic reading
NFHS-4 Household,shb27s_26,third systolic reading
NFHS-4 Household,shb27s_27,third systolic reading
NFHS-4 Household,shb27s_28,third systolic reading
NFHS-4 Household,shb27s_29,third systolic reading
NFHS-4 Household,shb27s_30,third systolic reading
NFHS-4 Household,shb27s_31,third systolic reading
NFHS-4 Household,shb27s_32,third systolic reading
NFHS-4 Household,shb27s_33,third systolic reading
NFHS-4 Household,shb27s_34,third systolic reading
NFHS-4 Household,shb27s_35,third systolic reading
NFHS-4 Household,shb27s_36,third systolic reading
NFHS-4 Household,shb27s_37,third systolic reading
NFHS-4 Household,shb27s_38,third systolic reading
NFHS-4 Household,shb27s_39,third systolic reading
NFHS-4 Household,shb27s_40,third systolic reading
NFHS-4 Household,shb27s_41,third systolic reading
NFHS-4 Household,shb27d_01,third diastolic reading
NFHS-4 Household,shb27d_02,third diastolic reading
NFHS-4 Household,shb27d_03,third diastolic reading
NFHS-4 Household,shb27d_04,third diastolic reading
NFHS-4 Household,shb27d_05,third diastolic reading
NFHS-4 Household,shb27d_06,third diastolic reading
NFHS-4 Household,shb27d_07,third diastolic reading
NFHS-4 Household,shb27d_08,third diastolic reading
NFHS-4 Household,shb27d_09,third diastolic reading
NFHS-4 Household,shb27d_10,third diastolic reading
NFHS-4 Household,shb27d_11,third diastolic reading
NFHS-4 Household,shb27d_12,third diastolic reading
NFHS-4 Household,shb27d_13,third diastolic reading
NFHS-4 Household,shb27d_14,third diastolic reading
NFHS-4 Household,shb27d_15,third diastolic reading
NFHS-4 Household,shb27d_16,third diastolic reading
NFHS-4 Household,shb27d_17,third diastolic reading
NFHS-4 Household,shb27d_18,third diastolic reading
NFHS-4 Household,shb27d_19,third diastolic reading
NFHS-4 Household,shb27d_20,third diastolic reading
NFHS-4 Household,shb27d_21,third diastolic reading
NFHS-4 Household,shb27d_22,third diastolic reading
NFHS-4 Household,shb27d_23,third diastolic reading
NFHS-4 Household,shb27d_24,third diastolic reading
NFHS-4 Household,shb27d_25,third diastolic reading
NFHS-4 Household,shb27d_26,third diastolic reading
NFHS-4 Household,shb27d_27,third diastolic reading
NFHS-4 Household,shb27d_28,third diastolic reading
NFHS-4 Household,shb27d_29,third diastolic reading
NFHS-4 Household,shb27d_30,third diastolic reading
NFHS-4 Household,shb27d_31,third diastolic reading
NFHS-4 Household,shb27d_32,third diastolic reading
NFHS-4 Household,shb27d_33,third diastolic reading
NFHS-4 Household,shb27d_34,third diastolic reading
NFHS-4 Household,shb27d_35,third diastolic reading
NFHS-4 Household,shb27d_36,third diastolic reading
NFHS-4 Household,shb27d_37,third diastolic reading
NFHS-4 Household,shb27d_38,third diastolic reading
NFHS-4 Household,shb27d_39,third diastolic reading
NFHS-4 Household,shb27d_40,third diastolic reading
NFHS-4 Household,shb27d_41,third diastolic reading
NFHS-4 Household,shb51_01,time since last ate
NFHS-4 Household,shb51_02,time since last ate
NFHS-4 Household,shb51_03,time since last ate
NFHS-4 Household,shb51_04,time since last ate
NFHS-4 Household,shb51_05,time since last ate
NFHS-4 Household,shb51_06,time since last ate
NFHS-4 Household,shb51_07,time since last ate
NFHS-4 Household,shb51_08,time since last ate
NFHS-4 Household,shb51_09,time since last ate
NFHS-4 Household,shb51_10,time since last ate
NFHS-4 Household,shb51_11,time since last ate
NFHS-4 Household,shb51_12,time since last ate
NFHS-4 Household,shb51_13,time since last ate
NFHS-4 Household,shb51_14,time since last ate
NFHS-4 Household,shb51_15,time since last ate
NFHS-4 Household,shb51_16,time since last ate
NFHS-4 Household,shb51_17,time since last ate
NFHS-4 Household,shb51_18,time since last ate
NFHS-4 Household,shb51_19,time since last ate
NFHS-4 Household,shb51_20,time since last ate
NFHS-4 Household,shb51_21,time since last ate
NFHS-4 Household,shb51_22,time since last ate
NFHS-4 Household,shb51_23,time since last ate
NFHS-4 Household,shb51_24,time since last ate
NFHS-4 Household,shb51_25,time since last ate
NFHS-4 Household,shb51_26,time since last ate
NFHS-4 Household,shb51_27,time since last ate
NFHS-4 Household,shb51_28,time since last ate
NFHS-4 Household,shb51_29,time since last ate
NFHS-4 Household,shb51_30,time since last ate
NFHS-4 Household,shb51_31,time since last ate
NFHS-4 Household,shb51_32,time since last ate
NFHS-4 Household,shb51_33,time since last ate
NFHS-4 Household,shb51_34,time since last ate
NFHS-4 Household,shb51_35,time since last ate
NFHS-4 Household,shb51_36,time since last ate
NFHS-4 Household,shb51_37,time since last ate
NFHS-4 Household,shb51_38,time since last ate
NFHS-4 Household,shb51_39,time since last ate
NFHS-4 Household,shb51_40,time since last ate
NFHS-4 Household,shb51_41,time since last ate
NFHS-4 Household,shb52_01,"time since last drank, something other than plain water"
NFHS-4 Household,shb52_02,"time since last drank, something other than plain water"
NFHS-4 Household,shb52_03,"time since last drank, something other than plain water"
NFHS-4 Household,shb52_04,"time since last drank, something other than plain water"
NFHS-4 Household,shb52_05,"time since last drank, something other than plain water"
NFHS-4 Household,shb52_06,"time since last drank, something other than plain water"
NFHS-4 Household,shb52_07,"time since last drank, something other than plain water"
NFHS-4 Household,shb52_08,"time since last drank, something other than plain water"
NFHS-4 Household,shb52_09,"time since last drank, something other than plain water"
NFHS-4 Household,shb52_10,"time since last drank, something other than plain water"
NFHS-4 Household,shb52_11,"time since last drank, something other than plain water"
NFHS-4 Household,shb52_12,"time since last drank, something other than plain water"
NFHS-4 Household,shb52_13,"time since last drank, something other than plain water"
NFHS-4 Household,shb52_14,"time since last drank, something other than plain water"
NFHS-4 Household,shb52_15,"time since last drank, something other than plain water"
NFHS-4 Household,shb52_16,"time since last drank, something other than plain water"
NFHS-4 Household,shb52_17,"time since last drank, something other than plain water"
NFHS-4 Household,shb52_18,"time since last drank, something other than plain water"
NFHS-4 Household,shb52_19,"time since last drank, something other than plain water"
NFHS-4 Household,shb52_20,"time since last drank, something other than plain water"
NFHS-4 Household,shb52_21,"time since last drank, something other than plain water"
NFHS-4 Household,shb52_22,"time since last drank, something other than plain water"
NFHS-4 Household,shb52_23,"time since last drank, something other than plain water"
NFHS-4 Household,shb52_24,"time since last drank, something other than plain water"
NFHS-4 Household,shb52_25,"time since last drank, something other than plain water"
NFHS-4 Household,shb52_26,"time since last drank, something other than plain water"
NFHS-4 Household,shb52_27,"time since last drank, something other than plain water"
NFHS-4 Household,shb52_28,"time since last drank, something other than plain water"
NFHS-4 Household,shb52_29,"time since last drank, something other than plain water"
NFHS-4 Household,shb52_30,"time since last drank, something other than plain water"
NFHS-4 Household,shb52_31,"time since last drank, something other than plain water"
NFHS-4 Household,shb52_32,"time since last drank, something other than plain water"
NFHS-4 Household,shb52_33,"time since last drank, something other than plain water"
NFHS-4 Household,shb52_34,"time since last drank, something other than plain water"
NFHS-4 Household,shb52_35,"time since last drank, something other than plain water"
NFHS-4 Household,shb52_36,"time since last drank, something other than plain water"
NFHS-4 Household,shb52_37,"time since last drank, something other than plain water"
NFHS-4 Household,shb52_38,"time since last drank, something other than plain water"
NFHS-4 Household,shb52_39,"time since last drank, something other than plain water"
NFHS-4 Household,shb52_40,"time since last drank, something other than plain water"
NFHS-4 Household,shb52_41,"time since last drank, something other than plain water"
NFHS-4 Household,shb69h_01,time of blood glucose reading: hour
NFHS-4 Household,shb69h_02,time of blood glucose reading: hour
NFHS-4 Household,shb69h_03,time of blood glucose reading: hour
NFHS-4 Household,shb69h_04,time of blood glucose reading: hour
NFHS-4 Household,shb69h_05,time of blood glucose reading: hour
NFHS-4 Household,shb69h_06,time of blood glucose reading: hour
NFHS-4 Household,shb69h_07,time of blood glucose reading: hour
NFHS-4 Household,shb69h_08,time of blood glucose reading: hour
NFHS-4 Household,shb69h_09,time of blood glucose reading: hour
NFHS-4 Household,shb69h_10,time of blood glucose reading: hour
NFHS-4 Household,shb69h_11,time of blood glucose reading: hour
NFHS-4 Household,shb69h_12,time of blood glucose reading: hour
NFHS-4 Household,shb69h_13,time of blood glucose reading: hour
NFHS-4 Household,shb69h_14,time of blood glucose reading: hour
NFHS-4 Household,shb69h_15,time of blood glucose reading: hour
NFHS-4 Household,shb69h_16,time of blood glucose reading: hour
NFHS-4 Household,shb69h_17,time of blood glucose reading: hour
NFHS-4 Household,shb69h_18,time of blood glucose reading: hour
NFHS-4 Household,shb69h_19,time of blood glucose reading: hour
NFHS-4 Household,shb69h_20,time of blood glucose reading: hour
NFHS-4 Household,shb69h_21,time of blood glucose reading: hour
NFHS-4 Household,shb69h_22,time of blood glucose reading: hour
NFHS-4 Household,shb69h_23,time of blood glucose reading: hour
NFHS-4 Household,shb69h_24,time of blood glucose reading: hour
NFHS-4 Household,shb69h_25,time of blood glucose reading: hour
NFHS-4 Household,shb69h_26,time of blood glucose reading: hour
NFHS-4 Household,shb69h_27,time of blood glucose reading: hour
NFHS-4 Household,shb69h_28,time of blood glucose reading: hour
NFHS-4 Household,shb69h_29,time of blood glucose reading: hour
NFHS-4 Household,shb69h_30,time of blood glucose reading: hour
NFHS-4 Household,shb69h_31,time of blood glucose reading: hour
NFHS-4 Household,shb69h_32,time of blood glucose reading: hour
NFHS-4 Household,shb69h_33,time of blood glucose reading: hour
NFHS-4 Household,shb69h_34,time of blood glucose reading: hour
NFHS-4 Household,shb69h_35,time of blood glucose reading: hour
NFHS-4 Household,shb69h_36,time of blood glucose reading: hour
NFHS-4 Household,shb69h_37,time of blood glucose reading: hour
NFHS-4 Household,shb69h_38,time of blood glucose reading: hour
NFHS-4 Household,shb69h_39,time of blood glucose reading: hour
NFHS-4 Household,shb69h_40,time of blood glucose reading: hour
NFHS-4 Household,shb69h_41,time of blood glucose reading: hour
NFHS-4 Household,shb69m_01,time of blood glucose reading: minutes
NFHS-4 Household,shb69m_02,time of blood glucose reading: minutes
NFHS-4 Household,shb69m_03,time of blood glucose reading: minutes
NFHS-4 Household,shb69m_04,time of blood glucose reading: minutes
NFHS-4 Household,shb69m_05,time of blood glucose reading: minutes
NFHS-4 Household,shb69m_06,time of blood glucose reading: minutes
NFHS-4 Household,shb69m_07,time of blood glucose reading: minutes
NFHS-4 Household,shb69m_08,time of blood glucose reading: minutes
NFHS-4 Household,shb69m_09,time of blood glucose reading: minutes
NFHS-4 Household,shb69m_10,time of blood glucose reading: minutes
NFHS-4 Household,shb69m_11,time of blood glucose reading: minutes
NFHS-4 Household,shb69m_12,time of blood glucose reading: minutes
NFHS-4 Household,shb69m_13,time of blood glucose reading: minutes
NFHS-4 Household,shb69m_14,time of blood glucose reading: minutes
NFHS-4 Household,shb69m_15,time of blood glucose reading: minutes
NFHS-4 Household,shb69m_16,time of blood glucose reading: minutes
NFHS-4 Household,shb69m_17,time of blood glucose reading: minutes
NFHS-4 Household,shb69m_18,time of blood glucose reading: minutes
NFHS-4 Household,shb69m_19,time of blood glucose reading: minutes
NFHS-4 Household,shb69m_20,time of blood glucose reading: minutes
NFHS-4 Household,shb69m_21,time of blood glucose reading: minutes
NFHS-4 Household,shb69m_22,time of blood glucose reading: minutes
NFHS-4 Household,shb69m_23,time of blood glucose reading: minutes
NFHS-4 Household,shb69m_24,time of blood glucose reading: minutes
NFHS-4 Household,shb69m_25,time of blood glucose reading: minutes
NFHS-4 Household,shb69m_26,time of blood glucose reading: minutes
NFHS-4 Household,shb69m_27,time of blood glucose reading: minutes
NFHS-4 Household,shb69m_28,time of blood glucose reading: minutes
NFHS-4 Household,shb69m_29,time of blood glucose reading: minutes
NFHS-4 Household,shb69m_30,time of blood glucose reading: minutes
NFHS-4 Household,shb69m_31,time of blood glucose reading: minutes
NFHS-4 Household,shb69m_32,time of blood glucose reading: minutes
NFHS-4 Household,shb69m_33,time of blood glucose reading: minutes
NFHS-4 Household,shb69m_34,time of blood glucose reading: minutes
NFHS-4 Household,shb69m_35,time of blood glucose reading: minutes
NFHS-4 Household,shb69m_36,time of blood glucose reading: minutes
NFHS-4 Household,shb69m_37,time of blood glucose reading: minutes
NFHS-4 Household,shb69m_38,time of blood glucose reading: minutes
NFHS-4 Household,shb69m_39,time of blood glucose reading: minutes
NFHS-4 Household,shb69m_40,time of blood glucose reading: minutes
NFHS-4 Household,shb69m_41,time of blood glucose reading: minutes
NFHS-4 Household,shb70_01,glucose level
NFHS-4 Household,shb70_02,glucose level
NFHS-4 Household,shb70_03,glucose level
NFHS-4 Household,shb70_04,glucose level
NFHS-4 Household,shb70_05,glucose level
NFHS-4 Household,shb70_06,glucose level
NFHS-4 Household,shb70_07,glucose level
NFHS-4 Household,shb70_08,glucose level
NFHS-4 Household,shb70_09,glucose level
NFHS-4 Household,shb70_10,glucose level
NFHS-4 Household,shb70_11,glucose level
NFHS-4 Household,shb70_12,glucose level
NFHS-4 Household,shb70_13,glucose level
NFHS-4 Household,shb70_14,glucose level
NFHS-4 Household,shb70_15,glucose level
NFHS-4 Household,shb70_16,glucose level
NFHS-4 Household,shb70_17,glucose level
NFHS-4 Household,shb70_18,glucose level
NFHS-4 Household,shb70_19,glucose level
NFHS-4 Household,shb70_20,glucose level
NFHS-4 Household,shb70_21,glucose level
NFHS-4 Household,shb70_22,glucose level
NFHS-4 Household,shb70_23,glucose level
NFHS-4 Household,shb70_24,glucose level
NFHS-4 Household,shb70_25,glucose level
NFHS-4 Household,shb70_26,glucose level
NFHS-4 Household,shb70_27,glucose level
NFHS-4 Household,shb70_28,glucose level
NFHS-4 Household,shb70_29,glucose level
NFHS-4 Household,shb70_30,glucose level
NFHS-4 Household,shb70_31,glucose level
NFHS-4 Household,shb70_32,glucose level
NFHS-4 Household,shb70_33,glucose level
NFHS-4 Household,shb70_34,glucose level
NFHS-4 Household,shb70_35,glucose level
NFHS-4 Household,shb70_36,glucose level
NFHS-4 Household,shb70_37,glucose level
NFHS-4 Household,shb70_38,glucose level
NFHS-4 Household,shb70_39,glucose level
NFHS-4 Household,shb70_40,glucose level
NFHS-4 Household,shb70_41,glucose level
NFHS-4 Household,shbsel_01,biomarker unit selection
NFHS-4 Household,shbsel_02,biomarker unit selection
NFHS-4 Household,shbsel_03,biomarker unit selection
NFHS-4 Household,shbsel_04,biomarker unit selection
NFHS-4 Household,shbsel_05,biomarker unit selection
NFHS-4 Household,shbsel_06,biomarker unit selection
NFHS-4 Household,shbsel_07,biomarker unit selection
NFHS-4 Household,shbsel_08,biomarker unit selection
NFHS-4 Household,shbsel_09,biomarker unit selection
NFHS-4 Household,shbsel_10,biomarker unit selection
NFHS-4 Household,shbsel_11,biomarker unit selection
NFHS-4 Household,shbsel_12,biomarker unit selection
NFHS-4 Household,shbsel_13,biomarker unit selection
NFHS-4 Household,shbsel_14,biomarker unit selection
NFHS-4 Household,shbsel_15,biomarker unit selection
NFHS-4 Household,shbsel_16,biomarker unit selection
NFHS-4 Household,shbsel_17,biomarker unit selection
NFHS-4 Household,shbsel_18,biomarker unit selection
NFHS-4 Household,shbsel_19,biomarker unit selection
NFHS-4 Household,shbsel_20,biomarker unit selection
NFHS-4 Household,shbsel_21,biomarker unit selection
NFHS-4 Household,shbsel_22,biomarker unit selection
NFHS-4 Household,shbsel_23,biomarker unit selection
NFHS-4 Household,shbsel_24,biomarker unit selection
NFHS-4 Household,shbsel_25,biomarker unit selection
NFHS-4 Household,shbsel_26,biomarker unit selection
NFHS-4 Household,shbsel_27,biomarker unit selection
NFHS-4 Household,shbsel_28,biomarker unit selection
NFHS-4 Household,shbsel_29,biomarker unit selection
NFHS-4 Household,shbsel_30,biomarker unit selection
NFHS-4 Household,shbsel_31,biomarker unit selection
NFHS-4 Household,shbsel_32,biomarker unit selection
NFHS-4 Household,shbsel_33,biomarker unit selection
NFHS-4 Household,shbsel_34,biomarker unit selection
NFHS-4 Household,shbsel_35,biomarker unit selection
NFHS-4 Household,shbsel_36,biomarker unit selection
NFHS-4 Household,shbsel_37,biomarker unit selection
NFHS-4 Household,shbsel_38,biomarker unit selection
NFHS-4 Household,shbsel_39,biomarker unit selection
NFHS-4 Household,shbsel_40,biomarker unit selection
NFHS-4 Household,shbsel_41,biomarker unit selection
NFHS-4 Household,sh21_01,main reason not attending school
NFHS-4 Household,sh21_02,main reason not attending school
NFHS-4 Household,sh21_03,main reason not attending school
NFHS-4 Household,sh21_04,main reason not attending school
NFHS-4 Household,sh21_05,main reason not attending school
NFHS-4 Household,sh21_06,main reason not attending school
NFHS-4 Household,sh21_07,main reason not attending school
NFHS-4 Household,sh21_08,main reason not attending school
NFHS-4 Household,sh21_09,main reason not attending school
NFHS-4 Household,sh21_10,main reason not attending school
NFHS-4 Household,sh21_11,main reason not attending school
NFHS-4 Household,sh21_12,main reason not attending school
NFHS-4 Household,sh21_13,main reason not attending school
NFHS-4 Household,sh21_14,main reason not attending school
NFHS-4 Household,sh21_15,main reason not attending school
NFHS-4 Household,sh21_16,main reason not attending school
NFHS-4 Household,sh21_17,main reason not attending school
NFHS-4 Household,sh21_18,main reason not attending school
NFHS-4 Household,sh21_19,main reason not attending school
NFHS-4 Household,sh21_20,main reason not attending school
NFHS-4 Household,sh21_21,main reason not attending school
NFHS-4 Household,sh21_22,main reason not attending school
NFHS-4 Household,sh21_23,main reason not attending school
NFHS-4 Household,sh21_24,main reason not attending school
NFHS-4 Household,sh21_25,main reason not attending school
NFHS-4 Household,sh21_26,main reason not attending school
NFHS-4 Household,sh21_27,main reason not attending school
NFHS-4 Household,sh21_28,main reason not attending school
NFHS-4 Household,sh21_29,main reason not attending school
NFHS-4 Household,sh21_30,main reason not attending school
NFHS-4 Household,sh21_31,main reason not attending school
NFHS-4 Household,sh21_32,main reason not attending school
NFHS-4 Household,sh21_33,main reason not attending school
NFHS-4 Household,sh21_34,main reason not attending school
NFHS-4 Household,sh21_35,main reason not attending school
NFHS-4 Household,sh21_36,main reason not attending school
NFHS-4 Household,sh21_37,main reason not attending school
NFHS-4 Household,sh21_38,main reason not attending school
NFHS-4 Household,sh21_39,main reason not attending school
NFHS-4 Household,sh21_40,main reason not attending school
NFHS-4 Household,sh21_41,main reason not attending school
NFHS-4 Household,shb10_01,read consent statement - blood pressure
NFHS-4 Household,shb10_02,read consent statement - blood pressure
NFHS-4 Household,shb10_03,read consent statement - blood pressure
NFHS-4 Household,shb10_04,read consent statement - blood pressure
NFHS-4 Household,shb10_05,read consent statement - blood pressure
NFHS-4 Household,shb10_06,read consent statement - blood pressure
NFHS-4 Household,shb10_07,read consent statement - blood pressure
NFHS-4 Household,shb10_08,read consent statement - blood pressure
NFHS-4 Household,shb10_09,read consent statement - blood pressure
NFHS-4 Household,shb10_10,read consent statement - blood pressure
NFHS-4 Household,shb10_11,read consent statement - blood pressure
NFHS-4 Household,shb10_12,read consent statement - blood pressure
NFHS-4 Household,shb10_13,read consent statement - blood pressure
NFHS-4 Household,shb10_14,read consent statement - blood pressure
NFHS-4 Household,shb10_15,read consent statement - blood pressure
NFHS-4 Household,shb10_16,read consent statement - blood pressure
NFHS-4 Household,shb10_17,read consent statement - blood pressure
NFHS-4 Household,shb10_18,read consent statement - blood pressure
NFHS-4 Household,shb10_19,read consent statement - blood pressure
NFHS-4 Household,shb10_20,read consent statement - blood pressure
NFHS-4 Household,shb10_21,read consent statement - blood pressure
NFHS-4 Household,shb10_22,read consent statement - blood pressure
NFHS-4 Household,shb10_23,read consent statement - blood pressure
NFHS-4 Household,shb10_24,read consent statement - blood pressure
NFHS-4 Household,shb10_25,read consent statement - blood pressure
NFHS-4 Household,shb10_26,read consent statement - blood pressure
NFHS-4 Household,shb10_27,read consent statement - blood pressure
NFHS-4 Household,shb10_28,read consent statement - blood pressure
NFHS-4 Household,shb10_29,read consent statement - blood pressure
NFHS-4 Household,shb10_30,read consent statement - blood pressure
NFHS-4 Household,shb10_31,read consent statement - blood pressure
NFHS-4 Household,shb10_32,read consent statement - blood pressure
NFHS-4 Household,shb10_33,read consent statement - blood pressure
NFHS-4 Household,shb10_34,read consent statement - blood pressure
NFHS-4 Household,shb10_35,read consent statement - blood pressure
NFHS-4 Household,shb10_36,read consent statement - blood pressure
NFHS-4 Household,shb10_37,read consent statement - blood pressure
NFHS-4 Household,shb10_38,read consent statement - blood pressure
NFHS-4 Household,shb10_39,read consent statement - blood pressure
NFHS-4 Household,shb10_40,read consent statement - blood pressure
NFHS-4 Household,shb10_41,read consent statement - blood pressure
NFHS-4 Household,shb20_01,read consent statement - blood glucose
NFHS-4 Household,shb20_02,read consent statement - blood glucose
NFHS-4 Household,shb20_03,read consent statement - blood glucose
NFHS-4 Household,shb20_04,read consent statement - blood glucose
NFHS-4 Household,shb20_05,read consent statement - blood glucose
NFHS-4 Household,shb20_06,read consent statement - blood glucose
NFHS-4 Household,shb20_07,read consent statement - blood glucose
NFHS-4 Household,shb20_08,read consent statement - blood glucose
NFHS-4 Household,shb20_09,read consent statement - blood glucose
NFHS-4 Household,shb20_10,read consent statement - blood glucose
NFHS-4 Household,shb20_11,read consent statement - blood glucose
NFHS-4 Household,shb20_12,read consent statement - blood glucose
NFHS-4 Household,shb20_13,read consent statement - blood glucose
NFHS-4 Household,shb20_14,read consent statement - blood glucose
NFHS-4 Household,shb20_15,read consent statement - blood glucose
NFHS-4 Household,shb20_16,read consent statement - blood glucose
NFHS-4 Household,shb20_17,read consent statement - blood glucose
NFHS-4 Household,shb20_18,read consent statement - blood glucose
NFHS-4 Household,shb20_19,read consent statement - blood glucose
NFHS-4 Household,shb20_20,read consent statement - blood glucose
NFHS-4 Household,shb20_21,read consent statement - blood glucose
NFHS-4 Household,shb20_22,read consent statement - blood glucose
NFHS-4 Household,shb20_23,read consent statement - blood glucose
NFHS-4 Household,shb20_24,read consent statement - blood glucose
NFHS-4 Household,shb20_25,read consent statement - blood glucose
NFHS-4 Household,shb20_26,read consent statement - blood glucose
NFHS-4 Household,shb20_27,read consent statement - blood glucose
NFHS-4 Household,shb20_28,read consent statement - blood glucose
NFHS-4 Household,shb20_29,read consent statement - blood glucose
NFHS-4 Household,shb20_30,read consent statement - blood glucose
NFHS-4 Household,shb20_31,read consent statement - blood glucose
NFHS-4 Household,shb20_32,read consent statement - blood glucose
NFHS-4 Household,shb20_33,read consent statement - blood glucose
NFHS-4 Household,shb20_34,read consent statement - blood glucose
NFHS-4 Household,shb20_35,read consent statement - blood glucose
NFHS-4 Household,shb20_36,read consent statement - blood glucose
NFHS-4 Household,shb20_37,read consent statement - blood glucose
NFHS-4 Household,shb20_38,read consent statement - blood glucose
NFHS-4 Household,shb20_39,read consent statement - blood glucose
NFHS-4 Household,shb20_40,read consent statement - blood glucose
NFHS-4 Household,shb20_41,read consent statement - blood glucose
NFHS-4 Household,shb21_01,consent given for second blood pressure reading
NFHS-4 Household,shb21_02,consent given for second blood pressure reading
NFHS-4 Household,shb21_03,consent given for second blood pressure reading
NFHS-4 Household,shb21_04,consent given for second blood pressure reading
NFHS-4 Household,shb21_05,consent given for second blood pressure reading
NFHS-4 Household,shb21_06,consent given for second blood pressure reading
NFHS-4 Household,shb21_07,consent given for second blood pressure reading
NFHS-4 Household,shb21_08,consent given for second blood pressure reading
NFHS-4 Household,shb21_09,consent given for second blood pressure reading
NFHS-4 Household,shb21_10,consent given for second blood pressure reading
NFHS-4 Household,shb21_11,consent given for second blood pressure reading
NFHS-4 Household,shb21_12,consent given for second blood pressure reading
NFHS-4 Household,shb21_13,consent given for second blood pressure reading
NFHS-4 Household,shb21_14,consent given for second blood pressure reading
NFHS-4 Household,shb21_15,consent given for second blood pressure reading
NFHS-4 Household,shb21_16,consent given for second blood pressure reading
NFHS-4 Household,shb21_17,consent given for second blood pressure reading
NFHS-4 Household,shb21_18,consent given for second blood pressure reading
NFHS-4 Household,shb21_19,consent given for second blood pressure reading
NFHS-4 Household,shb21_20,consent given for second blood pressure reading
NFHS-4 Household,shb21_21,consent given for second blood pressure reading
NFHS-4 Household,shb21_22,consent given for second blood pressure reading
NFHS-4 Household,shb21_23,consent given for second blood pressure reading
NFHS-4 Household,shb21_24,consent given for second blood pressure reading
NFHS-4 Household,shb21_25,consent given for second blood pressure reading
NFHS-4 Household,shb21_26,consent given for second blood pressure reading
NFHS-4 Household,shb21_27,consent given for second blood pressure reading
NFHS-4 Household,shb21_28,consent given for second blood pressure reading
NFHS-4 Household,shb21_29,consent given for second blood pressure reading
NFHS-4 Household,shb21_30,consent given for second blood pressure reading
NFHS-4 Household,shb21_31,consent given for second blood pressure reading
NFHS-4 Household,shb21_32,consent given for second blood pressure reading
NFHS-4 Household,shb21_33,consent given for second blood pressure reading
NFHS-4 Household,shb21_34,consent given for second blood pressure reading
NFHS-4 Household,shb21_35,consent given for second blood pressure reading
NFHS-4 Household,shb21_36,consent given for second blood pressure reading
NFHS-4 Household,shb21_37,consent given for second blood pressure reading
NFHS-4 Household,shb21_38,consent given for second blood pressure reading
NFHS-4 Household,shb21_39,consent given for second blood pressure reading
NFHS-4 Household,shb21_40,consent given for second blood pressure reading
NFHS-4 Household,shb21_41,consent given for second blood pressure reading
NFHS-4 Household,shb25_01,consent given for third blood pressure reading
NFHS-4 Household,shb25_02,consent given for third blood pressure reading
NFHS-4 Household,shb25_03,consent given for third blood pressure reading
NFHS-4 Household,shb25_04,consent given for third blood pressure reading
NFHS-4 Household,shb25_05,consent given for third blood pressure reading
NFHS-4 Household,shb25_06,consent given for third blood pressure reading
NFHS-4 Household,shb25_07,consent given for third blood pressure reading
NFHS-4 Household,shb25_08,consent given for third blood pressure reading
NFHS-4 Household,shb25_09,consent given for third blood pressure reading
NFHS-4 Household,shb25_10,consent given for third blood pressure reading
NFHS-4 Household,shb25_11,consent given for third blood pressure reading
NFHS-4 Household,shb25_12,consent given for third blood pressure reading
NFHS-4 Household,shb25_13,consent given for third blood pressure reading
NFHS-4 Household,shb25_14,consent given for third blood pressure reading
NFHS-4 Household,shb25_15,consent given for third blood pressure reading
NFHS-4 Household,shb25_16,consent given for third blood pressure reading
NFHS-4 Household,shb25_17,consent given for third blood pressure reading
NFHS-4 Household,shb25_18,consent given for third blood pressure reading
NFHS-4 Household,shb25_19,consent given for third blood pressure reading
NFHS-4 Household,shb25_20,consent given for third blood pressure reading
NFHS-4 Household,shb25_21,consent given for third blood pressure reading
NFHS-4 Household,shb25_22,consent given for third blood pressure reading
NFHS-4 Household,shb25_23,consent given for third blood pressure reading
NFHS-4 Household,shb25_24,consent given for third blood pressure reading
NFHS-4 Household,shb25_25,consent given for third blood pressure reading
NFHS-4 Household,shb25_26,consent given for third blood pressure reading
NFHS-4 Household,shb25_27,consent given for third blood pressure reading
NFHS-4 Household,shb25_28,consent given for third blood pressure reading
NFHS-4 Household,shb25_29,consent given for third blood pressure reading
NFHS-4 Household,shb25_30,consent given for third blood pressure reading
NFHS-4 Household,shb25_31,consent given for third blood pressure reading
NFHS-4 Household,shb25_32,consent given for third blood pressure reading
NFHS-4 Household,shb25_33,consent given for third blood pressure reading
NFHS-4 Household,shb25_34,consent given for third blood pressure reading
NFHS-4 Household,shb25_35,consent given for third blood pressure reading
NFHS-4 Household,shb25_36,consent given for third blood pressure reading
NFHS-4 Household,shb25_37,consent given for third blood pressure reading
NFHS-4 Household,shb25_38,consent given for third blood pressure reading
NFHS-4 Household,shb25_39,consent given for third blood pressure reading
NFHS-4 Household,shb25_40,consent given for third blood pressure reading
NFHS-4 Household,shb25_41,consent given for third blood pressure reading
NFHS-4 Household,ha0_01,index to household schedule
NFHS-4 Household,ha0_02,index to household schedule
NFHS-4 Household,ha0_03,index to household schedule
NFHS-4 Household,ha0_04,index to household schedule
NFHS-4 Household,ha0_05,index to household schedule
NFHS-4 Household,ha0_06,index to household schedule
NFHS-4 Household,ha0_07,index to household schedule
NFHS-4 Household,ha0_08,index to household schedule
NFHS-4 Household,ha0_09,index to household schedule
NFHS-4 Household,ha0_10,index to household schedule
NFHS-4 Household,ha0_11,index to household schedule
NFHS-4 Household,ha0_12,index to household schedule
NFHS-4 Household,ha1_01,woman's age in years
NFHS-4 Household,ha1_02,woman's age in years
NFHS-4 Household,ha1_03,woman's age in years
NFHS-4 Household,ha1_04,woman's age in years
NFHS-4 Household,ha1_05,woman's age in years
NFHS-4 Household,ha1_06,woman's age in years
NFHS-4 Household,ha1_07,woman's age in years
NFHS-4 Household,ha1_08,woman's age in years
NFHS-4 Household,ha1_09,woman's age in years
NFHS-4 Household,ha1_10,woman's age in years
NFHS-4 Household,ha1_11,woman's age in years
NFHS-4 Household,ha1_12,woman's age in years
NFHS-4 Household,ha2_01,woman's weight in kilograms (1 decimal)
NFHS-4 Household,ha2_02,woman's weight in kilograms (1 decimal)
NFHS-4 Household,ha2_03,woman's weight in kilograms (1 decimal)
NFHS-4 Household,ha2_04,woman's weight in kilograms (1 decimal)
NFHS-4 Household,ha2_05,woman's weight in kilograms (1 decimal)
NFHS-4 Household,ha2_06,woman's weight in kilograms (1 decimal)
NFHS-4 Household,ha2_07,woman's weight in kilograms (1 decimal)
NFHS-4 Household,ha2_08,woman's weight in kilograms (1 decimal)
NFHS-4 Household,ha2_09,woman's weight in kilograms (1 decimal)
NFHS-4 Household,ha2_10,woman's weight in kilograms (1 decimal)
NFHS-4 Household,ha2_11,woman's weight in kilograms (1 decimal)
NFHS-4 Household,ha2_12,woman's weight in kilograms (1 decimal)
NFHS-4 Household,ha3_01,woman's height in centimeters (1 decimal)
NFHS-4 Household,ha3_02,woman's height in centimeters (1 decimal)
NFHS-4 Household,ha3_03,woman's height in centimeters (1 decimal)
NFHS-4 Household,ha3_04,woman's height in centimeters (1 decimal)
NFHS-4 Household,ha3_05,woman's height in centimeters (1 decimal)
NFHS-4 Household,ha3_06,woman's height in centimeters (1 decimal)
NFHS-4 Household,ha3_07,woman's height in centimeters (1 decimal)
NFHS-4 Household,ha3_08,woman's height in centimeters (1 decimal)
NFHS-4 Household,ha3_09,woman's height in centimeters (1 decimal)
NFHS-4 Household,ha3_10,woman's height in centimeters (1 decimal)
NFHS-4 Household,ha3_11,woman's height in centimeters (1 decimal)
NFHS-4 Household,ha3_12,woman's height in centimeters (1 decimal)
NFHS-4 Household,ha4_01,height/age percentile
NFHS-4 Household,ha4_02,height/age percentile
NFHS-4 Household,ha4_03,height/age percentile
NFHS-4 Household,ha4_04,height/age percentile
NFHS-4 Household,ha4_05,height/age percentile
NFHS-4 Household,ha4_06,height/age percentile
NFHS-4 Household,ha4_07,height/age percentile
NFHS-4 Household,ha4_08,height/age percentile
NFHS-4 Household,ha4_09,height/age percentile
NFHS-4 Household,ha4_10,height/age percentile
NFHS-4 Household,ha4_11,height/age percentile
NFHS-4 Household,ha4_12,height/age percentile
NFHS-4 Household,ha5_01,height/age standard deviation
NFHS-4 Household,ha5_02,height/age standard deviation
NFHS-4 Household,ha5_03,height/age standard deviation
NFHS-4 Household,ha5_04,height/age standard deviation
NFHS-4 Household,ha5_05,height/age standard deviation
NFHS-4 Household,ha5_06,height/age standard deviation
NFHS-4 Household,ha5_07,height/age standard deviation
NFHS-4 Household,ha5_08,height/age standard deviation
NFHS-4 Household,ha5_09,height/age standard deviation
NFHS-4 Household,ha5_10,height/age standard deviation
NFHS-4 Household,ha5_11,height/age standard deviation
NFHS-4 Household,ha5_12,height/age standard deviation
NFHS-4 Household,ha6_01,height/age percent ref. median
NFHS-4 Household,ha6_02,height/age percent ref. median
NFHS-4 Household,ha6_03,height/age percent ref. median
NFHS-4 Household,ha6_04,height/age percent ref. median
NFHS-4 Household,ha6_05,height/age percent ref. median
NFHS-4 Household,ha6_06,height/age percent ref. median
NFHS-4 Household,ha6_07,height/age percent ref. median
NFHS-4 Household,ha6_08,height/age percent ref. median
NFHS-4 Household,ha6_09,height/age percent ref. median
NFHS-4 Household,ha6_10,height/age percent ref. median
NFHS-4 Household,ha6_11,height/age percent ref. median
NFHS-4 Household,ha6_12,height/age percent ref. median
NFHS-4 Household,ha11_01,weight/height standard deviation (dhs)
NFHS-4 Household,ha11_02,weight/height standard deviation (dhs)
NFHS-4 Household,ha11_03,weight/height standard deviation (dhs)
NFHS-4 Household,ha11_04,weight/height standard deviation (dhs)
NFHS-4 Household,ha11_05,weight/height standard deviation (dhs)
NFHS-4 Household,ha11_06,weight/height standard deviation (dhs)
NFHS-4 Household,ha11_07,weight/height standard deviation (dhs)
NFHS-4 Household,ha11_08,weight/height standard deviation (dhs)
NFHS-4 Household,ha11_09,weight/height standard deviation (dhs)
NFHS-4 Household,ha11_10,weight/height standard deviation (dhs)
NFHS-4 Household,ha11_11,weight/height standard deviation (dhs)
NFHS-4 Household,ha11_12,weight/height standard deviation (dhs)
NFHS-4 Household,ha12_01,weight/height percent ref. median (dhs)
NFHS-4 Household,ha12_02,weight/height percent ref. median (dhs)
NFHS-4 Household,ha12_03,weight/height percent ref. median (dhs)
NFHS-4 Household,ha12_04,weight/height percent ref. median (dhs)
NFHS-4 Household,ha12_05,weight/height percent ref. median (dhs)
NFHS-4 Household,ha12_06,weight/height percent ref. median (dhs)
NFHS-4 Household,ha12_07,weight/height percent ref. median (dhs)
NFHS-4 Household,ha12_08,weight/height percent ref. median (dhs)
NFHS-4 Household,ha12_09,weight/height percent ref. median (dhs)
NFHS-4 Household,ha12_10,weight/height percent ref. median (dhs)
NFHS-4 Household,ha12_11,weight/height percent ref. median (dhs)
NFHS-4 Household,ha12_12,weight/height percent ref. median (dhs)
NFHS-4 Household,ha12a_01,weight/height percent ref. median (fog)
NFHS-4 Household,ha12a_02,weight/height percent ref. median (fog)
NFHS-4 Household,ha12a_03,weight/height percent ref. median (fog)
NFHS-4 Household,ha12a_04,weight/height percent ref. median (fog)
NFHS-4 Household,ha12a_05,weight/height percent ref. median (fog)
NFHS-4 Household,ha12a_06,weight/height percent ref. median (fog)
NFHS-4 Household,ha12a_07,weight/height percent ref. median (fog)
NFHS-4 Household,ha12a_08,weight/height percent ref. median (fog)
NFHS-4 Household,ha12a_09,weight/height percent ref. median (fog)
NFHS-4 Household,ha12a_10,weight/height percent ref. median (fog)
NFHS-4 Household,ha12a_11,weight/height percent ref. median (fog)
NFHS-4 Household,ha12a_12,weight/height percent ref. median (fog)
NFHS-4 Household,ha12b_01,weight/height percent ref. median (who)
NFHS-4 Household,ha12b_02,weight/height percent ref. median (who)
NFHS-4 Household,ha12b_03,weight/height percent ref. median (who)
NFHS-4 Household,ha12b_04,weight/height percent ref. median (who)
NFHS-4 Household,ha12b_05,weight/height percent ref. median (who)
NFHS-4 Household,ha12b_06,weight/height percent ref. median (who)
NFHS-4 Household,ha12b_07,weight/height percent ref. median (who)
NFHS-4 Household,ha12b_08,weight/height percent ref. median (who)
NFHS-4 Household,ha12b_09,weight/height percent ref. median (who)
NFHS-4 Household,ha12b_10,weight/height percent ref. median (who)
NFHS-4 Household,ha12b_11,weight/height percent ref. median (who)
NFHS-4 Household,ha12b_12,weight/height percent ref. median (who)
NFHS-4 Household,ha13_01,result of measurement - height/weight
NFHS-4 Household,ha13_02,result of measurement - height/weight
NFHS-4 Household,ha13_03,result of measurement - height/weight
NFHS-4 Household,ha13_04,result of measurement - height/weight
NFHS-4 Household,ha13_05,result of measurement - height/weight
NFHS-4 Household,ha13_06,result of measurement - height/weight
NFHS-4 Household,ha13_07,result of measurement - height/weight
NFHS-4 Household,ha13_08,result of measurement - height/weight
NFHS-4 Household,ha13_09,result of measurement - height/weight
NFHS-4 Household,ha13_10,result of measurement - height/weight
NFHS-4 Household,ha13_11,result of measurement - height/weight
NFHS-4 Household,ha13_12,result of measurement - height/weight
NFHS-4 Household,ha32_01,date of birth (cmc)
NFHS-4 Household,ha32_02,date of birth (cmc)
NFHS-4 Household,ha32_03,date of birth (cmc)
NFHS-4 Household,ha32_04,date of birth (cmc)
NFHS-4 Household,ha32_05,date of birth (cmc)
NFHS-4 Household,ha32_06,date of birth (cmc)
NFHS-4 Household,ha32_07,date of birth (cmc)
NFHS-4 Household,ha32_08,date of birth (cmc)
NFHS-4 Household,ha32_09,date of birth (cmc)
NFHS-4 Household,ha32_10,date of birth (cmc)
NFHS-4 Household,ha32_11,date of birth (cmc)
NFHS-4 Household,ha32_12,date of birth (cmc)
NFHS-4 Household,ha33_01,completeness of ha32 information
NFHS-4 Household,ha33_02,completeness of ha32 information
NFHS-4 Household,ha33_03,completeness of ha32 information
NFHS-4 Household,ha33_04,completeness of ha32 information
NFHS-4 Household,ha33_05,completeness of ha32 information
NFHS-4 Household,ha33_06,completeness of ha32 information
NFHS-4 Household,ha33_07,completeness of ha32 information
NFHS-4 Household,ha33_08,completeness of ha32 information
NFHS-4 Household,ha33_09,completeness of ha32 information
NFHS-4 Household,ha33_10,completeness of ha32 information
NFHS-4 Household,ha33_11,completeness of ha32 information
NFHS-4 Household,ha33_12,completeness of ha32 information
NFHS-4 Household,ha35_01,smoking (cigarettes in last 24 hours)
NFHS-4 Household,ha35_02,smoking (cigarettes in last 24 hours)
NFHS-4 Household,ha35_03,smoking (cigarettes in last 24 hours)
NFHS-4 Household,ha35_04,smoking (cigarettes in last 24 hours)
NFHS-4 Household,ha35_05,smoking (cigarettes in last 24 hours)
NFHS-4 Household,ha35_06,smoking (cigarettes in last 24 hours)
NFHS-4 Household,ha35_07,smoking (cigarettes in last 24 hours)
NFHS-4 Household,ha35_08,smoking (cigarettes in last 24 hours)
NFHS-4 Household,ha35_09,smoking (cigarettes in last 24 hours)
NFHS-4 Household,ha35_10,smoking (cigarettes in last 24 hours)
NFHS-4 Household,ha35_11,smoking (cigarettes in last 24 hours)
NFHS-4 Household,ha35_12,smoking (cigarettes in last 24 hours)
NFHS-4 Household,ha40_01,body mass index
NFHS-4 Household,ha40_02,body mass index
NFHS-4 Household,ha40_03,body mass index
NFHS-4 Household,ha40_04,body mass index
NFHS-4 Household,ha40_05,body mass index
NFHS-4 Household,ha40_06,body mass index
NFHS-4 Household,ha40_07,body mass index
NFHS-4 Household,ha40_08,body mass index
NFHS-4 Household,ha40_09,body mass index
NFHS-4 Household,ha40_10,body mass index
NFHS-4 Household,ha40_11,body mass index
NFHS-4 Household,ha40_12,body mass index
NFHS-4 Household,ha41_01,rohrer's index
NFHS-4 Household,ha41_02,rohrer's index
NFHS-4 Household,ha41_03,rohrer's index
NFHS-4 Household,ha41_04,rohrer's index
NFHS-4 Household,ha41_05,rohrer's index
NFHS-4 Household,ha41_06,rohrer's index
NFHS-4 Household,ha41_07,rohrer's index
NFHS-4 Household,ha41_08,rohrer's index
NFHS-4 Household,ha41_09,rohrer's index
NFHS-4 Household,ha41_10,rohrer's index
NFHS-4 Household,ha41_11,rohrer's index
NFHS-4 Household,ha41_12,rohrer's index
NFHS-4 Household,ha50_01,under age 18
NFHS-4 Household,ha50_02,under age 18
NFHS-4 Household,ha50_03,under age 18
NFHS-4 Household,ha50_04,under age 18
NFHS-4 Household,ha50_05,under age 18
NFHS-4 Household,ha50_06,under age 18
NFHS-4 Household,ha50_07,under age 18
NFHS-4 Household,ha50_08,under age 18
NFHS-4 Household,ha50_09,under age 18
NFHS-4 Household,ha50_10,under age 18
NFHS-4 Household,ha50_11,under age 18
NFHS-4 Household,ha50_12,under age 18
NFHS-4 Household,ha51_01,line number of parent/caretaker
NFHS-4 Household,ha51_02,line number of parent/caretaker
NFHS-4 Household,ha51_03,line number of parent/caretaker
NFHS-4 Household,ha51_04,line number of parent/caretaker
NFHS-4 Household,ha51_05,line number of parent/caretaker
NFHS-4 Household,ha51_06,line number of parent/caretaker
NFHS-4 Household,ha51_07,line number of parent/caretaker
NFHS-4 Household,ha51_08,line number of parent/caretaker
NFHS-4 Household,ha51_09,line number of parent/caretaker
NFHS-4 Household,ha51_10,line number of parent/caretaker
NFHS-4 Household,ha51_11,line number of parent/caretaker
NFHS-4 Household,ha51_12,line number of parent/caretaker
NFHS-4 Household,ha52_01,read consent statement - hemoglobin
NFHS-4 Household,ha52_02,read consent statement - hemoglobin
NFHS-4 Household,ha52_03,read consent statement - hemoglobin
NFHS-4 Household,ha52_04,read consent statement - hemoglobin
NFHS-4 Household,ha52_05,read consent statement - hemoglobin
NFHS-4 Household,ha52_06,read consent statement - hemoglobin
NFHS-4 Household,ha52_07,read consent statement - hemoglobin
NFHS-4 Household,ha52_08,read consent statement - hemoglobin
NFHS-4 Household,ha52_09,read consent statement - hemoglobin
NFHS-4 Household,ha52_10,read consent statement - hemoglobin
NFHS-4 Household,ha52_11,read consent statement - hemoglobin
NFHS-4 Household,ha52_12,read consent statement - hemoglobin
NFHS-4 Household,ha53_01,hemoglobin level (g/dl - 1 decimal)
NFHS-4 Household,ha53_02,hemoglobin level (g/dl - 1 decimal)
NFHS-4 Household,ha53_03,hemoglobin level (g/dl - 1 decimal)
NFHS-4 Household,ha53_04,hemoglobin level (g/dl - 1 decimal)
NFHS-4 Household,ha53_05,hemoglobin level (g/dl - 1 decimal)
NFHS-4 Household,ha53_06,hemoglobin level (g/dl - 1 decimal)
NFHS-4 Household,ha53_07,hemoglobin level (g/dl - 1 decimal)
NFHS-4 Household,ha53_08,hemoglobin level (g/dl - 1 decimal)
NFHS-4 Household,ha53_09,hemoglobin level (g/dl - 1 decimal)
NFHS-4 Household,ha53_10,hemoglobin level (g/dl - 1 decimal)
NFHS-4 Household,ha53_11,hemoglobin level (g/dl - 1 decimal)
NFHS-4 Household,ha53_12,hemoglobin level (g/dl - 1 decimal)
NFHS-4 Household,ha54_01,currently pregnant
NFHS-4 Household,ha54_02,currently pregnant
NFHS-4 Household,ha54_03,currently pregnant
NFHS-4 Household,ha54_04,currently pregnant
NFHS-4 Household,ha54_05,currently pregnant
NFHS-4 Household,ha54_06,currently pregnant
NFHS-4 Household,ha54_07,currently pregnant
NFHS-4 Household,ha54_08,currently pregnant
NFHS-4 Household,ha54_09,currently pregnant
NFHS-4 Household,ha54_10,currently pregnant
NFHS-4 Household,ha54_11,currently pregnant
NFHS-4 Household,ha54_12,currently pregnant
NFHS-4 Household,ha55_01,result of measurement - hemoglobin
NFHS-4 Household,ha55_02,result of measurement - hemoglobin
NFHS-4 Household,ha55_03,result of measurement - hemoglobin
NFHS-4 Household,ha55_04,result of measurement - hemoglobin
NFHS-4 Household,ha55_05,result of measurement - hemoglobin
NFHS-4 Household,ha55_06,result of measurement - hemoglobin
NFHS-4 Household,ha55_07,result of measurement - hemoglobin
NFHS-4 Household,ha55_08,result of measurement - hemoglobin
NFHS-4 Household,ha55_09,result of measurement - hemoglobin
NFHS-4 Household,ha55_10,result of measurement - hemoglobin
NFHS-4 Household,ha55_11,result of measurement - hemoglobin
NFHS-4 Household,ha55_12,result of measurement - hemoglobin
NFHS-4 Household,ha56_01,hemoglobin level adjusted for altitude and smoking (g/dl - 1 decimal)
NFHS-4 Household,ha56_02,hemoglobin level adjusted for altitude and smoking (g/dl - 1 decimal)
NFHS-4 Household,ha56_03,hemoglobin level adjusted for altitude and smoking (g/dl - 1 decimal)
NFHS-4 Household,ha56_04,hemoglobin level adjusted for altitude and smoking (g/dl - 1 decimal)
NFHS-4 Household,ha56_05,hemoglobin level adjusted for altitude and smoking (g/dl - 1 decimal)
NFHS-4 Household,ha56_06,hemoglobin level adjusted for altitude and smoking (g/dl - 1 decimal)
NFHS-4 Household,ha56_07,hemoglobin level adjusted for altitude and smoking (g/dl - 1 decimal)
NFHS-4 Household,ha56_08,hemoglobin level adjusted for altitude and smoking (g/dl - 1 decimal)
NFHS-4 Household,ha56_09,hemoglobin level adjusted for altitude and smoking (g/dl - 1 decimal)
NFHS-4 Household,ha56_10,hemoglobin level adjusted for altitude and smoking (g/dl - 1 decimal)
NFHS-4 Household,ha56_11,hemoglobin level adjusted for altitude and smoking (g/dl - 1 decimal)
NFHS-4 Household,ha56_12,hemoglobin level adjusted for altitude and smoking (g/dl - 1 decimal)
NFHS-4 Household,ha57_01,anemia level
NFHS-4 Household,ha57_02,anemia level
NFHS-4 Household,ha57_03,anemia level
NFHS-4 Household,ha57_04,anemia level
NFHS-4 Household,ha57_05,anemia level
NFHS-4 Household,ha57_06,anemia level
NFHS-4 Household,ha57_07,anemia level
NFHS-4 Household,ha57_08,anemia level
NFHS-4 Household,ha57_09,anemia level
NFHS-4 Household,ha57_10,anemia level
NFHS-4 Household,ha57_11,anemia level
NFHS-4 Household,ha57_12,anemia level
NFHS-4 Household,ha58_01,na - agrees to referral - anemia
NFHS-4 Household,ha58_02,na - agrees to referral - anemia
NFHS-4 Household,ha58_03,na - agrees to referral - anemia
NFHS-4 Household,ha58_04,na - agrees to referral - anemia
NFHS-4 Household,ha58_05,na - agrees to referral - anemia
NFHS-4 Household,ha58_06,na - agrees to referral - anemia
NFHS-4 Household,ha58_07,na - agrees to referral - anemia
NFHS-4 Household,ha58_08,na - agrees to referral - anemia
NFHS-4 Household,ha58_09,na - agrees to referral - anemia
NFHS-4 Household,ha58_10,na - agrees to referral - anemia
NFHS-4 Household,ha58_11,na - agrees to referral - anemia
NFHS-4 Household,ha58_12,na - agrees to referral - anemia
NFHS-4 Household,ha60_01,marital status
NFHS-4 Household,ha60_02,marital status
NFHS-4 Household,ha60_03,marital status
NFHS-4 Household,ha60_04,marital status
NFHS-4 Household,ha60_05,marital status
NFHS-4 Household,ha60_06,marital status
NFHS-4 Household,ha60_07,marital status
NFHS-4 Household,ha60_08,marital status
NFHS-4 Household,ha60_09,marital status
NFHS-4 Household,ha60_10,marital status
NFHS-4 Household,ha60_11,marital status
NFHS-4 Household,ha60_12,marital status
NFHS-4 Household,ha61_01,read consent statement - hiv
NFHS-4 Household,ha61_02,read consent statement - hiv
NFHS-4 Household,ha61_03,read consent statement - hiv
NFHS-4 Household,ha61_04,read consent statement - hiv
NFHS-4 Household,ha61_05,read consent statement - hiv
NFHS-4 Household,ha61_06,read consent statement - hiv
NFHS-4 Household,ha61_07,read consent statement - hiv
NFHS-4 Household,ha61_08,read consent statement - hiv
NFHS-4 Household,ha61_09,read consent statement - hiv
NFHS-4 Household,ha61_10,read consent statement - hiv
NFHS-4 Household,ha61_11,read consent statement - hiv
NFHS-4 Household,ha61_12,read consent statement - hiv
NFHS-4 Household,ha62_01,bar code for hiv blood sample
NFHS-4 Household,ha62_02,bar code for hiv blood sample
NFHS-4 Household,ha62_03,bar code for hiv blood sample
NFHS-4 Household,ha62_04,bar code for hiv blood sample
NFHS-4 Household,ha62_05,bar code for hiv blood sample
NFHS-4 Household,ha62_06,bar code for hiv blood sample
NFHS-4 Household,ha62_07,bar code for hiv blood sample
NFHS-4 Household,ha62_08,bar code for hiv blood sample
NFHS-4 Household,ha62_09,bar code for hiv blood sample
NFHS-4 Household,ha62_10,bar code for hiv blood sample
NFHS-4 Household,ha62_11,bar code for hiv blood sample
NFHS-4 Household,ha62_12,bar code for hiv blood sample
NFHS-4 Household,ha63_01,result of measurement - hiv
NFHS-4 Household,ha63_02,result of measurement - hiv
NFHS-4 Household,ha63_03,result of measurement - hiv
NFHS-4 Household,ha63_04,result of measurement - hiv
NFHS-4 Household,ha63_05,result of measurement - hiv
NFHS-4 Household,ha63_06,result of measurement - hiv
NFHS-4 Household,ha63_07,result of measurement - hiv
NFHS-4 Household,ha63_08,result of measurement - hiv
NFHS-4 Household,ha63_09,result of measurement - hiv
NFHS-4 Household,ha63_10,result of measurement - hiv
NFHS-4 Household,ha63_11,result of measurement - hiv
NFHS-4 Household,ha63_12,result of measurement - hiv
NFHS-4 Household,ha64_01,consent for additional tests
NFHS-4 Household,ha64_02,consent for additional tests
NFHS-4 Household,ha64_03,consent for additional tests
NFHS-4 Household,ha64_04,consent for additional tests
NFHS-4 Household,ha64_05,consent for additional tests
NFHS-4 Household,ha64_06,consent for additional tests
NFHS-4 Household,ha64_07,consent for additional tests
NFHS-4 Household,ha64_08,consent for additional tests
NFHS-4 Household,ha64_09,consent for additional tests
NFHS-4 Household,ha64_10,consent for additional tests
NFHS-4 Household,ha64_11,consent for additional tests
NFHS-4 Household,ha64_12,consent for additional tests
NFHS-4 Household,ha65_01,result of woman's individual interview
NFHS-4 Household,ha65_02,result of woman's individual interview
NFHS-4 Household,ha65_03,result of woman's individual interview
NFHS-4 Household,ha65_04,result of woman's individual interview
NFHS-4 Household,ha65_05,result of woman's individual interview
NFHS-4 Household,ha65_06,result of woman's individual interview
NFHS-4 Household,ha65_07,result of woman's individual interview
NFHS-4 Household,ha65_08,result of woman's individual interview
NFHS-4 Household,ha65_09,result of woman's individual interview
NFHS-4 Household,ha65_10,result of woman's individual interview
NFHS-4 Household,ha65_11,result of woman's individual interview
NFHS-4 Household,ha65_12,result of woman's individual interview
NFHS-4 Household,ha66_01,woman's highest educational level
NFHS-4 Household,ha66_02,woman's highest educational level
NFHS-4 Household,ha66_03,woman's highest educational level
NFHS-4 Household,ha66_04,woman's highest educational level
NFHS-4 Household,ha66_05,woman's highest educational level
NFHS-4 Household,ha66_06,woman's highest educational level
NFHS-4 Household,ha66_07,woman's highest educational level
NFHS-4 Household,ha66_08,woman's highest educational level
NFHS-4 Household,ha66_09,woman's highest educational level
NFHS-4 Household,ha66_10,woman's highest educational level
NFHS-4 Household,ha66_11,woman's highest educational level
NFHS-4 Household,ha66_12,woman's highest educational level
NFHS-4 Household,ha67_01,woman's highest year of education
NFHS-4 Household,ha67_02,woman's highest year of education
NFHS-4 Household,ha67_03,woman's highest year of education
NFHS-4 Household,ha67_04,woman's highest year of education
NFHS-4 Household,ha67_05,woman's highest year of education
NFHS-4 Household,ha67_06,woman's highest year of education
NFHS-4 Household,ha67_07,woman's highest year of education
NFHS-4 Household,ha67_08,woman's highest year of education
NFHS-4 Household,ha67_09,woman's highest year of education
NFHS-4 Household,ha67_10,woman's highest year of education
NFHS-4 Household,ha67_11,woman's highest year of education
NFHS-4 Household,ha67_12,woman's highest year of education
NFHS-4 Household,ha68_01,woman's highest educational level (for preliminary and final report)
NFHS-4 Household,ha68_02,woman's highest educational level (for preliminary and final report)
NFHS-4 Household,ha68_03,woman's highest educational level (for preliminary and final report)
NFHS-4 Household,ha68_04,woman's highest educational level (for preliminary and final report)
NFHS-4 Household,ha68_05,woman's highest educational level (for preliminary and final report)
NFHS-4 Household,ha68_06,woman's highest educational level (for preliminary and final report)
NFHS-4 Household,ha68_07,woman's highest educational level (for preliminary and final report)
NFHS-4 Household,ha68_08,woman's highest educational level (for preliminary and final report)
NFHS-4 Household,ha68_09,woman's highest educational level (for preliminary and final report)
NFHS-4 Household,ha68_10,woman's highest educational level (for preliminary and final report)
NFHS-4 Household,ha68_11,woman's highest educational level (for preliminary and final report)
NFHS-4 Household,ha68_12,woman's highest educational level (for preliminary and final report)
NFHS-4 Household,ha69_01,hiv weight (6 decimals)
NFHS-4 Household,ha69_02,hiv weight (6 decimals)
NFHS-4 Household,ha69_03,hiv weight (6 decimals)
NFHS-4 Household,ha69_04,hiv weight (6 decimals)
NFHS-4 Household,ha69_05,hiv weight (6 decimals)
NFHS-4 Household,ha69_06,hiv weight (6 decimals)
NFHS-4 Household,ha69_07,hiv weight (6 decimals)
NFHS-4 Household,ha69_08,hiv weight (6 decimals)
NFHS-4 Household,ha69_09,hiv weight (6 decimals)
NFHS-4 Household,ha69_10,hiv weight (6 decimals)
NFHS-4 Household,ha69_11,hiv weight (6 decimals)
NFHS-4 Household,ha69_12,hiv weight (6 decimals)
NFHS-4 Household,ha70_01,na - interviewer that took blood for hiv testing
NFHS-4 Household,ha70_02,na - interviewer that took blood for hiv testing
NFHS-4 Household,ha70_03,na - interviewer that took blood for hiv testing
NFHS-4 Household,ha70_04,na - interviewer that took blood for hiv testing
NFHS-4 Household,ha70_05,na - interviewer that took blood for hiv testing
NFHS-4 Household,ha70_06,na - interviewer that took blood for hiv testing
NFHS-4 Household,ha70_07,na - interviewer that took blood for hiv testing
NFHS-4 Household,ha70_08,na - interviewer that took blood for hiv testing
NFHS-4 Household,ha70_09,na - interviewer that took blood for hiv testing
NFHS-4 Household,ha70_10,na - interviewer that took blood for hiv testing
NFHS-4 Household,ha70_11,na - interviewer that took blood for hiv testing
NFHS-4 Household,ha70_12,na - interviewer that took blood for hiv testing
NFHS-4 Household,hc0_1,index to household schedule
NFHS-4 Household,hc0_2,index to household schedule
NFHS-4 Household,hc0_3,index to household schedule
NFHS-4 Household,hc0_4,index to household schedule
NFHS-4 Household,hc0_5,index to household schedule
NFHS-4 Household,hc0_6,index to household schedule
NFHS-4 Household,hc0_7,index to household schedule
NFHS-4 Household,hc0_8,index to household schedule
NFHS-4 Household,hc0_9,index to household schedule
NFHS-4 Household,hc1_1,child's age in months
NFHS-4 Household,hc1_2,child's age in months
NFHS-4 Household,hc1_3,child's age in months
NFHS-4 Household,hc1_4,child's age in months
NFHS-4 Household,hc1_5,child's age in months
NFHS-4 Household,hc1_6,child's age in months
NFHS-4 Household,hc1_7,child's age in months
NFHS-4 Household,hc1_8,child's age in months
NFHS-4 Household,hc1_9,child's age in months
NFHS-4 Household,hc2_1,child's weight in kilograms (1 decimal)
NFHS-4 Household,hc2_2,child's weight in kilograms (1 decimal)
NFHS-4 Household,hc2_3,child's weight in kilograms (1 decimal)
NFHS-4 Household,hc2_4,child's weight in kilograms (1 decimal)
NFHS-4 Household,hc2_5,child's weight in kilograms (1 decimal)
NFHS-4 Household,hc2_6,child's weight in kilograms (1 decimal)
NFHS-4 Household,hc2_7,child's weight in kilograms (1 decimal)
NFHS-4 Household,hc2_8,child's weight in kilograms (1 decimal)
NFHS-4 Household,hc2_9,child's weight in kilograms (1 decimal)
NFHS-4 Household,hc3_1,child's height in centimeters (1 decimal)
NFHS-4 Household,hc3_2,child's height in centimeters (1 decimal)
NFHS-4 Household,hc3_3,child's height in centimeters (1 decimal)
NFHS-4 Household,hc3_4,child's height in centimeters (1 decimal)
NFHS-4 Household,hc3_5,child's height in centimeters (1 decimal)
NFHS-4 Household,hc3_6,child's height in centimeters (1 decimal)
NFHS-4 Household,hc3_7,child's height in centimeters (1 decimal)
NFHS-4 Household,hc3_8,child's height in centimeters (1 decimal)
NFHS-4 Household,hc3_9,child's height in centimeters (1 decimal)
NFHS-4 Household,hc4_1,height/age percentile
NFHS-4 Household,hc4_2,height/age percentile
NFHS-4 Household,hc4_3,height/age percentile
NFHS-4 Household,hc4_4,height/age percentile
NFHS-4 Household,hc4_5,height/age percentile
NFHS-4 Household,hc4_6,height/age percentile
NFHS-4 Household,hc4_7,height/age percentile
NFHS-4 Household,hc4_8,height/age percentile
NFHS-4 Household,hc4_9,height/age percentile
NFHS-4 Household,hc5_1,height/age standard deviation
NFHS-4 Household,hc5_2,height/age standard deviation
NFHS-4 Household,hc5_3,height/age standard deviation
NFHS-4 Household,hc5_4,height/age standard deviation
NFHS-4 Household,hc5_5,height/age standard deviation
NFHS-4 Household,hc5_6,height/age standard deviation
NFHS-4 Household,hc5_7,height/age standard deviation
NFHS-4 Household,hc5_8,height/age standard deviation
NFHS-4 Household,hc5_9,height/age standard deviation
NFHS-4 Household,hc6_1,height/age percent of ref. median
NFHS-4 Household,hc6_2,height/age percent of ref. median
NFHS-4 Household,hc6_3,height/age percent of ref. median
NFHS-4 Household,hc6_4,height/age percent of ref. median
NFHS-4 Household,hc6_5,height/age percent of ref. median
NFHS-4 Household,hc6_6,height/age percent of ref. median
NFHS-4 Household,hc6_7,height/age percent of ref. median
NFHS-4 Household,hc6_8,height/age percent of ref. median
NFHS-4 Household,hc6_9,height/age percent of ref. median
NFHS-4 Household,hc7_1,weight/age percentile
NFHS-4 Household,hc7_2,weight/age percentile
NFHS-4 Household,hc7_3,weight/age percentile
NFHS-4 Household,hc7_4,weight/age percentile
NFHS-4 Household,hc7_5,weight/age percentile
NFHS-4 Household,hc7_6,weight/age percentile
NFHS-4 Household,hc7_7,weight/age percentile
NFHS-4 Household,hc7_8,weight/age percentile
NFHS-4 Household,hc7_9,weight/age percentile
NFHS-4 Household,hc8_1,weight/age standard deviation
NFHS-4 Household,hc8_2,weight/age standard deviation
NFHS-4 Household,hc8_3,weight/age standard deviation
NFHS-4 Household,hc8_4,weight/age standard deviation
NFHS-4 Household,hc8_5,weight/age standard deviation
NFHS-4 Household,hc8_6,weight/age standard deviation
NFHS-4 Household,hc8_7,weight/age standard deviation
NFHS-4 Household,hc8_8,weight/age standard deviation
NFHS-4 Household,hc8_9,weight/age standard deviation
NFHS-4 Household,hc9_1,weight/age percent of ref. median
NFHS-4 Household,hc9_2,weight/age percent of ref. median
NFHS-4 Household,hc9_3,weight/age percent of ref. median
NFHS-4 Household,hc9_4,weight/age percent of ref. median
NFHS-4 Household,hc9_5,weight/age percent of ref. median
NFHS-4 Household,hc9_6,weight/age percent of ref. median
NFHS-4 Household,hc9_7,weight/age percent of ref. median
NFHS-4 Household,hc9_8,weight/age percent of ref. median
NFHS-4 Household,hc9_9,weight/age percent of ref. median
NFHS-4 Household,hc10_1,weight/height percentile
NFHS-4 Household,hc10_2,weight/height percentile
NFHS-4 Household,hc10_3,weight/height percentile
NFHS-4 Household,hc10_4,weight/height percentile
NFHS-4 Household,hc10_5,weight/height percentile
NFHS-4 Household,hc10_6,weight/height percentile
NFHS-4 Household,hc10_7,weight/height percentile
NFHS-4 Household,hc10_8,weight/height percentile
NFHS-4 Household,hc10_9,weight/height percentile
NFHS-4 Household,hc11_1,weight/height standard deviation
NFHS-4 Household,hc11_2,weight/height standard deviation
NFHS-4 Household,hc11_3,weight/height standard deviation
NFHS-4 Household,hc11_4,weight/height standard deviation
NFHS-4 Household,hc11_5,weight/height standard deviation
NFHS-4 Household,hc11_6,weight/height standard deviation
NFHS-4 Household,hc11_7,weight/height standard deviation
NFHS-4 Household,hc11_8,weight/height standard deviation
NFHS-4 Household,hc11_9,weight/height standard deviation
NFHS-4 Household,hc12_1,weight/height percent of ref. median
NFHS-4 Household,hc12_2,weight/height percent of ref. median
NFHS-4 Household,hc12_3,weight/height percent of ref. median
NFHS-4 Household,hc12_4,weight/height percent of ref. median
NFHS-4 Household,hc12_5,weight/height percent of ref. median
NFHS-4 Household,hc12_6,weight/height percent of ref. median
NFHS-4 Household,hc12_7,weight/height percent of ref. median
NFHS-4 Household,hc12_8,weight/height percent of ref. median
NFHS-4 Household,hc12_9,weight/height percent of ref. median
NFHS-4 Household,hc13_1,result of measurement - height/weight
NFHS-4 Household,hc13_2,result of measurement - height/weight
NFHS-4 Household,hc13_3,result of measurement - height/weight
NFHS-4 Household,hc13_4,result of measurement - height/weight
NFHS-4 Household,hc13_5,result of measurement - height/weight
NFHS-4 Household,hc13_6,result of measurement - height/weight
NFHS-4 Household,hc13_7,result of measurement - height/weight
NFHS-4 Household,hc13_8,result of measurement - height/weight
NFHS-4 Household,hc13_9,result of measurement - height/weight
NFHS-4 Household,hc15_1,height: lying or standing
NFHS-4 Household,hc15_2,height: lying or standing
NFHS-4 Household,hc15_3,height: lying or standing
NFHS-4 Household,hc15_4,height: lying or standing
NFHS-4 Household,hc15_5,height: lying or standing
NFHS-4 Household,hc15_6,height: lying or standing
NFHS-4 Household,hc15_7,height: lying or standing
NFHS-4 Household,hc15_8,height: lying or standing
NFHS-4 Household,hc15_9,height: lying or standing
NFHS-4 Household,hc16_1,day of birth
NFHS-4 Household,hc16_2,day of birth
NFHS-4 Household,hc16_3,day of birth
NFHS-4 Household,hc16_4,day of birth
NFHS-4 Household,hc16_5,day of birth
NFHS-4 Household,hc16_6,day of birth
NFHS-4 Household,hc16_7,day of birth
NFHS-4 Household,hc16_8,day of birth
NFHS-4 Household,hc16_9,day of birth
NFHS-4 Household,hc17_1,date measured (day)
NFHS-4 Household,hc17_2,date measured (day)
NFHS-4 Household,hc17_3,date measured (day)
NFHS-4 Household,hc17_4,date measured (day)
NFHS-4 Household,hc17_5,date measured (day)
NFHS-4 Household,hc17_6,date measured (day)
NFHS-4 Household,hc17_7,date measured (day)
NFHS-4 Household,hc17_8,date measured (day)
NFHS-4 Household,hc17_9,date measured (day)
NFHS-4 Household,hc18_1,date measured (month)
NFHS-4 Household,hc18_2,date measured (month)
NFHS-4 Household,hc18_3,date measured (month)
NFHS-4 Household,hc18_4,date measured (month)
NFHS-4 Household,hc18_5,date measured (month)
NFHS-4 Household,hc18_6,date measured (month)
NFHS-4 Household,hc18_7,date measured (month)
NFHS-4 Household,hc18_8,date measured (month)
NFHS-4 Household,hc18_9,date measured (month)
NFHS-4 Household,hc19_1,date measured (year)
NFHS-4 Household,hc19_2,date measured (year)
NFHS-4 Household,hc19_3,date measured (year)
NFHS-4 Household,hc19_4,date measured (year)
NFHS-4 Household,hc19_5,date measured (year)
NFHS-4 Household,hc19_6,date measured (year)
NFHS-4 Household,hc19_7,date measured (year)
NFHS-4 Household,hc19_8,date measured (year)
NFHS-4 Household,hc19_9,date measured (year)
NFHS-4 Household,hc27_1,sex
NFHS-4 Household,hc27_2,sex
NFHS-4 Household,hc27_3,sex
NFHS-4 Household,hc27_4,sex
NFHS-4 Household,hc27_5,sex
NFHS-4 Household,hc27_6,sex
NFHS-4 Household,hc27_7,sex
NFHS-4 Household,hc27_8,sex
NFHS-4 Household,hc27_9,sex
NFHS-4 Household,hc30_1,month of birth
NFHS-4 Household,hc30_2,month of birth
NFHS-4 Household,hc30_3,month of birth
NFHS-4 Household,hc30_4,month of birth
NFHS-4 Household,hc30_5,month of birth
NFHS-4 Household,hc30_6,month of birth
NFHS-4 Household,hc30_7,month of birth
NFHS-4 Household,hc30_8,month of birth
NFHS-4 Household,hc30_9,month of birth
NFHS-4 Household,hc31_1,year of birth
NFHS-4 Household,hc31_2,year of birth
NFHS-4 Household,hc31_3,year of birth
NFHS-4 Household,hc31_4,year of birth
NFHS-4 Household,hc31_5,year of birth
NFHS-4 Household,hc31_6,year of birth
NFHS-4 Household,hc31_7,year of birth
NFHS-4 Household,hc31_8,year of birth
NFHS-4 Household,hc31_9,year of birth
NFHS-4 Household,hc32_1,date of birth (cmc)
NFHS-4 Household,hc32_2,date of birth (cmc)
NFHS-4 Household,hc32_3,date of birth (cmc)
NFHS-4 Household,hc32_4,date of birth (cmc)
NFHS-4 Household,hc32_5,date of birth (cmc)
NFHS-4 Household,hc32_6,date of birth (cmc)
NFHS-4 Household,hc32_7,date of birth (cmc)
NFHS-4 Household,hc32_8,date of birth (cmc)
NFHS-4 Household,hc32_9,date of birth (cmc)
NFHS-4 Household,hc33_1,completeness of hc32 information
NFHS-4 Household,hc33_2,completeness of hc32 information
NFHS-4 Household,hc33_3,completeness of hc32 information
NFHS-4 Household,hc33_4,completeness of hc32 information
NFHS-4 Household,hc33_5,completeness of hc32 information
NFHS-4 Household,hc33_6,completeness of hc32 information
NFHS-4 Household,hc33_7,completeness of hc32 information
NFHS-4 Household,hc33_8,completeness of hc32 information
NFHS-4 Household,hc33_9,completeness of hc32 information
NFHS-4 Household,hc51_1,line number of parent/caretaker
NFHS-4 Household,hc51_2,line number of parent/caretaker
NFHS-4 Household,hc51_3,line number of parent/caretaker
NFHS-4 Household,hc51_4,line number of parent/caretaker
NFHS-4 Household,hc51_5,line number of parent/caretaker
NFHS-4 Household,hc51_6,line number of parent/caretaker
NFHS-4 Household,hc51_7,line number of parent/caretaker
NFHS-4 Household,hc51_8,line number of parent/caretaker
NFHS-4 Household,hc51_9,line number of parent/caretaker
NFHS-4 Household,hc52_1,read consent statement - hemoglobin
NFHS-4 Household,hc52_2,read consent statement - hemoglobin
NFHS-4 Household,hc52_3,read consent statement - hemoglobin
NFHS-4 Household,hc52_4,read consent statement - hemoglobin
NFHS-4 Household,hc52_5,read consent statement - hemoglobin
NFHS-4 Household,hc52_6,read consent statement - hemoglobin
NFHS-4 Household,hc52_7,read consent statement - hemoglobin
NFHS-4 Household,hc52_8,read consent statement - hemoglobin
NFHS-4 Household,hc52_9,read consent statement - hemoglobin
NFHS-4 Household,hc53_1,hemoglobin level (g/dl - 1 decimal)
NFHS-4 Household,hc53_2,hemoglobin level (g/dl - 1 decimal)
NFHS-4 Household,hc53_3,hemoglobin level (g/dl - 1 decimal)
NFHS-4 Household,hc53_4,hemoglobin level (g/dl - 1 decimal)
NFHS-4 Household,hc53_5,hemoglobin level (g/dl - 1 decimal)
NFHS-4 Household,hc53_6,hemoglobin level (g/dl - 1 decimal)
NFHS-4 Household,hc53_7,hemoglobin level (g/dl - 1 decimal)
NFHS-4 Household,hc53_8,hemoglobin level (g/dl - 1 decimal)
NFHS-4 Household,hc53_9,hemoglobin level (g/dl - 1 decimal)
NFHS-4 Household,hc55_1,result of measurement - hemoglobin
NFHS-4 Household,hc55_2,result of measurement - hemoglobin
NFHS-4 Household,hc55_3,result of measurement - hemoglobin
NFHS-4 Household,hc55_4,result of measurement - hemoglobin
NFHS-4 Household,hc55_5,result of measurement - hemoglobin
NFHS-4 Household,hc55_6,result of measurement - hemoglobin
NFHS-4 Household,hc55_7,result of measurement - hemoglobin
NFHS-4 Household,hc55_8,result of measurement - hemoglobin
NFHS-4 Household,hc55_9,result of measurement - hemoglobin
NFHS-4 Household,hc56_1,hemoglobin level adjusted for altitude (g/dl - 1 decimal)
NFHS-4 Household,hc56_2,hemoglobin level adjusted for altitude (g/dl - 1 decimal)
NFHS-4 Household,hc56_3,hemoglobin level adjusted for altitude (g/dl - 1 decimal)
NFHS-4 Household,hc56_4,hemoglobin level adjusted for altitude (g/dl - 1 decimal)
NFHS-4 Household,hc56_5,hemoglobin level adjusted for altitude (g/dl - 1 decimal)
NFHS-4 Household,hc56_6,hemoglobin level adjusted for altitude (g/dl - 1 decimal)
NFHS-4 Household,hc56_7,hemoglobin level adjusted for altitude (g/dl - 1 decimal)
NFHS-4 Household,hc56_8,hemoglobin level adjusted for altitude (g/dl - 1 decimal)
NFHS-4 Household,hc56_9,hemoglobin level adjusted for altitude (g/dl - 1 decimal)
NFHS-4 Household,hc57_1,anemia level
NFHS-4 Household,hc57_2,anemia level
NFHS-4 Household,hc57_3,anemia level
NFHS-4 Household,hc57_4,anemia level
NFHS-4 Household,hc57_5,anemia level
NFHS-4 Household,hc57_6,anemia level
NFHS-4 Household,hc57_7,anemia level
NFHS-4 Household,hc57_8,anemia level
NFHS-4 Household,hc57_9,anemia level
NFHS-4 Household,hc58_1,na - agrees to referral - anemia
NFHS-4 Household,hc58_2,na - agrees to referral - anemia
NFHS-4 Household,hc58_3,na - agrees to referral - anemia
NFHS-4 Household,hc58_4,na - agrees to referral - anemia
NFHS-4 Household,hc58_5,na - agrees to referral - anemia
NFHS-4 Household,hc58_6,na - agrees to referral - anemia
NFHS-4 Household,hc58_7,na - agrees to referral - anemia
NFHS-4 Household,hc58_8,na - agrees to referral - anemia
NFHS-4 Household,hc58_9,na - agrees to referral - anemia
NFHS-4 Household,hc60_1,mother's line number (woman's questionnaire)
NFHS-4 Household,hc60_2,mother's line number (woman's questionnaire)
NFHS-4 Household,hc60_3,mother's line number (woman's questionnaire)
NFHS-4 Household,hc60_4,mother's line number (woman's questionnaire)
NFHS-4 Household,hc60_5,mother's line number (woman's questionnaire)
NFHS-4 Household,hc60_6,mother's line number (woman's questionnaire)
NFHS-4 Household,hc60_7,mother's line number (woman's questionnaire)
NFHS-4 Household,hc60_8,mother's line number (woman's questionnaire)
NFHS-4 Household,hc60_9,mother's line number (woman's questionnaire)
NFHS-4 Household,hc61_1,mother's highest educational level
NFHS-4 Household,hc61_2,mother's highest educational level
NFHS-4 Household,hc61_3,mother's highest educational level
NFHS-4 Household,hc61_4,mother's highest educational level
NFHS-4 Household,hc61_5,mother's highest educational level
NFHS-4 Household,hc61_6,mother's highest educational level
NFHS-4 Household,hc61_7,mother's highest educational level
NFHS-4 Household,hc61_8,mother's highest educational level
NFHS-4 Household,hc61_9,mother's highest educational level
NFHS-4 Household,hc62_1,mother's highest year of education
NFHS-4 Household,hc62_2,mother's highest year of education
NFHS-4 Household,hc62_3,mother's highest year of education
NFHS-4 Household,hc62_4,mother's highest year of education
NFHS-4 Household,hc62_5,mother's highest year of education
NFHS-4 Household,hc62_6,mother's highest year of education
NFHS-4 Household,hc62_7,mother's highest year of education
NFHS-4 Household,hc62_8,mother's highest year of education
NFHS-4 Household,hc62_9,mother's highest year of education
NFHS-4 Household,hc63_1,preceding birth interval (months)
NFHS-4 Household,hc63_2,preceding birth interval (months)
NFHS-4 Household,hc63_3,preceding birth interval (months)
NFHS-4 Household,hc63_4,preceding birth interval (months)
NFHS-4 Household,hc63_5,preceding birth interval (months)
NFHS-4 Household,hc63_6,preceding birth interval (months)
NFHS-4 Household,hc63_7,preceding birth interval (months)
NFHS-4 Household,hc63_8,preceding birth interval (months)
NFHS-4 Household,hc63_9,preceding birth interval (months)
NFHS-4 Household,hc64_1,birth order number
NFHS-4 Household,hc64_2,birth order number
NFHS-4 Household,hc64_3,birth order number
NFHS-4 Household,hc64_4,birth order number
NFHS-4 Household,hc64_5,birth order number
NFHS-4 Household,hc64_6,birth order number
NFHS-4 Household,hc64_7,birth order number
NFHS-4 Household,hc64_8,birth order number
NFHS-4 Household,hc64_9,birth order number
NFHS-4 Household,hc68_1,mother's highest educational level (for preliminary and final report)
NFHS-4 Household,hc68_2,mother's highest educational level (for preliminary and final report)
NFHS-4 Household,hc68_3,mother's highest educational level (for preliminary and final report)
NFHS-4 Household,hc68_4,mother's highest educational level (for preliminary and final report)
NFHS-4 Household,hc68_5,mother's highest educational level (for preliminary and final report)
NFHS-4 Household,hc68_6,mother's highest educational level (for preliminary and final report)
NFHS-4 Household,hc68_7,mother's highest educational level (for preliminary and final report)
NFHS-4 Household,hc68_8,mother's highest educational level (for preliminary and final report)
NFHS-4 Household,hc68_9,mother's highest educational level (for preliminary and final report)
NFHS-4 Household,hc70_1,height/age standard deviation (new who)
NFHS-4 Household,hc70_2,height/age standard deviation (new who)
NFHS-4 Household,hc70_3,height/age standard deviation (new who)
NFHS-4 Household,hc70_4,height/age standard deviation (new who)
NFHS-4 Household,hc70_5,height/age standard deviation (new who)
NFHS-4 Household,hc70_6,height/age standard deviation (new who)
NFHS-4 Household,hc70_7,height/age standard deviation (new who)
NFHS-4 Household,hc70_8,height/age standard deviation (new who)
NFHS-4 Household,hc70_9,height/age standard deviation (new who)
NFHS-4 Household,hc71_1,weight/age standard deviation (new who)
NFHS-4 Household,hc71_2,weight/age standard deviation (new who)
NFHS-4 Household,hc71_3,weight/age standard deviation (new who)
NFHS-4 Household,hc71_4,weight/age standard deviation (new who)
NFHS-4 Household,hc71_5,weight/age standard deviation (new who)
NFHS-4 Household,hc71_6,weight/age standard deviation (new who)
NFHS-4 Household,hc71_7,weight/age standard deviation (new who)
NFHS-4 Household,hc71_8,weight/age standard deviation (new who)
NFHS-4 Household,hc71_9,weight/age standard deviation (new who)
NFHS-4 Household,hc72_1,weight/height standard deviation (new who)
NFHS-4 Household,hc72_2,weight/height standard deviation (new who)
NFHS-4 Household,hc72_3,weight/height standard deviation (new who)
NFHS-4 Household,hc72_4,weight/height standard deviation (new who)
NFHS-4 Household,hc72_5,weight/height standard deviation (new who)
NFHS-4 Household,hc72_6,weight/height standard deviation (new who)
NFHS-4 Household,hc72_7,weight/height standard deviation (new who)
NFHS-4 Household,hc72_8,weight/height standard deviation (new who)
NFHS-4 Household,hc72_9,weight/height standard deviation (new who)
NFHS-4 Household,hc73_1,bmi standard deviation (new who)
NFHS-4 Household,hc73_2,bmi standard deviation (new who)
NFHS-4 Household,hc73_3,bmi standard deviation (new who)
NFHS-4 Household,hc73_4,bmi standard deviation (new who)
NFHS-4 Household,hc73_5,bmi standard deviation (new who)
NFHS-4 Household,hc73_6,bmi standard deviation (new who)
NFHS-4 Household,hc73_7,bmi standard deviation (new who)
NFHS-4 Household,hc73_8,bmi standard deviation (new who)
NFHS-4 Household,hc73_9,bmi standard deviation (new who)
NFHS-4 Household,hb0_01,index to household schedule
NFHS-4 Household,hb0_02,index to household schedule
NFHS-4 Household,hb0_03,index to household schedule
NFHS-4 Household,hb0_04,index to household schedule
NFHS-4 Household,hb0_05,index to household schedule
NFHS-4 Household,hb0_06,index to household schedule
NFHS-4 Household,hb0_07,index to household schedule
NFHS-4 Household,hb0_08,index to household schedule
NFHS-4 Household,hb0_09,index to household schedule
NFHS-4 Household,hb0_10,index to household schedule
NFHS-4 Household,hb1_01,man's age in years
NFHS-4 Household,hb1_02,man's age in years
NFHS-4 Household,hb1_03,man's age in years
NFHS-4 Household,hb1_04,man's age in years
NFHS-4 Household,hb1_05,man's age in years
NFHS-4 Household,hb1_06,man's age in years
NFHS-4 Household,hb1_07,man's age in years
NFHS-4 Household,hb1_08,man's age in years
NFHS-4 Household,hb1_09,man's age in years
NFHS-4 Household,hb1_10,man's age in years
NFHS-4 Household,hb2_01,man's weight in kilograms (1 decimal)
NFHS-4 Household,hb2_02,man's weight in kilograms (1 decimal)
NFHS-4 Household,hb2_03,man's weight in kilograms (1 decimal)
NFHS-4 Household,hb2_04,man's weight in kilograms (1 decimal)
NFHS-4 Household,hb2_05,man's weight in kilograms (1 decimal)
NFHS-4 Household,hb2_06,man's weight in kilograms (1 decimal)
NFHS-4 Household,hb2_07,man's weight in kilograms (1 decimal)
NFHS-4 Household,hb2_08,man's weight in kilograms (1 decimal)
NFHS-4 Household,hb2_09,man's weight in kilograms (1 decimal)
NFHS-4 Household,hb2_10,man's weight in kilograms (1 decimal)
NFHS-4 Household,hb3_01,man's height in centimeters (1 decimal)
NFHS-4 Household,hb3_02,man's height in centimeters (1 decimal)
NFHS-4 Household,hb3_03,man's height in centimeters (1 decimal)
NFHS-4 Household,hb3_04,man's height in centimeters (1 decimal)
NFHS-4 Household,hb3_05,man's height in centimeters (1 decimal)
NFHS-4 Household,hb3_06,man's height in centimeters (1 decimal)
NFHS-4 Household,hb3_07,man's height in centimeters (1 decimal)
NFHS-4 Household,hb3_08,man's height in centimeters (1 decimal)
NFHS-4 Household,hb3_09,man's height in centimeters (1 decimal)
NFHS-4 Household,hb3_10,man's height in centimeters (1 decimal)
NFHS-4 Household,hb4_01,height/age percentile
NFHS-4 Household,hb4_02,height/age percentile
NFHS-4 Household,hb4_03,height/age percentile
NFHS-4 Household,hb4_04,height/age percentile
NFHS-4 Household,hb4_05,height/age percentile
NFHS-4 Household,hb4_06,height/age percentile
NFHS-4 Household,hb4_07,height/age percentile
NFHS-4 Household,hb4_08,height/age percentile
NFHS-4 Household,hb4_09,height/age percentile
NFHS-4 Household,hb4_10,height/age percentile
NFHS-4 Household,hb5_01,height/age standard deviation
NFHS-4 Household,hb5_02,height/age standard deviation
NFHS-4 Household,hb5_03,height/age standard deviation
NFHS-4 Household,hb5_04,height/age standard deviation
NFHS-4 Household,hb5_05,height/age standard deviation
NFHS-4 Household,hb5_06,height/age standard deviation
NFHS-4 Household,hb5_07,height/age standard deviation
NFHS-4 Household,hb5_08,height/age standard deviation
NFHS-4 Household,hb5_09,height/age standard deviation
NFHS-4 Household,hb5_10,height/age standard deviation
NFHS-4 Household,hb6_01,height/age percent ref. median
NFHS-4 Household,hb6_02,height/age percent ref. median
NFHS-4 Household,hb6_03,height/age percent ref. median
NFHS-4 Household,hb6_04,height/age percent ref. median
NFHS-4 Household,hb6_05,height/age percent ref. median
NFHS-4 Household,hb6_06,height/age percent ref. median
NFHS-4 Household,hb6_07,height/age percent ref. median
NFHS-4 Household,hb6_08,height/age percent ref. median
NFHS-4 Household,hb6_09,height/age percent ref. median
NFHS-4 Household,hb6_10,height/age percent ref. median
NFHS-4 Household,hb11_01,weight/height standard deviation (dhs)
NFHS-4 Household,hb11_02,weight/height standard deviation (dhs)
NFHS-4 Household,hb11_03,weight/height standard deviation (dhs)
NFHS-4 Household,hb11_04,weight/height standard deviation (dhs)
NFHS-4 Household,hb11_05,weight/height standard deviation (dhs)
NFHS-4 Household,hb11_06,weight/height standard deviation (dhs)
NFHS-4 Household,hb11_07,weight/height standard deviation (dhs)
NFHS-4 Household,hb11_08,weight/height standard deviation (dhs)
NFHS-4 Household,hb11_09,weight/height standard deviation (dhs)
NFHS-4 Household,hb11_10,weight/height standard deviation (dhs)
NFHS-4 Household,hb12_01,weight/height percent ref. median (dhs)
NFHS-4 Household,hb12_02,weight/height percent ref. median (dhs)
NFHS-4 Household,hb12_03,weight/height percent ref. median (dhs)
NFHS-4 Household,hb12_04,weight/height percent ref. median (dhs)
NFHS-4 Household,hb12_05,weight/height percent ref. median (dhs)
NFHS-4 Household,hb12_06,weight/height percent ref. median (dhs)
NFHS-4 Household,hb12_07,weight/height percent ref. median (dhs)
NFHS-4 Household,hb12_08,weight/height percent ref. median (dhs)
NFHS-4 Household,hb12_09,weight/height percent ref. median (dhs)
NFHS-4 Household,hb12_10,weight/height percent ref. median (dhs)
NFHS-4 Household,hb12a_01,weight/height percent ref. median (fog)
NFHS-4 Household,hb12a_02,weight/height percent ref. median (fog)
NFHS-4 Household,hb12a_03,weight/height percent ref. median (fog)
NFHS-4 Household,hb12a_04,weight/height percent ref. median (fog)
NFHS-4 Household,hb12a_05,weight/height percent ref. median (fog)
NFHS-4 Household,hb12a_06,weight/height percent ref. median (fog)
NFHS-4 Household,hb12a_07,weight/height percent ref. median (fog)
NFHS-4 Household,hb12a_08,weight/height percent ref. median (fog)
NFHS-4 Household,hb12a_09,weight/height percent ref. median (fog)
NFHS-4 Household,hb12a_10,weight/height percent ref. median (fog)
NFHS-4 Household,hb12b_01,weight/height percent ref. median (who)
NFHS-4 Household,hb12b_02,weight/height percent ref. median (who)
NFHS-4 Household,hb12b_03,weight/height percent ref. median (who)
NFHS-4 Household,hb12b_04,weight/height percent ref. median (who)
NFHS-4 Household,hb12b_05,weight/height percent ref. median (who)
NFHS-4 Household,hb12b_06,weight/height percent ref. median (who)
NFHS-4 Household,hb12b_07,weight/height percent ref. median (who)
NFHS-4 Household,hb12b_08,weight/height percent ref. median (who)
NFHS-4 Household,hb12b_09,weight/height percent ref. median (who)
NFHS-4 Household,hb12b_10,weight/height percent ref. median (who)
NFHS-4 Household,hb13_01,result of measurement - height/weight
NFHS-4 Household,hb13_02,result of measurement - height/weight
NFHS-4 Household,hb13_03,result of measurement - height/weight
NFHS-4 Household,hb13_04,result of measurement - height/weight
NFHS-4 Household,hb13_05,result of measurement - height/weight
NFHS-4 Household,hb13_06,result of measurement - height/weight
NFHS-4 Household,hb13_07,result of measurement - height/weight
NFHS-4 Household,hb13_08,result of measurement - height/weight
NFHS-4 Household,hb13_09,result of measurement - height/weight
NFHS-4 Household,hb13_10,result of measurement - height/weight
NFHS-4 Household,hb32_01,date of birth (cmc)
NFHS-4 Household,hb32_02,date of birth (cmc)
NFHS-4 Household,hb32_03,date of birth (cmc)
NFHS-4 Household,hb32_04,date of birth (cmc)
NFHS-4 Household,hb32_05,date of birth (cmc)
NFHS-4 Household,hb32_06,date of birth (cmc)
NFHS-4 Household,hb32_07,date of birth (cmc)
NFHS-4 Household,hb32_08,date of birth (cmc)
NFHS-4 Household,hb32_09,date of birth (cmc)
NFHS-4 Household,hb32_10,date of birth (cmc)
NFHS-4 Household,hb33_01,completeness of hb32 information
NFHS-4 Household,hb33_02,completeness of hb32 information
NFHS-4 Household,hb33_03,completeness of hb32 information
NFHS-4 Household,hb33_04,completeness of hb32 information
NFHS-4 Household,hb33_05,completeness of hb32 information
NFHS-4 Household,hb33_06,completeness of hb32 information
NFHS-4 Household,hb33_07,completeness of hb32 information
NFHS-4 Household,hb33_08,completeness of hb32 information
NFHS-4 Household,hb33_09,completeness of hb32 information
NFHS-4 Household,hb33_10,completeness of hb32 information
NFHS-4 Household,hb35_01,smoking (cigarettes in last 24 hours)
NFHS-4 Household,hb35_02,smoking (cigarettes in last 24 hours)
NFHS-4 Household,hb35_03,smoking (cigarettes in last 24 hours)
NFHS-4 Household,hb35_04,smoking (cigarettes in last 24 hours)
NFHS-4 Household,hb35_05,smoking (cigarettes in last 24 hours)
NFHS-4 Household,hb35_06,smoking (cigarettes in last 24 hours)
NFHS-4 Household,hb35_07,smoking (cigarettes in last 24 hours)
NFHS-4 Household,hb35_08,smoking (cigarettes in last 24 hours)
NFHS-4 Household,hb35_09,smoking (cigarettes in last 24 hours)
NFHS-4 Household,hb35_10,smoking (cigarettes in last 24 hours)
NFHS-4 Household,hb40_01,body mass index
NFHS-4 Household,hb40_02,body mass index
NFHS-4 Household,hb40_03,body mass index
NFHS-4 Household,hb40_04,body mass index
NFHS-4 Household,hb40_05,body mass index
NFHS-4 Household,hb40_06,body mass index
NFHS-4 Household,hb40_07,body mass index
NFHS-4 Household,hb40_08,body mass index
NFHS-4 Household,hb40_09,body mass index
NFHS-4 Household,hb40_10,body mass index
NFHS-4 Household,hb41_01,rohrer's index
NFHS-4 Household,hb41_02,rohrer's index
NFHS-4 Household,hb41_03,rohrer's index
NFHS-4 Household,hb41_04,rohrer's index
NFHS-4 Household,hb41_05,rohrer's index
NFHS-4 Household,hb41_06,rohrer's index
NFHS-4 Household,hb41_07,rohrer's index
NFHS-4 Household,hb41_08,rohrer's index
NFHS-4 Household,hb41_09,rohrer's index
NFHS-4 Household,hb41_10,rohrer's index
NFHS-4 Household,hb50_01,under age 18
NFHS-4 Household,hb50_02,under age 18
NFHS-4 Household,hb50_03,under age 18
NFHS-4 Household,hb50_04,under age 18
NFHS-4 Household,hb50_05,under age 18
NFHS-4 Household,hb50_06,under age 18
NFHS-4 Household,hb50_07,under age 18
NFHS-4 Household,hb50_08,under age 18
NFHS-4 Household,hb50_09,under age 18
NFHS-4 Household,hb50_10,under age 18
NFHS-4 Household,hb51_01,line number of parent/caretaker
NFHS-4 Household,hb51_02,line number of parent/caretaker
NFHS-4 Household,hb51_03,line number of parent/caretaker
NFHS-4 Household,hb51_04,line number of parent/caretaker
NFHS-4 Household,hb51_05,line number of parent/caretaker
NFHS-4 Household,hb51_06,line number of parent/caretaker
NFHS-4 Household,hb51_07,line number of parent/caretaker
NFHS-4 Household,hb51_08,line number of parent/caretaker
NFHS-4 Household,hb51_09,line number of parent/caretaker
NFHS-4 Household,hb51_10,line number of parent/caretaker
NFHS-4 Household,hb52_01,read consent statement - hemoglobin
NFHS-4 Household,hb52_02,read consent statement - hemoglobin
NFHS-4 Household,hb52_03,read consent statement - hemoglobin
NFHS-4 Household,hb52_04,read consent statement - hemoglobin
NFHS-4 Household,hb52_05,read consent statement - hemoglobin
NFHS-4 Household,hb52_06,read consent statement - hemoglobin
NFHS-4 Household,hb52_07,read consent statement - hemoglobin
NFHS-4 Household,hb52_08,read consent statement - hemoglobin
NFHS-4 Household,hb52_09,read consent statement - hemoglobin
NFHS-4 Household,hb52_10,read consent statement - hemoglobin
NFHS-4 Household,hb53_01,hemoglobin level (g/dl - 1 decimal)
NFHS-4 Household,hb53_02,hemoglobin level (g/dl - 1 decimal)
NFHS-4 Household,hb53_03,hemoglobin level (g/dl - 1 decimal)
NFHS-4 Household,hb53_04,hemoglobin level (g/dl - 1 decimal)
NFHS-4 Household,hb53_05,hemoglobin level (g/dl - 1 decimal)
NFHS-4 Household,hb53_06,hemoglobin level (g/dl - 1 decimal)
NFHS-4 Household,hb53_07,hemoglobin level (g/dl - 1 decimal)
NFHS-4 Household,hb53_08,hemoglobin level (g/dl - 1 decimal)
NFHS-4 Household,hb53_09,hemoglobin level (g/dl - 1 decimal)
NFHS-4 Household,hb53_10,hemoglobin level (g/dl - 1 decimal)
NFHS-4 Household,hb55_01,result of measurement - hemoglobin
NFHS-4 Household,hb55_02,result of measurement - hemoglobin
NFHS-4 Household,hb55_03,result of measurement - hemoglobin
NFHS-4 Household,hb55_04,result of measurement - hemoglobin
NFHS-4 Household,hb55_05,result of measurement - hemoglobin
NFHS-4 Household,hb55_06,result of measurement - hemoglobin
NFHS-4 Household,hb55_07,result of measurement - hemoglobin
NFHS-4 Household,hb55_08,result of measurement - hemoglobin
NFHS-4 Household,hb55_09,result of measurement - hemoglobin
NFHS-4 Household,hb55_10,result of measurement - hemoglobin
NFHS-4 Household,hb56_01,hemoglobin level adjusted for altitude and smoking (g/dl - 1 decimal)
NFHS-4 Household,hb56_02,hemoglobin level adjusted for altitude and smoking (g/dl - 1 decimal)
NFHS-4 Household,hb56_03,hemoglobin level adjusted for altitude and smoking (g/dl - 1 decimal)
NFHS-4 Household,hb56_04,hemoglobin level adjusted for altitude and smoking (g/dl - 1 decimal)
NFHS-4 Household,hb56_05,hemoglobin level adjusted for altitude and smoking (g/dl - 1 decimal)
NFHS-4 Household,hb56_06,hemoglobin level adjusted for altitude and smoking (g/dl - 1 decimal)
NFHS-4 Household,hb56_07,hemoglobin level adjusted for altitude and smoking (g/dl - 1 decimal)
NFHS-4 Household,hb56_08,hemoglobin level adjusted for altitude and smoking (g/dl - 1 decimal)
NFHS-4 Household,hb56_09,hemoglobin level adjusted for altitude and smoking (g/dl - 1 decimal)
NFHS-4 Household,hb56_10,hemoglobin level adjusted for altitude and smoking (g/dl - 1 decimal)
NFHS-4 Household,hb57_01,anemia level
NFHS-4 Household,hb57_02,anemia level
NFHS-4 Household,hb57_03,anemia level
NFHS-4 Household,hb57_04,anemia level
NFHS-4 Household,hb57_05,anemia level
NFHS-4 Household,hb57_06,anemia level
NFHS-4 Household,hb57_07,anemia level
NFHS-4 Household,hb57_08,anemia level
NFHS-4 Household,hb57_09,anemia level
NFHS-4 Household,hb57_10,anemia level
NFHS-4 Household,hb58_01,na - agrees to referral - anemia
NFHS-4 Household,hb58_02,na - agrees to referral - anemia
NFHS-4 Household,hb58_03,na - agrees to referral - anemia
NFHS-4 Household,hb58_04,na - agrees to referral - anemia
NFHS-4 Household,hb58_05,na - agrees to referral - anemia
NFHS-4 Household,hb58_06,na - agrees to referral - anemia
NFHS-4 Household,hb58_07,na - agrees to referral - anemia
NFHS-4 Household,hb58_08,na - agrees to referral - anemia
NFHS-4 Household,hb58_09,na - agrees to referral - anemia
NFHS-4 Household,hb58_10,na - agrees to referral - anemia
NFHS-4 Household,hb60_01,marital status
NFHS-4 Household,hb60_02,marital status
NFHS-4 Household,hb60_03,marital status
NFHS-4 Household,hb60_04,marital status
NFHS-4 Household,hb60_05,marital status
NFHS-4 Household,hb60_06,marital status
NFHS-4 Household,hb60_07,marital status
NFHS-4 Household,hb60_08,marital status
NFHS-4 Household,hb60_09,marital status
NFHS-4 Household,hb60_10,marital status
NFHS-4 Household,hb61_01,read consent statement - hiv
NFHS-4 Household,hb61_02,read consent statement - hiv
NFHS-4 Household,hb61_03,read consent statement - hiv
NFHS-4 Household,hb61_04,read consent statement - hiv
NFHS-4 Household,hb61_05,read consent statement - hiv
NFHS-4 Household,hb61_06,read consent statement - hiv
NFHS-4 Household,hb61_07,read consent statement - hiv
NFHS-4 Household,hb61_08,read consent statement - hiv
NFHS-4 Household,hb61_09,read consent statement - hiv
NFHS-4 Household,hb61_10,read consent statement - hiv
NFHS-4 Household,hb62_01,bar code for hiv blood sample
NFHS-4 Household,hb62_02,bar code for hiv blood sample
NFHS-4 Household,hb62_03,bar code for hiv blood sample
NFHS-4 Household,hb62_04,bar code for hiv blood sample
NFHS-4 Household,hb62_05,bar code for hiv blood sample
NFHS-4 Household,hb62_06,bar code for hiv blood sample
NFHS-4 Household,hb62_07,bar code for hiv blood sample
NFHS-4 Household,hb62_08,bar code for hiv blood sample
NFHS-4 Household,hb62_09,bar code for hiv blood sample
NFHS-4 Household,hb62_10,bar code for hiv blood sample
NFHS-4 Household,hb63_01,result of measurement - hiv
NFHS-4 Household,hb63_02,result of measurement - hiv
NFHS-4 Household,hb63_03,result of measurement - hiv
NFHS-4 Household,hb63_04,result of measurement - hiv
NFHS-4 Household,hb63_05,result of measurement - hiv
NFHS-4 Household,hb63_06,result of measurement - hiv
NFHS-4 Household,hb63_07,result of measurement - hiv
NFHS-4 Household,hb63_08,result of measurement - hiv
NFHS-4 Household,hb63_09,result of measurement - hiv
NFHS-4 Household,hb63_10,result of measurement - hiv
NFHS-4 Household,hb64_01,consent for additional tests
NFHS-4 Household,hb64_02,consent for additional tests
NFHS-4 Household,hb64_03,consent for additional tests
NFHS-4 Household,hb64_04,consent for additional tests
NFHS-4 Household,hb64_05,consent for additional tests
NFHS-4 Household,hb64_06,consent for additional tests
NFHS-4 Household,hb64_07,consent for additional tests
NFHS-4 Household,hb64_08,consent for additional tests
NFHS-4 Household,hb64_09,consent for additional tests
NFHS-4 Household,hb64_10,consent for additional tests
NFHS-4 Household,hb65_01,result of man's individual interview
NFHS-4 Household,hb65_02,result of man's individual interview
NFHS-4 Household,hb65_03,result of man's individual interview
NFHS-4 Household,hb65_04,result of man's individual interview
NFHS-4 Household,hb65_05,result of man's individual interview
NFHS-4 Household,hb65_06,result of man's individual interview
NFHS-4 Household,hb65_07,result of man's individual interview
NFHS-4 Household,hb65_08,result of man's individual interview
NFHS-4 Household,hb65_09,result of man's individual interview
NFHS-4 Household,hb65_10,result of man's individual interview
NFHS-4 Household,hb66_01,man's highest educational level
NFHS-4 Household,hb66_02,man's highest educational level
NFHS-4 Household,hb66_03,man's highest educational level
NFHS-4 Household,hb66_04,man's highest educational level
NFHS-4 Household,hb66_05,man's highest educational level
NFHS-4 Household,hb66_06,man's highest educational level
NFHS-4 Household,hb66_07,man's highest educational level
NFHS-4 Household,hb66_08,man's highest educational level
NFHS-4 Household,hb66_09,man's highest educational level
NFHS-4 Household,hb66_10,man's highest educational level
NFHS-4 Household,hb67_01,man's highest year of education
NFHS-4 Household,hb67_02,man's highest year of education
NFHS-4 Household,hb67_03,man's highest year of education
NFHS-4 Household,hb67_04,man's highest year of education
NFHS-4 Household,hb67_05,man's highest year of education
NFHS-4 Household,hb67_06,man's highest year of education
NFHS-4 Household,hb67_07,man's highest year of education
NFHS-4 Household,hb67_08,man's highest year of education
NFHS-4 Household,hb67_09,man's highest year of education
NFHS-4 Household,hb67_10,man's highest year of education
NFHS-4 Household,hb68_01,man's highest educational level (for preliminary and final report)
NFHS-4 Household,hb68_02,man's highest educational level (for preliminary and final report)
NFHS-4 Household,hb68_03,man's highest educational level (for preliminary and final report)
NFHS-4 Household,hb68_04,man's highest educational level (for preliminary and final report)
NFHS-4 Household,hb68_05,man's highest educational level (for preliminary and final report)
NFHS-4 Household,hb68_06,man's highest educational level (for preliminary and final report)
NFHS-4 Household,hb68_07,man's highest educational level (for preliminary and final report)
NFHS-4 Household,hb68_08,man's highest educational level (for preliminary and final report)
NFHS-4 Household,hb68_09,man's highest educational level (for preliminary and final report)
NFHS-4 Household,hb68_10,man's highest educational level (for preliminary and final report)
NFHS-4 Household,hb69_01,hiv weight (6 decimals)
NFHS-4 Household,hb69_02,hiv weight (6 decimals)
NFHS-4 Household,hb69_03,hiv weight (6 decimals)
NFHS-4 Household,hb69_04,hiv weight (6 decimals)
NFHS-4 Household,hb69_05,hiv weight (6 decimals)
NFHS-4 Household,hb69_06,hiv weight (6 decimals)
NFHS-4 Household,hb69_07,hiv weight (6 decimals)
NFHS-4 Household,hb69_08,hiv weight (6 decimals)
NFHS-4 Household,hb69_09,hiv weight (6 decimals)
NFHS-4 Household,hb69_10,hiv weight (6 decimals)
NFHS-4 Household,hb70_01,na - interviewer that took blood for hiv testing
NFHS-4 Household,hb70_02,na - interviewer that took blood for hiv testing
NFHS-4 Household,hb70_03,na - interviewer that took blood for hiv testing
NFHS-4 Household,hb70_04,na - interviewer that took blood for hiv testing
NFHS-4 Household,hb70_05,na - interviewer that took blood for hiv testing
NFHS-4 Household,hb70_06,na - interviewer that took blood for hiv testing
NFHS-4 Household,hb70_07,na - interviewer that took blood for hiv testing
NFHS-4 Household,hb70_08,na - interviewer that took blood for hiv testing
NFHS-4 Household,hb70_09,na - interviewer that took blood for hiv testing
NFHS-4 Household,hb70_10,na - interviewer that took blood for hiv testing
NFHS-4 Household,hmlidx_1,mosquito bed net designation number
NFHS-4 Household,hmlidx_2,mosquito bed net designation number
NFHS-4 Household,hmlidx_3,mosquito bed net designation number
NFHS-4 Household,hmlidx_4,mosquito bed net designation number
NFHS-4 Household,hmlidx_5,mosquito bed net designation number
NFHS-4 Household,hmlidx_6,mosquito bed net designation number
NFHS-4 Household,hmlidx_7,mosquito bed net designation number
NFHS-4 Household,hml3_1,na - net observed by interviewer
NFHS-4 Household,hml3_2,na - net observed by interviewer
NFHS-4 Household,hml3_3,na - net observed by interviewer
NFHS-4 Household,hml3_4,na - net observed by interviewer
NFHS-4 Household,hml3_5,na - net observed by interviewer
NFHS-4 Household,hml3_6,na - net observed by interviewer
NFHS-4 Household,hml3_7,na - net observed by interviewer
NFHS-4 Household,hml4_1,na - months ago net obtained
NFHS-4 Household,hml4_2,na - months ago net obtained
NFHS-4 Household,hml4_3,na - months ago net obtained
NFHS-4 Household,hml4_4,na - months ago net obtained
NFHS-4 Household,hml4_5,na - months ago net obtained
NFHS-4 Household,hml4_6,na - months ago net obtained
NFHS-4 Household,hml4_7,na - months ago net obtained
NFHS-4 Household,hml5_1,na - net treated with insecticide when bought
NFHS-4 Household,hml5_2,na - net treated with insecticide when bought
NFHS-4 Household,hml5_3,na - net treated with insecticide when bought
NFHS-4 Household,hml5_4,na - net treated with insecticide when bought
NFHS-4 Household,hml5_5,na - net treated with insecticide when bought
NFHS-4 Household,hml5_6,na - net treated with insecticide when bought
NFHS-4 Household,hml5_7,na - net treated with insecticide when bought
NFHS-4 Household,hml6_1,net treatment status
NFHS-4 Household,hml6_2,net treatment status
NFHS-4 Household,hml6_3,net treatment status
NFHS-4 Household,hml6_4,net treatment status
NFHS-4 Household,hml6_5,net treatment status
NFHS-4 Household,hml6_6,net treatment status
NFHS-4 Household,hml6_7,net treatment status
NFHS-4 Household,hml7_1,brand of net
NFHS-4 Household,hml7_2,brand of net
NFHS-4 Household,hml7_3,brand of net
NFHS-4 Household,hml7_4,brand of net
NFHS-4 Household,hml7_5,brand of net
NFHS-4 Household,hml7_6,brand of net
NFHS-4 Household,hml7_7,brand of net
NFHS-4 Household,hml8_1,na - net treated since receiving
NFHS-4 Household,hml8_2,na - net treated since receiving
NFHS-4 Household,hml8_3,na - net treated since receiving
NFHS-4 Household,hml8_4,na - net treated since receiving
NFHS-4 Household,hml8_5,na - net treated since receiving
NFHS-4 Household,hml8_6,na - net treated since receiving
NFHS-4 Household,hml8_7,na - net treated since receiving
NFHS-4 Household,hml9_1,na - time since last re-treatment (months)
NFHS-4 Household,hml9_2,na - time since last re-treatment (months)
NFHS-4 Household,hml9_3,na - time since last re-treatment (months)
NFHS-4 Household,hml9_4,na - time since last re-treatment (months)
NFHS-4 Household,hml9_5,na - time since last re-treatment (months)
NFHS-4 Household,hml9_6,na - time since last re-treatment (months)
NFHS-4 Household,hml9_7,na - time since last re-treatment (months)
NFHS-4 Household,hml10_1,insecticide-treated net (itn)
NFHS-4 Household,hml10_2,insecticide-treated net (itn)
NFHS-4 Household,hml10_3,insecticide-treated net (itn)
NFHS-4 Household,hml10_4,insecticide-treated net (itn)
NFHS-4 Household,hml10_5,insecticide-treated net (itn)
NFHS-4 Household,hml10_6,insecticide-treated net (itn)
NFHS-4 Household,hml10_7,insecticide-treated net (itn)
NFHS-4 Household,hml11_1,number of persons who slept under this net
NFHS-4 Household,hml11_2,number of persons who slept under this net
NFHS-4 Household,hml11_3,number of persons who slept under this net
NFHS-4 Household,hml11_4,number of persons who slept under this net
NFHS-4 Household,hml11_5,number of persons who slept under this net
NFHS-4 Household,hml11_6,number of persons who slept under this net
NFHS-4 Household,hml11_7,number of persons who slept under this net
NFHS-4 Household,hml21_1,someone slept under this net last night
NFHS-4 Household,hml21_2,someone slept under this net last night
NFHS-4 Household,hml21_3,someone slept under this net last night
NFHS-4 Household,hml21_4,someone slept under this net last night
NFHS-4 Household,hml21_5,someone slept under this net last night
NFHS-4 Household,hml21_6,someone slept under this net last night
NFHS-4 Household,hml21_7,someone slept under this net last night
NFHS-4 Household,hmla_1,line number of person who slept in this net
NFHS-4 Household,hmla_2,line number of person who slept in this net
NFHS-4 Household,hmla_3,line number of person who slept in this net
NFHS-4 Household,hmla_4,line number of person who slept in this net
NFHS-4 Household,hmla_5,line number of person who slept in this net
NFHS-4 Household,hmla_6,line number of person who slept in this net
NFHS-4 Household,hmla_7,line number of person who slept in this net
NFHS-4 Household,hmlb_1,line number of person who slept in this net
NFHS-4 Household,hmlb_2,line number of person who slept in this net
NFHS-4 Household,hmlb_3,line number of person who slept in this net
NFHS-4 Household,hmlb_4,line number of person who slept in this net
NFHS-4 Household,hmlb_5,line number of person who slept in this net
NFHS-4 Household,hmlb_6,line number of person who slept in this net
NFHS-4 Household,hmlb_7,line number of person who slept in this net
NFHS-4 Household,hmlc_1,line number of person who slept in this net
NFHS-4 Household,hmlc_2,line number of person who slept in this net
NFHS-4 Household,hmlc_3,line number of person who slept in this net
NFHS-4 Household,hmlc_4,line number of person who slept in this net
NFHS-4 Household,hmlc_5,line number of person who slept in this net
NFHS-4 Household,hmlc_6,line number of person who slept in this net
NFHS-4 Household,hmlc_7,line number of person who slept in this net
NFHS-4 Household,hmld_1,line number of person who slept in this net
NFHS-4 Household,hmld_2,line number of person who slept in this net
NFHS-4 Household,hmld_3,line number of person who slept in this net
NFHS-4 Household,hmld_4,line number of person who slept in this net
NFHS-4 Household,hmld_5,line number of person who slept in this net
NFHS-4 Household,hmld_6,line number of person who slept in this net
NFHS-4 Household,hmld_7,line number of person who slept in this net
NFHS-4 Household,hmle_1,na - line number of person who slept in this net
NFHS-4 Household,hmle_2,na - line number of person who slept in this net
NFHS-4 Household,hmle_3,na - line number of person who slept in this net
NFHS-4 Household,hmle_4,na - line number of person who slept in this net
NFHS-4 Household,hmle_5,na - line number of person who slept in this net
NFHS-4 Household,hmle_6,na - line number of person who slept in this net
NFHS-4 Household,hmle_7,na - line number of person who slept in this net
NFHS-4 Household,hmhidx_01,index to household schedule
NFHS-4 Household,hmhidx_02,index to household schedule
NFHS-4 Household,hmhidx_03,index to household schedule
NFHS-4 Household,hmhidx_04,index to household schedule
NFHS-4 Household,hmhidx_05,index to household schedule
NFHS-4 Household,hmhidx_06,index to household schedule
NFHS-4 Household,hmhidx_07,index to household schedule
NFHS-4 Household,hmhidx_08,index to household schedule
NFHS-4 Household,hmhidx_09,index to household schedule
NFHS-4 Household,hmhidx_10,index to household schedule
NFHS-4 Household,hmhidx_11,index to household schedule
NFHS-4 Household,hmhidx_12,index to household schedule
NFHS-4 Household,hmhidx_13,index to household schedule
NFHS-4 Household,hmhidx_14,index to household schedule
NFHS-4 Household,hmhidx_15,index to household schedule
NFHS-4 Household,hmhidx_16,index to household schedule
NFHS-4 Household,hmhidx_17,index to household schedule
NFHS-4 Household,hmhidx_18,index to household schedule
NFHS-4 Household,hmhidx_19,index to household schedule
NFHS-4 Household,hmhidx_20,index to household schedule
NFHS-4 Household,hmhidx_21,index to household schedule
NFHS-4 Household,hmhidx_22,index to household schedule
NFHS-4 Household,hmhidx_23,index to household schedule
NFHS-4 Household,hmhidx_24,index to household schedule
NFHS-4 Household,hmhidx_25,index to household schedule
NFHS-4 Household,hmhidx_26,index to household schedule
NFHS-4 Household,hmhidx_27,index to household schedule
NFHS-4 Household,hmhidx_28,index to household schedule
NFHS-4 Household,hmhidx_29,index to household schedule
NFHS-4 Household,hmhidx_30,index to household schedule
NFHS-4 Household,hmhidx_31,index to household schedule
NFHS-4 Household,hmhidx_32,index to household schedule
NFHS-4 Household,hmhidx_33,index to household schedule
NFHS-4 Household,hmhidx_34,index to household schedule
NFHS-4 Household,hmhidx_35,index to household schedule
NFHS-4 Household,hmhidx_36,index to household schedule
NFHS-4 Household,hmhidx_37,index to household schedule
NFHS-4 Household,hmhidx_38,index to household schedule
NFHS-4 Household,hmhidx_39,index to household schedule
NFHS-4 Household,hmhidx_40,index to household schedule
NFHS-4 Household,hmhidx_41,index to household schedule
NFHS-4 Household,hml12_01,type of mosquito bed net(s) person slept under last night
NFHS-4 Household,hml12_02,type of mosquito bed net(s) person slept under last night
NFHS-4 Household,hml12_03,type of mosquito bed net(s) person slept under last night
NFHS-4 Household,hml12_04,type of mosquito bed net(s) person slept under last night
NFHS-4 Household,hml12_05,type of mosquito bed net(s) person slept under last night
NFHS-4 Household,hml12_06,type of mosquito bed net(s) person slept under last night
NFHS-4 Household,hml12_07,type of mosquito bed net(s) person slept under last night
NFHS-4 Household,hml12_08,type of mosquito bed net(s) person slept under last night
NFHS-4 Household,hml12_09,type of mosquito bed net(s) person slept under last night
NFHS-4 Household,hml12_10,type of mosquito bed net(s) person slept under last night
NFHS-4 Household,hml12_11,type of mosquito bed net(s) person slept under last night
NFHS-4 Household,hml12_12,type of mosquito bed net(s) person slept under last night
NFHS-4 Household,hml12_13,type of mosquito bed net(s) person slept under last night
NFHS-4 Household,hml12_14,type of mosquito bed net(s) person slept under last night
NFHS-4 Household,hml12_15,type of mosquito bed net(s) person slept under last night
NFHS-4 Household,hml12_16,type of mosquito bed net(s) person slept under last night
NFHS-4 Household,hml12_17,type of mosquito bed net(s) person slept under last night
NFHS-4 Household,hml12_18,type of mosquito bed net(s) person slept under last night
NFHS-4 Household,hml12_19,type of mosquito bed net(s) person slept under last night
NFHS-4 Household,hml12_20,type of mosquito bed net(s) person slept under last night
NFHS-4 Household,hml12_21,type of mosquito bed net(s) person slept under last night
NFHS-4 Household,hml12_22,type of mosquito bed net(s) person slept under last night
NFHS-4 Household,hml12_23,type of mosquito bed net(s) person slept under last night
NFHS-4 Household,hml12_24,type of mosquito bed net(s) person slept under last night
NFHS-4 Household,hml12_25,type of mosquito bed net(s) person slept under last night
NFHS-4 Household,hml12_26,type of mosquito bed net(s) person slept under last night
NFHS-4 Household,hml12_27,type of mosquito bed net(s) person slept under last night
NFHS-4 Household,hml12_28,type of mosquito bed net(s) person slept under last night
NFHS-4 Household,hml12_29,type of mosquito bed net(s) person slept under last night
NFHS-4 Household,hml12_30,type of mosquito bed net(s) person slept under last night
NFHS-4 Household,hml12_31,type of mosquito bed net(s) person slept under last night
NFHS-4 Household,hml12_32,type of mosquito bed net(s) person slept under last night
NFHS-4 Household,hml12_33,type of mosquito bed net(s) person slept under last night
NFHS-4 Household,hml12_34,type of mosquito bed net(s) person slept under last night
NFHS-4 Household,hml12_35,type of mosquito bed net(s) person slept under last night
NFHS-4 Household,hml12_36,type of mosquito bed net(s) person slept under last night
NFHS-4 Household,hml12_37,type of mosquito bed net(s) person slept under last night
NFHS-4 Household,hml12_38,type of mosquito bed net(s) person slept under last night
NFHS-4 Household,hml12_39,type of mosquito bed net(s) person slept under last night
NFHS-4 Household,hml12_40,type of mosquito bed net(s) person slept under last night
NFHS-4 Household,hml12_41,type of mosquito bed net(s) person slept under last night
NFHS-4 Household,hml13_01,net designation number (hmlidx) for 1st net person slept under last night
NFHS-4 Household,hml13_02,net designation number (hmlidx) for 1st net person slept under last night
NFHS-4 Household,hml13_03,net designation number (hmlidx) for 1st net person slept under last night
NFHS-4 Household,hml13_04,net designation number (hmlidx) for 1st net person slept under last night
NFHS-4 Household,hml13_05,net designation number (hmlidx) for 1st net person slept under last night
NFHS-4 Household,hml13_06,net designation number (hmlidx) for 1st net person slept under last night
NFHS-4 Household,hml13_07,net designation number (hmlidx) for 1st net person slept under last night
NFHS-4 Household,hml13_08,net designation number (hmlidx) for 1st net person slept under last night
NFHS-4 Household,hml13_09,net designation number (hmlidx) for 1st net person slept under last night
NFHS-4 Household,hml13_10,net designation number (hmlidx) for 1st net person slept under last night
NFHS-4 Household,hml13_11,net designation number (hmlidx) for 1st net person slept under last night
NFHS-4 Household,hml13_12,net designation number (hmlidx) for 1st net person slept under last night
NFHS-4 Household,hml13_13,net designation number (hmlidx) for 1st net person slept under last night
NFHS-4 Household,hml13_14,net designation number (hmlidx) for 1st net person slept under last night
NFHS-4 Household,hml13_15,net designation number (hmlidx) for 1st net person slept under last night
NFHS-4 Household,hml13_16,net designation number (hmlidx) for 1st net person slept under last night
NFHS-4 Household,hml13_17,net designation number (hmlidx) for 1st net person slept under last night
NFHS-4 Household,hml13_18,net designation number (hmlidx) for 1st net person slept under last night
NFHS-4 Household,hml13_19,net designation number (hmlidx) for 1st net person slept under last night
NFHS-4 Household,hml13_20,net designation number (hmlidx) for 1st net person slept under last night
NFHS-4 Household,hml13_21,net designation number (hmlidx) for 1st net person slept under last night
NFHS-4 Household,hml13_22,net designation number (hmlidx) for 1st net person slept under last night
NFHS-4 Household,hml13_23,net designation number (hmlidx) for 1st net person slept under last night
NFHS-4 Household,hml13_24,net designation number (hmlidx) for 1st net person slept under last night
NFHS-4 Household,hml13_25,net designation number (hmlidx) for 1st net person slept under last night
NFHS-4 Household,hml13_26,net designation number (hmlidx) for 1st net person slept under last night
NFHS-4 Household,hml13_27,net designation number (hmlidx) for 1st net person slept under last night
NFHS-4 Household,hml13_28,net designation number (hmlidx) for 1st net person slept under last night
NFHS-4 Household,hml13_29,net designation number (hmlidx) for 1st net person slept under last night
NFHS-4 Household,hml13_30,net designation number (hmlidx) for 1st net person slept under last night
NFHS-4 Household,hml13_31,net designation number (hmlidx) for 1st net person slept under last night
NFHS-4 Household,hml13_32,net designation number (hmlidx) for 1st net person slept under last night
NFHS-4 Household,hml13_33,net designation number (hmlidx) for 1st net person slept under last night
NFHS-4 Household,hml13_34,net designation number (hmlidx) for 1st net person slept under last night
NFHS-4 Household,hml13_35,net designation number (hmlidx) for 1st net person slept under last night
NFHS-4 Household,hml13_36,net designation number (hmlidx) for 1st net person slept under last night
NFHS-4 Household,hml13_37,net designation number (hmlidx) for 1st net person slept under last night
NFHS-4 Household,hml13_38,net designation number (hmlidx) for 1st net person slept under last night
NFHS-4 Household,hml13_39,net designation number (hmlidx) for 1st net person slept under last night
NFHS-4 Household,hml13_40,net designation number (hmlidx) for 1st net person slept under last night
NFHS-4 Household,hml13_41,net designation number (hmlidx) for 1st net person slept under last night
NFHS-4 Household,hml14_01,net designation number (hmlidx) for 2nd net person slept under last night
NFHS-4 Household,hml14_02,net designation number (hmlidx) for 2nd net person slept under last night
NFHS-4 Household,hml14_03,net designation number (hmlidx) for 2nd net person slept under last night
NFHS-4 Household,hml14_04,net designation number (hmlidx) for 2nd net person slept under last night
NFHS-4 Household,hml14_05,net designation number (hmlidx) for 2nd net person slept under last night
NFHS-4 Household,hml14_06,net designation number (hmlidx) for 2nd net person slept under last night
NFHS-4 Household,hml14_07,net designation number (hmlidx) for 2nd net person slept under last night
NFHS-4 Household,hml14_08,net designation number (hmlidx) for 2nd net person slept under last night
NFHS-4 Household,hml14_09,net designation number (hmlidx) for 2nd net person slept under last night
NFHS-4 Household,hml14_10,net designation number (hmlidx) for 2nd net person slept under last night
NFHS-4 Household,hml14_11,net designation number (hmlidx) for 2nd net person slept under last night
NFHS-4 Household,hml14_12,net designation number (hmlidx) for 2nd net person slept under last night
NFHS-4 Household,hml14_13,net designation number (hmlidx) for 2nd net person slept under last night
NFHS-4 Household,hml14_14,net designation number (hmlidx) for 2nd net person slept under last night
NFHS-4 Household,hml14_15,net designation number (hmlidx) for 2nd net person slept under last night
NFHS-4 Household,hml14_16,net designation number (hmlidx) for 2nd net person slept under last night
NFHS-4 Household,hml14_17,net designation number (hmlidx) for 2nd net person slept under last night
NFHS-4 Household,hml14_18,net designation number (hmlidx) for 2nd net person slept under last night
NFHS-4 Household,hml14_19,net designation number (hmlidx) for 2nd net person slept under last night
NFHS-4 Household,hml14_20,net designation number (hmlidx) for 2nd net person slept under last night
NFHS-4 Household,hml14_21,net designation number (hmlidx) for 2nd net person slept under last night
NFHS-4 Household,hml14_22,net designation number (hmlidx) for 2nd net person slept under last night
NFHS-4 Household,hml14_23,net designation number (hmlidx) for 2nd net person slept under last night
NFHS-4 Household,hml14_24,net designation number (hmlidx) for 2nd net person slept under last night
NFHS-4 Household,hml14_25,net designation number (hmlidx) for 2nd net person slept under last night
NFHS-4 Household,hml14_26,net designation number (hmlidx) for 2nd net person slept under last night
NFHS-4 Household,hml14_27,net designation number (hmlidx) for 2nd net person slept under last night
NFHS-4 Household,hml14_28,net designation number (hmlidx) for 2nd net person slept under last night
NFHS-4 Household,hml14_29,net designation number (hmlidx) for 2nd net person slept under last night
NFHS-4 Household,hml14_30,net designation number (hmlidx) for 2nd net person slept under last night
NFHS-4 Household,hml14_31,net designation number (hmlidx) for 2nd net person slept under last night
NFHS-4 Household,hml14_32,net designation number (hmlidx) for 2nd net person slept under last night
NFHS-4 Household,hml14_33,net designation number (hmlidx) for 2nd net person slept under last night
NFHS-4 Household,hml14_34,net designation number (hmlidx) for 2nd net person slept under last night
NFHS-4 Household,hml14_35,net designation number (hmlidx) for 2nd net person slept under last night
NFHS-4 Household,hml14_36,net designation number (hmlidx) for 2nd net person slept under last night
NFHS-4 Household,hml14_37,net designation number (hmlidx) for 2nd net person slept under last night
NFHS-4 Household,hml14_38,net designation number (hmlidx) for 2nd net person slept under last night
NFHS-4 Household,hml14_39,net designation number (hmlidx) for 2nd net person slept under last night
NFHS-4 Household,hml14_40,net designation number (hmlidx) for 2nd net person slept under last night
NFHS-4 Household,hml14_41,net designation number (hmlidx) for 2nd net person slept under last night
NFHS-4 Household,hml15_01,net designation number (hmlidx) for 3rd net person slept under last night
NFHS-4 Household,hml15_02,net designation number (hmlidx) for 3rd net person slept under last night
NFHS-4 Household,hml15_03,net designation number (hmlidx) for 3rd net person slept under last night
NFHS-4 Household,hml15_04,net designation number (hmlidx) for 3rd net person slept under last night
NFHS-4 Household,hml15_05,net designation number (hmlidx) for 3rd net person slept under last night
NFHS-4 Household,hml15_06,net designation number (hmlidx) for 3rd net person slept under last night
NFHS-4 Household,hml15_07,net designation number (hmlidx) for 3rd net person slept under last night
NFHS-4 Household,hml15_08,net designation number (hmlidx) for 3rd net person slept under last night
NFHS-4 Household,hml15_09,net designation number (hmlidx) for 3rd net person slept under last night
NFHS-4 Household,hml15_10,net designation number (hmlidx) for 3rd net person slept under last night
NFHS-4 Household,hml15_11,net designation number (hmlidx) for 3rd net person slept under last night
NFHS-4 Household,hml15_12,net designation number (hmlidx) for 3rd net person slept under last night
NFHS-4 Household,hml15_13,net designation number (hmlidx) for 3rd net person slept under last night
NFHS-4 Household,hml15_14,net designation number (hmlidx) for 3rd net person slept under last night
NFHS-4 Household,hml15_15,net designation number (hmlidx) for 3rd net person slept under last night
NFHS-4 Household,hml15_16,net designation number (hmlidx) for 3rd net person slept under last night
NFHS-4 Household,hml15_17,net designation number (hmlidx) for 3rd net person slept under last night
NFHS-4 Household,hml15_18,net designation number (hmlidx) for 3rd net person slept under last night
NFHS-4 Household,hml15_19,net designation number (hmlidx) for 3rd net person slept under last night
NFHS-4 Household,hml15_20,net designation number (hmlidx) for 3rd net person slept under last night
NFHS-4 Household,hml15_21,net designation number (hmlidx) for 3rd net person slept under last night
NFHS-4 Household,hml15_22,net designation number (hmlidx) for 3rd net person slept under last night
NFHS-4 Household,hml15_23,net designation number (hmlidx) for 3rd net person slept under last night
NFHS-4 Household,hml15_24,net designation number (hmlidx) for 3rd net person slept under last night
NFHS-4 Household,hml15_25,net designation number (hmlidx) for 3rd net person slept under last night
NFHS-4 Household,hml15_26,net designation number (hmlidx) for 3rd net person slept under last night
NFHS-4 Household,hml15_27,net designation number (hmlidx) for 3rd net person slept under last night
NFHS-4 Household,hml15_28,net designation number (hmlidx) for 3rd net person slept under last night
NFHS-4 Household,hml15_29,net designation number (hmlidx) for 3rd net person slept under last night
NFHS-4 Household,hml15_30,net designation number (hmlidx) for 3rd net person slept under last night
NFHS-4 Household,hml15_31,net designation number (hmlidx) for 3rd net person slept under last night
NFHS-4 Household,hml15_32,net designation number (hmlidx) for 3rd net person slept under last night
NFHS-4 Household,hml15_33,net designation number (hmlidx) for 3rd net person slept under last night
NFHS-4 Household,hml15_34,net designation number (hmlidx) for 3rd net person slept under last night
NFHS-4 Household,hml15_35,net designation number (hmlidx) for 3rd net person slept under last night
NFHS-4 Household,hml15_36,net designation number (hmlidx) for 3rd net person slept under last night
NFHS-4 Household,hml15_37,net designation number (hmlidx) for 3rd net person slept under last night
NFHS-4 Household,hml15_38,net designation number (hmlidx) for 3rd net person slept under last night
NFHS-4 Household,hml15_39,net designation number (hmlidx) for 3rd net person slept under last night
NFHS-4 Household,hml15_40,net designation number (hmlidx) for 3rd net person slept under last night
NFHS-4 Household,hml15_41,net designation number (hmlidx) for 3rd net person slept under last night
NFHS-4 Household,hml16_01,corrected age from individual file
NFHS-4 Household,hml16_02,corrected age from individual file
NFHS-4 Household,hml16_03,corrected age from individual file
NFHS-4 Household,hml16_04,corrected age from individual file
NFHS-4 Household,hml16_05,corrected age from individual file
NFHS-4 Household,hml16_06,corrected age from individual file
NFHS-4 Household,hml16_07,corrected age from individual file
NFHS-4 Household,hml16_08,corrected age from individual file
NFHS-4 Household,hml16_09,corrected age from individual file
NFHS-4 Household,hml16_10,corrected age from individual file
NFHS-4 Household,hml16_11,corrected age from individual file
NFHS-4 Household,hml16_12,corrected age from individual file
NFHS-4 Household,hml16_13,corrected age from individual file
NFHS-4 Household,hml16_14,corrected age from individual file
NFHS-4 Household,hml16_15,corrected age from individual file
NFHS-4 Household,hml16_16,corrected age from individual file
NFHS-4 Household,hml16_17,corrected age from individual file
NFHS-4 Household,hml16_18,corrected age from individual file
NFHS-4 Household,hml16_19,corrected age from individual file
NFHS-4 Household,hml16_20,corrected age from individual file
NFHS-4 Household,hml16_21,corrected age from individual file
NFHS-4 Household,hml16_22,corrected age from individual file
NFHS-4 Household,hml16_23,corrected age from individual file
NFHS-4 Household,hml16_24,corrected age from individual file
NFHS-4 Household,hml16_25,corrected age from individual file
NFHS-4 Household,hml16_26,corrected age from individual file
NFHS-4 Household,hml16_27,corrected age from individual file
NFHS-4 Household,hml16_28,corrected age from individual file
NFHS-4 Household,hml16_29,corrected age from individual file
NFHS-4 Household,hml16_30,corrected age from individual file
NFHS-4 Household,hml16_31,corrected age from individual file
NFHS-4 Household,hml16_32,corrected age from individual file
NFHS-4 Household,hml16_33,corrected age from individual file
NFHS-4 Household,hml16_34,corrected age from individual file
NFHS-4 Household,hml16_35,corrected age from individual file
NFHS-4 Household,hml16_36,corrected age from individual file
NFHS-4 Household,hml16_37,corrected age from individual file
NFHS-4 Household,hml16_38,corrected age from individual file
NFHS-4 Household,hml16_39,corrected age from individual file
NFHS-4 Household,hml16_40,corrected age from individual file
NFHS-4 Household,hml16_41,corrected age from individual file
NFHS-4 Household,hml16a_01,na - age in months (for children)
NFHS-4 Household,hml16a_02,na - age in months (for children)
NFHS-4 Household,hml16a_03,na - age in months (for children)
NFHS-4 Household,hml16a_04,na - age in months (for children)
NFHS-4 Household,hml16a_05,na - age in months (for children)
NFHS-4 Household,hml16a_06,na - age in months (for children)
NFHS-4 Household,hml16a_07,na - age in months (for children)
NFHS-4 Household,hml16a_08,na - age in months (for children)
NFHS-4 Household,hml16a_09,na - age in months (for children)
NFHS-4 Household,hml16a_10,na - age in months (for children)
NFHS-4 Household,hml16a_11,na - age in months (for children)
NFHS-4 Household,hml16a_12,na - age in months (for children)
NFHS-4 Household,hml16a_13,na - age in months (for children)
NFHS-4 Household,hml16a_14,na - age in months (for children)
NFHS-4 Household,hml16a_15,na - age in months (for children)
NFHS-4 Household,hml16a_16,na - age in months (for children)
NFHS-4 Household,hml16a_17,na - age in months (for children)
NFHS-4 Household,hml16a_18,na - age in months (for children)
NFHS-4 Household,hml16a_19,na - age in months (for children)
NFHS-4 Household,hml16a_20,na - age in months (for children)
NFHS-4 Household,hml16a_21,na - age in months (for children)
NFHS-4 Household,hml16a_22,na - age in months (for children)
NFHS-4 Household,hml16a_23,na - age in months (for children)
NFHS-4 Household,hml16a_24,na - age in months (for children)
NFHS-4 Household,hml16a_25,na - age in months (for children)
NFHS-4 Household,hml16a_26,na - age in months (for children)
NFHS-4 Household,hml16a_27,na - age in months (for children)
NFHS-4 Household,hml16a_28,na - age in months (for children)
NFHS-4 Household,hml16a_29,na - age in months (for children)
NFHS-4 Household,hml16a_30,na - age in months (for children)
NFHS-4 Household,hml16a_31,na - age in months (for children)
NFHS-4 Household,hml16a_32,na - age in months (for children)
NFHS-4 Household,hml16a_33,na - age in months (for children)
NFHS-4 Household,hml16a_34,na - age in months (for children)
NFHS-4 Household,hml16a_35,na - age in months (for children)
NFHS-4 Household,hml16a_36,na - age in months (for children)
NFHS-4 Household,hml16a_37,na - age in months (for children)
NFHS-4 Household,hml16a_38,na - age in months (for children)
NFHS-4 Household,hml16a_39,na - age in months (for children)
NFHS-4 Household,hml16a_40,na - age in months (for children)
NFHS-4 Household,hml16a_41,na - age in months (for children)
NFHS-4 Household,hml17_01,flag for age from individual file
NFHS-4 Household,hml17_02,flag for age from individual file
NFHS-4 Household,hml17_03,flag for age from individual file
NFHS-4 Household,hml17_04,flag for age from individual file
NFHS-4 Household,hml17_05,flag for age from individual file
NFHS-4 Household,hml17_06,flag for age from individual file
NFHS-4 Household,hml17_07,flag for age from individual file
NFHS-4 Household,hml17_08,flag for age from individual file
NFHS-4 Household,hml17_09,flag for age from individual file
NFHS-4 Household,hml17_10,flag for age from individual file
NFHS-4 Household,hml17_11,flag for age from individual file
NFHS-4 Household,hml17_12,flag for age from individual file
NFHS-4 Household,hml17_13,flag for age from individual file
NFHS-4 Household,hml17_14,flag for age from individual file
NFHS-4 Household,hml17_15,flag for age from individual file
NFHS-4 Household,hml17_16,flag for age from individual file
NFHS-4 Household,hml17_17,flag for age from individual file
NFHS-4 Household,hml17_18,flag for age from individual file
NFHS-4 Household,hml17_19,flag for age from individual file
NFHS-4 Household,hml17_20,flag for age from individual file
NFHS-4 Household,hml17_21,flag for age from individual file
NFHS-4 Household,hml17_22,flag for age from individual file
NFHS-4 Household,hml17_23,flag for age from individual file
NFHS-4 Household,hml17_24,flag for age from individual file
NFHS-4 Household,hml17_25,flag for age from individual file
NFHS-4 Household,hml17_26,flag for age from individual file
NFHS-4 Household,hml17_27,flag for age from individual file
NFHS-4 Household,hml17_28,flag for age from individual file
NFHS-4 Household,hml17_29,flag for age from individual file
NFHS-4 Household,hml17_30,flag for age from individual file
NFHS-4 Household,hml17_31,flag for age from individual file
NFHS-4 Household,hml17_32,flag for age from individual file
NFHS-4 Household,hml17_33,flag for age from individual file
NFHS-4 Household,hml17_34,flag for age from individual file
NFHS-4 Household,hml17_35,flag for age from individual file
NFHS-4 Household,hml17_36,flag for age from individual file
NFHS-4 Household,hml17_37,flag for age from individual file
NFHS-4 Household,hml17_38,flag for age from individual file
NFHS-4 Household,hml17_39,flag for age from individual file
NFHS-4 Household,hml17_40,flag for age from individual file
NFHS-4 Household,hml17_41,flag for age from individual file
NFHS-4 Household,hml18_01,pregnancy status from individual file
NFHS-4 Household,hml18_02,pregnancy status from individual file
NFHS-4 Household,hml18_03,pregnancy status from individual file
NFHS-4 Household,hml18_04,pregnancy status from individual file
NFHS-4 Household,hml18_05,pregnancy status from individual file
NFHS-4 Household,hml18_06,pregnancy status from individual file
NFHS-4 Household,hml18_07,pregnancy status from individual file
NFHS-4 Household,hml18_08,pregnancy status from individual file
NFHS-4 Household,hml18_09,pregnancy status from individual file
NFHS-4 Household,hml18_10,pregnancy status from individual file
NFHS-4 Household,hml18_11,pregnancy status from individual file
NFHS-4 Household,hml18_12,pregnancy status from individual file
NFHS-4 Household,hml18_13,pregnancy status from individual file
NFHS-4 Household,hml18_14,pregnancy status from individual file
NFHS-4 Household,hml18_15,pregnancy status from individual file
NFHS-4 Household,hml18_16,pregnancy status from individual file
NFHS-4 Household,hml18_17,pregnancy status from individual file
NFHS-4 Household,hml18_18,pregnancy status from individual file
NFHS-4 Household,hml18_19,pregnancy status from individual file
NFHS-4 Household,hml18_20,pregnancy status from individual file
NFHS-4 Household,hml18_21,pregnancy status from individual file
NFHS-4 Household,hml18_22,pregnancy status from individual file
NFHS-4 Household,hml18_23,pregnancy status from individual file
NFHS-4 Household,hml18_24,pregnancy status from individual file
NFHS-4 Household,hml18_25,pregnancy status from individual file
NFHS-4 Household,hml18_26,pregnancy status from individual file
NFHS-4 Household,hml18_27,pregnancy status from individual file
NFHS-4 Household,hml18_28,pregnancy status from individual file
NFHS-4 Household,hml18_29,pregnancy status from individual file
NFHS-4 Household,hml18_30,pregnancy status from individual file
NFHS-4 Household,hml18_31,pregnancy status from individual file
NFHS-4 Household,hml18_32,pregnancy status from individual file
NFHS-4 Household,hml18_33,pregnancy status from individual file
NFHS-4 Household,hml18_34,pregnancy status from individual file
NFHS-4 Household,hml18_35,pregnancy status from individual file
NFHS-4 Household,hml18_36,pregnancy status from individual file
NFHS-4 Household,hml18_37,pregnancy status from individual file
NFHS-4 Household,hml18_38,pregnancy status from individual file
NFHS-4 Household,hml18_39,pregnancy status from individual file
NFHS-4 Household,hml18_40,pregnancy status from individual file
NFHS-4 Household,hml18_41,pregnancy status from individual file
NFHS-4 Household,hml19_01,person slept under an ever-treated net
NFHS-4 Household,hml19_02,person slept under an ever-treated net
NFHS-4 Household,hml19_03,person slept under an ever-treated net
NFHS-4 Household,hml19_04,person slept under an ever-treated net
NFHS-4 Household,hml19_05,person slept under an ever-treated net
NFHS-4 Household,hml19_06,person slept under an ever-treated net
NFHS-4 Household,hml19_07,person slept under an ever-treated net
NFHS-4 Household,hml19_08,person slept under an ever-treated net
NFHS-4 Household,hml19_09,person slept under an ever-treated net
NFHS-4 Household,hml19_10,person slept under an ever-treated net
NFHS-4 Household,hml19_11,person slept under an ever-treated net
NFHS-4 Household,hml19_12,person slept under an ever-treated net
NFHS-4 Household,hml19_13,person slept under an ever-treated net
NFHS-4 Household,hml19_14,person slept under an ever-treated net
NFHS-4 Household,hml19_15,person slept under an ever-treated net
NFHS-4 Household,hml19_16,person slept under an ever-treated net
NFHS-4 Household,hml19_17,person slept under an ever-treated net
NFHS-4 Household,hml19_18,person slept under an ever-treated net
NFHS-4 Household,hml19_19,person slept under an ever-treated net
NFHS-4 Household,hml19_20,person slept under an ever-treated net
NFHS-4 Household,hml19_21,person slept under an ever-treated net
NFHS-4 Household,hml19_22,person slept under an ever-treated net
NFHS-4 Household,hml19_23,person slept under an ever-treated net
NFHS-4 Household,hml19_24,person slept under an ever-treated net
NFHS-4 Household,hml19_25,person slept under an ever-treated net
NFHS-4 Household,hml19_26,person slept under an ever-treated net
NFHS-4 Household,hml19_27,person slept under an ever-treated net
NFHS-4 Household,hml19_28,person slept under an ever-treated net
NFHS-4 Household,hml19_29,person slept under an ever-treated net
NFHS-4 Household,hml19_30,person slept under an ever-treated net
NFHS-4 Household,hml19_31,person slept under an ever-treated net
NFHS-4 Household,hml19_32,person slept under an ever-treated net
NFHS-4 Household,hml19_33,person slept under an ever-treated net
NFHS-4 Household,hml19_34,person slept under an ever-treated net
NFHS-4 Household,hml19_35,person slept under an ever-treated net
NFHS-4 Household,hml19_36,person slept under an ever-treated net
NFHS-4 Household,hml19_37,person slept under an ever-treated net
NFHS-4 Household,hml19_38,person slept under an ever-treated net
NFHS-4 Household,hml19_39,person slept under an ever-treated net
NFHS-4 Household,hml19_40,person slept under an ever-treated net
NFHS-4 Household,hml19_41,person slept under an ever-treated net
NFHS-4 Household,hml20_01,person slept under an llin net
NFHS-4 Household,hml20_02,person slept under an llin net
NFHS-4 Household,hml20_03,person slept under an llin net
NFHS-4 Household,hml20_04,person slept under an llin net
NFHS-4 Household,hml20_05,person slept under an llin net
NFHS-4 Household,hml20_06,person slept under an llin net
NFHS-4 Household,hml20_07,person slept under an llin net
NFHS-4 Household,hml20_08,person slept under an llin net
NFHS-4 Household,hml20_09,person slept under an llin net
NFHS-4 Household,hml20_10,person slept under an llin net
NFHS-4 Household,hml20_11,person slept under an llin net
NFHS-4 Household,hml20_12,person slept under an llin net
NFHS-4 Household,hml20_13,person slept under an llin net
NFHS-4 Household,hml20_14,person slept under an llin net
NFHS-4 Household,hml20_15,person slept under an llin net
NFHS-4 Household,hml20_16,person slept under an llin net
NFHS-4 Household,hml20_17,person slept under an llin net
NFHS-4 Household,hml20_18,person slept under an llin net
NFHS-4 Household,hml20_19,person slept under an llin net
NFHS-4 Household,hml20_20,person slept under an llin net
NFHS-4 Household,hml20_21,person slept under an llin net
NFHS-4 Household,hml20_22,person slept under an llin net
NFHS-4 Household,hml20_23,person slept under an llin net
NFHS-4 Household,hml20_24,person slept under an llin net
NFHS-4 Household,hml20_25,person slept under an llin net
NFHS-4 Household,hml20_26,person slept under an llin net
NFHS-4 Household,hml20_27,person slept under an llin net
NFHS-4 Household,hml20_28,person slept under an llin net
NFHS-4 Household,hml20_29,person slept under an llin net
NFHS-4 Household,hml20_30,person slept under an llin net
NFHS-4 Household,hml20_31,person slept under an llin net
NFHS-4 Household,hml20_32,person slept under an llin net
NFHS-4 Household,hml20_33,person slept under an llin net
NFHS-4 Household,hml20_34,person slept under an llin net
NFHS-4 Household,hml20_35,person slept under an llin net
NFHS-4 Household,hml20_36,person slept under an llin net
NFHS-4 Household,hml20_37,person slept under an llin net
NFHS-4 Household,hml20_38,person slept under an llin net
NFHS-4 Household,hml20_39,person slept under an llin net
NFHS-4 Household,hml20_40,person slept under an llin net
NFHS-4 Household,hml20_41,person slept under an llin net
NFHS-4 Household,hml30_01,na - line number of parent/caretaker (for malaria testing)
NFHS-4 Household,hml30_02,na - line number of parent/caretaker (for malaria testing)
NFHS-4 Household,hml30_03,na - line number of parent/caretaker (for malaria testing)
NFHS-4 Household,hml30_04,na - line number of parent/caretaker (for malaria testing)
NFHS-4 Household,hml30_05,na - line number of parent/caretaker (for malaria testing)
NFHS-4 Household,hml30_06,na - line number of parent/caretaker (for malaria testing)
NFHS-4 Household,hml30_07,na - line number of parent/caretaker (for malaria testing)
NFHS-4 Household,hml30_08,na - line number of parent/caretaker (for malaria testing)
NFHS-4 Household,hml30_09,na - line number of parent/caretaker (for malaria testing)
NFHS-4 Household,hml30_10,na - line number of parent/caretaker (for malaria testing)
NFHS-4 Household,hml30_11,na - line number of parent/caretaker (for malaria testing)
NFHS-4 Household,hml30_12,na - line number of parent/caretaker (for malaria testing)
NFHS-4 Household,hml30_13,na - line number of parent/caretaker (for malaria testing)
NFHS-4 Household,hml30_14,na - line number of parent/caretaker (for malaria testing)
NFHS-4 Household,hml30_15,na - line number of parent/caretaker (for malaria testing)
NFHS-4 Household,hml30_16,na - line number of parent/caretaker (for malaria testing)
NFHS-4 Household,hml30_17,na - line number of parent/caretaker (for malaria testing)
NFHS-4 Household,hml30_18,na - line number of parent/caretaker (for malaria testing)
NFHS-4 Household,hml30_19,na - line number of parent/caretaker (for malaria testing)
NFHS-4 Household,hml30_20,na - line number of parent/caretaker (for malaria testing)
NFHS-4 Household,hml30_21,na - line number of parent/caretaker (for malaria testing)
NFHS-4 Household,hml30_22,na - line number of parent/caretaker (for malaria testing)
NFHS-4 Household,hml30_23,na - line number of parent/caretaker (for malaria testing)
NFHS-4 Household,hml30_24,na - line number of parent/caretaker (for malaria testing)
NFHS-4 Household,hml30_25,na - line number of parent/caretaker (for malaria testing)
NFHS-4 Household,hml30_26,na - line number of parent/caretaker (for malaria testing)
NFHS-4 Household,hml30_27,na - line number of parent/caretaker (for malaria testing)
NFHS-4 Household,hml30_28,na - line number of parent/caretaker (for malaria testing)
NFHS-4 Household,hml30_29,na - line number of parent/caretaker (for malaria testing)
NFHS-4 Household,hml30_30,na - line number of parent/caretaker (for malaria testing)
NFHS-4 Household,hml30_31,na - line number of parent/caretaker (for malaria testing)
NFHS-4 Household,hml30_32,na - line number of parent/caretaker (for malaria testing)
NFHS-4 Household,hml30_33,na - line number of parent/caretaker (for malaria testing)
NFHS-4 Household,hml30_34,na - line number of parent/caretaker (for malaria testing)
NFHS-4 Household,hml30_35,na - line number of parent/caretaker (for malaria testing)
NFHS-4 Household,hml30_36,na - line number of parent/caretaker (for malaria testing)
NFHS-4 Household,hml30_37,na - line number of parent/caretaker (for malaria testing)
NFHS-4 Household,hml30_38,na - line number of parent/caretaker (for malaria testing)
NFHS-4 Household,hml30_39,na - line number of parent/caretaker (for malaria testing)
NFHS-4 Household,hml30_40,na - line number of parent/caretaker (for malaria testing)
NFHS-4 Household,hml30_41,na - line number of parent/caretaker (for malaria testing)
NFHS-4 Household,hml31_01,na - read consent statement for malaria
NFHS-4 Household,hml31_02,na - read consent statement for malaria
NFHS-4 Household,hml31_03,na - read consent statement for malaria
NFHS-4 Household,hml31_04,na - read consent statement for malaria
NFHS-4 Household,hml31_05,na - read consent statement for malaria
NFHS-4 Household,hml31_06,na - read consent statement for malaria
NFHS-4 Household,hml31_07,na - read consent statement for malaria
NFHS-4 Household,hml31_08,na - read consent statement for malaria
NFHS-4 Household,hml31_09,na - read consent statement for malaria
NFHS-4 Household,hml31_10,na - read consent statement for malaria
NFHS-4 Household,hml31_11,na - read consent statement for malaria
NFHS-4 Household,hml31_12,na - read consent statement for malaria
NFHS-4 Household,hml31_13,na - read consent statement for malaria
NFHS-4 Household,hml31_14,na - read consent statement for malaria
NFHS-4 Household,hml31_15,na - read consent statement for malaria
NFHS-4 Household,hml31_16,na - read consent statement for malaria
NFHS-4 Household,hml31_17,na - read consent statement for malaria
NFHS-4 Household,hml31_18,na - read consent statement for malaria
NFHS-4 Household,hml31_19,na - read consent statement for malaria
NFHS-4 Household,hml31_20,na - read consent statement for malaria
NFHS-4 Household,hml31_21,na - read consent statement for malaria
NFHS-4 Household,hml31_22,na - read consent statement for malaria
NFHS-4 Household,hml31_23,na - read consent statement for malaria
NFHS-4 Household,hml31_24,na - read consent statement for malaria
NFHS-4 Household,hml31_25,na - read consent statement for malaria
NFHS-4 Household,hml31_26,na - read consent statement for malaria
NFHS-4 Household,hml31_27,na - read consent statement for malaria
NFHS-4 Household,hml31_28,na - read consent statement for malaria
NFHS-4 Household,hml31_29,na - read consent statement for malaria
NFHS-4 Household,hml31_30,na - read consent statement for malaria
NFHS-4 Household,hml31_31,na - read consent statement for malaria
NFHS-4 Household,hml31_32,na - read consent statement for malaria
NFHS-4 Household,hml31_33,na - read consent statement for malaria
NFHS-4 Household,hml31_34,na - read consent statement for malaria
NFHS-4 Household,hml31_35,na - read consent statement for malaria
NFHS-4 Household,hml31_36,na - read consent statement for malaria
NFHS-4 Household,hml31_37,na - read consent statement for malaria
NFHS-4 Household,hml31_38,na - read consent statement for malaria
NFHS-4 Household,hml31_39,na - read consent statement for malaria
NFHS-4 Household,hml31_40,na - read consent statement for malaria
NFHS-4 Household,hml31_41,na - read consent statement for malaria
NFHS-4 Household,hml32_01,na - final result of malaria from blood smear test
NFHS-4 Household,hml32_02,na - final result of malaria from blood smear test
NFHS-4 Household,hml32_03,na - final result of malaria from blood smear test
NFHS-4 Household,hml32_04,na - final result of malaria from blood smear test
NFHS-4 Household,hml32_05,na - final result of malaria from blood smear test
NFHS-4 Household,hml32_06,na - final result of malaria from blood smear test
NFHS-4 Household,hml32_07,na - final result of malaria from blood smear test
NFHS-4 Household,hml32_08,na - final result of malaria from blood smear test
NFHS-4 Household,hml32_09,na - final result of malaria from blood smear test
NFHS-4 Household,hml32_10,na - final result of malaria from blood smear test
NFHS-4 Household,hml32_11,na - final result of malaria from blood smear test
NFHS-4 Household,hml32_12,na - final result of malaria from blood smear test
NFHS-4 Household,hml32_13,na - final result of malaria from blood smear test
NFHS-4 Household,hml32_14,na - final result of malaria from blood smear test
NFHS-4 Household,hml32_15,na - final result of malaria from blood smear test
NFHS-4 Household,hml32_16,na - final result of malaria from blood smear test
NFHS-4 Household,hml32_17,na - final result of malaria from blood smear test
NFHS-4 Household,hml32_18,na - final result of malaria from blood smear test
NFHS-4 Household,hml32_19,na - final result of malaria from blood smear test
NFHS-4 Household,hml32_20,na - final result of malaria from blood smear test
NFHS-4 Household,hml32_21,na - final result of malaria from blood smear test
NFHS-4 Household,hml32_22,na - final result of malaria from blood smear test
NFHS-4 Household,hml32_23,na - final result of malaria from blood smear test
NFHS-4 Household,hml32_24,na - final result of malaria from blood smear test
NFHS-4 Household,hml32_25,na - final result of malaria from blood smear test
NFHS-4 Household,hml32_26,na - final result of malaria from blood smear test
NFHS-4 Household,hml32_27,na - final result of malaria from blood smear test
NFHS-4 Household,hml32_28,na - final result of malaria from blood smear test
NFHS-4 Household,hml32_29,na - final result of malaria from blood smear test
NFHS-4 Household,hml32_30,na - final result of malaria from blood smear test
NFHS-4 Household,hml32_31,na - final result of malaria from blood smear test
NFHS-4 Household,hml32_32,na - final result of malaria from blood smear test
NFHS-4 Household,hml32_33,na - final result of malaria from blood smear test
NFHS-4 Household,hml32_34,na - final result of malaria from blood smear test
NFHS-4 Household,hml32_35,na - final result of malaria from blood smear test
NFHS-4 Household,hml32_36,na - final result of malaria from blood smear test
NFHS-4 Household,hml32_37,na - final result of malaria from blood smear test
NFHS-4 Household,hml32_38,na - final result of malaria from blood smear test
NFHS-4 Household,hml32_39,na - final result of malaria from blood smear test
NFHS-4 Household,hml32_40,na - final result of malaria from blood smear test
NFHS-4 Household,hml32_41,na - final result of malaria from blood smear test
NFHS-4 Household,hml32a_01,na - presence of species: falciparum (pf)
NFHS-4 Household,hml32a_02,na - presence of species: falciparum (pf)
NFHS-4 Household,hml32a_03,na - presence of species: falciparum (pf)
NFHS-4 Household,hml32a_04,na - presence of species: falciparum (pf)
NFHS-4 Household,hml32a_05,na - presence of species: falciparum (pf)
NFHS-4 Household,hml32a_06,na - presence of species: falciparum (pf)
NFHS-4 Household,hml32a_07,na - presence of species: falciparum (pf)
NFHS-4 Household,hml32a_08,na - presence of species: falciparum (pf)
NFHS-4 Household,hml32a_09,na - presence of species: falciparum (pf)
NFHS-4 Household,hml32a_10,na - presence of species: falciparum (pf)
NFHS-4 Household,hml32a_11,na - presence of species: falciparum (pf)
NFHS-4 Household,hml32a_12,na - presence of species: falciparum (pf)
NFHS-4 Household,hml32a_13,na - presence of species: falciparum (pf)
NFHS-4 Household,hml32a_14,na - presence of species: falciparum (pf)
NFHS-4 Household,hml32a_15,na - presence of species: falciparum (pf)
NFHS-4 Household,hml32a_16,na - presence of species: falciparum (pf)
NFHS-4 Household,hml32a_17,na - presence of species: falciparum (pf)
NFHS-4 Household,hml32a_18,na - presence of species: falciparum (pf)
NFHS-4 Household,hml32a_19,na - presence of species: falciparum (pf)
NFHS-4 Household,hml32a_20,na - presence of species: falciparum (pf)
NFHS-4 Household,hml32a_21,na - presence of species: falciparum (pf)
NFHS-4 Household,hml32a_22,na - presence of species: falciparum (pf)
NFHS-4 Household,hml32a_23,na - presence of species: falciparum (pf)
NFHS-4 Household,hml32a_24,na - presence of species: falciparum (pf)
NFHS-4 Household,hml32a_25,na - presence of species: falciparum (pf)
NFHS-4 Household,hml32a_26,na - presence of species: falciparum (pf)
NFHS-4 Household,hml32a_27,na - presence of species: falciparum (pf)
NFHS-4 Household,hml32a_28,na - presence of species: falciparum (pf)
NFHS-4 Household,hml32a_29,na - presence of species: falciparum (pf)
NFHS-4 Household,hml32a_30,na - presence of species: falciparum (pf)
NFHS-4 Household,hml32a_31,na - presence of species: falciparum (pf)
NFHS-4 Household,hml32a_32,na - presence of species: falciparum (pf)
NFHS-4 Household,hml32a_33,na - presence of species: falciparum (pf)
NFHS-4 Household,hml32a_34,na - presence of species: falciparum (pf)
NFHS-4 Household,hml32a_35,na - presence of species: falciparum (pf)
NFHS-4 Household,hml32a_36,na - presence of species: falciparum (pf)
NFHS-4 Household,hml32a_37,na - presence of species: falciparum (pf)
NFHS-4 Household,hml32a_38,na - presence of species: falciparum (pf)
NFHS-4 Household,hml32a_39,na - presence of species: falciparum (pf)
NFHS-4 Household,hml32a_40,na - presence of species: falciparum (pf)
NFHS-4 Household,hml32a_41,na - presence of species: falciparum (pf)
NFHS-4 Household,hml32b_01,na - presence of species: malariae (pm)
NFHS-4 Household,hml32b_02,na - presence of species: malariae (pm)
NFHS-4 Household,hml32b_03,na - presence of species: malariae (pm)
NFHS-4 Household,hml32b_04,na - presence of species: malariae (pm)
NFHS-4 Household,hml32b_05,na - presence of species: malariae (pm)
NFHS-4 Household,hml32b_06,na - presence of species: malariae (pm)
NFHS-4 Household,hml32b_07,na - presence of species: malariae (pm)
NFHS-4 Household,hml32b_08,na - presence of species: malariae (pm)
NFHS-4 Household,hml32b_09,na - presence of species: malariae (pm)
NFHS-4 Household,hml32b_10,na - presence of species: malariae (pm)
NFHS-4 Household,hml32b_11,na - presence of species: malariae (pm)
NFHS-4 Household,hml32b_12,na - presence of species: malariae (pm)
NFHS-4 Household,hml32b_13,na - presence of species: malariae (pm)
NFHS-4 Household,hml32b_14,na - presence of species: malariae (pm)
NFHS-4 Household,hml32b_15,na - presence of species: malariae (pm)
NFHS-4 Household,hml32b_16,na - presence of species: malariae (pm)
NFHS-4 Household,hml32b_17,na - presence of species: malariae (pm)
NFHS-4 Household,hml32b_18,na - presence of species: malariae (pm)
NFHS-4 Household,hml32b_19,na - presence of species: malariae (pm)
NFHS-4 Household,hml32b_20,na - presence of species: malariae (pm)
NFHS-4 Household,hml32b_21,na - presence of species: malariae (pm)
NFHS-4 Household,hml32b_22,na - presence of species: malariae (pm)
NFHS-4 Household,hml32b_23,na - presence of species: malariae (pm)
NFHS-4 Household,hml32b_24,na - presence of species: malariae (pm)
NFHS-4 Household,hml32b_25,na - presence of species: malariae (pm)
NFHS-4 Household,hml32b_26,na - presence of species: malariae (pm)
NFHS-4 Household,hml32b_27,na - presence of species: malariae (pm)
NFHS-4 Household,hml32b_28,na - presence of species: malariae (pm)
NFHS-4 Household,hml32b_29,na - presence of species: malariae (pm)
NFHS-4 Household,hml32b_30,na - presence of species: malariae (pm)
NFHS-4 Household,hml32b_31,na - presence of species: malariae (pm)
NFHS-4 Household,hml32b_32,na - presence of species: malariae (pm)
NFHS-4 Household,hml32b_33,na - presence of species: malariae (pm)
NFHS-4 Household,hml32b_34,na - presence of species: malariae (pm)
NFHS-4 Household,hml32b_35,na - presence of species: malariae (pm)
NFHS-4 Household,hml32b_36,na - presence of species: malariae (pm)
NFHS-4 Household,hml32b_37,na - presence of species: malariae (pm)
NFHS-4 Household,hml32b_38,na - presence of species: malariae (pm)
NFHS-4 Household,hml32b_39,na - presence of species: malariae (pm)
NFHS-4 Household,hml32b_40,na - presence of species: malariae (pm)
NFHS-4 Household,hml32b_41,na - presence of species: malariae (pm)
NFHS-4 Household,hml32c_01,na - presence of species: ovale (po)
NFHS-4 Household,hml32c_02,na - presence of species: ovale (po)
NFHS-4 Household,hml32c_03,na - presence of species: ovale (po)
NFHS-4 Household,hml32c_04,na - presence of species: ovale (po)
NFHS-4 Household,hml32c_05,na - presence of species: ovale (po)
NFHS-4 Household,hml32c_06,na - presence of species: ovale (po)
NFHS-4 Household,hml32c_07,na - presence of species: ovale (po)
NFHS-4 Household,hml32c_08,na - presence of species: ovale (po)
NFHS-4 Household,hml32c_09,na - presence of species: ovale (po)
NFHS-4 Household,hml32c_10,na - presence of species: ovale (po)
NFHS-4 Household,hml32c_11,na - presence of species: ovale (po)
NFHS-4 Household,hml32c_12,na - presence of species: ovale (po)
NFHS-4 Household,hml32c_13,na - presence of species: ovale (po)
NFHS-4 Household,hml32c_14,na - presence of species: ovale (po)
NFHS-4 Household,hml32c_15,na - presence of species: ovale (po)
NFHS-4 Household,hml32c_16,na - presence of species: ovale (po)
NFHS-4 Household,hml32c_17,na - presence of species: ovale (po)
NFHS-4 Household,hml32c_18,na - presence of species: ovale (po)
NFHS-4 Household,hml32c_19,na - presence of species: ovale (po)
NFHS-4 Household,hml32c_20,na - presence of species: ovale (po)
NFHS-4 Household,hml32c_21,na - presence of species: ovale (po)
NFHS-4 Household,hml32c_22,na - presence of species: ovale (po)
NFHS-4 Household,hml32c_23,na - presence of species: ovale (po)
NFHS-4 Household,hml32c_24,na - presence of species: ovale (po)
NFHS-4 Household,hml32c_25,na - presence of species: ovale (po)
NFHS-4 Household,hml32c_26,na - presence of species: ovale (po)
NFHS-4 Household,hml32c_27,na - presence of species: ovale (po)
NFHS-4 Household,hml32c_28,na - presence of species: ovale (po)
NFHS-4 Household,hml32c_29,na - presence of species: ovale (po)
NFHS-4 Household,hml32c_30,na - presence of species: ovale (po)
NFHS-4 Household,hml32c_31,na - presence of species: ovale (po)
NFHS-4 Household,hml32c_32,na - presence of species: ovale (po)
NFHS-4 Household,hml32c_33,na - presence of species: ovale (po)
NFHS-4 Household,hml32c_34,na - presence of species: ovale (po)
NFHS-4 Household,hml32c_35,na - presence of species: ovale (po)
NFHS-4 Household,hml32c_36,na - presence of species: ovale (po)
NFHS-4 Household,hml32c_37,na - presence of species: ovale (po)
NFHS-4 Household,hml32c_38,na - presence of species: ovale (po)
NFHS-4 Household,hml32c_39,na - presence of species: ovale (po)
NFHS-4 Household,hml32c_40,na - presence of species: ovale (po)
NFHS-4 Household,hml32c_41,na - presence of species: ovale (po)
NFHS-4 Household,hml32d_01,na - presence of species: vivax (pv)
NFHS-4 Household,hml32d_02,na - presence of species: vivax (pv)
NFHS-4 Household,hml32d_03,na - presence of species: vivax (pv)
NFHS-4 Household,hml32d_04,na - presence of species: vivax (pv)
NFHS-4 Household,hml32d_05,na - presence of species: vivax (pv)
NFHS-4 Household,hml32d_06,na - presence of species: vivax (pv)
NFHS-4 Household,hml32d_07,na - presence of species: vivax (pv)
NFHS-4 Household,hml32d_08,na - presence of species: vivax (pv)
NFHS-4 Household,hml32d_09,na - presence of species: vivax (pv)
NFHS-4 Household,hml32d_10,na - presence of species: vivax (pv)
NFHS-4 Household,hml32d_11,na - presence of species: vivax (pv)
NFHS-4 Household,hml32d_12,na - presence of species: vivax (pv)
NFHS-4 Household,hml32d_13,na - presence of species: vivax (pv)
NFHS-4 Household,hml32d_14,na - presence of species: vivax (pv)
NFHS-4 Household,hml32d_15,na - presence of species: vivax (pv)
NFHS-4 Household,hml32d_16,na - presence of species: vivax (pv)
NFHS-4 Household,hml32d_17,na - presence of species: vivax (pv)
NFHS-4 Household,hml32d_18,na - presence of species: vivax (pv)
NFHS-4 Household,hml32d_19,na - presence of species: vivax (pv)
NFHS-4 Household,hml32d_20,na - presence of species: vivax (pv)
NFHS-4 Household,hml32d_21,na - presence of species: vivax (pv)
NFHS-4 Household,hml32d_22,na - presence of species: vivax (pv)
NFHS-4 Household,hml32d_23,na - presence of species: vivax (pv)
NFHS-4 Household,hml32d_24,na - presence of species: vivax (pv)
NFHS-4 Household,hml32d_25,na - presence of species: vivax (pv)
NFHS-4 Household,hml32d_26,na - presence of species: vivax (pv)
NFHS-4 Household,hml32d_27,na - presence of species: vivax (pv)
NFHS-4 Household,hml32d_28,na - presence of species: vivax (pv)
NFHS-4 Household,hml32d_29,na - presence of species: vivax (pv)
NFHS-4 Household,hml32d_30,na - presence of species: vivax (pv)
NFHS-4 Household,hml32d_31,na - presence of species: vivax (pv)
NFHS-4 Household,hml32d_32,na - presence of species: vivax (pv)
NFHS-4 Household,hml32d_33,na - presence of species: vivax (pv)
NFHS-4 Household,hml32d_34,na - presence of species: vivax (pv)
NFHS-4 Household,hml32d_35,na - presence of species: vivax (pv)
NFHS-4 Household,hml32d_36,na - presence of species: vivax (pv)
NFHS-4 Household,hml32d_37,na - presence of species: vivax (pv)
NFHS-4 Household,hml32d_38,na - presence of species: vivax (pv)
NFHS-4 Household,hml32d_39,na - presence of species: vivax (pv)
NFHS-4 Household,hml32d_40,na - presence of species: vivax (pv)
NFHS-4 Household,hml32d_41,na - presence of species: vivax (pv)
NFHS-4 Household,hml32e_01,na - presence of species: cs
NFHS-4 Household,hml32e_02,na - presence of species: cs
NFHS-4 Household,hml32e_03,na - presence of species: cs
NFHS-4 Household,hml32e_04,na - presence of species: cs
NFHS-4 Household,hml32e_05,na - presence of species: cs
NFHS-4 Household,hml32e_06,na - presence of species: cs
NFHS-4 Household,hml32e_07,na - presence of species: cs
NFHS-4 Household,hml32e_08,na - presence of species: cs
NFHS-4 Household,hml32e_09,na - presence of species: cs
NFHS-4 Household,hml32e_10,na - presence of species: cs
NFHS-4 Household,hml32e_11,na - presence of species: cs
NFHS-4 Household,hml32e_12,na - presence of species: cs
NFHS-4 Household,hml32e_13,na - presence of species: cs
NFHS-4 Household,hml32e_14,na - presence of species: cs
NFHS-4 Household,hml32e_15,na - presence of species: cs
NFHS-4 Household,hml32e_16,na - presence of species: cs
NFHS-4 Household,hml32e_17,na - presence of species: cs
NFHS-4 Household,hml32e_18,na - presence of species: cs
NFHS-4 Household,hml32e_19,na - presence of species: cs
NFHS-4 Household,hml32e_20,na - presence of species: cs
NFHS-4 Household,hml32e_21,na - presence of species: cs
NFHS-4 Household,hml32e_22,na - presence of species: cs
NFHS-4 Household,hml32e_23,na - presence of species: cs
NFHS-4 Household,hml32e_24,na - presence of species: cs
NFHS-4 Household,hml32e_25,na - presence of species: cs
NFHS-4 Household,hml32e_26,na - presence of species: cs
NFHS-4 Household,hml32e_27,na - presence of species: cs
NFHS-4 Household,hml32e_28,na - presence of species: cs
NFHS-4 Household,hml32e_29,na - presence of species: cs
NFHS-4 Household,hml32e_30,na - presence of species: cs
NFHS-4 Household,hml32e_31,na - presence of species: cs
NFHS-4 Household,hml32e_32,na - presence of species: cs
NFHS-4 Household,hml32e_33,na - presence of species: cs
NFHS-4 Household,hml32e_34,na - presence of species: cs
NFHS-4 Household,hml32e_35,na - presence of species: cs
NFHS-4 Household,hml32e_36,na - presence of species: cs
NFHS-4 Household,hml32e_37,na - presence of species: cs
NFHS-4 Household,hml32e_38,na - presence of species: cs
NFHS-4 Household,hml32e_39,na - presence of species: cs
NFHS-4 Household,hml32e_40,na - presence of species: cs
NFHS-4 Household,hml32e_41,na - presence of species: cs
NFHS-4 Household,hml32f_01,na - presence of species: cs
NFHS-4 Household,hml32f_02,na - presence of species: cs
NFHS-4 Household,hml32f_03,na - presence of species: cs
NFHS-4 Household,hml32f_04,na - presence of species: cs
NFHS-4 Household,hml32f_05,na - presence of species: cs
NFHS-4 Household,hml32f_06,na - presence of species: cs
NFHS-4 Household,hml32f_07,na - presence of species: cs
NFHS-4 Household,hml32f_08,na - presence of species: cs
NFHS-4 Household,hml32f_09,na - presence of species: cs
NFHS-4 Household,hml32f_10,na - presence of species: cs
NFHS-4 Household,hml32f_11,na - presence of species: cs
NFHS-4 Household,hml32f_12,na - presence of species: cs
NFHS-4 Household,hml32f_13,na - presence of species: cs
NFHS-4 Household,hml32f_14,na - presence of species: cs
NFHS-4 Household,hml32f_15,na - presence of species: cs
NFHS-4 Household,hml32f_16,na - presence of species: cs
NFHS-4 Household,hml32f_17,na - presence of species: cs
NFHS-4 Household,hml32f_18,na - presence of species: cs
NFHS-4 Household,hml32f_19,na - presence of species: cs
NFHS-4 Household,hml32f_20,na - presence of species: cs
NFHS-4 Household,hml32f_21,na - presence of species: cs
NFHS-4 Household,hml32f_22,na - presence of species: cs
NFHS-4 Household,hml32f_23,na - presence of species: cs
NFHS-4 Household,hml32f_24,na - presence of species: cs
NFHS-4 Household,hml32f_25,na - presence of species: cs
NFHS-4 Household,hml32f_26,na - presence of species: cs
NFHS-4 Household,hml32f_27,na - presence of species: cs
NFHS-4 Household,hml32f_28,na - presence of species: cs
NFHS-4 Household,hml32f_29,na - presence of species: cs
NFHS-4 Household,hml32f_30,na - presence of species: cs
NFHS-4 Household,hml32f_31,na - presence of species: cs
NFHS-4 Household,hml32f_32,na - presence of species: cs
NFHS-4 Household,hml32f_33,na - presence of species: cs
NFHS-4 Household,hml32f_34,na - presence of species: cs
NFHS-4 Household,hml32f_35,na - presence of species: cs
NFHS-4 Household,hml32f_36,na - presence of species: cs
NFHS-4 Household,hml32f_37,na - presence of species: cs
NFHS-4 Household,hml32f_38,na - presence of species: cs
NFHS-4 Household,hml32f_39,na - presence of species: cs
NFHS-4 Household,hml32f_40,na - presence of species: cs
NFHS-4 Household,hml32f_41,na - presence of species: cs
NFHS-4 Household,hml32g_01,na - presence of species: cs
NFHS-4 Household,hml32g_02,na - presence of species: cs
NFHS-4 Household,hml32g_03,na - presence of species: cs
NFHS-4 Household,hml32g_04,na - presence of species: cs
NFHS-4 Household,hml32g_05,na - presence of species: cs
NFHS-4 Household,hml32g_06,na - presence of species: cs
NFHS-4 Household,hml32g_07,na - presence of species: cs
NFHS-4 Household,hml32g_08,na - presence of species: cs
NFHS-4 Household,hml32g_09,na - presence of species: cs
NFHS-4 Household,hml32g_10,na - presence of species: cs
NFHS-4 Household,hml32g_11,na - presence of species: cs
NFHS-4 Household,hml32g_12,na - presence of species: cs
NFHS-4 Household,hml32g_13,na - presence of species: cs
NFHS-4 Household,hml32g_14,na - presence of species: cs
NFHS-4 Household,hml32g_15,na - presence of species: cs
NFHS-4 Household,hml32g_16,na - presence of species: cs
NFHS-4 Household,hml32g_17,na - presence of species: cs
NFHS-4 Household,hml32g_18,na - presence of species: cs
NFHS-4 Household,hml32g_19,na - presence of species: cs
NFHS-4 Household,hml32g_20,na - presence of species: cs
NFHS-4 Household,hml32g_21,na - presence of species: cs
NFHS-4 Household,hml32g_22,na - presence of species: cs
NFHS-4 Household,hml32g_23,na - presence of species: cs
NFHS-4 Household,hml32g_24,na - presence of species: cs
NFHS-4 Household,hml32g_25,na - presence of species: cs
NFHS-4 Household,hml32g_26,na - presence of species: cs
NFHS-4 Household,hml32g_27,na - presence of species: cs
NFHS-4 Household,hml32g_28,na - presence of species: cs
NFHS-4 Household,hml32g_29,na - presence of species: cs
NFHS-4 Household,hml32g_30,na - presence of species: cs
NFHS-4 Household,hml32g_31,na - presence of species: cs
NFHS-4 Household,hml32g_32,na - presence of species: cs
NFHS-4 Household,hml32g_33,na - presence of species: cs
NFHS-4 Household,hml32g_34,na - presence of species: cs
NFHS-4 Household,hml32g_35,na - presence of species: cs
NFHS-4 Household,hml32g_36,na - presence of species: cs
NFHS-4 Household,hml32g_37,na - presence of species: cs
NFHS-4 Household,hml32g_38,na - presence of species: cs
NFHS-4 Household,hml32g_39,na - presence of species: cs
NFHS-4 Household,hml32g_40,na - presence of species: cs
NFHS-4 Household,hml32g_41,na - presence of species: cs
NFHS-4 Household,hml33_01,na - result of malaria measurement
NFHS-4 Household,hml33_02,na - result of malaria measurement
NFHS-4 Household,hml33_03,na - result of malaria measurement
NFHS-4 Household,hml33_04,na - result of malaria measurement
NFHS-4 Household,hml33_05,na - result of malaria measurement
NFHS-4 Household,hml33_06,na - result of malaria measurement
NFHS-4 Household,hml33_07,na - result of malaria measurement
NFHS-4 Household,hml33_08,na - result of malaria measurement
NFHS-4 Household,hml33_09,na - result of malaria measurement
NFHS-4 Household,hml33_10,na - result of malaria measurement
NFHS-4 Household,hml33_11,na - result of malaria measurement
NFHS-4 Household,hml33_12,na - result of malaria measurement
NFHS-4 Household,hml33_13,na - result of malaria measurement
NFHS-4 Household,hml33_14,na - result of malaria measurement
NFHS-4 Household,hml33_15,na - result of malaria measurement
NFHS-4 Household,hml33_16,na - result of malaria measurement
NFHS-4 Household,hml33_17,na - result of malaria measurement
NFHS-4 Household,hml33_18,na - result of malaria measurement
NFHS-4 Household,hml33_19,na - result of malaria measurement
NFHS-4 Household,hml33_20,na - result of malaria measurement
NFHS-4 Household,hml33_21,na - result of malaria measurement
NFHS-4 Household,hml33_22,na - result of malaria measurement
NFHS-4 Household,hml33_23,na - result of malaria measurement
NFHS-4 Household,hml33_24,na - result of malaria measurement
NFHS-4 Household,hml33_25,na - result of malaria measurement
NFHS-4 Household,hml33_26,na - result of malaria measurement
NFHS-4 Household,hml33_27,na - result of malaria measurement
NFHS-4 Household,hml33_28,na - result of malaria measurement
NFHS-4 Household,hml33_29,na - result of malaria measurement
NFHS-4 Household,hml33_30,na - result of malaria measurement
NFHS-4 Household,hml33_31,na - result of malaria measurement
NFHS-4 Household,hml33_32,na - result of malaria measurement
NFHS-4 Household,hml33_33,na - result of malaria measurement
NFHS-4 Household,hml33_34,na - result of malaria measurement
NFHS-4 Household,hml33_35,na - result of malaria measurement
NFHS-4 Household,hml33_36,na - result of malaria measurement
NFHS-4 Household,hml33_37,na - result of malaria measurement
NFHS-4 Household,hml33_38,na - result of malaria measurement
NFHS-4 Household,hml33_39,na - result of malaria measurement
NFHS-4 Household,hml33_40,na - result of malaria measurement
NFHS-4 Household,hml33_41,na - result of malaria measurement
NFHS-4 Household,hml34_01,bar code for blood smear sample
NFHS-4 Household,hml34_02,bar code for blood smear sample
NFHS-4 Household,hml34_03,bar code for blood smear sample
NFHS-4 Household,hml34_04,bar code for blood smear sample
NFHS-4 Household,hml34_05,bar code for blood smear sample
NFHS-4 Household,hml34_06,bar code for blood smear sample
NFHS-4 Household,hml34_07,bar code for blood smear sample
NFHS-4 Household,hml34_08,bar code for blood smear sample
NFHS-4 Household,hml34_09,bar code for blood smear sample
NFHS-4 Household,hml34_10,bar code for blood smear sample
NFHS-4 Household,hml34_11,bar code for blood smear sample
NFHS-4 Household,hml34_12,bar code for blood smear sample
NFHS-4 Household,hml34_13,bar code for blood smear sample
NFHS-4 Household,hml34_14,bar code for blood smear sample
NFHS-4 Household,hml34_15,bar code for blood smear sample
NFHS-4 Household,hml34_16,bar code for blood smear sample
NFHS-4 Household,hml34_17,bar code for blood smear sample
NFHS-4 Household,hml34_18,bar code for blood smear sample
NFHS-4 Household,hml34_19,bar code for blood smear sample
NFHS-4 Household,hml34_20,bar code for blood smear sample
NFHS-4 Household,hml34_21,bar code for blood smear sample
NFHS-4 Household,hml34_22,bar code for blood smear sample
NFHS-4 Household,hml34_23,bar code for blood smear sample
NFHS-4 Household,hml34_24,bar code for blood smear sample
NFHS-4 Household,hml34_25,bar code for blood smear sample
NFHS-4 Household,hml34_26,bar code for blood smear sample
NFHS-4 Household,hml34_27,bar code for blood smear sample
NFHS-4 Household,hml34_28,bar code for blood smear sample
NFHS-4 Household,hml34_29,bar code for blood smear sample
NFHS-4 Household,hml34_30,bar code for blood smear sample
NFHS-4 Household,hml34_31,bar code for blood smear sample
NFHS-4 Household,hml34_32,bar code for blood smear sample
NFHS-4 Household,hml34_33,bar code for blood smear sample
NFHS-4 Household,hml34_34,bar code for blood smear sample
NFHS-4 Household,hml34_35,bar code for blood smear sample
NFHS-4 Household,hml34_36,bar code for blood smear sample
NFHS-4 Household,hml34_37,bar code for blood smear sample
NFHS-4 Household,hml34_38,bar code for blood smear sample
NFHS-4 Household,hml34_39,bar code for blood smear sample
NFHS-4 Household,hml34_40,bar code for blood smear sample
NFHS-4 Household,hml34_41,bar code for blood smear sample
NFHS-4 Household,hml35_01,na - result of malaria rapid test
NFHS-4 Household,hml35_02,na - result of malaria rapid test
NFHS-4 Household,hml35_03,na - result of malaria rapid test
NFHS-4 Household,hml35_04,na - result of malaria rapid test
NFHS-4 Household,hml35_05,na - result of malaria rapid test
NFHS-4 Household,hml35_06,na - result of malaria rapid test
NFHS-4 Household,hml35_07,na - result of malaria rapid test
NFHS-4 Household,hml35_08,na - result of malaria rapid test
NFHS-4 Household,hml35_09,na - result of malaria rapid test
NFHS-4 Household,hml35_10,na - result of malaria rapid test
NFHS-4 Household,hml35_11,na - result of malaria rapid test
NFHS-4 Household,hml35_12,na - result of malaria rapid test
NFHS-4 Household,hml35_13,na - result of malaria rapid test
NFHS-4 Household,hml35_14,na - result of malaria rapid test
NFHS-4 Household,hml35_15,na - result of malaria rapid test
NFHS-4 Household,hml35_16,na - result of malaria rapid test
NFHS-4 Household,hml35_17,na - result of malaria rapid test
NFHS-4 Household,hml35_18,na - result of malaria rapid test
NFHS-4 Household,hml35_19,na - result of malaria rapid test
NFHS-4 Household,hml35_20,na - result of malaria rapid test
NFHS-4 Household,hml35_21,na - result of malaria rapid test
NFHS-4 Household,hml35_22,na - result of malaria rapid test
NFHS-4 Household,hml35_23,na - result of malaria rapid test
NFHS-4 Household,hml35_24,na - result of malaria rapid test
NFHS-4 Household,hml35_25,na - result of malaria rapid test
NFHS-4 Household,hml35_26,na - result of malaria rapid test
NFHS-4 Household,hml35_27,na - result of malaria rapid test
NFHS-4 Household,hml35_28,na - result of malaria rapid test
NFHS-4 Household,hml35_29,na - result of malaria rapid test
NFHS-4 Household,hml35_30,na - result of malaria rapid test
NFHS-4 Household,hml35_31,na - result of malaria rapid test
NFHS-4 Household,hml35_32,na - result of malaria rapid test
NFHS-4 Household,hml35_33,na - result of malaria rapid test
NFHS-4 Household,hml35_34,na - result of malaria rapid test
NFHS-4 Household,hml35_35,na - result of malaria rapid test
NFHS-4 Household,hml35_36,na - result of malaria rapid test
NFHS-4 Household,hml35_37,na - result of malaria rapid test
NFHS-4 Household,hml35_38,na - result of malaria rapid test
NFHS-4 Household,hml35_39,na - result of malaria rapid test
NFHS-4 Household,hml35_40,na - result of malaria rapid test
NFHS-4 Household,hml35_41,na - result of malaria rapid test
NFHS-4 Household,colnum_1,column number
NFHS-4 Household,colnum_2,column number
NFHS-4 Household,colnum_3,column number
NFHS-4 Household,colnum_4,column number
NFHS-4 Household,colnum_5,column number
NFHS-4 Household,sh73_1,sex
NFHS-4 Household,sh73_2,sex
NFHS-4 Household,sh73_3,sex
NFHS-4 Household,sh73_4,sex
NFHS-4 Household,sh73_5,sex
NFHS-4 Household,sh74u_1,age when died (unit)
NFHS-4 Household,sh74u_2,age when died (unit)
NFHS-4 Household,sh74u_3,age when died (unit)
NFHS-4 Household,sh74u_4,age when died (unit)
NFHS-4 Household,sh74u_5,age when died (unit)
NFHS-4 Household,sh74n_1,age when died (number)
NFHS-4 Household,sh74n_2,age when died (number)
NFHS-4 Household,sh74n_3,age when died (number)
NFHS-4 Household,sh74n_4,age when died (number)
NFHS-4 Household,sh74n_5,age when died (number)
NFHS-4 Household,sh75m_1,month when died
NFHS-4 Household,sh75m_2,month when died
NFHS-4 Household,sh75m_3,month when died
NFHS-4 Household,sh75m_4,month when died
NFHS-4 Household,sh75m_5,month when died
NFHS-4 Household,sh75y_1,year when died
NFHS-4 Household,sh75y_2,year when died
NFHS-4 Household,sh75y_3,year when died
NFHS-4 Household,sh75y_4,year when died
NFHS-4 Household,sh75y_5,year when died
NFHS-4 Household,sh76_1,"death due to: accident, violence, poisoning, homicide or suicide"
NFHS-4 Household,sh76_2,"death due to: accident, violence, poisoning, homicide or suicide"
NFHS-4 Household,sh76_3,"death due to: accident, violence, poisoning, homicide or suicide"
NFHS-4 Household,sh76_4,"death due to: accident, violence, poisoning, homicide or suicide"
NFHS-4 Household,sh76_5,"death due to: accident, violence, poisoning, homicide or suicide"
NFHS-4 Household,sh77_1,"died during: pregnancy, during childbirth or within two months after the end of "
NFHS-4 Household,sh77_2,"died during: pregnancy, during childbirth or within two months after the end of "
NFHS-4 Household,sh77_3,"died during: pregnancy, during childbirth or within two months after the end of "
NFHS-4 Household,sh77_4,"died during: pregnancy, during childbirth or within two months after the end of "
NFHS-4 Household,sh77_5,"died during: pregnancy, during childbirth or within two months after the end of "
