dataset,variable,label
NFHS-5 Household,hhid,case identification
NFHS-5 Household,hv000,country code and phase
NFHS-5 Household,hv001,cluster number
NFHS-5 Household,hv002,household number
NFHS-5 Household,hv003,respondent's line number (answering household questionnaire)
NFHS-5 Household,hv004,ultimate area unit
NFHS-5 Household,hv005,household sample weight (6 decimals)
NFHS-5 Household,hv006,month of interview
NFHS-5 Household,hv007,year of interview
NFHS-5 Household,hv008,date of interview (cmc)
NFHS-5 Household,hv008a,date of interview century day code (cdc)
NFHS-5 Household,hv009,number of household members
NFHS-5 Household,hv010,number of eligible women in household
NFHS-5 Household,hv011,number of eligible men in household
NFHS-5 Household,hv012,number of de jure members
NFHS-5 Household,hv013,number of de facto members
NFHS-5 Household,hv014,number of children 5 and under (de jure)
NFHS-5 Household,hv015,result of household interview
NFHS-5 Household,hv016,day of interview
NFHS-5 Household,hv017,number of visits
NFHS-5 Household,hv018,interviewer identification
NFHS-5 Household,hv019,na - keyer identification
NFHS-5 Household,hv020,ever-married sample
NFHS-5 Household,hv021,primary sampling unit
NFHS-5 Household,hv022,sample strata for sampling errors
NFHS-5 Household,hv023,stratification used in sample design
NFHS-5 Household,hv024,state
NFHS-5 Household,hv025,type of place of residence
NFHS-5 Household,hv026,na - place of residence
NFHS-5 Household,hv027,household selected for male interview
NFHS-5 Household,hv028,household weight for male subsample (6 decimals)
NFHS-5 Household,hv030,field supervisor
NFHS-5 Household,hv031,na - field editor
NFHS-5 Household,hv032,na - office editor
NFHS-5 Household,hv035,number of eligible children for height and weight
NFHS-5 Household,hv040,cluster altitude in meters
NFHS-5 Household,hv041,total adults measured
NFHS-5 Household,hv042,household selected for hemoglobin
NFHS-5 Household,hv044,household selected for domestic violence module
NFHS-5 Household,hv045a,language of questionnaire
NFHS-5 Household,hv045b,language of interview
NFHS-5 Household,hv045c,native language of respondent
NFHS-5 Household,hv046,translator used
NFHS-5 Household,hv801,time interview started (hhmm - 24 hour clock)
NFHS-5 Household,hv802,time interview ended (hhmm - 24 hour clock)
NFHS-5 Household,hv803,length of interview in minutes
NFHS-5 Household,hv804,number of visits for biomarker
NFHS-5 Household,hv807d,day of biomarker visit
NFHS-5 Household,hv807m,month of biomarker visit
NFHS-5 Household,hv807y,year of biomarker visit
NFHS-5 Household,hv807c,date of biomarker (cmc)
NFHS-5 Household,hv807a,date of biomarker century day code (cdc)
NFHS-5 Household,hv201,source of drinking water
NFHS-5 Household,hv202,na - source of non-drinking water
NFHS-5 Household,hv201a,na - water not available for at least a day last two weeks
NFHS-5 Household,hv204,time to get to water source (minutes)
NFHS-5 Household,hv205,type of toilet facility
NFHS-5 Household,hv206,has electricity
NFHS-5 Household,hv207,has radio
NFHS-5 Household,hv208,has television
NFHS-5 Household,hv209,has refrigerator
NFHS-5 Household,hv210,has bicycle
NFHS-5 Household,hv211,has motorcycle/scooter
NFHS-5 Household,hv212,has car/truck
NFHS-5 Household,hv213,main floor material
NFHS-5 Household,hv214,main wall material
NFHS-5 Household,hv215,main roof material
NFHS-5 Household,hv216,number of rooms used for sleeping
NFHS-5 Household,hv217,relationship structure
NFHS-5 Household,hv218,line number of head of household
NFHS-5 Household,hv219,sex of head of household
NFHS-5 Household,hv220,age of head of household
NFHS-5 Household,hv221,has telephone (land-line)
NFHS-5 Household,hv225,share toilet with other households
NFHS-5 Household,hv226,type of cooking fuel
NFHS-5 Household,hv227,has mosquito bed net for sleeping
NFHS-5 Household,hv228,children under 5 slept under mosquito bed net last night
NFHS-5 Household,hv230a,place where household members wash their hands
NFHS-5 Household,hv230b,presence of water at hand washing place
NFHS-5 Household,hv232,items present: soap or detergent
NFHS-5 Household,hv232b,"items present: ash, mud, sand"
NFHS-5 Household,hv232c,na - items present: cs
NFHS-5 Household,hv232d,na - items present: cs
NFHS-5 Household,hv232e,na - items present: cs
NFHS-5 Household,hv232y,items present: none
NFHS-5 Household,hv234,na - result of salt test for iodine (ppm)
NFHS-5 Household,hv234a,result of salt test for iodine
NFHS-5 Household,hv235,location of source for water
NFHS-5 Household,hv236,person fetching water
NFHS-5 Household,hv237,anything done to water to make safe to drink
NFHS-5 Household,hv237a,water usually treated by: boil
NFHS-5 Household,hv237b,water usually treated by: add bleach/chlorine
NFHS-5 Household,hv237c,water usually treated by: strain through a cloth
NFHS-5 Household,hv237d,water usually treated by: use water filter
NFHS-5 Household,hv237e,water usually treated by: solar disinfection
NFHS-5 Household,hv237f,water usually treated by: let it stand and settle
NFHS-5 Household,hv237g,water usually treated by: use alum
NFHS-5 Household,hv237h,water usually treated by: electronic purifier
NFHS-5 Household,hv237i,na - water usually treated by: cs
NFHS-5 Household,hv237j,na - water usually treated by: cs
NFHS-5 Household,hv237k,na - water usually treated by: cs
NFHS-5 Household,hv237x,water usually treated by: other
NFHS-5 Household,hv237z,water usually treated by: don't know
NFHS-5 Household,hv238,number of households sharing toilet
NFHS-5 Household,hv238a,location of toilet facility
NFHS-5 Household,hv239,na - food cooked on stove or open fire
NFHS-5 Household,hv240,"na - household has a chimney, hood or neither"
NFHS-5 Household,hv241,food cooked in the house/ separate building/ outdoors
NFHS-5 Household,hv242,household has separate room used as kitchen
NFHS-5 Household,hv243a,has mobile telephone
NFHS-5 Household,hv243b,has watch
NFHS-5 Household,hv243c,has animal-drawn cart
NFHS-5 Household,hv243d,na - has boat with a motor
NFHS-5 Household,hv243e,has a computer
NFHS-5 Household,hv244,owns land usable for agriculture
NFHS-5 Household,hv245,hectares of agricultural land (1 decimal)
NFHS-5 Household,hv246,"owns livestock, herds or farm animals"
NFHS-5 Household,hv246a,na - owns cattle
NFHS-5 Household,hv246b,na - owns cows/ bulls
NFHS-5 Household,hv246c,na - owns horses/ donkeys/ mules
NFHS-5 Household,hv246d,na - owns goats
NFHS-5 Household,hv246e,na - owns sheep
NFHS-5 Household,hv246f,na - owns chickens/poultry
NFHS-5 Household,hv246g,na - owns camels
NFHS-5 Household,hv246h,na - owns goats or sheep
NFHS-5 Household,hv246i,na - owns pigs
NFHS-5 Household,hv246j,na - owns cs
NFHS-5 Household,hv246k,na - owns cs
NFHS-5 Household,hv247,has bank account
NFHS-5 Household,hv252,frequency household members smoke inside the house
NFHS-5 Household,hv253,na - has dwelling been sprayed against mosquitoes in last 12 months
NFHS-5 Household,hv253a,na - dwelling sprayed by: government worker/program
NFHS-5 Household,hv253b,na - dwelling sprayed by: private company
NFHS-5 Household,hv253c,na - dwelling sprayed by: ngo
NFHS-5 Household,hv253d,na - dwelling sprayed by: cs
NFHS-5 Household,hv253e,na - dwelling sprayed by: cs
NFHS-5 Household,hv253f,na - dwelling sprayed by: cs
NFHS-5 Household,hv253g,na - dwelling sprayed by: cs
NFHS-5 Household,hv253h,na - dwelling sprayed by: cs
NFHS-5 Household,hv253x,na - dwelling sprayed by: other
NFHS-5 Household,hv253z,na - dwelling sprayed by: don't know
NFHS-5 Household,hv270,wealth index combined
NFHS-5 Household,hv271,wealth index factor score combined (5 decimals)
NFHS-5 Household,hv270a,wealth index for urban/rural
NFHS-5 Household,hv271a,wealth index factor score for urban/rural (5 decimals)
NFHS-5 Household,hml1,number of mosquito bed nets
NFHS-5 Household,hml1a,number of mosquito bed nets with specific information
NFHS-5 Household,hml2,number of children under mosquito bed net previous night
NFHS-5 Household,chl0,na - number of de-jure children 5-14 for child labor module
NFHS-5 Household,shphase,survey phase
NFHS-5 Household,shdist,district number
NFHS-5 Household,shweight,household weight (6 decimals) (state level)
NFHS-5 Household,shmweight,household weight - male subsample (6 decimals) (state level)
NFHS-5 Household,shdbs,eligiblity for dbs collection
NFHS-5 Household,sh28,does any usual resident of your household suffer from tuberculosis?
NFHS-5 Household,sh29a,person 01: who suffer from tuberculosis (line number)
NFHS-5 Household,sh29a1,person 01: where medical treatment was received?
NFHS-5 Household,sh29b,person 02: who suffer from tuberculosis (line number)
NFHS-5 Household,sh29b1,person 02: where medical treatment was received?
NFHS-5 Household,sh29c,person 03: who suffer from tuberculosis (line number)
NFHS-5 Household,sh29c1,person 03: where medical treatment was received?
NFHS-5 Household,sh29d,person 04: who suffer from tuberculosis (line number)
NFHS-5 Household,sh29d1,person 04: where medical treatment was received?
NFHS-5 Household,sh31,does any member of this household including you have any disability?
NFHS-5 Household,sh33a,person 01: who suffer from disability (line number)
NFHS-5 Household,sh33b,person 02: who suffer from disability (line number)
NFHS-5 Household,sh33c,person 03: who suffer from disability (line number)
NFHS-5 Household,sh33d,person 04: who suffer from disability (line number)
NFHS-5 Household,sh33a1a,person 01: disablity - hearing
NFHS-5 Household,sh33a1b,person 01: disablity - speech
NFHS-5 Household,sh33a1c,person 01: disablity - visual
NFHS-5 Household,sh33a1d,person 01: disablity - mental
NFHS-5 Household,sh33a1e,person 01: disablity - locomotor
NFHS-5 Household,sh33a1x,person 01: disablity - other
NFHS-5 Household,sh33b1a,person 02: disablity - hearing
NFHS-5 Household,sh33b1b,person 02: disablity - speech
NFHS-5 Household,sh33b1c,person 02: disablity - visual
NFHS-5 Household,sh33b1d,person 02: disablity - mental
NFHS-5 Household,sh33b1e,person 02: disablity - locomotor
NFHS-5 Household,sh33b1x,person 02: disablity - other
NFHS-5 Household,sh33c1a,person 03: disablity - hearing
NFHS-5 Household,sh33c1b,person 03: disablity - speech
NFHS-5 Household,sh33c1c,person 03: disablity - visual
NFHS-5 Household,sh33c1d,person 03: disablity - mental
NFHS-5 Household,sh33c1e,person 03: disablity - locomotor
NFHS-5 Household,sh33c1x,person 03: disablity - other
NFHS-5 Household,sh33d1a,person 04: disablity - hearing
NFHS-5 Household,sh33d1b,person 04: disablity - speech
NFHS-5 Household,sh33d1c,person 04: disablity - visual
NFHS-5 Household,sh33d1d,person 04: disablity - mental
NFHS-5 Household,sh33d1e,person 04: disablity - locomotor
NFHS-5 Household,sh33d1x,person 04: disablity - other
NFHS-5 Household,sh37b,"in the past two weeks, was the water from this source not available for at least"
NFHS-5 Household,sh44,do member of your household have access to a toilet facility?
NFHS-5 Household,sh45,what kind of toilet facility do members of your household have access to?
NFHS-5 Household,sh46,what type of drainage facility does this household have?
NFHS-5 Household,sh47,what is the religion of the head of the household?
NFHS-5 Household,sh48,what is the caste or tribe of the head of the household?
NFHS-5 Household,sh49,"is this a scheduled caste, a scheduled tribe, other backward class, or none of t"
NFHS-5 Household,sh50b,mattress
NFHS-5 Household,sh50c,pressure cooker
NFHS-5 Household,sh50d,chair
NFHS-5 Household,sh50e,cot or bed
NFHS-5 Household,sh50f,table
NFHS-5 Household,sh50g,electric fan
NFHS-5 Household,sh50i,black and white television
NFHS-5 Household,sh50j,colour television
NFHS-5 Household,sh50k,sewing machine
NFHS-5 Household,sh50n,internet
NFHS-5 Household,sh50q,air conditioner/cooler
NFHS-5 Household,sh50r,washing machine
NFHS-5 Household,sh50x,water pump
NFHS-5 Household,sh50y,thresher
NFHS-5 Household,sh50z,tractor
NFHS-5 Household,sh52,"in this household, is food cooked on a stove, a chullah or an open fire?"
NFHS-5 Household,sh55,does the room used as kitchen have any ventalation?
NFHS-5 Household,sh56a,dispose the kitchen waste - let out into drain/sewer
NFHS-5 Household,sh56b,dispose the kitchen waste - open drain
NFHS-5 Household,sh56c,dispose the kitchen waste - closed drain
NFHS-5 Household,sh56d,dispose the kitchen waste - reuse for garden or farming
NFHS-5 Household,sh56e,dispose the kitchen waste - reuse for other domestic purposes
NFHS-5 Household,sh56f,dispose the kitchen waste - manual collection
NFHS-5 Household,sh56x,dispose the kitchen waste - other
NFHS-5 Household,sh61,does this household own this house or any other house?
NFHS-5 Household,sh62,who owns the house?
NFHS-5 Household,sh64,who owns this agricultural land?
NFHS-5 Household,sh66,"out of this land, how much is irrigated?"
NFHS-5 Household,sh67a,cows / bulls / buffaloes / yaks
NFHS-5 Household,sh67b,camels
NFHS-5 Household,sh67c,horses / donkeys / mules
NFHS-5 Household,sh67d,goats or sheep
NFHS-5 Household,sh67e,pigs
NFHS-5 Household,sh67f,chickens / ducks
NFHS-5 Household,sh69,does this household share any sleeping room with this(these) animal(s)?
NFHS-5 Household,sh71,is any usual member of this household covered by a health scheme or health insur
NFHS-5 Household,sh72a,health insurance or scheme: employees state insurance scheme
NFHS-5 Household,sh72b,health insurance or scheme: central government health scheme
NFHS-5 Household,sh72c,health insurance or scheme: state health insurance scheme
NFHS-5 Household,sh72d,health insurance or scheme: rashtriya swasthya bima yojana
NFHS-5 Household,sh72e,health insurance or scheme: community health insurance programme
NFHS-5 Household,sh72f,health insurance or scheme: other health insurance through employer
NFHS-5 Household,sh72g,health insurance or scheme: medical reimbersement from employer
NFHS-5 Household,sh72h,health insurance or scheme: other privately purchased commercial health insuranc
NFHS-5 Household,sh72x,health insurance or scheme: other
NFHS-5 Household,sh73,"when members of your household get sick, where do they generally go for treatmen"
NFHS-5 Household,sh74a,reason not going to a government facility for sickness: no nearby facility
NFHS-5 Household,sh74b,reason not going to a government facility for sickness: facility timing not conv
NFHS-5 Household,sh74c,reason not going to a government facility for sickness: heatlh personnel often a
NFHS-5 Household,sh74d,reason not going to a government facility for sickness: waiting time too long
NFHS-5 Household,sh74e,reason not going to a government facility for sickness: poor quality of care
NFHS-5 Household,sh74x,reason not going to a government facility for sickness: other
NFHS-5 Household,sh75,does this household have a bpl card?
NFHS-5 Household,sh87,did any usual member of this household die since january 2011?
NFHS-5 Household,sh88,total number of deaths
NFHS-5 Household,shnfhs2,house type (as defined in nfhs-2 and 3)
NFHS-5 Household,shstruc,household structure
NFHS-5 Household,sv270s,wealth index within state
NFHS-5 Household,sv271s,wealth index factor score within state (5 decimals)
NFHS-5 Household,sv270us,wealth index - urban within state
NFHS-5 Household,sv271us,wealth index factor score (5 decimals) - urban
NFHS-5 Household,sv270rs,wealth index - rural within state
NFHS-5 Household,sv271rs,wealth index factor score (5 decimals) - rural
NFHS-5 Household,shcrefuse,questionnaire refusal due to covid-19
NFHS-5 Household,hvidx_01,line number
NFHS-5 Household,hvidx_02,line number
NFHS-5 Household,hvidx_03,line number
NFHS-5 Household,hvidx_04,line number
NFHS-5 Household,hvidx_05,line number
NFHS-5 Household,hvidx_06,line number
NFHS-5 Household,hvidx_07,line number
NFHS-5 Household,hvidx_08,line number
NFHS-5 Household,hvidx_09,line number
NFHS-5 Household,hvidx_10,line number
NFHS-5 Household,hvidx_11,line number
NFHS-5 Household,hvidx_12,line number
NFHS-5 Household,hvidx_13,line number
NFHS-5 Household,hvidx_14,line number
NFHS-5 Household,hvidx_15,line number
NFHS-5 Household,hvidx_16,line number
NFHS-5 Household,hvidx_17,line number
NFHS-5 Household,hvidx_18,line number
NFHS-5 Household,hvidx_19,line number
NFHS-5 Household,hvidx_20,line number
NFHS-5 Household,hvidx_21,line number
NFHS-5 Household,hvidx_22,line number
NFHS-5 Household,hvidx_23,line number
NFHS-5 Household,hvidx_24,line number
NFHS-5 Household,hvidx_25,line number
NFHS-5 Household,hvidx_26,line number
NFHS-5 Household,hvidx_27,line number
NFHS-5 Household,hvidx_28,line number
NFHS-5 Household,hvidx_29,line number
NFHS-5 Household,hvidx_30,line number
NFHS-5 Household,hvidx_31,line number
NFHS-5 Household,hvidx_32,line number
NFHS-5 Household,hvidx_33,line number
NFHS-5 Household,hvidx_34,line number
NFHS-5 Household,hvidx_35,line number
NFHS-5 Household,hv101_01,relationship to head
NFHS-5 Household,hv101_02,relationship to head
NFHS-5 Household,hv101_03,relationship to head
NFHS-5 Household,hv101_04,relationship to head
NFHS-5 Household,hv101_05,relationship to head
NFHS-5 Household,hv101_06,relationship to head
NFHS-5 Household,hv101_07,relationship to head
NFHS-5 Household,hv101_08,relationship to head
NFHS-5 Household,hv101_09,relationship to head
NFHS-5 Household,hv101_10,relationship to head
NFHS-5 Household,hv101_11,relationship to head
NFHS-5 Household,hv101_12,relationship to head
NFHS-5 Household,hv101_13,relationship to head
NFHS-5 Household,hv101_14,relationship to head
NFHS-5 Household,hv101_15,relationship to head
NFHS-5 Household,hv101_16,relationship to head
NFHS-5 Household,hv101_17,relationship to head
NFHS-5 Household,hv101_18,relationship to head
NFHS-5 Household,hv101_19,relationship to head
NFHS-5 Household,hv101_20,relationship to head
NFHS-5 Household,hv101_21,relationship to head
NFHS-5 Household,hv101_22,relationship to head
NFHS-5 Household,hv101_23,relationship to head
NFHS-5 Household,hv101_24,relationship to head
NFHS-5 Household,hv101_25,relationship to head
NFHS-5 Household,hv101_26,relationship to head
NFHS-5 Household,hv101_27,relationship to head
NFHS-5 Household,hv101_28,relationship to head
NFHS-5 Household,hv101_29,relationship to head
NFHS-5 Household,hv101_30,relationship to head
NFHS-5 Household,hv101_31,relationship to head
NFHS-5 Household,hv101_32,relationship to head
NFHS-5 Household,hv101_33,relationship to head
NFHS-5 Household,hv101_34,relationship to head
NFHS-5 Household,hv101_35,relationship to head
NFHS-5 Household,hv102_01,usual resident
NFHS-5 Household,hv102_02,usual resident
NFHS-5 Household,hv102_03,usual resident
NFHS-5 Household,hv102_04,usual resident
NFHS-5 Household,hv102_05,usual resident
NFHS-5 Household,hv102_06,usual resident
NFHS-5 Household,hv102_07,usual resident
NFHS-5 Household,hv102_08,usual resident
NFHS-5 Household,hv102_09,usual resident
NFHS-5 Household,hv102_10,usual resident
NFHS-5 Household,hv102_11,usual resident
NFHS-5 Household,hv102_12,usual resident
NFHS-5 Household,hv102_13,usual resident
NFHS-5 Household,hv102_14,usual resident
NFHS-5 Household,hv102_15,usual resident
NFHS-5 Household,hv102_16,usual resident
NFHS-5 Household,hv102_17,usual resident
NFHS-5 Household,hv102_18,usual resident
NFHS-5 Household,hv102_19,usual resident
NFHS-5 Household,hv102_20,usual resident
NFHS-5 Household,hv102_21,usual resident
NFHS-5 Household,hv102_22,usual resident
NFHS-5 Household,hv102_23,usual resident
NFHS-5 Household,hv102_24,usual resident
NFHS-5 Household,hv102_25,usual resident
NFHS-5 Household,hv102_26,usual resident
NFHS-5 Household,hv102_27,usual resident
NFHS-5 Household,hv102_28,usual resident
NFHS-5 Household,hv102_29,usual resident
NFHS-5 Household,hv102_30,usual resident
NFHS-5 Household,hv102_31,usual resident
NFHS-5 Household,hv102_32,usual resident
NFHS-5 Household,hv102_33,usual resident
NFHS-5 Household,hv102_34,usual resident
NFHS-5 Household,hv102_35,usual resident
NFHS-5 Household,hv103_01,slept last night
NFHS-5 Household,hv103_02,slept last night
NFHS-5 Household,hv103_03,slept last night
NFHS-5 Household,hv103_04,slept last night
NFHS-5 Household,hv103_05,slept last night
NFHS-5 Household,hv103_06,slept last night
NFHS-5 Household,hv103_07,slept last night
NFHS-5 Household,hv103_08,slept last night
NFHS-5 Household,hv103_09,slept last night
NFHS-5 Household,hv103_10,slept last night
NFHS-5 Household,hv103_11,slept last night
NFHS-5 Household,hv103_12,slept last night
NFHS-5 Household,hv103_13,slept last night
NFHS-5 Household,hv103_14,slept last night
NFHS-5 Household,hv103_15,slept last night
NFHS-5 Household,hv103_16,slept last night
NFHS-5 Household,hv103_17,slept last night
NFHS-5 Household,hv103_18,slept last night
NFHS-5 Household,hv103_19,slept last night
NFHS-5 Household,hv103_20,slept last night
NFHS-5 Household,hv103_21,slept last night
NFHS-5 Household,hv103_22,slept last night
NFHS-5 Household,hv103_23,slept last night
NFHS-5 Household,hv103_24,slept last night
NFHS-5 Household,hv103_25,slept last night
NFHS-5 Household,hv103_26,slept last night
NFHS-5 Household,hv103_27,slept last night
NFHS-5 Household,hv103_28,slept last night
NFHS-5 Household,hv103_29,slept last night
NFHS-5 Household,hv103_30,slept last night
NFHS-5 Household,hv103_31,slept last night
NFHS-5 Household,hv103_32,slept last night
NFHS-5 Household,hv103_33,slept last night
NFHS-5 Household,hv103_34,slept last night
NFHS-5 Household,hv103_35,slept last night
NFHS-5 Household,hv104_01,sex of household member
NFHS-5 Household,hv104_02,sex of household member
NFHS-5 Household,hv104_03,sex of household member
NFHS-5 Household,hv104_04,sex of household member
NFHS-5 Household,hv104_05,sex of household member
NFHS-5 Household,hv104_06,sex of household member
NFHS-5 Household,hv104_07,sex of household member
NFHS-5 Household,hv104_08,sex of household member
NFHS-5 Household,hv104_09,sex of household member
NFHS-5 Household,hv104_10,sex of household member
NFHS-5 Household,hv104_11,sex of household member
NFHS-5 Household,hv104_12,sex of household member
NFHS-5 Household,hv104_13,sex of household member
NFHS-5 Household,hv104_14,sex of household member
NFHS-5 Household,hv104_15,sex of household member
NFHS-5 Household,hv104_16,sex of household member
NFHS-5 Household,hv104_17,sex of household member
NFHS-5 Household,hv104_18,sex of household member
NFHS-5 Household,hv104_19,sex of household member
NFHS-5 Household,hv104_20,sex of household member
NFHS-5 Household,hv104_21,sex of household member
NFHS-5 Household,hv104_22,sex of household member
NFHS-5 Household,hv104_23,sex of household member
NFHS-5 Household,hv104_24,sex of household member
NFHS-5 Household,hv104_25,sex of household member
NFHS-5 Household,hv104_26,sex of household member
NFHS-5 Household,hv104_27,sex of household member
NFHS-5 Household,hv104_28,sex of household member
NFHS-5 Household,hv104_29,sex of household member
NFHS-5 Household,hv104_30,sex of household member
NFHS-5 Household,hv104_31,sex of household member
NFHS-5 Household,hv104_32,sex of household member
NFHS-5 Household,hv104_33,sex of household member
NFHS-5 Household,hv104_34,sex of household member
NFHS-5 Household,hv104_35,sex of household member
NFHS-5 Household,hv105_01,age of household members
NFHS-5 Household,hv105_02,age of household members
NFHS-5 Household,hv105_03,age of household members
NFHS-5 Household,hv105_04,age of household members
NFHS-5 Household,hv105_05,age of household members
NFHS-5 Household,hv105_06,age of household members
NFHS-5 Household,hv105_07,age of household members
NFHS-5 Household,hv105_08,age of household members
NFHS-5 Household,hv105_09,age of household members
NFHS-5 Household,hv105_10,age of household members
NFHS-5 Household,hv105_11,age of household members
NFHS-5 Household,hv105_12,age of household members
NFHS-5 Household,hv105_13,age of household members
NFHS-5 Household,hv105_14,age of household members
NFHS-5 Household,hv105_15,age of household members
NFHS-5 Household,hv105_16,age of household members
NFHS-5 Household,hv105_17,age of household members
NFHS-5 Household,hv105_18,age of household members
NFHS-5 Household,hv105_19,age of household members
NFHS-5 Household,hv105_20,age of household members
NFHS-5 Household,hv105_21,age of household members
NFHS-5 Household,hv105_22,age of household members
NFHS-5 Household,hv105_23,age of household members
NFHS-5 Household,hv105_24,age of household members
NFHS-5 Household,hv105_25,age of household members
NFHS-5 Household,hv105_26,age of household members
NFHS-5 Household,hv105_27,age of household members
NFHS-5 Household,hv105_28,age of household members
NFHS-5 Household,hv105_29,age of household members
NFHS-5 Household,hv105_30,age of household members
NFHS-5 Household,hv105_31,age of household members
NFHS-5 Household,hv105_32,age of household members
NFHS-5 Household,hv105_33,age of household members
NFHS-5 Household,hv105_34,age of household members
NFHS-5 Household,hv105_35,age of household members
NFHS-5 Household,hv106_01,highest educational level attained
NFHS-5 Household,hv106_02,highest educational level attained
NFHS-5 Household,hv106_03,highest educational level attained
NFHS-5 Household,hv106_04,highest educational level attained
NFHS-5 Household,hv106_05,highest educational level attained
NFHS-5 Household,hv106_06,highest educational level attained
NFHS-5 Household,hv106_07,highest educational level attained
NFHS-5 Household,hv106_08,highest educational level attained
NFHS-5 Household,hv106_09,highest educational level attained
NFHS-5 Household,hv106_10,highest educational level attained
NFHS-5 Household,hv106_11,highest educational level attained
NFHS-5 Household,hv106_12,highest educational level attained
NFHS-5 Household,hv106_13,highest educational level attained
NFHS-5 Household,hv106_14,highest educational level attained
NFHS-5 Household,hv106_15,highest educational level attained
NFHS-5 Household,hv106_16,highest educational level attained
NFHS-5 Household,hv106_17,highest educational level attained
NFHS-5 Household,hv106_18,highest educational level attained
NFHS-5 Household,hv106_19,highest educational level attained
NFHS-5 Household,hv106_20,highest educational level attained
NFHS-5 Household,hv106_21,highest educational level attained
NFHS-5 Household,hv106_22,highest educational level attained
NFHS-5 Household,hv106_23,highest educational level attained
NFHS-5 Household,hv106_24,highest educational level attained
NFHS-5 Household,hv106_25,highest educational level attained
NFHS-5 Household,hv106_26,highest educational level attained
NFHS-5 Household,hv106_27,highest educational level attained
NFHS-5 Household,hv106_28,highest educational level attained
NFHS-5 Household,hv106_29,highest educational level attained
NFHS-5 Household,hv106_30,highest educational level attained
NFHS-5 Household,hv106_31,highest educational level attained
NFHS-5 Household,hv106_32,highest educational level attained
NFHS-5 Household,hv106_33,highest educational level attained
NFHS-5 Household,hv106_34,highest educational level attained
NFHS-5 Household,hv106_35,highest educational level attained
NFHS-5 Household,hv107_01,highest year of education completed
NFHS-5 Household,hv107_02,highest year of education completed
NFHS-5 Household,hv107_03,highest year of education completed
NFHS-5 Household,hv107_04,highest year of education completed
NFHS-5 Household,hv107_05,highest year of education completed
NFHS-5 Household,hv107_06,highest year of education completed
NFHS-5 Household,hv107_07,highest year of education completed
NFHS-5 Household,hv107_08,highest year of education completed
NFHS-5 Household,hv107_09,highest year of education completed
NFHS-5 Household,hv107_10,highest year of education completed
NFHS-5 Household,hv107_11,highest year of education completed
NFHS-5 Household,hv107_12,highest year of education completed
NFHS-5 Household,hv107_13,highest year of education completed
NFHS-5 Household,hv107_14,highest year of education completed
NFHS-5 Household,hv107_15,highest year of education completed
NFHS-5 Household,hv107_16,highest year of education completed
NFHS-5 Household,hv107_17,highest year of education completed
NFHS-5 Household,hv107_18,highest year of education completed
NFHS-5 Household,hv107_19,highest year of education completed
NFHS-5 Household,hv107_20,highest year of education completed
NFHS-5 Household,hv107_21,highest year of education completed
NFHS-5 Household,hv107_22,highest year of education completed
NFHS-5 Household,hv107_23,highest year of education completed
NFHS-5 Household,hv107_24,highest year of education completed
NFHS-5 Household,hv107_25,highest year of education completed
NFHS-5 Household,hv107_26,highest year of education completed
NFHS-5 Household,hv107_27,highest year of education completed
NFHS-5 Household,hv107_28,highest year of education completed
NFHS-5 Household,hv107_29,highest year of education completed
NFHS-5 Household,hv107_30,highest year of education completed
NFHS-5 Household,hv107_31,highest year of education completed
NFHS-5 Household,hv107_32,highest year of education completed
NFHS-5 Household,hv107_33,highest year of education completed
NFHS-5 Household,hv107_34,highest year of education completed
NFHS-5 Household,hv107_35,highest year of education completed
NFHS-5 Household,hv108_01,education completed in single years
NFHS-5 Household,hv108_02,education completed in single years
NFHS-5 Household,hv108_03,education completed in single years
NFHS-5 Household,hv108_04,education completed in single years
NFHS-5 Household,hv108_05,education completed in single years
NFHS-5 Household,hv108_06,education completed in single years
NFHS-5 Household,hv108_07,education completed in single years
NFHS-5 Household,hv108_08,education completed in single years
NFHS-5 Household,hv108_09,education completed in single years
NFHS-5 Household,hv108_10,education completed in single years
NFHS-5 Household,hv108_11,education completed in single years
NFHS-5 Household,hv108_12,education completed in single years
NFHS-5 Household,hv108_13,education completed in single years
NFHS-5 Household,hv108_14,education completed in single years
NFHS-5 Household,hv108_15,education completed in single years
NFHS-5 Household,hv108_16,education completed in single years
NFHS-5 Household,hv108_17,education completed in single years
NFHS-5 Household,hv108_18,education completed in single years
NFHS-5 Household,hv108_19,education completed in single years
NFHS-5 Household,hv108_20,education completed in single years
NFHS-5 Household,hv108_21,education completed in single years
NFHS-5 Household,hv108_22,education completed in single years
NFHS-5 Household,hv108_23,education completed in single years
NFHS-5 Household,hv108_24,education completed in single years
NFHS-5 Household,hv108_25,education completed in single years
NFHS-5 Household,hv108_26,education completed in single years
NFHS-5 Household,hv108_27,education completed in single years
NFHS-5 Household,hv108_28,education completed in single years
NFHS-5 Household,hv108_29,education completed in single years
NFHS-5 Household,hv108_30,education completed in single years
NFHS-5 Household,hv108_31,education completed in single years
NFHS-5 Household,hv108_32,education completed in single years
NFHS-5 Household,hv108_33,education completed in single years
NFHS-5 Household,hv108_34,education completed in single years
NFHS-5 Household,hv108_35,education completed in single years
NFHS-5 Household,hv109_01,educational attainment
NFHS-5 Household,hv109_02,educational attainment
NFHS-5 Household,hv109_03,educational attainment
NFHS-5 Household,hv109_04,educational attainment
NFHS-5 Household,hv109_05,educational attainment
NFHS-5 Household,hv109_06,educational attainment
NFHS-5 Household,hv109_07,educational attainment
NFHS-5 Household,hv109_08,educational attainment
NFHS-5 Household,hv109_09,educational attainment
NFHS-5 Household,hv109_10,educational attainment
NFHS-5 Household,hv109_11,educational attainment
NFHS-5 Household,hv109_12,educational attainment
NFHS-5 Household,hv109_13,educational attainment
NFHS-5 Household,hv109_14,educational attainment
NFHS-5 Household,hv109_15,educational attainment
NFHS-5 Household,hv109_16,educational attainment
NFHS-5 Household,hv109_17,educational attainment
NFHS-5 Household,hv109_18,educational attainment
NFHS-5 Household,hv109_19,educational attainment
NFHS-5 Household,hv109_20,educational attainment
NFHS-5 Household,hv109_21,educational attainment
NFHS-5 Household,hv109_22,educational attainment
NFHS-5 Household,hv109_23,educational attainment
NFHS-5 Household,hv109_24,educational attainment
NFHS-5 Household,hv109_25,educational attainment
NFHS-5 Household,hv109_26,educational attainment
NFHS-5 Household,hv109_27,educational attainment
NFHS-5 Household,hv109_28,educational attainment
NFHS-5 Household,hv109_29,educational attainment
NFHS-5 Household,hv109_30,educational attainment
NFHS-5 Household,hv109_31,educational attainment
NFHS-5 Household,hv109_32,educational attainment
NFHS-5 Household,hv109_33,educational attainment
NFHS-5 Household,hv109_34,educational attainment
NFHS-5 Household,hv109_35,educational attainment
NFHS-5 Household,hv110_01,na - member still in school
NFHS-5 Household,hv110_02,na - member still in school
NFHS-5 Household,hv110_03,na - member still in school
NFHS-5 Household,hv110_04,na - member still in school
NFHS-5 Household,hv110_05,na - member still in school
NFHS-5 Household,hv110_06,na - member still in school
NFHS-5 Household,hv110_07,na - member still in school
NFHS-5 Household,hv110_08,na - member still in school
NFHS-5 Household,hv110_09,na - member still in school
NFHS-5 Household,hv110_10,na - member still in school
NFHS-5 Household,hv110_11,na - member still in school
NFHS-5 Household,hv110_12,na - member still in school
NFHS-5 Household,hv110_13,na - member still in school
NFHS-5 Household,hv110_14,na - member still in school
NFHS-5 Household,hv110_15,na - member still in school
NFHS-5 Household,hv110_16,na - member still in school
NFHS-5 Household,hv110_17,na - member still in school
NFHS-5 Household,hv110_18,na - member still in school
NFHS-5 Household,hv110_19,na - member still in school
NFHS-5 Household,hv110_20,na - member still in school
NFHS-5 Household,hv110_21,na - member still in school
NFHS-5 Household,hv110_22,na - member still in school
NFHS-5 Household,hv110_23,na - member still in school
NFHS-5 Household,hv110_24,na - member still in school
NFHS-5 Household,hv110_25,na - member still in school
NFHS-5 Household,hv110_26,na - member still in school
NFHS-5 Household,hv110_27,na - member still in school
NFHS-5 Household,hv110_28,na - member still in school
NFHS-5 Household,hv110_29,na - member still in school
NFHS-5 Household,hv110_30,na - member still in school
NFHS-5 Household,hv110_31,na - member still in school
NFHS-5 Household,hv110_32,na - member still in school
NFHS-5 Household,hv110_33,na - member still in school
NFHS-5 Household,hv110_34,na - member still in school
NFHS-5 Household,hv110_35,na - member still in school
NFHS-5 Household,hv111_01,mother alive
NFHS-5 Household,hv111_02,mother alive
NFHS-5 Household,hv111_03,mother alive
NFHS-5 Household,hv111_04,mother alive
NFHS-5 Household,hv111_05,mother alive
NFHS-5 Household,hv111_06,mother alive
NFHS-5 Household,hv111_07,mother alive
NFHS-5 Household,hv111_08,mother alive
NFHS-5 Household,hv111_09,mother alive
NFHS-5 Household,hv111_10,mother alive
NFHS-5 Household,hv111_11,mother alive
NFHS-5 Household,hv111_12,mother alive
NFHS-5 Household,hv111_13,mother alive
NFHS-5 Household,hv111_14,mother alive
NFHS-5 Household,hv111_15,mother alive
NFHS-5 Household,hv111_16,mother alive
NFHS-5 Household,hv111_17,mother alive
NFHS-5 Household,hv111_18,mother alive
NFHS-5 Household,hv111_19,mother alive
NFHS-5 Household,hv111_20,mother alive
NFHS-5 Household,hv111_21,mother alive
NFHS-5 Household,hv111_22,mother alive
NFHS-5 Household,hv111_23,mother alive
NFHS-5 Household,hv111_24,mother alive
NFHS-5 Household,hv111_25,mother alive
NFHS-5 Household,hv111_26,mother alive
NFHS-5 Household,hv111_27,mother alive
NFHS-5 Household,hv111_28,mother alive
NFHS-5 Household,hv111_29,mother alive
NFHS-5 Household,hv111_30,mother alive
NFHS-5 Household,hv111_31,mother alive
NFHS-5 Household,hv111_32,mother alive
NFHS-5 Household,hv111_33,mother alive
NFHS-5 Household,hv111_34,mother alive
NFHS-5 Household,hv111_35,mother alive
NFHS-5 Household,hv112_01,mother's line number
NFHS-5 Household,hv112_02,mother's line number
NFHS-5 Household,hv112_03,mother's line number
NFHS-5 Household,hv112_04,mother's line number
NFHS-5 Household,hv112_05,mother's line number
NFHS-5 Household,hv112_06,mother's line number
NFHS-5 Household,hv112_07,mother's line number
NFHS-5 Household,hv112_08,mother's line number
NFHS-5 Household,hv112_09,mother's line number
NFHS-5 Household,hv112_10,mother's line number
NFHS-5 Household,hv112_11,mother's line number
NFHS-5 Household,hv112_12,mother's line number
NFHS-5 Household,hv112_13,mother's line number
NFHS-5 Household,hv112_14,mother's line number
NFHS-5 Household,hv112_15,mother's line number
NFHS-5 Household,hv112_16,mother's line number
NFHS-5 Household,hv112_17,mother's line number
NFHS-5 Household,hv112_18,mother's line number
NFHS-5 Household,hv112_19,mother's line number
NFHS-5 Household,hv112_20,mother's line number
NFHS-5 Household,hv112_21,mother's line number
NFHS-5 Household,hv112_22,mother's line number
NFHS-5 Household,hv112_23,mother's line number
NFHS-5 Household,hv112_24,mother's line number
NFHS-5 Household,hv112_25,mother's line number
NFHS-5 Household,hv112_26,mother's line number
NFHS-5 Household,hv112_27,mother's line number
NFHS-5 Household,hv112_28,mother's line number
NFHS-5 Household,hv112_29,mother's line number
NFHS-5 Household,hv112_30,mother's line number
NFHS-5 Household,hv112_31,mother's line number
NFHS-5 Household,hv112_32,mother's line number
NFHS-5 Household,hv112_33,mother's line number
NFHS-5 Household,hv112_34,mother's line number
NFHS-5 Household,hv112_35,mother's line number
NFHS-5 Household,hv113_01,father alive
NFHS-5 Household,hv113_02,father alive
NFHS-5 Household,hv113_03,father alive
NFHS-5 Household,hv113_04,father alive
NFHS-5 Household,hv113_05,father alive
NFHS-5 Household,hv113_06,father alive
NFHS-5 Household,hv113_07,father alive
NFHS-5 Household,hv113_08,father alive
NFHS-5 Household,hv113_09,father alive
NFHS-5 Household,hv113_10,father alive
NFHS-5 Household,hv113_11,father alive
NFHS-5 Household,hv113_12,father alive
NFHS-5 Household,hv113_13,father alive
NFHS-5 Household,hv113_14,father alive
NFHS-5 Household,hv113_15,father alive
NFHS-5 Household,hv113_16,father alive
NFHS-5 Household,hv113_17,father alive
NFHS-5 Household,hv113_18,father alive
NFHS-5 Household,hv113_19,father alive
NFHS-5 Household,hv113_20,father alive
NFHS-5 Household,hv113_21,father alive
NFHS-5 Household,hv113_22,father alive
NFHS-5 Household,hv113_23,father alive
NFHS-5 Household,hv113_24,father alive
NFHS-5 Household,hv113_25,father alive
NFHS-5 Household,hv113_26,father alive
NFHS-5 Household,hv113_27,father alive
NFHS-5 Household,hv113_28,father alive
NFHS-5 Household,hv113_29,father alive
NFHS-5 Household,hv113_30,father alive
NFHS-5 Household,hv113_31,father alive
NFHS-5 Household,hv113_32,father alive
NFHS-5 Household,hv113_33,father alive
NFHS-5 Household,hv113_34,father alive
NFHS-5 Household,hv113_35,father alive
NFHS-5 Household,hv114_01,father's line number
NFHS-5 Household,hv114_02,father's line number
NFHS-5 Household,hv114_03,father's line number
NFHS-5 Household,hv114_04,father's line number
NFHS-5 Household,hv114_05,father's line number
NFHS-5 Household,hv114_06,father's line number
NFHS-5 Household,hv114_07,father's line number
NFHS-5 Household,hv114_08,father's line number
NFHS-5 Household,hv114_09,father's line number
NFHS-5 Household,hv114_10,father's line number
NFHS-5 Household,hv114_11,father's line number
NFHS-5 Household,hv114_12,father's line number
NFHS-5 Household,hv114_13,father's line number
NFHS-5 Household,hv114_14,father's line number
NFHS-5 Household,hv114_15,father's line number
NFHS-5 Household,hv114_16,father's line number
NFHS-5 Household,hv114_17,father's line number
NFHS-5 Household,hv114_18,father's line number
NFHS-5 Household,hv114_19,father's line number
NFHS-5 Household,hv114_20,father's line number
NFHS-5 Household,hv114_21,father's line number
NFHS-5 Household,hv114_22,father's line number
NFHS-5 Household,hv114_23,father's line number
NFHS-5 Household,hv114_24,father's line number
NFHS-5 Household,hv114_25,father's line number
NFHS-5 Household,hv114_26,father's line number
NFHS-5 Household,hv114_27,father's line number
NFHS-5 Household,hv114_28,father's line number
NFHS-5 Household,hv114_29,father's line number
NFHS-5 Household,hv114_30,father's line number
NFHS-5 Household,hv114_31,father's line number
NFHS-5 Household,hv114_32,father's line number
NFHS-5 Household,hv114_33,father's line number
NFHS-5 Household,hv114_34,father's line number
NFHS-5 Household,hv114_35,father's line number
NFHS-5 Household,hv115_01,current marital status
NFHS-5 Household,hv115_02,current marital status
NFHS-5 Household,hv115_03,current marital status
NFHS-5 Household,hv115_04,current marital status
NFHS-5 Household,hv115_05,current marital status
NFHS-5 Household,hv115_06,current marital status
NFHS-5 Household,hv115_07,current marital status
NFHS-5 Household,hv115_08,current marital status
NFHS-5 Household,hv115_09,current marital status
NFHS-5 Household,hv115_10,current marital status
NFHS-5 Household,hv115_11,current marital status
NFHS-5 Household,hv115_12,current marital status
NFHS-5 Household,hv115_13,current marital status
NFHS-5 Household,hv115_14,current marital status
NFHS-5 Household,hv115_15,current marital status
NFHS-5 Household,hv115_16,current marital status
NFHS-5 Household,hv115_17,current marital status
NFHS-5 Household,hv115_18,current marital status
NFHS-5 Household,hv115_19,current marital status
NFHS-5 Household,hv115_20,current marital status
NFHS-5 Household,hv115_21,current marital status
NFHS-5 Household,hv115_22,current marital status
NFHS-5 Household,hv115_23,current marital status
NFHS-5 Household,hv115_24,current marital status
NFHS-5 Household,hv115_25,current marital status
NFHS-5 Household,hv115_26,current marital status
NFHS-5 Household,hv115_27,current marital status
NFHS-5 Household,hv115_28,current marital status
NFHS-5 Household,hv115_29,current marital status
NFHS-5 Household,hv115_30,current marital status
NFHS-5 Household,hv115_31,current marital status
NFHS-5 Household,hv115_32,current marital status
NFHS-5 Household,hv115_33,current marital status
NFHS-5 Household,hv115_34,current marital status
NFHS-5 Household,hv115_35,current marital status
NFHS-5 Household,hv116_01,"currently, formerly, never married"
NFHS-5 Household,hv116_02,"currently, formerly, never married"
NFHS-5 Household,hv116_03,"currently, formerly, never married"
NFHS-5 Household,hv116_04,"currently, formerly, never married"
NFHS-5 Household,hv116_05,"currently, formerly, never married"
NFHS-5 Household,hv116_06,"currently, formerly, never married"
NFHS-5 Household,hv116_07,"currently, formerly, never married"
NFHS-5 Household,hv116_08,"currently, formerly, never married"
NFHS-5 Household,hv116_09,"currently, formerly, never married"
NFHS-5 Household,hv116_10,"currently, formerly, never married"
NFHS-5 Household,hv116_11,"currently, formerly, never married"
NFHS-5 Household,hv116_12,"currently, formerly, never married"
NFHS-5 Household,hv116_13,"currently, formerly, never married"
NFHS-5 Household,hv116_14,"currently, formerly, never married"
NFHS-5 Household,hv116_15,"currently, formerly, never married"
NFHS-5 Household,hv116_16,"currently, formerly, never married"
NFHS-5 Household,hv116_17,"currently, formerly, never married"
NFHS-5 Household,hv116_18,"currently, formerly, never married"
NFHS-5 Household,hv116_19,"currently, formerly, never married"
NFHS-5 Household,hv116_20,"currently, formerly, never married"
NFHS-5 Household,hv116_21,"currently, formerly, never married"
NFHS-5 Household,hv116_22,"currently, formerly, never married"
NFHS-5 Household,hv116_23,"currently, formerly, never married"
NFHS-5 Household,hv116_24,"currently, formerly, never married"
NFHS-5 Household,hv116_25,"currently, formerly, never married"
NFHS-5 Household,hv116_26,"currently, formerly, never married"
NFHS-5 Household,hv116_27,"currently, formerly, never married"
NFHS-5 Household,hv116_28,"currently, formerly, never married"
NFHS-5 Household,hv116_29,"currently, formerly, never married"
NFHS-5 Household,hv116_30,"currently, formerly, never married"
NFHS-5 Household,hv116_31,"currently, formerly, never married"
NFHS-5 Household,hv116_32,"currently, formerly, never married"
NFHS-5 Household,hv116_33,"currently, formerly, never married"
NFHS-5 Household,hv116_34,"currently, formerly, never married"
NFHS-5 Household,hv116_35,"currently, formerly, never married"
NFHS-5 Household,hv117_01,eligibility for female interview
NFHS-5 Household,hv117_02,eligibility for female interview
NFHS-5 Household,hv117_03,eligibility for female interview
NFHS-5 Household,hv117_04,eligibility for female interview
NFHS-5 Household,hv117_05,eligibility for female interview
NFHS-5 Household,hv117_06,eligibility for female interview
NFHS-5 Household,hv117_07,eligibility for female interview
NFHS-5 Household,hv117_08,eligibility for female interview
NFHS-5 Household,hv117_09,eligibility for female interview
NFHS-5 Household,hv117_10,eligibility for female interview
NFHS-5 Household,hv117_11,eligibility for female interview
NFHS-5 Household,hv117_12,eligibility for female interview
NFHS-5 Household,hv117_13,eligibility for female interview
NFHS-5 Household,hv117_14,eligibility for female interview
NFHS-5 Household,hv117_15,eligibility for female interview
NFHS-5 Household,hv117_16,eligibility for female interview
NFHS-5 Household,hv117_17,eligibility for female interview
NFHS-5 Household,hv117_18,eligibility for female interview
NFHS-5 Household,hv117_19,eligibility for female interview
NFHS-5 Household,hv117_20,eligibility for female interview
NFHS-5 Household,hv117_21,eligibility for female interview
NFHS-5 Household,hv117_22,eligibility for female interview
NFHS-5 Household,hv117_23,eligibility for female interview
NFHS-5 Household,hv117_24,eligibility for female interview
NFHS-5 Household,hv117_25,eligibility for female interview
NFHS-5 Household,hv117_26,eligibility for female interview
NFHS-5 Household,hv117_27,eligibility for female interview
NFHS-5 Household,hv117_28,eligibility for female interview
NFHS-5 Household,hv117_29,eligibility for female interview
NFHS-5 Household,hv117_30,eligibility for female interview
NFHS-5 Household,hv117_31,eligibility for female interview
NFHS-5 Household,hv117_32,eligibility for female interview
NFHS-5 Household,hv117_33,eligibility for female interview
NFHS-5 Household,hv117_34,eligibility for female interview
NFHS-5 Household,hv117_35,eligibility for female interview
NFHS-5 Household,hv118_01,eligibility for male interview
NFHS-5 Household,hv118_02,eligibility for male interview
NFHS-5 Household,hv118_03,eligibility for male interview
NFHS-5 Household,hv118_04,eligibility for male interview
NFHS-5 Household,hv118_05,eligibility for male interview
NFHS-5 Household,hv118_06,eligibility for male interview
NFHS-5 Household,hv118_07,eligibility for male interview
NFHS-5 Household,hv118_08,eligibility for male interview
NFHS-5 Household,hv118_09,eligibility for male interview
NFHS-5 Household,hv118_10,eligibility for male interview
NFHS-5 Household,hv118_11,eligibility for male interview
NFHS-5 Household,hv118_12,eligibility for male interview
NFHS-5 Household,hv118_13,eligibility for male interview
NFHS-5 Household,hv118_14,eligibility for male interview
NFHS-5 Household,hv118_15,eligibility for male interview
NFHS-5 Household,hv118_16,eligibility for male interview
NFHS-5 Household,hv118_17,eligibility for male interview
NFHS-5 Household,hv118_18,eligibility for male interview
NFHS-5 Household,hv118_19,eligibility for male interview
NFHS-5 Household,hv118_20,eligibility for male interview
NFHS-5 Household,hv118_21,eligibility for male interview
NFHS-5 Household,hv118_22,eligibility for male interview
NFHS-5 Household,hv118_23,eligibility for male interview
NFHS-5 Household,hv118_24,eligibility for male interview
NFHS-5 Household,hv118_25,eligibility for male interview
NFHS-5 Household,hv118_26,eligibility for male interview
NFHS-5 Household,hv118_27,eligibility for male interview
NFHS-5 Household,hv118_28,eligibility for male interview
NFHS-5 Household,hv118_29,eligibility for male interview
NFHS-5 Household,hv118_30,eligibility for male interview
NFHS-5 Household,hv118_31,eligibility for male interview
NFHS-5 Household,hv118_32,eligibility for male interview
NFHS-5 Household,hv118_33,eligibility for male interview
NFHS-5 Household,hv118_34,eligibility for male interview
NFHS-5 Household,hv118_35,eligibility for male interview
NFHS-5 Household,hv120_01,children eligibility for height/weight and hemoglobin
NFHS-5 Household,hv120_02,children eligibility for height/weight and hemoglobin
NFHS-5 Household,hv120_03,children eligibility for height/weight and hemoglobin
NFHS-5 Household,hv120_04,children eligibility for height/weight and hemoglobin
NFHS-5 Household,hv120_05,children eligibility for height/weight and hemoglobin
NFHS-5 Household,hv120_06,children eligibility for height/weight and hemoglobin
NFHS-5 Household,hv120_07,children eligibility for height/weight and hemoglobin
NFHS-5 Household,hv120_08,children eligibility for height/weight and hemoglobin
NFHS-5 Household,hv120_09,children eligibility for height/weight and hemoglobin
NFHS-5 Household,hv120_10,children eligibility for height/weight and hemoglobin
NFHS-5 Household,hv120_11,children eligibility for height/weight and hemoglobin
NFHS-5 Household,hv120_12,children eligibility for height/weight and hemoglobin
NFHS-5 Household,hv120_13,children eligibility for height/weight and hemoglobin
NFHS-5 Household,hv120_14,children eligibility for height/weight and hemoglobin
NFHS-5 Household,hv120_15,children eligibility for height/weight and hemoglobin
NFHS-5 Household,hv120_16,children eligibility for height/weight and hemoglobin
NFHS-5 Household,hv120_17,children eligibility for height/weight and hemoglobin
NFHS-5 Household,hv120_18,children eligibility for height/weight and hemoglobin
NFHS-5 Household,hv120_19,children eligibility for height/weight and hemoglobin
NFHS-5 Household,hv120_20,children eligibility for height/weight and hemoglobin
NFHS-5 Household,hv120_21,children eligibility for height/weight and hemoglobin
NFHS-5 Household,hv120_22,children eligibility for height/weight and hemoglobin
NFHS-5 Household,hv120_23,children eligibility for height/weight and hemoglobin
NFHS-5 Household,hv120_24,children eligibility for height/weight and hemoglobin
NFHS-5 Household,hv120_25,children eligibility for height/weight and hemoglobin
NFHS-5 Household,hv120_26,children eligibility for height/weight and hemoglobin
NFHS-5 Household,hv120_27,children eligibility for height/weight and hemoglobin
NFHS-5 Household,hv120_28,children eligibility for height/weight and hemoglobin
NFHS-5 Household,hv120_29,children eligibility for height/weight and hemoglobin
NFHS-5 Household,hv120_30,children eligibility for height/weight and hemoglobin
NFHS-5 Household,hv120_31,children eligibility for height/weight and hemoglobin
NFHS-5 Household,hv120_32,children eligibility for height/weight and hemoglobin
NFHS-5 Household,hv120_33,children eligibility for height/weight and hemoglobin
NFHS-5 Household,hv120_34,children eligibility for height/weight and hemoglobin
NFHS-5 Household,hv120_35,children eligibility for height/weight and hemoglobin
NFHS-5 Household,hv121_01,member attended school during current school year
NFHS-5 Household,hv121_02,member attended school during current school year
NFHS-5 Household,hv121_03,member attended school during current school year
NFHS-5 Household,hv121_04,member attended school during current school year
NFHS-5 Household,hv121_05,member attended school during current school year
NFHS-5 Household,hv121_06,member attended school during current school year
NFHS-5 Household,hv121_07,member attended school during current school year
NFHS-5 Household,hv121_08,member attended school during current school year
NFHS-5 Household,hv121_09,member attended school during current school year
NFHS-5 Household,hv121_10,member attended school during current school year
NFHS-5 Household,hv121_11,member attended school during current school year
NFHS-5 Household,hv121_12,member attended school during current school year
NFHS-5 Household,hv121_13,member attended school during current school year
NFHS-5 Household,hv121_14,member attended school during current school year
NFHS-5 Household,hv121_15,member attended school during current school year
NFHS-5 Household,hv121_16,member attended school during current school year
NFHS-5 Household,hv121_17,member attended school during current school year
NFHS-5 Household,hv121_18,member attended school during current school year
NFHS-5 Household,hv121_19,member attended school during current school year
NFHS-5 Household,hv121_20,member attended school during current school year
NFHS-5 Household,hv121_21,member attended school during current school year
NFHS-5 Household,hv121_22,member attended school during current school year
NFHS-5 Household,hv121_23,member attended school during current school year
NFHS-5 Household,hv121_24,member attended school during current school year
NFHS-5 Household,hv121_25,member attended school during current school year
NFHS-5 Household,hv121_26,member attended school during current school year
NFHS-5 Household,hv121_27,member attended school during current school year
NFHS-5 Household,hv121_28,member attended school during current school year
NFHS-5 Household,hv121_29,member attended school during current school year
NFHS-5 Household,hv121_30,member attended school during current school year
NFHS-5 Household,hv121_31,member attended school during current school year
NFHS-5 Household,hv121_32,member attended school during current school year
NFHS-5 Household,hv121_33,member attended school during current school year
NFHS-5 Household,hv121_34,member attended school during current school year
NFHS-5 Household,hv121_35,member attended school during current school year
NFHS-5 Household,hv122_01,educational level during current school year
NFHS-5 Household,hv122_02,educational level during current school year
NFHS-5 Household,hv122_03,educational level during current school year
NFHS-5 Household,hv122_04,educational level during current school year
NFHS-5 Household,hv122_05,educational level during current school year
NFHS-5 Household,hv122_06,educational level during current school year
NFHS-5 Household,hv122_07,educational level during current school year
NFHS-5 Household,hv122_08,educational level during current school year
NFHS-5 Household,hv122_09,educational level during current school year
NFHS-5 Household,hv122_10,educational level during current school year
NFHS-5 Household,hv122_11,educational level during current school year
NFHS-5 Household,hv122_12,educational level during current school year
NFHS-5 Household,hv122_13,educational level during current school year
NFHS-5 Household,hv122_14,educational level during current school year
NFHS-5 Household,hv122_15,educational level during current school year
NFHS-5 Household,hv122_16,educational level during current school year
NFHS-5 Household,hv122_17,educational level during current school year
NFHS-5 Household,hv122_18,educational level during current school year
NFHS-5 Household,hv122_19,educational level during current school year
NFHS-5 Household,hv122_20,educational level during current school year
NFHS-5 Household,hv122_21,educational level during current school year
NFHS-5 Household,hv122_22,educational level during current school year
NFHS-5 Household,hv122_23,educational level during current school year
NFHS-5 Household,hv122_24,educational level during current school year
NFHS-5 Household,hv122_25,educational level during current school year
NFHS-5 Household,hv122_26,educational level during current school year
NFHS-5 Household,hv122_27,educational level during current school year
NFHS-5 Household,hv122_28,educational level during current school year
NFHS-5 Household,hv122_29,educational level during current school year
NFHS-5 Household,hv122_30,educational level during current school year
NFHS-5 Household,hv122_31,educational level during current school year
NFHS-5 Household,hv122_32,educational level during current school year
NFHS-5 Household,hv122_33,educational level during current school year
NFHS-5 Household,hv122_34,educational level during current school year
NFHS-5 Household,hv122_35,educational level during current school year
NFHS-5 Household,hv123_01,grade of education during current school year
NFHS-5 Household,hv123_02,grade of education during current school year
NFHS-5 Household,hv123_03,grade of education during current school year
NFHS-5 Household,hv123_04,grade of education during current school year
NFHS-5 Household,hv123_05,grade of education during current school year
NFHS-5 Household,hv123_06,grade of education during current school year
NFHS-5 Household,hv123_07,grade of education during current school year
NFHS-5 Household,hv123_08,grade of education during current school year
NFHS-5 Household,hv123_09,grade of education during current school year
NFHS-5 Household,hv123_10,grade of education during current school year
NFHS-5 Household,hv123_11,grade of education during current school year
NFHS-5 Household,hv123_12,grade of education during current school year
NFHS-5 Household,hv123_13,grade of education during current school year
NFHS-5 Household,hv123_14,grade of education during current school year
NFHS-5 Household,hv123_15,grade of education during current school year
NFHS-5 Household,hv123_16,grade of education during current school year
NFHS-5 Household,hv123_17,grade of education during current school year
NFHS-5 Household,hv123_18,grade of education during current school year
NFHS-5 Household,hv123_19,grade of education during current school year
NFHS-5 Household,hv123_20,grade of education during current school year
NFHS-5 Household,hv123_21,grade of education during current school year
NFHS-5 Household,hv123_22,grade of education during current school year
NFHS-5 Household,hv123_23,grade of education during current school year
NFHS-5 Household,hv123_24,grade of education during current school year
NFHS-5 Household,hv123_25,grade of education during current school year
NFHS-5 Household,hv123_26,grade of education during current school year
NFHS-5 Household,hv123_27,grade of education during current school year
NFHS-5 Household,hv123_28,grade of education during current school year
NFHS-5 Household,hv123_29,grade of education during current school year
NFHS-5 Household,hv123_30,grade of education during current school year
NFHS-5 Household,hv123_31,grade of education during current school year
NFHS-5 Household,hv123_32,grade of education during current school year
NFHS-5 Household,hv123_33,grade of education during current school year
NFHS-5 Household,hv123_34,grade of education during current school year
NFHS-5 Household,hv123_35,grade of education during current school year
NFHS-5 Household,hv124_01,education in single years - current school year
NFHS-5 Household,hv124_02,education in single years - current school year
NFHS-5 Household,hv124_03,education in single years - current school year
NFHS-5 Household,hv124_04,education in single years - current school year
NFHS-5 Household,hv124_05,education in single years - current school year
NFHS-5 Household,hv124_06,education in single years - current school year
NFHS-5 Household,hv124_07,education in single years - current school year
NFHS-5 Household,hv124_08,education in single years - current school year
NFHS-5 Household,hv124_09,education in single years - current school year
NFHS-5 Household,hv124_10,education in single years - current school year
NFHS-5 Household,hv124_11,education in single years - current school year
NFHS-5 Household,hv124_12,education in single years - current school year
NFHS-5 Household,hv124_13,education in single years - current school year
NFHS-5 Household,hv124_14,education in single years - current school year
NFHS-5 Household,hv124_15,education in single years - current school year
NFHS-5 Household,hv124_16,education in single years - current school year
NFHS-5 Household,hv124_17,education in single years - current school year
NFHS-5 Household,hv124_18,education in single years - current school year
NFHS-5 Household,hv124_19,education in single years - current school year
NFHS-5 Household,hv124_20,education in single years - current school year
NFHS-5 Household,hv124_21,education in single years - current school year
NFHS-5 Household,hv124_22,education in single years - current school year
NFHS-5 Household,hv124_23,education in single years - current school year
NFHS-5 Household,hv124_24,education in single years - current school year
NFHS-5 Household,hv124_25,education in single years - current school year
NFHS-5 Household,hv124_26,education in single years - current school year
NFHS-5 Household,hv124_27,education in single years - current school year
NFHS-5 Household,hv124_28,education in single years - current school year
NFHS-5 Household,hv124_29,education in single years - current school year
NFHS-5 Household,hv124_30,education in single years - current school year
NFHS-5 Household,hv124_31,education in single years - current school year
NFHS-5 Household,hv124_32,education in single years - current school year
NFHS-5 Household,hv124_33,education in single years - current school year
NFHS-5 Household,hv124_34,education in single years - current school year
NFHS-5 Household,hv124_35,education in single years - current school year
NFHS-5 Household,hv125_01,na - member attended school during previous school year
NFHS-5 Household,hv125_02,na - member attended school during previous school year
NFHS-5 Household,hv125_03,na - member attended school during previous school year
NFHS-5 Household,hv125_04,na - member attended school during previous school year
NFHS-5 Household,hv125_05,na - member attended school during previous school year
NFHS-5 Household,hv125_06,na - member attended school during previous school year
NFHS-5 Household,hv125_07,na - member attended school during previous school year
NFHS-5 Household,hv125_08,na - member attended school during previous school year
NFHS-5 Household,hv125_09,na - member attended school during previous school year
NFHS-5 Household,hv125_10,na - member attended school during previous school year
NFHS-5 Household,hv125_11,na - member attended school during previous school year
NFHS-5 Household,hv125_12,na - member attended school during previous school year
NFHS-5 Household,hv125_13,na - member attended school during previous school year
NFHS-5 Household,hv125_14,na - member attended school during previous school year
NFHS-5 Household,hv125_15,na - member attended school during previous school year
NFHS-5 Household,hv125_16,na - member attended school during previous school year
NFHS-5 Household,hv125_17,na - member attended school during previous school year
NFHS-5 Household,hv125_18,na - member attended school during previous school year
NFHS-5 Household,hv125_19,na - member attended school during previous school year
NFHS-5 Household,hv125_20,na - member attended school during previous school year
NFHS-5 Household,hv125_21,na - member attended school during previous school year
NFHS-5 Household,hv125_22,na - member attended school during previous school year
NFHS-5 Household,hv125_23,na - member attended school during previous school year
NFHS-5 Household,hv125_24,na - member attended school during previous school year
NFHS-5 Household,hv125_25,na - member attended school during previous school year
NFHS-5 Household,hv125_26,na - member attended school during previous school year
NFHS-5 Household,hv125_27,na - member attended school during previous school year
NFHS-5 Household,hv125_28,na - member attended school during previous school year
NFHS-5 Household,hv125_29,na - member attended school during previous school year
NFHS-5 Household,hv125_30,na - member attended school during previous school year
NFHS-5 Household,hv125_31,na - member attended school during previous school year
NFHS-5 Household,hv125_32,na - member attended school during previous school year
NFHS-5 Household,hv125_33,na - member attended school during previous school year
NFHS-5 Household,hv125_34,na - member attended school during previous school year
NFHS-5 Household,hv125_35,na - member attended school during previous school year
NFHS-5 Household,hv126_01,na - educational level during previous school year
NFHS-5 Household,hv126_02,na - educational level during previous school year
NFHS-5 Household,hv126_03,na - educational level during previous school year
NFHS-5 Household,hv126_04,na - educational level during previous school year
NFHS-5 Household,hv126_05,na - educational level during previous school year
NFHS-5 Household,hv126_06,na - educational level during previous school year
NFHS-5 Household,hv126_07,na - educational level during previous school year
NFHS-5 Household,hv126_08,na - educational level during previous school year
NFHS-5 Household,hv126_09,na - educational level during previous school year
NFHS-5 Household,hv126_10,na - educational level during previous school year
NFHS-5 Household,hv126_11,na - educational level during previous school year
NFHS-5 Household,hv126_12,na - educational level during previous school year
NFHS-5 Household,hv126_13,na - educational level during previous school year
NFHS-5 Household,hv126_14,na - educational level during previous school year
NFHS-5 Household,hv126_15,na - educational level during previous school year
NFHS-5 Household,hv126_16,na - educational level during previous school year
NFHS-5 Household,hv126_17,na - educational level during previous school year
NFHS-5 Household,hv126_18,na - educational level during previous school year
NFHS-5 Household,hv126_19,na - educational level during previous school year
NFHS-5 Household,hv126_20,na - educational level during previous school year
NFHS-5 Household,hv126_21,na - educational level during previous school year
NFHS-5 Household,hv126_22,na - educational level during previous school year
NFHS-5 Household,hv126_23,na - educational level during previous school year
NFHS-5 Household,hv126_24,na - educational level during previous school year
NFHS-5 Household,hv126_25,na - educational level during previous school year
NFHS-5 Household,hv126_26,na - educational level during previous school year
NFHS-5 Household,hv126_27,na - educational level during previous school year
NFHS-5 Household,hv126_28,na - educational level during previous school year
NFHS-5 Household,hv126_29,na - educational level during previous school year
NFHS-5 Household,hv126_30,na - educational level during previous school year
NFHS-5 Household,hv126_31,na - educational level during previous school year
NFHS-5 Household,hv126_32,na - educational level during previous school year
NFHS-5 Household,hv126_33,na - educational level during previous school year
NFHS-5 Household,hv126_34,na - educational level during previous school year
NFHS-5 Household,hv126_35,na - educational level during previous school year
NFHS-5 Household,hv127_01,na - grade of education during previous school year
NFHS-5 Household,hv127_02,na - grade of education during previous school year
NFHS-5 Household,hv127_03,na - grade of education during previous school year
NFHS-5 Household,hv127_04,na - grade of education during previous school year
NFHS-5 Household,hv127_05,na - grade of education during previous school year
NFHS-5 Household,hv127_06,na - grade of education during previous school year
NFHS-5 Household,hv127_07,na - grade of education during previous school year
NFHS-5 Household,hv127_08,na - grade of education during previous school year
NFHS-5 Household,hv127_09,na - grade of education during previous school year
NFHS-5 Household,hv127_10,na - grade of education during previous school year
NFHS-5 Household,hv127_11,na - grade of education during previous school year
NFHS-5 Household,hv127_12,na - grade of education during previous school year
NFHS-5 Household,hv127_13,na - grade of education during previous school year
NFHS-5 Household,hv127_14,na - grade of education during previous school year
NFHS-5 Household,hv127_15,na - grade of education during previous school year
NFHS-5 Household,hv127_16,na - grade of education during previous school year
NFHS-5 Household,hv127_17,na - grade of education during previous school year
NFHS-5 Household,hv127_18,na - grade of education during previous school year
NFHS-5 Household,hv127_19,na - grade of education during previous school year
NFHS-5 Household,hv127_20,na - grade of education during previous school year
NFHS-5 Household,hv127_21,na - grade of education during previous school year
NFHS-5 Household,hv127_22,na - grade of education during previous school year
NFHS-5 Household,hv127_23,na - grade of education during previous school year
NFHS-5 Household,hv127_24,na - grade of education during previous school year
NFHS-5 Household,hv127_25,na - grade of education during previous school year
NFHS-5 Household,hv127_26,na - grade of education during previous school year
NFHS-5 Household,hv127_27,na - grade of education during previous school year
NFHS-5 Household,hv127_28,na - grade of education during previous school year
NFHS-5 Household,hv127_29,na - grade of education during previous school year
NFHS-5 Household,hv127_30,na - grade of education during previous school year
NFHS-5 Household,hv127_31,na - grade of education during previous school year
NFHS-5 Household,hv127_32,na - grade of education during previous school year
NFHS-5 Household,hv127_33,na - grade of education during previous school year
NFHS-5 Household,hv127_34,na - grade of education during previous school year
NFHS-5 Household,hv127_35,na - grade of education during previous school year
NFHS-5 Household,hv128_01,na - education in single years - previous school year
NFHS-5 Household,hv128_02,na - education in single years - previous school year
NFHS-5 Household,hv128_03,na - education in single years - previous school year
NFHS-5 Household,hv128_04,na - education in single years - previous school year
NFHS-5 Household,hv128_05,na - education in single years - previous school year
NFHS-5 Household,hv128_06,na - education in single years - previous school year
NFHS-5 Household,hv128_07,na - education in single years - previous school year
NFHS-5 Household,hv128_08,na - education in single years - previous school year
NFHS-5 Household,hv128_09,na - education in single years - previous school year
NFHS-5 Household,hv128_10,na - education in single years - previous school year
NFHS-5 Household,hv128_11,na - education in single years - previous school year
NFHS-5 Household,hv128_12,na - education in single years - previous school year
NFHS-5 Household,hv128_13,na - education in single years - previous school year
NFHS-5 Household,hv128_14,na - education in single years - previous school year
NFHS-5 Household,hv128_15,na - education in single years - previous school year
NFHS-5 Household,hv128_16,na - education in single years - previous school year
NFHS-5 Household,hv128_17,na - education in single years - previous school year
NFHS-5 Household,hv128_18,na - education in single years - previous school year
NFHS-5 Household,hv128_19,na - education in single years - previous school year
NFHS-5 Household,hv128_20,na - education in single years - previous school year
NFHS-5 Household,hv128_21,na - education in single years - previous school year
NFHS-5 Household,hv128_22,na - education in single years - previous school year
NFHS-5 Household,hv128_23,na - education in single years - previous school year
NFHS-5 Household,hv128_24,na - education in single years - previous school year
NFHS-5 Household,hv128_25,na - education in single years - previous school year
NFHS-5 Household,hv128_26,na - education in single years - previous school year
NFHS-5 Household,hv128_27,na - education in single years - previous school year
NFHS-5 Household,hv128_28,na - education in single years - previous school year
NFHS-5 Household,hv128_29,na - education in single years - previous school year
NFHS-5 Household,hv128_30,na - education in single years - previous school year
NFHS-5 Household,hv128_31,na - education in single years - previous school year
NFHS-5 Household,hv128_32,na - education in single years - previous school year
NFHS-5 Household,hv128_33,na - education in single years - previous school year
NFHS-5 Household,hv128_34,na - education in single years - previous school year
NFHS-5 Household,hv128_35,na - education in single years - previous school year
NFHS-5 Household,hv129_01,na - school attendance status
NFHS-5 Household,hv129_02,na - school attendance status
NFHS-5 Household,hv129_03,na - school attendance status
NFHS-5 Household,hv129_04,na - school attendance status
NFHS-5 Household,hv129_05,na - school attendance status
NFHS-5 Household,hv129_06,na - school attendance status
NFHS-5 Household,hv129_07,na - school attendance status
NFHS-5 Household,hv129_08,na - school attendance status
NFHS-5 Household,hv129_09,na - school attendance status
NFHS-5 Household,hv129_10,na - school attendance status
NFHS-5 Household,hv129_11,na - school attendance status
NFHS-5 Household,hv129_12,na - school attendance status
NFHS-5 Household,hv129_13,na - school attendance status
NFHS-5 Household,hv129_14,na - school attendance status
NFHS-5 Household,hv129_15,na - school attendance status
NFHS-5 Household,hv129_16,na - school attendance status
NFHS-5 Household,hv129_17,na - school attendance status
NFHS-5 Household,hv129_18,na - school attendance status
NFHS-5 Household,hv129_19,na - school attendance status
NFHS-5 Household,hv129_20,na - school attendance status
NFHS-5 Household,hv129_21,na - school attendance status
NFHS-5 Household,hv129_22,na - school attendance status
NFHS-5 Household,hv129_23,na - school attendance status
NFHS-5 Household,hv129_24,na - school attendance status
NFHS-5 Household,hv129_25,na - school attendance status
NFHS-5 Household,hv129_26,na - school attendance status
NFHS-5 Household,hv129_27,na - school attendance status
NFHS-5 Household,hv129_28,na - school attendance status
NFHS-5 Household,hv129_29,na - school attendance status
NFHS-5 Household,hv129_30,na - school attendance status
NFHS-5 Household,hv129_31,na - school attendance status
NFHS-5 Household,hv129_32,na - school attendance status
NFHS-5 Household,hv129_33,na - school attendance status
NFHS-5 Household,hv129_34,na - school attendance status
NFHS-5 Household,hv129_35,na - school attendance status
NFHS-5 Household,hv140_01,member has a birth certificate
NFHS-5 Household,hv140_02,member has a birth certificate
NFHS-5 Household,hv140_03,member has a birth certificate
NFHS-5 Household,hv140_04,member has a birth certificate
NFHS-5 Household,hv140_05,member has a birth certificate
NFHS-5 Household,hv140_06,member has a birth certificate
NFHS-5 Household,hv140_07,member has a birth certificate
NFHS-5 Household,hv140_08,member has a birth certificate
NFHS-5 Household,hv140_09,member has a birth certificate
NFHS-5 Household,hv140_10,member has a birth certificate
NFHS-5 Household,hv140_11,member has a birth certificate
NFHS-5 Household,hv140_12,member has a birth certificate
NFHS-5 Household,hv140_13,member has a birth certificate
NFHS-5 Household,hv140_14,member has a birth certificate
NFHS-5 Household,hv140_15,member has a birth certificate
NFHS-5 Household,hv140_16,member has a birth certificate
NFHS-5 Household,hv140_17,member has a birth certificate
NFHS-5 Household,hv140_18,member has a birth certificate
NFHS-5 Household,hv140_19,member has a birth certificate
NFHS-5 Household,hv140_20,member has a birth certificate
NFHS-5 Household,hv140_21,member has a birth certificate
NFHS-5 Household,hv140_22,member has a birth certificate
NFHS-5 Household,hv140_23,member has a birth certificate
NFHS-5 Household,hv140_24,member has a birth certificate
NFHS-5 Household,hv140_25,member has a birth certificate
NFHS-5 Household,hv140_26,member has a birth certificate
NFHS-5 Household,hv140_27,member has a birth certificate
NFHS-5 Household,hv140_28,member has a birth certificate
NFHS-5 Household,hv140_29,member has a birth certificate
NFHS-5 Household,hv140_30,member has a birth certificate
NFHS-5 Household,hv140_31,member has a birth certificate
NFHS-5 Household,hv140_32,member has a birth certificate
NFHS-5 Household,hv140_33,member has a birth certificate
NFHS-5 Household,hv140_34,member has a birth certificate
NFHS-5 Household,hv140_35,member has a birth certificate
NFHS-5 Household,idxh4_01,index to household schedule
NFHS-5 Household,idxh4_02,index to household schedule
NFHS-5 Household,idxh4_03,index to household schedule
NFHS-5 Household,idxh4_04,index to household schedule
NFHS-5 Household,idxh4_05,index to household schedule
NFHS-5 Household,idxh4_06,index to household schedule
NFHS-5 Household,idxh4_07,index to household schedule
NFHS-5 Household,idxh4_08,index to household schedule
NFHS-5 Household,idxh4_09,index to household schedule
NFHS-5 Household,idxh4_10,index to household schedule
NFHS-5 Household,idxh4_11,index to household schedule
NFHS-5 Household,idxh4_12,index to household schedule
NFHS-5 Household,idxh4_13,index to household schedule
NFHS-5 Household,idxh4_14,index to household schedule
NFHS-5 Household,idxh4_15,index to household schedule
NFHS-5 Household,idxh4_16,index to household schedule
NFHS-5 Household,idxh4_17,index to household schedule
NFHS-5 Household,idxh4_18,index to household schedule
NFHS-5 Household,idxh4_19,index to household schedule
NFHS-5 Household,idxh4_20,index to household schedule
NFHS-5 Household,idxh4_21,index to household schedule
NFHS-5 Household,idxh4_22,index to household schedule
NFHS-5 Household,idxh4_23,index to household schedule
NFHS-5 Household,idxh4_24,index to household schedule
NFHS-5 Household,idxh4_25,index to household schedule
NFHS-5 Household,idxh4_26,index to household schedule
NFHS-5 Household,idxh4_27,index to household schedule
NFHS-5 Household,idxh4_28,index to household schedule
NFHS-5 Household,idxh4_29,index to household schedule
NFHS-5 Household,idxh4_30,index to household schedule
NFHS-5 Household,idxh4_31,index to household schedule
NFHS-5 Household,idxh4_32,index to household schedule
NFHS-5 Household,idxh4_33,index to household schedule
NFHS-5 Household,idxh4_34,index to household schedule
NFHS-5 Household,idxh4_35,index to household schedule
NFHS-5 Household,sh08_01,current marital status [age 13+]
NFHS-5 Household,sh08_02,current marital status [age 13+]
NFHS-5 Household,sh08_03,current marital status [age 13+]
NFHS-5 Household,sh08_04,current marital status [age 13+]
NFHS-5 Household,sh08_05,current marital status [age 13+]
NFHS-5 Household,sh08_06,current marital status [age 13+]
NFHS-5 Household,sh08_07,current marital status [age 13+]
NFHS-5 Household,sh08_08,current marital status [age 13+]
NFHS-5 Household,sh08_09,current marital status [age 13+]
NFHS-5 Household,sh08_10,current marital status [age 13+]
NFHS-5 Household,sh08_11,current marital status [age 13+]
NFHS-5 Household,sh08_12,current marital status [age 13+]
NFHS-5 Household,sh08_13,current marital status [age 13+]
NFHS-5 Household,sh08_14,current marital status [age 13+]
NFHS-5 Household,sh08_15,current marital status [age 13+]
NFHS-5 Household,sh08_16,current marital status [age 13+]
NFHS-5 Household,sh08_17,current marital status [age 13+]
NFHS-5 Household,sh08_18,current marital status [age 13+]
NFHS-5 Household,sh08_19,current marital status [age 13+]
NFHS-5 Household,sh08_20,current marital status [age 13+]
NFHS-5 Household,sh08_21,current marital status [age 13+]
NFHS-5 Household,sh08_22,current marital status [age 13+]
NFHS-5 Household,sh08_23,current marital status [age 13+]
NFHS-5 Household,sh08_24,current marital status [age 13+]
NFHS-5 Household,sh08_25,current marital status [age 13+]
NFHS-5 Household,sh08_26,current marital status [age 13+]
NFHS-5 Household,sh08_27,current marital status [age 13+]
NFHS-5 Household,sh08_28,current marital status [age 13+]
NFHS-5 Household,sh08_29,current marital status [age 13+]
NFHS-5 Household,sh08_30,current marital status [age 13+]
NFHS-5 Household,sh08_31,current marital status [age 13+]
NFHS-5 Household,sh08_32,current marital status [age 13+]
NFHS-5 Household,sh08_33,current marital status [age 13+]
NFHS-5 Household,sh08_34,current marital status [age 13+]
NFHS-5 Household,sh08_35,current marital status [age 13+]
NFHS-5 Household,sh09a_01,women age 15+
NFHS-5 Household,sh09a_02,women age 15+
NFHS-5 Household,sh09a_03,women age 15+
NFHS-5 Household,sh09a_04,women age 15+
NFHS-5 Household,sh09a_05,women age 15+
NFHS-5 Household,sh09a_06,women age 15+
NFHS-5 Household,sh09a_07,women age 15+
NFHS-5 Household,sh09a_08,women age 15+
NFHS-5 Household,sh09a_09,women age 15+
NFHS-5 Household,sh09a_10,women age 15+
NFHS-5 Household,sh09a_11,women age 15+
NFHS-5 Household,sh09a_12,women age 15+
NFHS-5 Household,sh09a_13,women age 15+
NFHS-5 Household,sh09a_14,women age 15+
NFHS-5 Household,sh09a_15,women age 15+
NFHS-5 Household,sh09a_16,women age 15+
NFHS-5 Household,sh09a_17,women age 15+
NFHS-5 Household,sh09a_18,women age 15+
NFHS-5 Household,sh09a_19,women age 15+
NFHS-5 Household,sh09a_20,women age 15+
NFHS-5 Household,sh09a_21,women age 15+
NFHS-5 Household,sh09a_22,women age 15+
NFHS-5 Household,sh09a_23,women age 15+
NFHS-5 Household,sh09a_24,women age 15+
NFHS-5 Household,sh09a_25,women age 15+
NFHS-5 Household,sh09a_26,women age 15+
NFHS-5 Household,sh09a_27,women age 15+
NFHS-5 Household,sh09a_28,women age 15+
NFHS-5 Household,sh09a_29,women age 15+
NFHS-5 Household,sh09a_30,women age 15+
NFHS-5 Household,sh09a_31,women age 15+
NFHS-5 Household,sh09a_32,women age 15+
NFHS-5 Household,sh09a_33,women age 15+
NFHS-5 Household,sh09a_34,women age 15+
NFHS-5 Household,sh09a_35,women age 15+
NFHS-5 Household,sh10a_01,men age 15+
NFHS-5 Household,sh10a_02,men age 15+
NFHS-5 Household,sh10a_03,men age 15+
NFHS-5 Household,sh10a_04,men age 15+
NFHS-5 Household,sh10a_05,men age 15+
NFHS-5 Household,sh10a_06,men age 15+
NFHS-5 Household,sh10a_07,men age 15+
NFHS-5 Household,sh10a_08,men age 15+
NFHS-5 Household,sh10a_09,men age 15+
NFHS-5 Household,sh10a_10,men age 15+
NFHS-5 Household,sh10a_11,men age 15+
NFHS-5 Household,sh10a_12,men age 15+
NFHS-5 Household,sh10a_13,men age 15+
NFHS-5 Household,sh10a_14,men age 15+
NFHS-5 Household,sh10a_15,men age 15+
NFHS-5 Household,sh10a_16,men age 15+
NFHS-5 Household,sh10a_17,men age 15+
NFHS-5 Household,sh10a_18,men age 15+
NFHS-5 Household,sh10a_19,men age 15+
NFHS-5 Household,sh10a_20,men age 15+
NFHS-5 Household,sh10a_21,men age 15+
NFHS-5 Household,sh10a_22,men age 15+
NFHS-5 Household,sh10a_23,men age 15+
NFHS-5 Household,sh10a_24,men age 15+
NFHS-5 Household,sh10a_25,men age 15+
NFHS-5 Household,sh10a_26,men age 15+
NFHS-5 Household,sh10a_27,men age 15+
NFHS-5 Household,sh10a_28,men age 15+
NFHS-5 Household,sh10a_29,men age 15+
NFHS-5 Household,sh10a_30,men age 15+
NFHS-5 Household,sh10a_31,men age 15+
NFHS-5 Household,sh10a_32,men age 15+
NFHS-5 Household,sh10a_33,men age 15+
NFHS-5 Household,sh10a_34,men age 15+
NFHS-5 Household,sh10a_35,men age 15+
NFHS-5 Household,sh17_01,currently attending preschool
NFHS-5 Household,sh17_02,currently attending preschool
NFHS-5 Household,sh17_03,currently attending preschool
NFHS-5 Household,sh17_04,currently attending preschool
NFHS-5 Household,sh17_05,currently attending preschool
NFHS-5 Household,sh17_06,currently attending preschool
NFHS-5 Household,sh17_07,currently attending preschool
NFHS-5 Household,sh17_08,currently attending preschool
NFHS-5 Household,sh17_09,currently attending preschool
NFHS-5 Household,sh17_10,currently attending preschool
NFHS-5 Household,sh17_11,currently attending preschool
NFHS-5 Household,sh17_12,currently attending preschool
NFHS-5 Household,sh17_13,currently attending preschool
NFHS-5 Household,sh17_14,currently attending preschool
NFHS-5 Household,sh17_15,currently attending preschool
NFHS-5 Household,sh17_16,currently attending preschool
NFHS-5 Household,sh17_17,currently attending preschool
NFHS-5 Household,sh17_18,currently attending preschool
NFHS-5 Household,sh17_19,currently attending preschool
NFHS-5 Household,sh17_20,currently attending preschool
NFHS-5 Household,sh17_21,currently attending preschool
NFHS-5 Household,sh17_22,currently attending preschool
NFHS-5 Household,sh17_23,currently attending preschool
NFHS-5 Household,sh17_24,currently attending preschool
NFHS-5 Household,sh17_25,currently attending preschool
NFHS-5 Household,sh17_26,currently attending preschool
NFHS-5 Household,sh17_27,currently attending preschool
NFHS-5 Household,sh17_28,currently attending preschool
NFHS-5 Household,sh17_29,currently attending preschool
NFHS-5 Household,sh17_30,currently attending preschool
NFHS-5 Household,sh17_31,currently attending preschool
NFHS-5 Household,sh17_32,currently attending preschool
NFHS-5 Household,sh17_33,currently attending preschool
NFHS-5 Household,sh17_34,currently attending preschool
NFHS-5 Household,sh17_35,currently attending preschool
NFHS-5 Household,sh18_01,type of preschool
NFHS-5 Household,sh18_02,type of preschool
NFHS-5 Household,sh18_03,type of preschool
NFHS-5 Household,sh18_04,type of preschool
NFHS-5 Household,sh18_05,type of preschool
NFHS-5 Household,sh18_06,type of preschool
NFHS-5 Household,sh18_07,type of preschool
NFHS-5 Household,sh18_08,type of preschool
NFHS-5 Household,sh18_09,type of preschool
NFHS-5 Household,sh18_10,type of preschool
NFHS-5 Household,sh18_11,type of preschool
NFHS-5 Household,sh18_12,type of preschool
NFHS-5 Household,sh18_13,type of preschool
NFHS-5 Household,sh18_14,type of preschool
NFHS-5 Household,sh18_15,type of preschool
NFHS-5 Household,sh18_16,type of preschool
NFHS-5 Household,sh18_17,type of preschool
NFHS-5 Household,sh18_18,type of preschool
NFHS-5 Household,sh18_19,type of preschool
NFHS-5 Household,sh18_20,type of preschool
NFHS-5 Household,sh18_21,type of preschool
NFHS-5 Household,sh18_22,type of preschool
NFHS-5 Household,sh18_23,type of preschool
NFHS-5 Household,sh18_24,type of preschool
NFHS-5 Household,sh18_25,type of preschool
NFHS-5 Household,sh18_26,type of preschool
NFHS-5 Household,sh18_27,type of preschool
NFHS-5 Household,sh18_28,type of preschool
NFHS-5 Household,sh18_29,type of preschool
NFHS-5 Household,sh18_30,type of preschool
NFHS-5 Household,sh18_31,type of preschool
NFHS-5 Household,sh18_32,type of preschool
NFHS-5 Household,sh18_33,type of preschool
NFHS-5 Household,sh18_34,type of preschool
NFHS-5 Household,sh18_35,type of preschool
NFHS-5 Household,sh20_01,highest grade completed
NFHS-5 Household,sh20_02,highest grade completed
NFHS-5 Household,sh20_03,highest grade completed
NFHS-5 Household,sh20_04,highest grade completed
NFHS-5 Household,sh20_05,highest grade completed
NFHS-5 Household,sh20_06,highest grade completed
NFHS-5 Household,sh20_07,highest grade completed
NFHS-5 Household,sh20_08,highest grade completed
NFHS-5 Household,sh20_09,highest grade completed
NFHS-5 Household,sh20_10,highest grade completed
NFHS-5 Household,sh20_11,highest grade completed
NFHS-5 Household,sh20_12,highest grade completed
NFHS-5 Household,sh20_13,highest grade completed
NFHS-5 Household,sh20_14,highest grade completed
NFHS-5 Household,sh20_15,highest grade completed
NFHS-5 Household,sh20_16,highest grade completed
NFHS-5 Household,sh20_17,highest grade completed
NFHS-5 Household,sh20_18,highest grade completed
NFHS-5 Household,sh20_19,highest grade completed
NFHS-5 Household,sh20_20,highest grade completed
NFHS-5 Household,sh20_21,highest grade completed
NFHS-5 Household,sh20_22,highest grade completed
NFHS-5 Household,sh20_23,highest grade completed
NFHS-5 Household,sh20_24,highest grade completed
NFHS-5 Household,sh20_25,highest grade completed
NFHS-5 Household,sh20_26,highest grade completed
NFHS-5 Household,sh20_27,highest grade completed
NFHS-5 Household,sh20_28,highest grade completed
NFHS-5 Household,sh20_29,highest grade completed
NFHS-5 Household,sh20_30,highest grade completed
NFHS-5 Household,sh20_31,highest grade completed
NFHS-5 Household,sh20_32,highest grade completed
NFHS-5 Household,sh20_33,highest grade completed
NFHS-5 Household,sh20_34,highest grade completed
NFHS-5 Household,sh20_35,highest grade completed
NFHS-5 Household,sh23_01,main reason is not attending school
NFHS-5 Household,sh23_02,main reason is not attending school
NFHS-5 Household,sh23_03,main reason is not attending school
NFHS-5 Household,sh23_04,main reason is not attending school
NFHS-5 Household,sh23_05,main reason is not attending school
NFHS-5 Household,sh23_06,main reason is not attending school
NFHS-5 Household,sh23_07,main reason is not attending school
NFHS-5 Household,sh23_08,main reason is not attending school
NFHS-5 Household,sh23_09,main reason is not attending school
NFHS-5 Household,sh23_10,main reason is not attending school
NFHS-5 Household,sh23_11,main reason is not attending school
NFHS-5 Household,sh23_12,main reason is not attending school
NFHS-5 Household,sh23_13,main reason is not attending school
NFHS-5 Household,sh23_14,main reason is not attending school
NFHS-5 Household,sh23_15,main reason is not attending school
NFHS-5 Household,sh23_16,main reason is not attending school
NFHS-5 Household,sh23_17,main reason is not attending school
NFHS-5 Household,sh23_18,main reason is not attending school
NFHS-5 Household,sh23_19,main reason is not attending school
NFHS-5 Household,sh23_20,main reason is not attending school
NFHS-5 Household,sh23_21,main reason is not attending school
NFHS-5 Household,sh23_22,main reason is not attending school
NFHS-5 Household,sh23_23,main reason is not attending school
NFHS-5 Household,sh23_24,main reason is not attending school
NFHS-5 Household,sh23_25,main reason is not attending school
NFHS-5 Household,sh23_26,main reason is not attending school
NFHS-5 Household,sh23_27,main reason is not attending school
NFHS-5 Household,sh23_28,main reason is not attending school
NFHS-5 Household,sh23_29,main reason is not attending school
NFHS-5 Household,sh23_30,main reason is not attending school
NFHS-5 Household,sh23_31,main reason is not attending school
NFHS-5 Household,sh23_32,main reason is not attending school
NFHS-5 Household,sh23_33,main reason is not attending school
NFHS-5 Household,sh23_34,main reason is not attending school
NFHS-5 Household,sh23_35,main reason is not attending school
NFHS-5 Household,sh24_01,aadhaar card or aadhaar number
NFHS-5 Household,sh24_02,aadhaar card or aadhaar number
NFHS-5 Household,sh24_03,aadhaar card or aadhaar number
NFHS-5 Household,sh24_04,aadhaar card or aadhaar number
NFHS-5 Household,sh24_05,aadhaar card or aadhaar number
NFHS-5 Household,sh24_06,aadhaar card or aadhaar number
NFHS-5 Household,sh24_07,aadhaar card or aadhaar number
NFHS-5 Household,sh24_08,aadhaar card or aadhaar number
NFHS-5 Household,sh24_09,aadhaar card or aadhaar number
NFHS-5 Household,sh24_10,aadhaar card or aadhaar number
NFHS-5 Household,sh24_11,aadhaar card or aadhaar number
NFHS-5 Household,sh24_12,aadhaar card or aadhaar number
NFHS-5 Household,sh24_13,aadhaar card or aadhaar number
NFHS-5 Household,sh24_14,aadhaar card or aadhaar number
NFHS-5 Household,sh24_15,aadhaar card or aadhaar number
NFHS-5 Household,sh24_16,aadhaar card or aadhaar number
NFHS-5 Household,sh24_17,aadhaar card or aadhaar number
NFHS-5 Household,sh24_18,aadhaar card or aadhaar number
NFHS-5 Household,sh24_19,aadhaar card or aadhaar number
NFHS-5 Household,sh24_20,aadhaar card or aadhaar number
NFHS-5 Household,sh24_21,aadhaar card or aadhaar number
NFHS-5 Household,sh24_22,aadhaar card or aadhaar number
NFHS-5 Household,sh24_23,aadhaar card or aadhaar number
NFHS-5 Household,sh24_24,aadhaar card or aadhaar number
NFHS-5 Household,sh24_25,aadhaar card or aadhaar number
NFHS-5 Household,sh24_26,aadhaar card or aadhaar number
NFHS-5 Household,sh24_27,aadhaar card or aadhaar number
NFHS-5 Household,sh24_28,aadhaar card or aadhaar number
NFHS-5 Household,sh24_29,aadhaar card or aadhaar number
NFHS-5 Household,sh24_30,aadhaar card or aadhaar number
NFHS-5 Household,sh24_31,aadhaar card or aadhaar number
NFHS-5 Household,sh24_32,aadhaar card or aadhaar number
NFHS-5 Household,sh24_33,aadhaar card or aadhaar number
NFHS-5 Household,sh24_34,aadhaar card or aadhaar number
NFHS-5 Household,sh24_35,aadhaar card or aadhaar number
NFHS-5 Household,sh25_01,smokes or uses tobacco
NFHS-5 Household,sh25_02,smokes or uses tobacco
NFHS-5 Household,sh25_03,smokes or uses tobacco
NFHS-5 Household,sh25_04,smokes or uses tobacco
NFHS-5 Household,sh25_05,smokes or uses tobacco
NFHS-5 Household,sh25_06,smokes or uses tobacco
NFHS-5 Household,sh25_07,smokes or uses tobacco
NFHS-5 Household,sh25_08,smokes or uses tobacco
NFHS-5 Household,sh25_09,smokes or uses tobacco
NFHS-5 Household,sh25_10,smokes or uses tobacco
NFHS-5 Household,sh25_11,smokes or uses tobacco
NFHS-5 Household,sh25_12,smokes or uses tobacco
NFHS-5 Household,sh25_13,smokes or uses tobacco
NFHS-5 Household,sh25_14,smokes or uses tobacco
NFHS-5 Household,sh25_15,smokes or uses tobacco
NFHS-5 Household,sh25_16,smokes or uses tobacco
NFHS-5 Household,sh25_17,smokes or uses tobacco
NFHS-5 Household,sh25_18,smokes or uses tobacco
NFHS-5 Household,sh25_19,smokes or uses tobacco
NFHS-5 Household,sh25_20,smokes or uses tobacco
NFHS-5 Household,sh25_21,smokes or uses tobacco
NFHS-5 Household,sh25_22,smokes or uses tobacco
NFHS-5 Household,sh25_23,smokes or uses tobacco
NFHS-5 Household,sh25_24,smokes or uses tobacco
NFHS-5 Household,sh25_25,smokes or uses tobacco
NFHS-5 Household,sh25_26,smokes or uses tobacco
NFHS-5 Household,sh25_27,smokes or uses tobacco
NFHS-5 Household,sh25_28,smokes or uses tobacco
NFHS-5 Household,sh25_29,smokes or uses tobacco
NFHS-5 Household,sh25_30,smokes or uses tobacco
NFHS-5 Household,sh25_31,smokes or uses tobacco
NFHS-5 Household,sh25_32,smokes or uses tobacco
NFHS-5 Household,sh25_33,smokes or uses tobacco
NFHS-5 Household,sh25_34,smokes or uses tobacco
NFHS-5 Household,sh25_35,smokes or uses tobacco
NFHS-5 Household,sh26_01,drinks alcohol
NFHS-5 Household,sh26_02,drinks alcohol
NFHS-5 Household,sh26_03,drinks alcohol
NFHS-5 Household,sh26_04,drinks alcohol
NFHS-5 Household,sh26_05,drinks alcohol
NFHS-5 Household,sh26_06,drinks alcohol
NFHS-5 Household,sh26_07,drinks alcohol
NFHS-5 Household,sh26_08,drinks alcohol
NFHS-5 Household,sh26_09,drinks alcohol
NFHS-5 Household,sh26_10,drinks alcohol
NFHS-5 Household,sh26_11,drinks alcohol
NFHS-5 Household,sh26_12,drinks alcohol
NFHS-5 Household,sh26_13,drinks alcohol
NFHS-5 Household,sh26_14,drinks alcohol
NFHS-5 Household,sh26_15,drinks alcohol
NFHS-5 Household,sh26_16,drinks alcohol
NFHS-5 Household,sh26_17,drinks alcohol
NFHS-5 Household,sh26_18,drinks alcohol
NFHS-5 Household,sh26_19,drinks alcohol
NFHS-5 Household,sh26_20,drinks alcohol
NFHS-5 Household,sh26_21,drinks alcohol
NFHS-5 Household,sh26_22,drinks alcohol
NFHS-5 Household,sh26_23,drinks alcohol
NFHS-5 Household,sh26_24,drinks alcohol
NFHS-5 Household,sh26_25,drinks alcohol
NFHS-5 Household,sh26_26,drinks alcohol
NFHS-5 Household,sh26_27,drinks alcohol
NFHS-5 Household,sh26_28,drinks alcohol
NFHS-5 Household,sh26_29,drinks alcohol
NFHS-5 Household,sh26_30,drinks alcohol
NFHS-5 Household,sh26_31,drinks alcohol
NFHS-5 Household,sh26_32,drinks alcohol
NFHS-5 Household,sh26_33,drinks alcohol
NFHS-5 Household,sh26_34,drinks alcohol
NFHS-5 Household,sh26_35,drinks alcohol
NFHS-5 Household,sh29_01,suffers from tb
NFHS-5 Household,sh29_02,suffers from tb
NFHS-5 Household,sh29_03,suffers from tb
NFHS-5 Household,sh29_04,suffers from tb
NFHS-5 Household,sh29_05,suffers from tb
NFHS-5 Household,sh29_06,suffers from tb
NFHS-5 Household,sh29_07,suffers from tb
NFHS-5 Household,sh29_08,suffers from tb
NFHS-5 Household,sh29_09,suffers from tb
NFHS-5 Household,sh29_10,suffers from tb
NFHS-5 Household,sh29_11,suffers from tb
NFHS-5 Household,sh29_12,suffers from tb
NFHS-5 Household,sh29_13,suffers from tb
NFHS-5 Household,sh29_14,suffers from tb
NFHS-5 Household,sh29_15,suffers from tb
NFHS-5 Household,sh29_16,suffers from tb
NFHS-5 Household,sh29_17,suffers from tb
NFHS-5 Household,sh29_18,suffers from tb
NFHS-5 Household,sh29_19,suffers from tb
NFHS-5 Household,sh29_20,suffers from tb
NFHS-5 Household,sh29_21,suffers from tb
NFHS-5 Household,sh29_22,suffers from tb
NFHS-5 Household,sh29_23,suffers from tb
NFHS-5 Household,sh29_24,suffers from tb
NFHS-5 Household,sh29_25,suffers from tb
NFHS-5 Household,sh29_26,suffers from tb
NFHS-5 Household,sh29_27,suffers from tb
NFHS-5 Household,sh29_28,suffers from tb
NFHS-5 Household,sh29_29,suffers from tb
NFHS-5 Household,sh29_30,suffers from tb
NFHS-5 Household,sh29_31,suffers from tb
NFHS-5 Household,sh29_32,suffers from tb
NFHS-5 Household,sh29_33,suffers from tb
NFHS-5 Household,sh29_34,suffers from tb
NFHS-5 Household,sh29_35,suffers from tb
NFHS-5 Household,sh29aa_01,location where treated for tb
NFHS-5 Household,sh29aa_02,location where treated for tb
NFHS-5 Household,sh29aa_03,location where treated for tb
NFHS-5 Household,sh29aa_04,location where treated for tb
NFHS-5 Household,sh29aa_05,location where treated for tb
NFHS-5 Household,sh29aa_06,location where treated for tb
NFHS-5 Household,sh29aa_07,location where treated for tb
NFHS-5 Household,sh29aa_08,location where treated for tb
NFHS-5 Household,sh29aa_09,location where treated for tb
NFHS-5 Household,sh29aa_10,location where treated for tb
NFHS-5 Household,sh29aa_11,location where treated for tb
NFHS-5 Household,sh29aa_12,location where treated for tb
NFHS-5 Household,sh29aa_13,location where treated for tb
NFHS-5 Household,sh29aa_14,location where treated for tb
NFHS-5 Household,sh29aa_15,location where treated for tb
NFHS-5 Household,sh29aa_16,location where treated for tb
NFHS-5 Household,sh29aa_17,location where treated for tb
NFHS-5 Household,sh29aa_18,location where treated for tb
NFHS-5 Household,sh29aa_19,location where treated for tb
NFHS-5 Household,sh29aa_20,location where treated for tb
NFHS-5 Household,sh29aa_21,location where treated for tb
NFHS-5 Household,sh29aa_22,location where treated for tb
NFHS-5 Household,sh29aa_23,location where treated for tb
NFHS-5 Household,sh29aa_24,location where treated for tb
NFHS-5 Household,sh29aa_25,location where treated for tb
NFHS-5 Household,sh29aa_26,location where treated for tb
NFHS-5 Household,sh29aa_27,location where treated for tb
NFHS-5 Household,sh29aa_28,location where treated for tb
NFHS-5 Household,sh29aa_29,location where treated for tb
NFHS-5 Household,sh29aa_30,location where treated for tb
NFHS-5 Household,sh29aa_31,location where treated for tb
NFHS-5 Household,sh29aa_32,location where treated for tb
NFHS-5 Household,sh29aa_33,location where treated for tb
NFHS-5 Household,sh29aa_34,location where treated for tb
NFHS-5 Household,sh29aa_35,location where treated for tb
NFHS-5 Household,shb14a_01,30 minutes prior to bp measure: eaten
NFHS-5 Household,shb14a_02,30 minutes prior to bp measure: eaten
NFHS-5 Household,shb14a_03,30 minutes prior to bp measure: eaten
NFHS-5 Household,shb14a_04,30 minutes prior to bp measure: eaten
NFHS-5 Household,shb14a_05,30 minutes prior to bp measure: eaten
NFHS-5 Household,shb14a_06,30 minutes prior to bp measure: eaten
NFHS-5 Household,shb14a_07,30 minutes prior to bp measure: eaten
NFHS-5 Household,shb14a_08,30 minutes prior to bp measure: eaten
NFHS-5 Household,shb14a_09,30 minutes prior to bp measure: eaten
NFHS-5 Household,shb14a_10,30 minutes prior to bp measure: eaten
NFHS-5 Household,shb14a_11,30 minutes prior to bp measure: eaten
NFHS-5 Household,shb14a_12,30 minutes prior to bp measure: eaten
NFHS-5 Household,shb14a_13,30 minutes prior to bp measure: eaten
NFHS-5 Household,shb14a_14,30 minutes prior to bp measure: eaten
NFHS-5 Household,shb14a_15,30 minutes prior to bp measure: eaten
NFHS-5 Household,shb14a_16,30 minutes prior to bp measure: eaten
NFHS-5 Household,shb14a_17,30 minutes prior to bp measure: eaten
NFHS-5 Household,shb14a_18,30 minutes prior to bp measure: eaten
NFHS-5 Household,shb14a_19,30 minutes prior to bp measure: eaten
NFHS-5 Household,shb14a_20,30 minutes prior to bp measure: eaten
NFHS-5 Household,shb14a_21,30 minutes prior to bp measure: eaten
NFHS-5 Household,shb14a_22,30 minutes prior to bp measure: eaten
NFHS-5 Household,shb14a_23,30 minutes prior to bp measure: eaten
NFHS-5 Household,shb14a_24,30 minutes prior to bp measure: eaten
NFHS-5 Household,shb14a_25,30 minutes prior to bp measure: eaten
NFHS-5 Household,shb14a_26,30 minutes prior to bp measure: eaten
NFHS-5 Household,shb14a_27,30 minutes prior to bp measure: eaten
NFHS-5 Household,shb14a_28,30 minutes prior to bp measure: eaten
NFHS-5 Household,shb14a_29,30 minutes prior to bp measure: eaten
NFHS-5 Household,shb14a_30,30 minutes prior to bp measure: eaten
NFHS-5 Household,shb14a_31,30 minutes prior to bp measure: eaten
NFHS-5 Household,shb14a_32,30 minutes prior to bp measure: eaten
NFHS-5 Household,shb14a_33,30 minutes prior to bp measure: eaten
NFHS-5 Household,shb14a_34,30 minutes prior to bp measure: eaten
NFHS-5 Household,shb14a_35,30 minutes prior to bp measure: eaten
NFHS-5 Household,shb14b_01,"30 minutes prior to bp measure: had coffee, tea"
NFHS-5 Household,shb14b_02,"30 minutes prior to bp measure: had coffee, tea"
NFHS-5 Household,shb14b_03,"30 minutes prior to bp measure: had coffee, tea"
NFHS-5 Household,shb14b_04,"30 minutes prior to bp measure: had coffee, tea"
NFHS-5 Household,shb14b_05,"30 minutes prior to bp measure: had coffee, tea"
NFHS-5 Household,shb14b_06,"30 minutes prior to bp measure: had coffee, tea"
NFHS-5 Household,shb14b_07,"30 minutes prior to bp measure: had coffee, tea"
NFHS-5 Household,shb14b_08,"30 minutes prior to bp measure: had coffee, tea"
NFHS-5 Household,shb14b_09,"30 minutes prior to bp measure: had coffee, tea"
NFHS-5 Household,shb14b_10,"30 minutes prior to bp measure: had coffee, tea"
NFHS-5 Household,shb14b_11,"30 minutes prior to bp measure: had coffee, tea"
NFHS-5 Household,shb14b_12,"30 minutes prior to bp measure: had coffee, tea"
NFHS-5 Household,shb14b_13,"30 minutes prior to bp measure: had coffee, tea"
NFHS-5 Household,shb14b_14,"30 minutes prior to bp measure: had coffee, tea"
NFHS-5 Household,shb14b_15,"30 minutes prior to bp measure: had coffee, tea"
NFHS-5 Household,shb14b_16,"30 minutes prior to bp measure: had coffee, tea"
NFHS-5 Household,shb14b_17,"30 minutes prior to bp measure: had coffee, tea"
NFHS-5 Household,shb14b_18,"30 minutes prior to bp measure: had coffee, tea"
NFHS-5 Household,shb14b_19,"30 minutes prior to bp measure: had coffee, tea"
NFHS-5 Household,shb14b_20,"30 minutes prior to bp measure: had coffee, tea"
NFHS-5 Household,shb14b_21,"30 minutes prior to bp measure: had coffee, tea"
NFHS-5 Household,shb14b_22,"30 minutes prior to bp measure: had coffee, tea"
NFHS-5 Household,shb14b_23,"30 minutes prior to bp measure: had coffee, tea"
NFHS-5 Household,shb14b_24,"30 minutes prior to bp measure: had coffee, tea"
NFHS-5 Household,shb14b_25,"30 minutes prior to bp measure: had coffee, tea"
NFHS-5 Household,shb14b_26,"30 minutes prior to bp measure: had coffee, tea"
NFHS-5 Household,shb14b_27,"30 minutes prior to bp measure: had coffee, tea"
NFHS-5 Household,shb14b_28,"30 minutes prior to bp measure: had coffee, tea"
NFHS-5 Household,shb14b_29,"30 minutes prior to bp measure: had coffee, tea"
NFHS-5 Household,shb14b_30,"30 minutes prior to bp measure: had coffee, tea"
NFHS-5 Household,shb14b_31,"30 minutes prior to bp measure: had coffee, tea"
NFHS-5 Household,shb14b_32,"30 minutes prior to bp measure: had coffee, tea"
NFHS-5 Household,shb14b_33,"30 minutes prior to bp measure: had coffee, tea"
NFHS-5 Household,shb14b_34,"30 minutes prior to bp measure: had coffee, tea"
NFHS-5 Household,shb14b_35,"30 minutes prior to bp measure: had coffee, tea"
NFHS-5 Household,shb14c_01,30 minutes prior to bp measure: smoked any tobacco product
NFHS-5 Household,shb14c_02,30 minutes prior to bp measure: smoked any tobacco product
NFHS-5 Household,shb14c_03,30 minutes prior to bp measure: smoked any tobacco product
NFHS-5 Household,shb14c_04,30 minutes prior to bp measure: smoked any tobacco product
NFHS-5 Household,shb14c_05,30 minutes prior to bp measure: smoked any tobacco product
NFHS-5 Household,shb14c_06,30 minutes prior to bp measure: smoked any tobacco product
NFHS-5 Household,shb14c_07,30 minutes prior to bp measure: smoked any tobacco product
NFHS-5 Household,shb14c_08,30 minutes prior to bp measure: smoked any tobacco product
NFHS-5 Household,shb14c_09,30 minutes prior to bp measure: smoked any tobacco product
NFHS-5 Household,shb14c_10,30 minutes prior to bp measure: smoked any tobacco product
NFHS-5 Household,shb14c_11,30 minutes prior to bp measure: smoked any tobacco product
NFHS-5 Household,shb14c_12,30 minutes prior to bp measure: smoked any tobacco product
NFHS-5 Household,shb14c_13,30 minutes prior to bp measure: smoked any tobacco product
NFHS-5 Household,shb14c_14,30 minutes prior to bp measure: smoked any tobacco product
NFHS-5 Household,shb14c_15,30 minutes prior to bp measure: smoked any tobacco product
NFHS-5 Household,shb14c_16,30 minutes prior to bp measure: smoked any tobacco product
NFHS-5 Household,shb14c_17,30 minutes prior to bp measure: smoked any tobacco product
NFHS-5 Household,shb14c_18,30 minutes prior to bp measure: smoked any tobacco product
NFHS-5 Household,shb14c_19,30 minutes prior to bp measure: smoked any tobacco product
NFHS-5 Household,shb14c_20,30 minutes prior to bp measure: smoked any tobacco product
NFHS-5 Household,shb14c_21,30 minutes prior to bp measure: smoked any tobacco product
NFHS-5 Household,shb14c_22,30 minutes prior to bp measure: smoked any tobacco product
NFHS-5 Household,shb14c_23,30 minutes prior to bp measure: smoked any tobacco product
NFHS-5 Household,shb14c_24,30 minutes prior to bp measure: smoked any tobacco product
NFHS-5 Household,shb14c_25,30 minutes prior to bp measure: smoked any tobacco product
NFHS-5 Household,shb14c_26,30 minutes prior to bp measure: smoked any tobacco product
NFHS-5 Household,shb14c_27,30 minutes prior to bp measure: smoked any tobacco product
NFHS-5 Household,shb14c_28,30 minutes prior to bp measure: smoked any tobacco product
NFHS-5 Household,shb14c_29,30 minutes prior to bp measure: smoked any tobacco product
NFHS-5 Household,shb14c_30,30 minutes prior to bp measure: smoked any tobacco product
NFHS-5 Household,shb14c_31,30 minutes prior to bp measure: smoked any tobacco product
NFHS-5 Household,shb14c_32,30 minutes prior to bp measure: smoked any tobacco product
NFHS-5 Household,shb14c_33,30 minutes prior to bp measure: smoked any tobacco product
NFHS-5 Household,shb14c_34,30 minutes prior to bp measure: smoked any tobacco product
NFHS-5 Household,shb14c_35,30 minutes prior to bp measure: smoked any tobacco product
NFHS-5 Household,shb14d_01,30 minutes prior to bp measure: use any other type of tobacco
NFHS-5 Household,shb14d_02,30 minutes prior to bp measure: use any other type of tobacco
NFHS-5 Household,shb14d_03,30 minutes prior to bp measure: use any other type of tobacco
NFHS-5 Household,shb14d_04,30 minutes prior to bp measure: use any other type of tobacco
NFHS-5 Household,shb14d_05,30 minutes prior to bp measure: use any other type of tobacco
NFHS-5 Household,shb14d_06,30 minutes prior to bp measure: use any other type of tobacco
NFHS-5 Household,shb14d_07,30 minutes prior to bp measure: use any other type of tobacco
NFHS-5 Household,shb14d_08,30 minutes prior to bp measure: use any other type of tobacco
NFHS-5 Household,shb14d_09,30 minutes prior to bp measure: use any other type of tobacco
NFHS-5 Household,shb14d_10,30 minutes prior to bp measure: use any other type of tobacco
NFHS-5 Household,shb14d_11,30 minutes prior to bp measure: use any other type of tobacco
NFHS-5 Household,shb14d_12,30 minutes prior to bp measure: use any other type of tobacco
NFHS-5 Household,shb14d_13,30 minutes prior to bp measure: use any other type of tobacco
NFHS-5 Household,shb14d_14,30 minutes prior to bp measure: use any other type of tobacco
NFHS-5 Household,shb14d_15,30 minutes prior to bp measure: use any other type of tobacco
NFHS-5 Household,shb14d_16,30 minutes prior to bp measure: use any other type of tobacco
NFHS-5 Household,shb14d_17,30 minutes prior to bp measure: use any other type of tobacco
NFHS-5 Household,shb14d_18,30 minutes prior to bp measure: use any other type of tobacco
NFHS-5 Household,shb14d_19,30 minutes prior to bp measure: use any other type of tobacco
NFHS-5 Household,shb14d_20,30 minutes prior to bp measure: use any other type of tobacco
NFHS-5 Household,shb14d_21,30 minutes prior to bp measure: use any other type of tobacco
NFHS-5 Household,shb14d_22,30 minutes prior to bp measure: use any other type of tobacco
NFHS-5 Household,shb14d_23,30 minutes prior to bp measure: use any other type of tobacco
NFHS-5 Household,shb14d_24,30 minutes prior to bp measure: use any other type of tobacco
NFHS-5 Household,shb14d_25,30 minutes prior to bp measure: use any other type of tobacco
NFHS-5 Household,shb14d_26,30 minutes prior to bp measure: use any other type of tobacco
NFHS-5 Household,shb14d_27,30 minutes prior to bp measure: use any other type of tobacco
NFHS-5 Household,shb14d_28,30 minutes prior to bp measure: use any other type of tobacco
NFHS-5 Household,shb14d_29,30 minutes prior to bp measure: use any other type of tobacco
NFHS-5 Household,shb14d_30,30 minutes prior to bp measure: use any other type of tobacco
NFHS-5 Household,shb14d_31,30 minutes prior to bp measure: use any other type of tobacco
NFHS-5 Household,shb14d_32,30 minutes prior to bp measure: use any other type of tobacco
NFHS-5 Household,shb14d_33,30 minutes prior to bp measure: use any other type of tobacco
NFHS-5 Household,shb14d_34,30 minutes prior to bp measure: use any other type of tobacco
NFHS-5 Household,shb14d_35,30 minutes prior to bp measure: use any other type of tobacco
NFHS-5 Household,shb15_01,arm circumference
NFHS-5 Household,shb15_02,arm circumference
NFHS-5 Household,shb15_03,arm circumference
NFHS-5 Household,shb15_04,arm circumference
NFHS-5 Household,shb15_05,arm circumference
NFHS-5 Household,shb15_06,arm circumference
NFHS-5 Household,shb15_07,arm circumference
NFHS-5 Household,shb15_08,arm circumference
NFHS-5 Household,shb15_09,arm circumference
NFHS-5 Household,shb15_10,arm circumference
NFHS-5 Household,shb15_11,arm circumference
NFHS-5 Household,shb15_12,arm circumference
NFHS-5 Household,shb15_13,arm circumference
NFHS-5 Household,shb15_14,arm circumference
NFHS-5 Household,shb15_15,arm circumference
NFHS-5 Household,shb15_16,arm circumference
NFHS-5 Household,shb15_17,arm circumference
NFHS-5 Household,shb15_18,arm circumference
NFHS-5 Household,shb15_19,arm circumference
NFHS-5 Household,shb15_20,arm circumference
NFHS-5 Household,shb15_21,arm circumference
NFHS-5 Household,shb15_22,arm circumference
NFHS-5 Household,shb15_23,arm circumference
NFHS-5 Household,shb15_24,arm circumference
NFHS-5 Household,shb15_25,arm circumference
NFHS-5 Household,shb15_26,arm circumference
NFHS-5 Household,shb15_27,arm circumference
NFHS-5 Household,shb15_28,arm circumference
NFHS-5 Household,shb15_29,arm circumference
NFHS-5 Household,shb15_30,arm circumference
NFHS-5 Household,shb15_31,arm circumference
NFHS-5 Household,shb15_32,arm circumference
NFHS-5 Household,shb15_33,arm circumference
NFHS-5 Household,shb15_34,arm circumference
NFHS-5 Household,shb15_35,arm circumference
NFHS-5 Household,shb16_01,blood pressure monitor cuff size
NFHS-5 Household,shb16_02,blood pressure monitor cuff size
NFHS-5 Household,shb16_03,blood pressure monitor cuff size
NFHS-5 Household,shb16_04,blood pressure monitor cuff size
NFHS-5 Household,shb16_05,blood pressure monitor cuff size
NFHS-5 Household,shb16_06,blood pressure monitor cuff size
NFHS-5 Household,shb16_07,blood pressure monitor cuff size
NFHS-5 Household,shb16_08,blood pressure monitor cuff size
NFHS-5 Household,shb16_09,blood pressure monitor cuff size
NFHS-5 Household,shb16_10,blood pressure monitor cuff size
NFHS-5 Household,shb16_11,blood pressure monitor cuff size
NFHS-5 Household,shb16_12,blood pressure monitor cuff size
NFHS-5 Household,shb16_13,blood pressure monitor cuff size
NFHS-5 Household,shb16_14,blood pressure monitor cuff size
NFHS-5 Household,shb16_15,blood pressure monitor cuff size
NFHS-5 Household,shb16_16,blood pressure monitor cuff size
NFHS-5 Household,shb16_17,blood pressure monitor cuff size
NFHS-5 Household,shb16_18,blood pressure monitor cuff size
NFHS-5 Household,shb16_19,blood pressure monitor cuff size
NFHS-5 Household,shb16_20,blood pressure monitor cuff size
NFHS-5 Household,shb16_21,blood pressure monitor cuff size
NFHS-5 Household,shb16_22,blood pressure monitor cuff size
NFHS-5 Household,shb16_23,blood pressure monitor cuff size
NFHS-5 Household,shb16_24,blood pressure monitor cuff size
NFHS-5 Household,shb16_25,blood pressure monitor cuff size
NFHS-5 Household,shb16_26,blood pressure monitor cuff size
NFHS-5 Household,shb16_27,blood pressure monitor cuff size
NFHS-5 Household,shb16_28,blood pressure monitor cuff size
NFHS-5 Household,shb16_29,blood pressure monitor cuff size
NFHS-5 Household,shb16_30,blood pressure monitor cuff size
NFHS-5 Household,shb16_31,blood pressure monitor cuff size
NFHS-5 Household,shb16_32,blood pressure monitor cuff size
NFHS-5 Household,shb16_33,blood pressure monitor cuff size
NFHS-5 Household,shb16_34,blood pressure monitor cuff size
NFHS-5 Household,shb16_35,blood pressure monitor cuff size
NFHS-5 Household,shb17_01,time of first bp reading: (hhmm - 24 hour clock)
NFHS-5 Household,shb17_02,time of first bp reading: (hhmm - 24 hour clock)
NFHS-5 Household,shb17_03,time of first bp reading: (hhmm - 24 hour clock)
NFHS-5 Household,shb17_04,time of first bp reading: (hhmm - 24 hour clock)
NFHS-5 Household,shb17_05,time of first bp reading: (hhmm - 24 hour clock)
NFHS-5 Household,shb17_06,time of first bp reading: (hhmm - 24 hour clock)
NFHS-5 Household,shb17_07,time of first bp reading: (hhmm - 24 hour clock)
NFHS-5 Household,shb17_08,time of first bp reading: (hhmm - 24 hour clock)
NFHS-5 Household,shb17_09,time of first bp reading: (hhmm - 24 hour clock)
NFHS-5 Household,shb17_10,time of first bp reading: (hhmm - 24 hour clock)
NFHS-5 Household,shb17_11,time of first bp reading: (hhmm - 24 hour clock)
NFHS-5 Household,shb17_12,time of first bp reading: (hhmm - 24 hour clock)
NFHS-5 Household,shb17_13,time of first bp reading: (hhmm - 24 hour clock)
NFHS-5 Household,shb17_14,time of first bp reading: (hhmm - 24 hour clock)
NFHS-5 Household,shb17_15,time of first bp reading: (hhmm - 24 hour clock)
NFHS-5 Household,shb17_16,time of first bp reading: (hhmm - 24 hour clock)
NFHS-5 Household,shb17_17,time of first bp reading: (hhmm - 24 hour clock)
NFHS-5 Household,shb17_18,time of first bp reading: (hhmm - 24 hour clock)
NFHS-5 Household,shb17_19,time of first bp reading: (hhmm - 24 hour clock)
NFHS-5 Household,shb17_20,time of first bp reading: (hhmm - 24 hour clock)
NFHS-5 Household,shb17_21,time of first bp reading: (hhmm - 24 hour clock)
NFHS-5 Household,shb17_22,time of first bp reading: (hhmm - 24 hour clock)
NFHS-5 Household,shb17_23,time of first bp reading: (hhmm - 24 hour clock)
NFHS-5 Household,shb17_24,time of first bp reading: (hhmm - 24 hour clock)
NFHS-5 Household,shb17_25,time of first bp reading: (hhmm - 24 hour clock)
NFHS-5 Household,shb17_26,time of first bp reading: (hhmm - 24 hour clock)
NFHS-5 Household,shb17_27,time of first bp reading: (hhmm - 24 hour clock)
NFHS-5 Household,shb17_28,time of first bp reading: (hhmm - 24 hour clock)
NFHS-5 Household,shb17_29,time of first bp reading: (hhmm - 24 hour clock)
NFHS-5 Household,shb17_30,time of first bp reading: (hhmm - 24 hour clock)
NFHS-5 Household,shb17_31,time of first bp reading: (hhmm - 24 hour clock)
NFHS-5 Household,shb17_32,time of first bp reading: (hhmm - 24 hour clock)
NFHS-5 Household,shb17_33,time of first bp reading: (hhmm - 24 hour clock)
NFHS-5 Household,shb17_34,time of first bp reading: (hhmm - 24 hour clock)
NFHS-5 Household,shb17_35,time of first bp reading: (hhmm - 24 hour clock)
NFHS-5 Household,shb18s_01,first systolic reading
NFHS-5 Household,shb18s_02,first systolic reading
NFHS-5 Household,shb18s_03,first systolic reading
NFHS-5 Household,shb18s_04,first systolic reading
NFHS-5 Household,shb18s_05,first systolic reading
NFHS-5 Household,shb18s_06,first systolic reading
NFHS-5 Household,shb18s_07,first systolic reading
NFHS-5 Household,shb18s_08,first systolic reading
NFHS-5 Household,shb18s_09,first systolic reading
NFHS-5 Household,shb18s_10,first systolic reading
NFHS-5 Household,shb18s_11,first systolic reading
NFHS-5 Household,shb18s_12,first systolic reading
NFHS-5 Household,shb18s_13,first systolic reading
NFHS-5 Household,shb18s_14,first systolic reading
NFHS-5 Household,shb18s_15,first systolic reading
NFHS-5 Household,shb18s_16,first systolic reading
NFHS-5 Household,shb18s_17,first systolic reading
NFHS-5 Household,shb18s_18,first systolic reading
NFHS-5 Household,shb18s_19,first systolic reading
NFHS-5 Household,shb18s_20,first systolic reading
NFHS-5 Household,shb18s_21,first systolic reading
NFHS-5 Household,shb18s_22,first systolic reading
NFHS-5 Household,shb18s_23,first systolic reading
NFHS-5 Household,shb18s_24,first systolic reading
NFHS-5 Household,shb18s_25,first systolic reading
NFHS-5 Household,shb18s_26,first systolic reading
NFHS-5 Household,shb18s_27,first systolic reading
NFHS-5 Household,shb18s_28,first systolic reading
NFHS-5 Household,shb18s_29,first systolic reading
NFHS-5 Household,shb18s_30,first systolic reading
NFHS-5 Household,shb18s_31,first systolic reading
NFHS-5 Household,shb18s_32,first systolic reading
NFHS-5 Household,shb18s_33,first systolic reading
NFHS-5 Household,shb18s_34,first systolic reading
NFHS-5 Household,shb18s_35,first systolic reading
NFHS-5 Household,shb18d_01,first diastolic reading
NFHS-5 Household,shb18d_02,first diastolic reading
NFHS-5 Household,shb18d_03,first diastolic reading
NFHS-5 Household,shb18d_04,first diastolic reading
NFHS-5 Household,shb18d_05,first diastolic reading
NFHS-5 Household,shb18d_06,first diastolic reading
NFHS-5 Household,shb18d_07,first diastolic reading
NFHS-5 Household,shb18d_08,first diastolic reading
NFHS-5 Household,shb18d_09,first diastolic reading
NFHS-5 Household,shb18d_10,first diastolic reading
NFHS-5 Household,shb18d_11,first diastolic reading
NFHS-5 Household,shb18d_12,first diastolic reading
NFHS-5 Household,shb18d_13,first diastolic reading
NFHS-5 Household,shb18d_14,first diastolic reading
NFHS-5 Household,shb18d_15,first diastolic reading
NFHS-5 Household,shb18d_16,first diastolic reading
NFHS-5 Household,shb18d_17,first diastolic reading
NFHS-5 Household,shb18d_18,first diastolic reading
NFHS-5 Household,shb18d_19,first diastolic reading
NFHS-5 Household,shb18d_20,first diastolic reading
NFHS-5 Household,shb18d_21,first diastolic reading
NFHS-5 Household,shb18d_22,first diastolic reading
NFHS-5 Household,shb18d_23,first diastolic reading
NFHS-5 Household,shb18d_24,first diastolic reading
NFHS-5 Household,shb18d_25,first diastolic reading
NFHS-5 Household,shb18d_26,first diastolic reading
NFHS-5 Household,shb18d_27,first diastolic reading
NFHS-5 Household,shb18d_28,first diastolic reading
NFHS-5 Household,shb18d_29,first diastolic reading
NFHS-5 Household,shb18d_30,first diastolic reading
NFHS-5 Household,shb18d_31,first diastolic reading
NFHS-5 Household,shb18d_32,first diastolic reading
NFHS-5 Household,shb18d_33,first diastolic reading
NFHS-5 Household,shb18d_34,first diastolic reading
NFHS-5 Household,shb18d_35,first diastolic reading
NFHS-5 Household,shb19_01,blood pressure ever been checked previously
NFHS-5 Household,shb19_02,blood pressure ever been checked previously
NFHS-5 Household,shb19_03,blood pressure ever been checked previously
NFHS-5 Household,shb19_04,blood pressure ever been checked previously
NFHS-5 Household,shb19_05,blood pressure ever been checked previously
NFHS-5 Household,shb19_06,blood pressure ever been checked previously
NFHS-5 Household,shb19_07,blood pressure ever been checked previously
NFHS-5 Household,shb19_08,blood pressure ever been checked previously
NFHS-5 Household,shb19_09,blood pressure ever been checked previously
NFHS-5 Household,shb19_10,blood pressure ever been checked previously
NFHS-5 Household,shb19_11,blood pressure ever been checked previously
NFHS-5 Household,shb19_12,blood pressure ever been checked previously
NFHS-5 Household,shb19_13,blood pressure ever been checked previously
NFHS-5 Household,shb19_14,blood pressure ever been checked previously
NFHS-5 Household,shb19_15,blood pressure ever been checked previously
NFHS-5 Household,shb19_16,blood pressure ever been checked previously
NFHS-5 Household,shb19_17,blood pressure ever been checked previously
NFHS-5 Household,shb19_18,blood pressure ever been checked previously
NFHS-5 Household,shb19_19,blood pressure ever been checked previously
NFHS-5 Household,shb19_20,blood pressure ever been checked previously
NFHS-5 Household,shb19_21,blood pressure ever been checked previously
NFHS-5 Household,shb19_22,blood pressure ever been checked previously
NFHS-5 Household,shb19_23,blood pressure ever been checked previously
NFHS-5 Household,shb19_24,blood pressure ever been checked previously
NFHS-5 Household,shb19_25,blood pressure ever been checked previously
NFHS-5 Household,shb19_26,blood pressure ever been checked previously
NFHS-5 Household,shb19_27,blood pressure ever been checked previously
NFHS-5 Household,shb19_28,blood pressure ever been checked previously
NFHS-5 Household,shb19_29,blood pressure ever been checked previously
NFHS-5 Household,shb19_30,blood pressure ever been checked previously
NFHS-5 Household,shb19_31,blood pressure ever been checked previously
NFHS-5 Household,shb19_32,blood pressure ever been checked previously
NFHS-5 Household,shb19_33,blood pressure ever been checked previously
NFHS-5 Household,shb19_34,blood pressure ever been checked previously
NFHS-5 Household,shb19_35,blood pressure ever been checked previously
NFHS-5 Household,shb20_01,told had high bp on two or more occasions by doctor or other health professional
NFHS-5 Household,shb20_02,told had high bp on two or more occasions by doctor or other health professional
NFHS-5 Household,shb20_03,told had high bp on two or more occasions by doctor or other health professional
NFHS-5 Household,shb20_04,told had high bp on two or more occasions by doctor or other health professional
NFHS-5 Household,shb20_05,told had high bp on two or more occasions by doctor or other health professional
NFHS-5 Household,shb20_06,told had high bp on two or more occasions by doctor or other health professional
NFHS-5 Household,shb20_07,told had high bp on two or more occasions by doctor or other health professional
NFHS-5 Household,shb20_08,told had high bp on two or more occasions by doctor or other health professional
NFHS-5 Household,shb20_09,told had high bp on two or more occasions by doctor or other health professional
NFHS-5 Household,shb20_10,told had high bp on two or more occasions by doctor or other health professional
NFHS-5 Household,shb20_11,told had high bp on two or more occasions by doctor or other health professional
NFHS-5 Household,shb20_12,told had high bp on two or more occasions by doctor or other health professional
NFHS-5 Household,shb20_13,told had high bp on two or more occasions by doctor or other health professional
NFHS-5 Household,shb20_14,told had high bp on two or more occasions by doctor or other health professional
NFHS-5 Household,shb20_15,told had high bp on two or more occasions by doctor or other health professional
NFHS-5 Household,shb20_16,told had high bp on two or more occasions by doctor or other health professional
NFHS-5 Household,shb20_17,told had high bp on two or more occasions by doctor or other health professional
NFHS-5 Household,shb20_18,told had high bp on two or more occasions by doctor or other health professional
NFHS-5 Household,shb20_19,told had high bp on two or more occasions by doctor or other health professional
NFHS-5 Household,shb20_20,told had high bp on two or more occasions by doctor or other health professional
NFHS-5 Household,shb20_21,told had high bp on two or more occasions by doctor or other health professional
NFHS-5 Household,shb20_22,told had high bp on two or more occasions by doctor or other health professional
NFHS-5 Household,shb20_23,told had high bp on two or more occasions by doctor or other health professional
NFHS-5 Household,shb20_24,told had high bp on two or more occasions by doctor or other health professional
NFHS-5 Household,shb20_25,told had high bp on two or more occasions by doctor or other health professional
NFHS-5 Household,shb20_26,told had high bp on two or more occasions by doctor or other health professional
NFHS-5 Household,shb20_27,told had high bp on two or more occasions by doctor or other health professional
NFHS-5 Household,shb20_28,told had high bp on two or more occasions by doctor or other health professional
NFHS-5 Household,shb20_29,told had high bp on two or more occasions by doctor or other health professional
NFHS-5 Household,shb20_30,told had high bp on two or more occasions by doctor or other health professional
NFHS-5 Household,shb20_31,told had high bp on two or more occasions by doctor or other health professional
NFHS-5 Household,shb20_32,told had high bp on two or more occasions by doctor or other health professional
NFHS-5 Household,shb20_33,told had high bp on two or more occasions by doctor or other health professional
NFHS-5 Household,shb20_34,told had high bp on two or more occasions by doctor or other health professional
NFHS-5 Household,shb20_35,told had high bp on two or more occasions by doctor or other health professional
NFHS-5 Household,shb21_01,currently taking a prescribed medicine to lower bp
NFHS-5 Household,shb21_02,currently taking a prescribed medicine to lower bp
NFHS-5 Household,shb21_03,currently taking a prescribed medicine to lower bp
NFHS-5 Household,shb21_04,currently taking a prescribed medicine to lower bp
NFHS-5 Household,shb21_05,currently taking a prescribed medicine to lower bp
NFHS-5 Household,shb21_06,currently taking a prescribed medicine to lower bp
NFHS-5 Household,shb21_07,currently taking a prescribed medicine to lower bp
NFHS-5 Household,shb21_08,currently taking a prescribed medicine to lower bp
NFHS-5 Household,shb21_09,currently taking a prescribed medicine to lower bp
NFHS-5 Household,shb21_10,currently taking a prescribed medicine to lower bp
NFHS-5 Household,shb21_11,currently taking a prescribed medicine to lower bp
NFHS-5 Household,shb21_12,currently taking a prescribed medicine to lower bp
NFHS-5 Household,shb21_13,currently taking a prescribed medicine to lower bp
NFHS-5 Household,shb21_14,currently taking a prescribed medicine to lower bp
NFHS-5 Household,shb21_15,currently taking a prescribed medicine to lower bp
NFHS-5 Household,shb21_16,currently taking a prescribed medicine to lower bp
NFHS-5 Household,shb21_17,currently taking a prescribed medicine to lower bp
NFHS-5 Household,shb21_18,currently taking a prescribed medicine to lower bp
NFHS-5 Household,shb21_19,currently taking a prescribed medicine to lower bp
NFHS-5 Household,shb21_20,currently taking a prescribed medicine to lower bp
NFHS-5 Household,shb21_21,currently taking a prescribed medicine to lower bp
NFHS-5 Household,shb21_22,currently taking a prescribed medicine to lower bp
NFHS-5 Household,shb21_23,currently taking a prescribed medicine to lower bp
NFHS-5 Household,shb21_24,currently taking a prescribed medicine to lower bp
NFHS-5 Household,shb21_25,currently taking a prescribed medicine to lower bp
NFHS-5 Household,shb21_26,currently taking a prescribed medicine to lower bp
NFHS-5 Household,shb21_27,currently taking a prescribed medicine to lower bp
NFHS-5 Household,shb21_28,currently taking a prescribed medicine to lower bp
NFHS-5 Household,shb21_29,currently taking a prescribed medicine to lower bp
NFHS-5 Household,shb21_30,currently taking a prescribed medicine to lower bp
NFHS-5 Household,shb21_31,currently taking a prescribed medicine to lower bp
NFHS-5 Household,shb21_32,currently taking a prescribed medicine to lower bp
NFHS-5 Household,shb21_33,currently taking a prescribed medicine to lower bp
NFHS-5 Household,shb21_34,currently taking a prescribed medicine to lower bp
NFHS-5 Household,shb21_35,currently taking a prescribed medicine to lower bp
NFHS-5 Household,shb24_01,time of second bp reading: (hhmm - 24 hour clock)
NFHS-5 Household,shb24_02,time of second bp reading: (hhmm - 24 hour clock)
NFHS-5 Household,shb24_03,time of second bp reading: (hhmm - 24 hour clock)
NFHS-5 Household,shb24_04,time of second bp reading: (hhmm - 24 hour clock)
NFHS-5 Household,shb24_05,time of second bp reading: (hhmm - 24 hour clock)
NFHS-5 Household,shb24_06,time of second bp reading: (hhmm - 24 hour clock)
NFHS-5 Household,shb24_07,time of second bp reading: (hhmm - 24 hour clock)
NFHS-5 Household,shb24_08,time of second bp reading: (hhmm - 24 hour clock)
NFHS-5 Household,shb24_09,time of second bp reading: (hhmm - 24 hour clock)
NFHS-5 Household,shb24_10,time of second bp reading: (hhmm - 24 hour clock)
NFHS-5 Household,shb24_11,time of second bp reading: (hhmm - 24 hour clock)
NFHS-5 Household,shb24_12,time of second bp reading: (hhmm - 24 hour clock)
NFHS-5 Household,shb24_13,time of second bp reading: (hhmm - 24 hour clock)
NFHS-5 Household,shb24_14,time of second bp reading: (hhmm - 24 hour clock)
NFHS-5 Household,shb24_15,time of second bp reading: (hhmm - 24 hour clock)
NFHS-5 Household,shb24_16,time of second bp reading: (hhmm - 24 hour clock)
NFHS-5 Household,shb24_17,time of second bp reading: (hhmm - 24 hour clock)
NFHS-5 Household,shb24_18,time of second bp reading: (hhmm - 24 hour clock)
NFHS-5 Household,shb24_19,time of second bp reading: (hhmm - 24 hour clock)
NFHS-5 Household,shb24_20,time of second bp reading: (hhmm - 24 hour clock)
NFHS-5 Household,shb24_21,time of second bp reading: (hhmm - 24 hour clock)
NFHS-5 Household,shb24_22,time of second bp reading: (hhmm - 24 hour clock)
NFHS-5 Household,shb24_23,time of second bp reading: (hhmm - 24 hour clock)
NFHS-5 Household,shb24_24,time of second bp reading: (hhmm - 24 hour clock)
NFHS-5 Household,shb24_25,time of second bp reading: (hhmm - 24 hour clock)
NFHS-5 Household,shb24_26,time of second bp reading: (hhmm - 24 hour clock)
NFHS-5 Household,shb24_27,time of second bp reading: (hhmm - 24 hour clock)
NFHS-5 Household,shb24_28,time of second bp reading: (hhmm - 24 hour clock)
NFHS-5 Household,shb24_29,time of second bp reading: (hhmm - 24 hour clock)
NFHS-5 Household,shb24_30,time of second bp reading: (hhmm - 24 hour clock)
NFHS-5 Household,shb24_31,time of second bp reading: (hhmm - 24 hour clock)
NFHS-5 Household,shb24_32,time of second bp reading: (hhmm - 24 hour clock)
NFHS-5 Household,shb24_33,time of second bp reading: (hhmm - 24 hour clock)
NFHS-5 Household,shb24_34,time of second bp reading: (hhmm - 24 hour clock)
NFHS-5 Household,shb24_35,time of second bp reading: (hhmm - 24 hour clock)
NFHS-5 Household,shb25s_01,second systolic reading
NFHS-5 Household,shb25s_02,second systolic reading
NFHS-5 Household,shb25s_03,second systolic reading
NFHS-5 Household,shb25s_04,second systolic reading
NFHS-5 Household,shb25s_05,second systolic reading
NFHS-5 Household,shb25s_06,second systolic reading
NFHS-5 Household,shb25s_07,second systolic reading
NFHS-5 Household,shb25s_08,second systolic reading
NFHS-5 Household,shb25s_09,second systolic reading
NFHS-5 Household,shb25s_10,second systolic reading
NFHS-5 Household,shb25s_11,second systolic reading
NFHS-5 Household,shb25s_12,second systolic reading
NFHS-5 Household,shb25s_13,second systolic reading
NFHS-5 Household,shb25s_14,second systolic reading
NFHS-5 Household,shb25s_15,second systolic reading
NFHS-5 Household,shb25s_16,second systolic reading
NFHS-5 Household,shb25s_17,second systolic reading
NFHS-5 Household,shb25s_18,second systolic reading
NFHS-5 Household,shb25s_19,second systolic reading
NFHS-5 Household,shb25s_20,second systolic reading
NFHS-5 Household,shb25s_21,second systolic reading
NFHS-5 Household,shb25s_22,second systolic reading
NFHS-5 Household,shb25s_23,second systolic reading
NFHS-5 Household,shb25s_24,second systolic reading
NFHS-5 Household,shb25s_25,second systolic reading
NFHS-5 Household,shb25s_26,second systolic reading
NFHS-5 Household,shb25s_27,second systolic reading
NFHS-5 Household,shb25s_28,second systolic reading
NFHS-5 Household,shb25s_29,second systolic reading
NFHS-5 Household,shb25s_30,second systolic reading
NFHS-5 Household,shb25s_31,second systolic reading
NFHS-5 Household,shb25s_32,second systolic reading
NFHS-5 Household,shb25s_33,second systolic reading
NFHS-5 Household,shb25s_34,second systolic reading
NFHS-5 Household,shb25s_35,second systolic reading
NFHS-5 Household,shb25d_01,second diastolic reading
NFHS-5 Household,shb25d_02,second diastolic reading
NFHS-5 Household,shb25d_03,second diastolic reading
NFHS-5 Household,shb25d_04,second diastolic reading
NFHS-5 Household,shb25d_05,second diastolic reading
NFHS-5 Household,shb25d_06,second diastolic reading
NFHS-5 Household,shb25d_07,second diastolic reading
NFHS-5 Household,shb25d_08,second diastolic reading
NFHS-5 Household,shb25d_09,second diastolic reading
NFHS-5 Household,shb25d_10,second diastolic reading
NFHS-5 Household,shb25d_11,second diastolic reading
NFHS-5 Household,shb25d_12,second diastolic reading
NFHS-5 Household,shb25d_13,second diastolic reading
NFHS-5 Household,shb25d_14,second diastolic reading
NFHS-5 Household,shb25d_15,second diastolic reading
NFHS-5 Household,shb25d_16,second diastolic reading
NFHS-5 Household,shb25d_17,second diastolic reading
NFHS-5 Household,shb25d_18,second diastolic reading
NFHS-5 Household,shb25d_19,second diastolic reading
NFHS-5 Household,shb25d_20,second diastolic reading
NFHS-5 Household,shb25d_21,second diastolic reading
NFHS-5 Household,shb25d_22,second diastolic reading
NFHS-5 Household,shb25d_23,second diastolic reading
NFHS-5 Household,shb25d_24,second diastolic reading
NFHS-5 Household,shb25d_25,second diastolic reading
NFHS-5 Household,shb25d_26,second diastolic reading
NFHS-5 Household,shb25d_27,second diastolic reading
NFHS-5 Household,shb25d_28,second diastolic reading
NFHS-5 Household,shb25d_29,second diastolic reading
NFHS-5 Household,shb25d_30,second diastolic reading
NFHS-5 Household,shb25d_31,second diastolic reading
NFHS-5 Household,shb25d_32,second diastolic reading
NFHS-5 Household,shb25d_33,second diastolic reading
NFHS-5 Household,shb25d_34,second diastolic reading
NFHS-5 Household,shb25d_35,second diastolic reading
NFHS-5 Household,shb28_01,time of third bp reading: (hhmm - 24 hour clock)
NFHS-5 Household,shb28_02,time of third bp reading: (hhmm - 24 hour clock)
NFHS-5 Household,shb28_03,time of third bp reading: (hhmm - 24 hour clock)
NFHS-5 Household,shb28_04,time of third bp reading: (hhmm - 24 hour clock)
NFHS-5 Household,shb28_05,time of third bp reading: (hhmm - 24 hour clock)
NFHS-5 Household,shb28_06,time of third bp reading: (hhmm - 24 hour clock)
NFHS-5 Household,shb28_07,time of third bp reading: (hhmm - 24 hour clock)
NFHS-5 Household,shb28_08,time of third bp reading: (hhmm - 24 hour clock)
NFHS-5 Household,shb28_09,time of third bp reading: (hhmm - 24 hour clock)
NFHS-5 Household,shb28_10,time of third bp reading: (hhmm - 24 hour clock)
NFHS-5 Household,shb28_11,time of third bp reading: (hhmm - 24 hour clock)
NFHS-5 Household,shb28_12,time of third bp reading: (hhmm - 24 hour clock)
NFHS-5 Household,shb28_13,time of third bp reading: (hhmm - 24 hour clock)
NFHS-5 Household,shb28_14,time of third bp reading: (hhmm - 24 hour clock)
NFHS-5 Household,shb28_15,time of third bp reading: (hhmm - 24 hour clock)
NFHS-5 Household,shb28_16,time of third bp reading: (hhmm - 24 hour clock)
NFHS-5 Household,shb28_17,time of third bp reading: (hhmm - 24 hour clock)
NFHS-5 Household,shb28_18,time of third bp reading: (hhmm - 24 hour clock)
NFHS-5 Household,shb28_19,time of third bp reading: (hhmm - 24 hour clock)
NFHS-5 Household,shb28_20,time of third bp reading: (hhmm - 24 hour clock)
NFHS-5 Household,shb28_21,time of third bp reading: (hhmm - 24 hour clock)
NFHS-5 Household,shb28_22,time of third bp reading: (hhmm - 24 hour clock)
NFHS-5 Household,shb28_23,time of third bp reading: (hhmm - 24 hour clock)
NFHS-5 Household,shb28_24,time of third bp reading: (hhmm - 24 hour clock)
NFHS-5 Household,shb28_25,time of third bp reading: (hhmm - 24 hour clock)
NFHS-5 Household,shb28_26,time of third bp reading: (hhmm - 24 hour clock)
NFHS-5 Household,shb28_27,time of third bp reading: (hhmm - 24 hour clock)
NFHS-5 Household,shb28_28,time of third bp reading: (hhmm - 24 hour clock)
NFHS-5 Household,shb28_29,time of third bp reading: (hhmm - 24 hour clock)
NFHS-5 Household,shb28_30,time of third bp reading: (hhmm - 24 hour clock)
NFHS-5 Household,shb28_31,time of third bp reading: (hhmm - 24 hour clock)
NFHS-5 Household,shb28_32,time of third bp reading: (hhmm - 24 hour clock)
NFHS-5 Household,shb28_33,time of third bp reading: (hhmm - 24 hour clock)
NFHS-5 Household,shb28_34,time of third bp reading: (hhmm - 24 hour clock)
NFHS-5 Household,shb28_35,time of third bp reading: (hhmm - 24 hour clock)
NFHS-5 Household,shb29s_01,third systolic reading
NFHS-5 Household,shb29s_02,third systolic reading
NFHS-5 Household,shb29s_03,third systolic reading
NFHS-5 Household,shb29s_04,third systolic reading
NFHS-5 Household,shb29s_05,third systolic reading
NFHS-5 Household,shb29s_06,third systolic reading
NFHS-5 Household,shb29s_07,third systolic reading
NFHS-5 Household,shb29s_08,third systolic reading
NFHS-5 Household,shb29s_09,third systolic reading
NFHS-5 Household,shb29s_10,third systolic reading
NFHS-5 Household,shb29s_11,third systolic reading
NFHS-5 Household,shb29s_12,third systolic reading
NFHS-5 Household,shb29s_13,third systolic reading
NFHS-5 Household,shb29s_14,third systolic reading
NFHS-5 Household,shb29s_15,third systolic reading
NFHS-5 Household,shb29s_16,third systolic reading
NFHS-5 Household,shb29s_17,third systolic reading
NFHS-5 Household,shb29s_18,third systolic reading
NFHS-5 Household,shb29s_19,third systolic reading
NFHS-5 Household,shb29s_20,third systolic reading
NFHS-5 Household,shb29s_21,third systolic reading
NFHS-5 Household,shb29s_22,third systolic reading
NFHS-5 Household,shb29s_23,third systolic reading
NFHS-5 Household,shb29s_24,third systolic reading
NFHS-5 Household,shb29s_25,third systolic reading
NFHS-5 Household,shb29s_26,third systolic reading
NFHS-5 Household,shb29s_27,third systolic reading
NFHS-5 Household,shb29s_28,third systolic reading
NFHS-5 Household,shb29s_29,third systolic reading
NFHS-5 Household,shb29s_30,third systolic reading
NFHS-5 Household,shb29s_31,third systolic reading
NFHS-5 Household,shb29s_32,third systolic reading
NFHS-5 Household,shb29s_33,third systolic reading
NFHS-5 Household,shb29s_34,third systolic reading
NFHS-5 Household,shb29s_35,third systolic reading
NFHS-5 Household,shb29d_01,third diastolic reading
NFHS-5 Household,shb29d_02,third diastolic reading
NFHS-5 Household,shb29d_03,third diastolic reading
NFHS-5 Household,shb29d_04,third diastolic reading
NFHS-5 Household,shb29d_05,third diastolic reading
NFHS-5 Household,shb29d_06,third diastolic reading
NFHS-5 Household,shb29d_07,third diastolic reading
NFHS-5 Household,shb29d_08,third diastolic reading
NFHS-5 Household,shb29d_09,third diastolic reading
NFHS-5 Household,shb29d_10,third diastolic reading
NFHS-5 Household,shb29d_11,third diastolic reading
NFHS-5 Household,shb29d_12,third diastolic reading
NFHS-5 Household,shb29d_13,third diastolic reading
NFHS-5 Household,shb29d_14,third diastolic reading
NFHS-5 Household,shb29d_15,third diastolic reading
NFHS-5 Household,shb29d_16,third diastolic reading
NFHS-5 Household,shb29d_17,third diastolic reading
NFHS-5 Household,shb29d_18,third diastolic reading
NFHS-5 Household,shb29d_19,third diastolic reading
NFHS-5 Household,shb29d_20,third diastolic reading
NFHS-5 Household,shb29d_21,third diastolic reading
NFHS-5 Household,shb29d_22,third diastolic reading
NFHS-5 Household,shb29d_23,third diastolic reading
NFHS-5 Household,shb29d_24,third diastolic reading
NFHS-5 Household,shb29d_25,third diastolic reading
NFHS-5 Household,shb29d_26,third diastolic reading
NFHS-5 Household,shb29d_27,third diastolic reading
NFHS-5 Household,shb29d_28,third diastolic reading
NFHS-5 Household,shb29d_29,third diastolic reading
NFHS-5 Household,shb29d_30,third diastolic reading
NFHS-5 Household,shb29d_31,third diastolic reading
NFHS-5 Household,shb29d_32,third diastolic reading
NFHS-5 Household,shb29d_33,third diastolic reading
NFHS-5 Household,shb29d_34,third diastolic reading
NFHS-5 Household,shb29d_35,third diastolic reading
NFHS-5 Household,shb53_01,time since last ate
NFHS-5 Household,shb53_02,time since last ate
NFHS-5 Household,shb53_03,time since last ate
NFHS-5 Household,shb53_04,time since last ate
NFHS-5 Household,shb53_05,time since last ate
NFHS-5 Household,shb53_06,time since last ate
NFHS-5 Household,shb53_07,time since last ate
NFHS-5 Household,shb53_08,time since last ate
NFHS-5 Household,shb53_09,time since last ate
NFHS-5 Household,shb53_10,time since last ate
NFHS-5 Household,shb53_11,time since last ate
NFHS-5 Household,shb53_12,time since last ate
NFHS-5 Household,shb53_13,time since last ate
NFHS-5 Household,shb53_14,time since last ate
NFHS-5 Household,shb53_15,time since last ate
NFHS-5 Household,shb53_16,time since last ate
NFHS-5 Household,shb53_17,time since last ate
NFHS-5 Household,shb53_18,time since last ate
NFHS-5 Household,shb53_19,time since last ate
NFHS-5 Household,shb53_20,time since last ate
NFHS-5 Household,shb53_21,time since last ate
NFHS-5 Household,shb53_22,time since last ate
NFHS-5 Household,shb53_23,time since last ate
NFHS-5 Household,shb53_24,time since last ate
NFHS-5 Household,shb53_25,time since last ate
NFHS-5 Household,shb53_26,time since last ate
NFHS-5 Household,shb53_27,time since last ate
NFHS-5 Household,shb53_28,time since last ate
NFHS-5 Household,shb53_29,time since last ate
NFHS-5 Household,shb53_30,time since last ate
NFHS-5 Household,shb53_31,time since last ate
NFHS-5 Household,shb53_32,time since last ate
NFHS-5 Household,shb53_33,time since last ate
NFHS-5 Household,shb53_34,time since last ate
NFHS-5 Household,shb53_35,time since last ate
NFHS-5 Household,shb54_01,"time since last drank, something other than plain water"
NFHS-5 Household,shb54_02,"time since last drank, something other than plain water"
NFHS-5 Household,shb54_03,"time since last drank, something other than plain water"
NFHS-5 Household,shb54_04,"time since last drank, something other than plain water"
NFHS-5 Household,shb54_05,"time since last drank, something other than plain water"
NFHS-5 Household,shb54_06,"time since last drank, something other than plain water"
NFHS-5 Household,shb54_07,"time since last drank, something other than plain water"
NFHS-5 Household,shb54_08,"time since last drank, something other than plain water"
NFHS-5 Household,shb54_09,"time since last drank, something other than plain water"
NFHS-5 Household,shb54_10,"time since last drank, something other than plain water"
NFHS-5 Household,shb54_11,"time since last drank, something other than plain water"
NFHS-5 Household,shb54_12,"time since last drank, something other than plain water"
NFHS-5 Household,shb54_13,"time since last drank, something other than plain water"
NFHS-5 Household,shb54_14,"time since last drank, something other than plain water"
NFHS-5 Household,shb54_15,"time since last drank, something other than plain water"
NFHS-5 Household,shb54_16,"time since last drank, something other than plain water"
NFHS-5 Household,shb54_17,"time since last drank, something other than plain water"
NFHS-5 Household,shb54_18,"time since last drank, something other than plain water"
NFHS-5 Household,shb54_19,"time since last drank, something other than plain water"
NFHS-5 Household,shb54_20,"time since last drank, something other than plain water"
NFHS-5 Household,shb54_21,"time since last drank, something other than plain water"
NFHS-5 Household,shb54_22,"time since last drank, something other than plain water"
NFHS-5 Household,shb54_23,"time since last drank, something other than plain water"
NFHS-5 Household,shb54_24,"time since last drank, something other than plain water"
NFHS-5 Household,shb54_25,"time since last drank, something other than plain water"
NFHS-5 Household,shb54_26,"time since last drank, something other than plain water"
NFHS-5 Household,shb54_27,"time since last drank, something other than plain water"
NFHS-5 Household,shb54_28,"time since last drank, something other than plain water"
NFHS-5 Household,shb54_29,"time since last drank, something other than plain water"
NFHS-5 Household,shb54_30,"time since last drank, something other than plain water"
NFHS-5 Household,shb54_31,"time since last drank, something other than plain water"
NFHS-5 Household,shb54_32,"time since last drank, something other than plain water"
NFHS-5 Household,shb54_33,"time since last drank, something other than plain water"
NFHS-5 Household,shb54_34,"time since last drank, something other than plain water"
NFHS-5 Household,shb54_35,"time since last drank, something other than plain water"
NFHS-5 Household,shb55_01,blood glucose ever been checked
NFHS-5 Household,shb55_02,blood glucose ever been checked
NFHS-5 Household,shb55_03,blood glucose ever been checked
NFHS-5 Household,shb55_04,blood glucose ever been checked
NFHS-5 Household,shb55_05,blood glucose ever been checked
NFHS-5 Household,shb55_06,blood glucose ever been checked
NFHS-5 Household,shb55_07,blood glucose ever been checked
NFHS-5 Household,shb55_08,blood glucose ever been checked
NFHS-5 Household,shb55_09,blood glucose ever been checked
NFHS-5 Household,shb55_10,blood glucose ever been checked
NFHS-5 Household,shb55_11,blood glucose ever been checked
NFHS-5 Household,shb55_12,blood glucose ever been checked
NFHS-5 Household,shb55_13,blood glucose ever been checked
NFHS-5 Household,shb55_14,blood glucose ever been checked
NFHS-5 Household,shb55_15,blood glucose ever been checked
NFHS-5 Household,shb55_16,blood glucose ever been checked
NFHS-5 Household,shb55_17,blood glucose ever been checked
NFHS-5 Household,shb55_18,blood glucose ever been checked
NFHS-5 Household,shb55_19,blood glucose ever been checked
NFHS-5 Household,shb55_20,blood glucose ever been checked
NFHS-5 Household,shb55_21,blood glucose ever been checked
NFHS-5 Household,shb55_22,blood glucose ever been checked
NFHS-5 Household,shb55_23,blood glucose ever been checked
NFHS-5 Household,shb55_24,blood glucose ever been checked
NFHS-5 Household,shb55_25,blood glucose ever been checked
NFHS-5 Household,shb55_26,blood glucose ever been checked
NFHS-5 Household,shb55_27,blood glucose ever been checked
NFHS-5 Household,shb55_28,blood glucose ever been checked
NFHS-5 Household,shb55_29,blood glucose ever been checked
NFHS-5 Household,shb55_30,blood glucose ever been checked
NFHS-5 Household,shb55_31,blood glucose ever been checked
NFHS-5 Household,shb55_32,blood glucose ever been checked
NFHS-5 Household,shb55_33,blood glucose ever been checked
NFHS-5 Household,shb55_34,blood glucose ever been checked
NFHS-5 Household,shb55_35,blood glucose ever been checked
NFHS-5 Household,shb56_01,told high blood glucose on two or more occations by doctor or other health profe
NFHS-5 Household,shb56_02,told high blood glucose on two or more occations by doctor or other health profe
NFHS-5 Household,shb56_03,told high blood glucose on two or more occations by doctor or other health profe
NFHS-5 Household,shb56_04,told high blood glucose on two or more occations by doctor or other health profe
NFHS-5 Household,shb56_05,told high blood glucose on two or more occations by doctor or other health profe
NFHS-5 Household,shb56_06,told high blood glucose on two or more occations by doctor or other health profe
NFHS-5 Household,shb56_07,told high blood glucose on two or more occations by doctor or other health profe
NFHS-5 Household,shb56_08,told high blood glucose on two or more occations by doctor or other health profe
NFHS-5 Household,shb56_09,told high blood glucose on two or more occations by doctor or other health profe
NFHS-5 Household,shb56_10,told high blood glucose on two or more occations by doctor or other health profe
NFHS-5 Household,shb56_11,told high blood glucose on two or more occations by doctor or other health profe
NFHS-5 Household,shb56_12,told high blood glucose on two or more occations by doctor or other health profe
NFHS-5 Household,shb56_13,told high blood glucose on two or more occations by doctor or other health profe
NFHS-5 Household,shb56_14,told high blood glucose on two or more occations by doctor or other health profe
NFHS-5 Household,shb56_15,told high blood glucose on two or more occations by doctor or other health profe
NFHS-5 Household,shb56_16,told high blood glucose on two or more occations by doctor or other health profe
NFHS-5 Household,shb56_17,told high blood glucose on two or more occations by doctor or other health profe
NFHS-5 Household,shb56_18,told high blood glucose on two or more occations by doctor or other health profe
NFHS-5 Household,shb56_19,told high blood glucose on two or more occations by doctor or other health profe
NFHS-5 Household,shb56_20,told high blood glucose on two or more occations by doctor or other health profe
NFHS-5 Household,shb56_21,told high blood glucose on two or more occations by doctor or other health profe
NFHS-5 Household,shb56_22,told high blood glucose on two or more occations by doctor or other health profe
NFHS-5 Household,shb56_23,told high blood glucose on two or more occations by doctor or other health profe
NFHS-5 Household,shb56_24,told high blood glucose on two or more occations by doctor or other health profe
NFHS-5 Household,shb56_25,told high blood glucose on two or more occations by doctor or other health profe
NFHS-5 Household,shb56_26,told high blood glucose on two or more occations by doctor or other health profe
NFHS-5 Household,shb56_27,told high blood glucose on two or more occations by doctor or other health profe
NFHS-5 Household,shb56_28,told high blood glucose on two or more occations by doctor or other health profe
NFHS-5 Household,shb56_29,told high blood glucose on two or more occations by doctor or other health profe
NFHS-5 Household,shb56_30,told high blood glucose on two or more occations by doctor or other health profe
NFHS-5 Household,shb56_31,told high blood glucose on two or more occations by doctor or other health profe
NFHS-5 Household,shb56_32,told high blood glucose on two or more occations by doctor or other health profe
NFHS-5 Household,shb56_33,told high blood glucose on two or more occations by doctor or other health profe
NFHS-5 Household,shb56_34,told high blood glucose on two or more occations by doctor or other health profe
NFHS-5 Household,shb56_35,told high blood glucose on two or more occations by doctor or other health profe
NFHS-5 Household,shb57_01,currently taking a prescribed medicine to lower blood glucose
NFHS-5 Household,shb57_02,currently taking a prescribed medicine to lower blood glucose
NFHS-5 Household,shb57_03,currently taking a prescribed medicine to lower blood glucose
NFHS-5 Household,shb57_04,currently taking a prescribed medicine to lower blood glucose
NFHS-5 Household,shb57_05,currently taking a prescribed medicine to lower blood glucose
NFHS-5 Household,shb57_06,currently taking a prescribed medicine to lower blood glucose
NFHS-5 Household,shb57_07,currently taking a prescribed medicine to lower blood glucose
NFHS-5 Household,shb57_08,currently taking a prescribed medicine to lower blood glucose
NFHS-5 Household,shb57_09,currently taking a prescribed medicine to lower blood glucose
NFHS-5 Household,shb57_10,currently taking a prescribed medicine to lower blood glucose
NFHS-5 Household,shb57_11,currently taking a prescribed medicine to lower blood glucose
NFHS-5 Household,shb57_12,currently taking a prescribed medicine to lower blood glucose
NFHS-5 Household,shb57_13,currently taking a prescribed medicine to lower blood glucose
NFHS-5 Household,shb57_14,currently taking a prescribed medicine to lower blood glucose
NFHS-5 Household,shb57_15,currently taking a prescribed medicine to lower blood glucose
NFHS-5 Household,shb57_16,currently taking a prescribed medicine to lower blood glucose
NFHS-5 Household,shb57_17,currently taking a prescribed medicine to lower blood glucose
NFHS-5 Household,shb57_18,currently taking a prescribed medicine to lower blood glucose
NFHS-5 Household,shb57_19,currently taking a prescribed medicine to lower blood glucose
NFHS-5 Household,shb57_20,currently taking a prescribed medicine to lower blood glucose
NFHS-5 Household,shb57_21,currently taking a prescribed medicine to lower blood glucose
NFHS-5 Household,shb57_22,currently taking a prescribed medicine to lower blood glucose
NFHS-5 Household,shb57_23,currently taking a prescribed medicine to lower blood glucose
NFHS-5 Household,shb57_24,currently taking a prescribed medicine to lower blood glucose
NFHS-5 Household,shb57_25,currently taking a prescribed medicine to lower blood glucose
NFHS-5 Household,shb57_26,currently taking a prescribed medicine to lower blood glucose
NFHS-5 Household,shb57_27,currently taking a prescribed medicine to lower blood glucose
NFHS-5 Household,shb57_28,currently taking a prescribed medicine to lower blood glucose
NFHS-5 Household,shb57_29,currently taking a prescribed medicine to lower blood glucose
NFHS-5 Household,shb57_30,currently taking a prescribed medicine to lower blood glucose
NFHS-5 Household,shb57_31,currently taking a prescribed medicine to lower blood glucose
NFHS-5 Household,shb57_32,currently taking a prescribed medicine to lower blood glucose
NFHS-5 Household,shb57_33,currently taking a prescribed medicine to lower blood glucose
NFHS-5 Household,shb57_34,currently taking a prescribed medicine to lower blood glucose
NFHS-5 Household,shb57_35,currently taking a prescribed medicine to lower blood glucose
NFHS-5 Household,shb73_01,time of blood glucose reading: (hhmm - 24 hour clock)
NFHS-5 Household,shb73_02,time of blood glucose reading: (hhmm - 24 hour clock)
NFHS-5 Household,shb73_03,time of blood glucose reading: (hhmm - 24 hour clock)
NFHS-5 Household,shb73_04,time of blood glucose reading: (hhmm - 24 hour clock)
NFHS-5 Household,shb73_05,time of blood glucose reading: (hhmm - 24 hour clock)
NFHS-5 Household,shb73_06,time of blood glucose reading: (hhmm - 24 hour clock)
NFHS-5 Household,shb73_07,time of blood glucose reading: (hhmm - 24 hour clock)
NFHS-5 Household,shb73_08,time of blood glucose reading: (hhmm - 24 hour clock)
NFHS-5 Household,shb73_09,time of blood glucose reading: (hhmm - 24 hour clock)
NFHS-5 Household,shb73_10,time of blood glucose reading: (hhmm - 24 hour clock)
NFHS-5 Household,shb73_11,time of blood glucose reading: (hhmm - 24 hour clock)
NFHS-5 Household,shb73_12,time of blood glucose reading: (hhmm - 24 hour clock)
NFHS-5 Household,shb73_13,time of blood glucose reading: (hhmm - 24 hour clock)
NFHS-5 Household,shb73_14,time of blood glucose reading: (hhmm - 24 hour clock)
NFHS-5 Household,shb73_15,time of blood glucose reading: (hhmm - 24 hour clock)
NFHS-5 Household,shb73_16,time of blood glucose reading: (hhmm - 24 hour clock)
NFHS-5 Household,shb73_17,time of blood glucose reading: (hhmm - 24 hour clock)
NFHS-5 Household,shb73_18,time of blood glucose reading: (hhmm - 24 hour clock)
NFHS-5 Household,shb73_19,time of blood glucose reading: (hhmm - 24 hour clock)
NFHS-5 Household,shb73_20,time of blood glucose reading: (hhmm - 24 hour clock)
NFHS-5 Household,shb73_21,time of blood glucose reading: (hhmm - 24 hour clock)
NFHS-5 Household,shb73_22,time of blood glucose reading: (hhmm - 24 hour clock)
NFHS-5 Household,shb73_23,time of blood glucose reading: (hhmm - 24 hour clock)
NFHS-5 Household,shb73_24,time of blood glucose reading: (hhmm - 24 hour clock)
NFHS-5 Household,shb73_25,time of blood glucose reading: (hhmm - 24 hour clock)
NFHS-5 Household,shb73_26,time of blood glucose reading: (hhmm - 24 hour clock)
NFHS-5 Household,shb73_27,time of blood glucose reading: (hhmm - 24 hour clock)
NFHS-5 Household,shb73_28,time of blood glucose reading: (hhmm - 24 hour clock)
NFHS-5 Household,shb73_29,time of blood glucose reading: (hhmm - 24 hour clock)
NFHS-5 Household,shb73_30,time of blood glucose reading: (hhmm - 24 hour clock)
NFHS-5 Household,shb73_31,time of blood glucose reading: (hhmm - 24 hour clock)
NFHS-5 Household,shb73_32,time of blood glucose reading: (hhmm - 24 hour clock)
NFHS-5 Household,shb73_33,time of blood glucose reading: (hhmm - 24 hour clock)
NFHS-5 Household,shb73_34,time of blood glucose reading: (hhmm - 24 hour clock)
NFHS-5 Household,shb73_35,time of blood glucose reading: (hhmm - 24 hour clock)
NFHS-5 Household,shb74_01,glucose level
NFHS-5 Household,shb74_02,glucose level
NFHS-5 Household,shb74_03,glucose level
NFHS-5 Household,shb74_04,glucose level
NFHS-5 Household,shb74_05,glucose level
NFHS-5 Household,shb74_06,glucose level
NFHS-5 Household,shb74_07,glucose level
NFHS-5 Household,shb74_08,glucose level
NFHS-5 Household,shb74_09,glucose level
NFHS-5 Household,shb74_10,glucose level
NFHS-5 Household,shb74_11,glucose level
NFHS-5 Household,shb74_12,glucose level
NFHS-5 Household,shb74_13,glucose level
NFHS-5 Household,shb74_14,glucose level
NFHS-5 Household,shb74_15,glucose level
NFHS-5 Household,shb74_16,glucose level
NFHS-5 Household,shb74_17,glucose level
NFHS-5 Household,shb74_18,glucose level
NFHS-5 Household,shb74_19,glucose level
NFHS-5 Household,shb74_20,glucose level
NFHS-5 Household,shb74_21,glucose level
NFHS-5 Household,shb74_22,glucose level
NFHS-5 Household,shb74_23,glucose level
NFHS-5 Household,shb74_24,glucose level
NFHS-5 Household,shb74_25,glucose level
NFHS-5 Household,shb74_26,glucose level
NFHS-5 Household,shb74_27,glucose level
NFHS-5 Household,shb74_28,glucose level
NFHS-5 Household,shb74_29,glucose level
NFHS-5 Household,shb74_30,glucose level
NFHS-5 Household,shb74_31,glucose level
NFHS-5 Household,shb74_32,glucose level
NFHS-5 Household,shb74_33,glucose level
NFHS-5 Household,shb74_34,glucose level
NFHS-5 Household,shb74_35,glucose level
NFHS-5 Household,shb79_01,ever undergone a screening test for cervical cancer
NFHS-5 Household,shb79_02,ever undergone a screening test for cervical cancer
NFHS-5 Household,shb79_03,ever undergone a screening test for cervical cancer
NFHS-5 Household,shb79_04,ever undergone a screening test for cervical cancer
NFHS-5 Household,shb79_05,ever undergone a screening test for cervical cancer
NFHS-5 Household,shb79_06,ever undergone a screening test for cervical cancer
NFHS-5 Household,shb79_07,ever undergone a screening test for cervical cancer
NFHS-5 Household,shb79_08,ever undergone a screening test for cervical cancer
NFHS-5 Household,shb79_09,ever undergone a screening test for cervical cancer
NFHS-5 Household,shb79_10,ever undergone a screening test for cervical cancer
NFHS-5 Household,shb79_11,ever undergone a screening test for cervical cancer
NFHS-5 Household,shb79_12,ever undergone a screening test for cervical cancer
NFHS-5 Household,shb79_13,ever undergone a screening test for cervical cancer
NFHS-5 Household,shb79_14,ever undergone a screening test for cervical cancer
NFHS-5 Household,shb79_15,ever undergone a screening test for cervical cancer
NFHS-5 Household,shb79_16,ever undergone a screening test for cervical cancer
NFHS-5 Household,shb79_17,ever undergone a screening test for cervical cancer
NFHS-5 Household,shb79_18,ever undergone a screening test for cervical cancer
NFHS-5 Household,shb79_19,ever undergone a screening test for cervical cancer
NFHS-5 Household,shb79_20,ever undergone a screening test for cervical cancer
NFHS-5 Household,shb79_21,ever undergone a screening test for cervical cancer
NFHS-5 Household,shb79_22,ever undergone a screening test for cervical cancer
NFHS-5 Household,shb79_23,ever undergone a screening test for cervical cancer
NFHS-5 Household,shb79_24,ever undergone a screening test for cervical cancer
NFHS-5 Household,shb79_25,ever undergone a screening test for cervical cancer
NFHS-5 Household,shb79_26,ever undergone a screening test for cervical cancer
NFHS-5 Household,shb79_27,ever undergone a screening test for cervical cancer
NFHS-5 Household,shb79_28,ever undergone a screening test for cervical cancer
NFHS-5 Household,shb79_29,ever undergone a screening test for cervical cancer
NFHS-5 Household,shb79_30,ever undergone a screening test for cervical cancer
NFHS-5 Household,shb79_31,ever undergone a screening test for cervical cancer
NFHS-5 Household,shb79_32,ever undergone a screening test for cervical cancer
NFHS-5 Household,shb79_33,ever undergone a screening test for cervical cancer
NFHS-5 Household,shb79_34,ever undergone a screening test for cervical cancer
NFHS-5 Household,shb79_35,ever undergone a screening test for cervical cancer
NFHS-5 Household,shb80_01,ever undergone a breast examination for breast cancer
NFHS-5 Household,shb80_02,ever undergone a breast examination for breast cancer
NFHS-5 Household,shb80_03,ever undergone a breast examination for breast cancer
NFHS-5 Household,shb80_04,ever undergone a breast examination for breast cancer
NFHS-5 Household,shb80_05,ever undergone a breast examination for breast cancer
NFHS-5 Household,shb80_06,ever undergone a breast examination for breast cancer
NFHS-5 Household,shb80_07,ever undergone a breast examination for breast cancer
NFHS-5 Household,shb80_08,ever undergone a breast examination for breast cancer
NFHS-5 Household,shb80_09,ever undergone a breast examination for breast cancer
NFHS-5 Household,shb80_10,ever undergone a breast examination for breast cancer
NFHS-5 Household,shb80_11,ever undergone a breast examination for breast cancer
NFHS-5 Household,shb80_12,ever undergone a breast examination for breast cancer
NFHS-5 Household,shb80_13,ever undergone a breast examination for breast cancer
NFHS-5 Household,shb80_14,ever undergone a breast examination for breast cancer
NFHS-5 Household,shb80_15,ever undergone a breast examination for breast cancer
NFHS-5 Household,shb80_16,ever undergone a breast examination for breast cancer
NFHS-5 Household,shb80_17,ever undergone a breast examination for breast cancer
NFHS-5 Household,shb80_18,ever undergone a breast examination for breast cancer
NFHS-5 Household,shb80_19,ever undergone a breast examination for breast cancer
NFHS-5 Household,shb80_20,ever undergone a breast examination for breast cancer
NFHS-5 Household,shb80_21,ever undergone a breast examination for breast cancer
NFHS-5 Household,shb80_22,ever undergone a breast examination for breast cancer
NFHS-5 Household,shb80_23,ever undergone a breast examination for breast cancer
NFHS-5 Household,shb80_24,ever undergone a breast examination for breast cancer
NFHS-5 Household,shb80_25,ever undergone a breast examination for breast cancer
NFHS-5 Household,shb80_26,ever undergone a breast examination for breast cancer
NFHS-5 Household,shb80_27,ever undergone a breast examination for breast cancer
NFHS-5 Household,shb80_28,ever undergone a breast examination for breast cancer
NFHS-5 Household,shb80_29,ever undergone a breast examination for breast cancer
NFHS-5 Household,shb80_30,ever undergone a breast examination for breast cancer
NFHS-5 Household,shb80_31,ever undergone a breast examination for breast cancer
NFHS-5 Household,shb80_32,ever undergone a breast examination for breast cancer
NFHS-5 Household,shb80_33,ever undergone a breast examination for breast cancer
NFHS-5 Household,shb80_34,ever undergone a breast examination for breast cancer
NFHS-5 Household,shb80_35,ever undergone a breast examination for breast cancer
NFHS-5 Household,shb81_01,ever undergone an oral cavity examination for oral cancer
NFHS-5 Household,shb81_02,ever undergone an oral cavity examination for oral cancer
NFHS-5 Household,shb81_03,ever undergone an oral cavity examination for oral cancer
NFHS-5 Household,shb81_04,ever undergone an oral cavity examination for oral cancer
NFHS-5 Household,shb81_05,ever undergone an oral cavity examination for oral cancer
NFHS-5 Household,shb81_06,ever undergone an oral cavity examination for oral cancer
NFHS-5 Household,shb81_07,ever undergone an oral cavity examination for oral cancer
NFHS-5 Household,shb81_08,ever undergone an oral cavity examination for oral cancer
NFHS-5 Household,shb81_09,ever undergone an oral cavity examination for oral cancer
NFHS-5 Household,shb81_10,ever undergone an oral cavity examination for oral cancer
NFHS-5 Household,shb81_11,ever undergone an oral cavity examination for oral cancer
NFHS-5 Household,shb81_12,ever undergone an oral cavity examination for oral cancer
NFHS-5 Household,shb81_13,ever undergone an oral cavity examination for oral cancer
NFHS-5 Household,shb81_14,ever undergone an oral cavity examination for oral cancer
NFHS-5 Household,shb81_15,ever undergone an oral cavity examination for oral cancer
NFHS-5 Household,shb81_16,ever undergone an oral cavity examination for oral cancer
NFHS-5 Household,shb81_17,ever undergone an oral cavity examination for oral cancer
NFHS-5 Household,shb81_18,ever undergone an oral cavity examination for oral cancer
NFHS-5 Household,shb81_19,ever undergone an oral cavity examination for oral cancer
NFHS-5 Household,shb81_20,ever undergone an oral cavity examination for oral cancer
NFHS-5 Household,shb81_21,ever undergone an oral cavity examination for oral cancer
NFHS-5 Household,shb81_22,ever undergone an oral cavity examination for oral cancer
NFHS-5 Household,shb81_23,ever undergone an oral cavity examination for oral cancer
NFHS-5 Household,shb81_24,ever undergone an oral cavity examination for oral cancer
NFHS-5 Household,shb81_25,ever undergone an oral cavity examination for oral cancer
NFHS-5 Household,shb81_26,ever undergone an oral cavity examination for oral cancer
NFHS-5 Household,shb81_27,ever undergone an oral cavity examination for oral cancer
NFHS-5 Household,shb81_28,ever undergone an oral cavity examination for oral cancer
NFHS-5 Household,shb81_29,ever undergone an oral cavity examination for oral cancer
NFHS-5 Household,shb81_30,ever undergone an oral cavity examination for oral cancer
NFHS-5 Household,shb81_31,ever undergone an oral cavity examination for oral cancer
NFHS-5 Household,shb81_32,ever undergone an oral cavity examination for oral cancer
NFHS-5 Household,shb81_33,ever undergone an oral cavity examination for oral cancer
NFHS-5 Household,shb81_34,ever undergone an oral cavity examination for oral cancer
NFHS-5 Household,shb81_35,ever undergone an oral cavity examination for oral cancer
NFHS-5 Household,shbsel_01,biomarker unit selection
NFHS-5 Household,shbsel_02,biomarker unit selection
NFHS-5 Household,shbsel_03,biomarker unit selection
NFHS-5 Household,shbsel_04,biomarker unit selection
NFHS-5 Household,shbsel_05,biomarker unit selection
NFHS-5 Household,shbsel_06,biomarker unit selection
NFHS-5 Household,shbsel_07,biomarker unit selection
NFHS-5 Household,shbsel_08,biomarker unit selection
NFHS-5 Household,shbsel_09,biomarker unit selection
NFHS-5 Household,shbsel_10,biomarker unit selection
NFHS-5 Household,shbsel_11,biomarker unit selection
NFHS-5 Household,shbsel_12,biomarker unit selection
NFHS-5 Household,shbsel_13,biomarker unit selection
NFHS-5 Household,shbsel_14,biomarker unit selection
NFHS-5 Household,shbsel_15,biomarker unit selection
NFHS-5 Household,shbsel_16,biomarker unit selection
NFHS-5 Household,shbsel_17,biomarker unit selection
NFHS-5 Household,shbsel_18,biomarker unit selection
NFHS-5 Household,shbsel_19,biomarker unit selection
NFHS-5 Household,shbsel_20,biomarker unit selection
NFHS-5 Household,shbsel_21,biomarker unit selection
NFHS-5 Household,shbsel_22,biomarker unit selection
NFHS-5 Household,shbsel_23,biomarker unit selection
NFHS-5 Household,shbsel_24,biomarker unit selection
NFHS-5 Household,shbsel_25,biomarker unit selection
NFHS-5 Household,shbsel_26,biomarker unit selection
NFHS-5 Household,shbsel_27,biomarker unit selection
NFHS-5 Household,shbsel_28,biomarker unit selection
NFHS-5 Household,shbsel_29,biomarker unit selection
NFHS-5 Household,shbsel_30,biomarker unit selection
NFHS-5 Household,shbsel_31,biomarker unit selection
NFHS-5 Household,shbsel_32,biomarker unit selection
NFHS-5 Household,shbsel_33,biomarker unit selection
NFHS-5 Household,shbsel_34,biomarker unit selection
NFHS-5 Household,shbsel_35,biomarker unit selection
NFHS-5 Household,shb10c_01,read consent statement - blood pressure
NFHS-5 Household,shb10c_02,read consent statement - blood pressure
NFHS-5 Household,shb10c_03,read consent statement - blood pressure
NFHS-5 Household,shb10c_04,read consent statement - blood pressure
NFHS-5 Household,shb10c_05,read consent statement - blood pressure
NFHS-5 Household,shb10c_06,read consent statement - blood pressure
NFHS-5 Household,shb10c_07,read consent statement - blood pressure
NFHS-5 Household,shb10c_08,read consent statement - blood pressure
NFHS-5 Household,shb10c_09,read consent statement - blood pressure
NFHS-5 Household,shb10c_10,read consent statement - blood pressure
NFHS-5 Household,shb10c_11,read consent statement - blood pressure
NFHS-5 Household,shb10c_12,read consent statement - blood pressure
NFHS-5 Household,shb10c_13,read consent statement - blood pressure
NFHS-5 Household,shb10c_14,read consent statement - blood pressure
NFHS-5 Household,shb10c_15,read consent statement - blood pressure
NFHS-5 Household,shb10c_16,read consent statement - blood pressure
NFHS-5 Household,shb10c_17,read consent statement - blood pressure
NFHS-5 Household,shb10c_18,read consent statement - blood pressure
NFHS-5 Household,shb10c_19,read consent statement - blood pressure
NFHS-5 Household,shb10c_20,read consent statement - blood pressure
NFHS-5 Household,shb10c_21,read consent statement - blood pressure
NFHS-5 Household,shb10c_22,read consent statement - blood pressure
NFHS-5 Household,shb10c_23,read consent statement - blood pressure
NFHS-5 Household,shb10c_24,read consent statement - blood pressure
NFHS-5 Household,shb10c_25,read consent statement - blood pressure
NFHS-5 Household,shb10c_26,read consent statement - blood pressure
NFHS-5 Household,shb10c_27,read consent statement - blood pressure
NFHS-5 Household,shb10c_28,read consent statement - blood pressure
NFHS-5 Household,shb10c_29,read consent statement - blood pressure
NFHS-5 Household,shb10c_30,read consent statement - blood pressure
NFHS-5 Household,shb10c_31,read consent statement - blood pressure
NFHS-5 Household,shb10c_32,read consent statement - blood pressure
NFHS-5 Household,shb10c_33,read consent statement - blood pressure
NFHS-5 Household,shb10c_34,read consent statement - blood pressure
NFHS-5 Household,shb10c_35,read consent statement - blood pressure
NFHS-5 Household,shb20c_01,read consent statement - blood glucose
NFHS-5 Household,shb20c_02,read consent statement - blood glucose
NFHS-5 Household,shb20c_03,read consent statement - blood glucose
NFHS-5 Household,shb20c_04,read consent statement - blood glucose
NFHS-5 Household,shb20c_05,read consent statement - blood glucose
NFHS-5 Household,shb20c_06,read consent statement - blood glucose
NFHS-5 Household,shb20c_07,read consent statement - blood glucose
NFHS-5 Household,shb20c_08,read consent statement - blood glucose
NFHS-5 Household,shb20c_09,read consent statement - blood glucose
NFHS-5 Household,shb20c_10,read consent statement - blood glucose
NFHS-5 Household,shb20c_11,read consent statement - blood glucose
NFHS-5 Household,shb20c_12,read consent statement - blood glucose
NFHS-5 Household,shb20c_13,read consent statement - blood glucose
NFHS-5 Household,shb20c_14,read consent statement - blood glucose
NFHS-5 Household,shb20c_15,read consent statement - blood glucose
NFHS-5 Household,shb20c_16,read consent statement - blood glucose
NFHS-5 Household,shb20c_17,read consent statement - blood glucose
NFHS-5 Household,shb20c_18,read consent statement - blood glucose
NFHS-5 Household,shb20c_19,read consent statement - blood glucose
NFHS-5 Household,shb20c_20,read consent statement - blood glucose
NFHS-5 Household,shb20c_21,read consent statement - blood glucose
NFHS-5 Household,shb20c_22,read consent statement - blood glucose
NFHS-5 Household,shb20c_23,read consent statement - blood glucose
NFHS-5 Household,shb20c_24,read consent statement - blood glucose
NFHS-5 Household,shb20c_25,read consent statement - blood glucose
NFHS-5 Household,shb20c_26,read consent statement - blood glucose
NFHS-5 Household,shb20c_27,read consent statement - blood glucose
NFHS-5 Household,shb20c_28,read consent statement - blood glucose
NFHS-5 Household,shb20c_29,read consent statement - blood glucose
NFHS-5 Household,shb20c_30,read consent statement - blood glucose
NFHS-5 Household,shb20c_31,read consent statement - blood glucose
NFHS-5 Household,shb20c_32,read consent statement - blood glucose
NFHS-5 Household,shb20c_33,read consent statement - blood glucose
NFHS-5 Household,shb20c_34,read consent statement - blood glucose
NFHS-5 Household,shb20c_35,read consent statement - blood glucose
NFHS-5 Household,shb23_01,consent given for second blood pressure reading
NFHS-5 Household,shb23_02,consent given for second blood pressure reading
NFHS-5 Household,shb23_03,consent given for second blood pressure reading
NFHS-5 Household,shb23_04,consent given for second blood pressure reading
NFHS-5 Household,shb23_05,consent given for second blood pressure reading
NFHS-5 Household,shb23_06,consent given for second blood pressure reading
NFHS-5 Household,shb23_07,consent given for second blood pressure reading
NFHS-5 Household,shb23_08,consent given for second blood pressure reading
NFHS-5 Household,shb23_09,consent given for second blood pressure reading
NFHS-5 Household,shb23_10,consent given for second blood pressure reading
NFHS-5 Household,shb23_11,consent given for second blood pressure reading
NFHS-5 Household,shb23_12,consent given for second blood pressure reading
NFHS-5 Household,shb23_13,consent given for second blood pressure reading
NFHS-5 Household,shb23_14,consent given for second blood pressure reading
NFHS-5 Household,shb23_15,consent given for second blood pressure reading
NFHS-5 Household,shb23_16,consent given for second blood pressure reading
NFHS-5 Household,shb23_17,consent given for second blood pressure reading
NFHS-5 Household,shb23_18,consent given for second blood pressure reading
NFHS-5 Household,shb23_19,consent given for second blood pressure reading
NFHS-5 Household,shb23_20,consent given for second blood pressure reading
NFHS-5 Household,shb23_21,consent given for second blood pressure reading
NFHS-5 Household,shb23_22,consent given for second blood pressure reading
NFHS-5 Household,shb23_23,consent given for second blood pressure reading
NFHS-5 Household,shb23_24,consent given for second blood pressure reading
NFHS-5 Household,shb23_25,consent given for second blood pressure reading
NFHS-5 Household,shb23_26,consent given for second blood pressure reading
NFHS-5 Household,shb23_27,consent given for second blood pressure reading
NFHS-5 Household,shb23_28,consent given for second blood pressure reading
NFHS-5 Household,shb23_29,consent given for second blood pressure reading
NFHS-5 Household,shb23_30,consent given for second blood pressure reading
NFHS-5 Household,shb23_31,consent given for second blood pressure reading
NFHS-5 Household,shb23_32,consent given for second blood pressure reading
NFHS-5 Household,shb23_33,consent given for second blood pressure reading
NFHS-5 Household,shb23_34,consent given for second blood pressure reading
NFHS-5 Household,shb23_35,consent given for second blood pressure reading
NFHS-5 Household,shb27_01,consent given for third blood pressure reading
NFHS-5 Household,shb27_02,consent given for third blood pressure reading
NFHS-5 Household,shb27_03,consent given for third blood pressure reading
NFHS-5 Household,shb27_04,consent given for third blood pressure reading
NFHS-5 Household,shb27_05,consent given for third blood pressure reading
NFHS-5 Household,shb27_06,consent given for third blood pressure reading
NFHS-5 Household,shb27_07,consent given for third blood pressure reading
NFHS-5 Household,shb27_08,consent given for third blood pressure reading
NFHS-5 Household,shb27_09,consent given for third blood pressure reading
NFHS-5 Household,shb27_10,consent given for third blood pressure reading
NFHS-5 Household,shb27_11,consent given for third blood pressure reading
NFHS-5 Household,shb27_12,consent given for third blood pressure reading
NFHS-5 Household,shb27_13,consent given for third blood pressure reading
NFHS-5 Household,shb27_14,consent given for third blood pressure reading
NFHS-5 Household,shb27_15,consent given for third blood pressure reading
NFHS-5 Household,shb27_16,consent given for third blood pressure reading
NFHS-5 Household,shb27_17,consent given for third blood pressure reading
NFHS-5 Household,shb27_18,consent given for third blood pressure reading
NFHS-5 Household,shb27_19,consent given for third blood pressure reading
NFHS-5 Household,shb27_20,consent given for third blood pressure reading
NFHS-5 Household,shb27_21,consent given for third blood pressure reading
NFHS-5 Household,shb27_22,consent given for third blood pressure reading
NFHS-5 Household,shb27_23,consent given for third blood pressure reading
NFHS-5 Household,shb27_24,consent given for third blood pressure reading
NFHS-5 Household,shb27_25,consent given for third blood pressure reading
NFHS-5 Household,shb27_26,consent given for third blood pressure reading
NFHS-5 Household,shb27_27,consent given for third blood pressure reading
NFHS-5 Household,shb27_28,consent given for third blood pressure reading
NFHS-5 Household,shb27_29,consent given for third blood pressure reading
NFHS-5 Household,shb27_30,consent given for third blood pressure reading
NFHS-5 Household,shb27_31,consent given for third blood pressure reading
NFHS-5 Household,shb27_32,consent given for third blood pressure reading
NFHS-5 Household,shb27_33,consent given for third blood pressure reading
NFHS-5 Household,shb27_34,consent given for third blood pressure reading
NFHS-5 Household,shb27_35,consent given for third blood pressure reading
NFHS-5 Household,sh305_01,waist curcumference
NFHS-5 Household,sh305_02,waist curcumference
NFHS-5 Household,sh305_03,waist curcumference
NFHS-5 Household,sh305_04,waist curcumference
NFHS-5 Household,sh305_05,waist curcumference
NFHS-5 Household,sh305_06,waist curcumference
NFHS-5 Household,sh305_07,waist curcumference
NFHS-5 Household,sh305_08,waist curcumference
NFHS-5 Household,sh305_09,waist curcumference
NFHS-5 Household,sh305_10,waist curcumference
NFHS-5 Household,sh305_11,waist curcumference
NFHS-5 Household,sh305_12,waist curcumference
NFHS-5 Household,sh305_13,waist curcumference
NFHS-5 Household,sh305_14,waist curcumference
NFHS-5 Household,sh305_15,waist curcumference
NFHS-5 Household,sh305_16,waist curcumference
NFHS-5 Household,sh305_17,waist curcumference
NFHS-5 Household,sh305_18,waist curcumference
NFHS-5 Household,sh305_19,waist curcumference
NFHS-5 Household,sh305_20,waist curcumference
NFHS-5 Household,sh305_21,waist curcumference
NFHS-5 Household,sh305_22,waist curcumference
NFHS-5 Household,sh305_23,waist curcumference
NFHS-5 Household,sh305_24,waist curcumference
NFHS-5 Household,sh305_25,waist curcumference
NFHS-5 Household,sh305_26,waist curcumference
NFHS-5 Household,sh305_27,waist curcumference
NFHS-5 Household,sh305_28,waist curcumference
NFHS-5 Household,sh305_29,waist curcumference
NFHS-5 Household,sh305_30,waist curcumference
NFHS-5 Household,sh305_31,waist curcumference
NFHS-5 Household,sh305_32,waist curcumference
NFHS-5 Household,sh305_33,waist curcumference
NFHS-5 Household,sh305_34,waist curcumference
NFHS-5 Household,sh305_35,waist curcumference
NFHS-5 Household,sh306_01,hip curcumference
NFHS-5 Household,sh306_02,hip curcumference
NFHS-5 Household,sh306_03,hip curcumference
NFHS-5 Household,sh306_04,hip curcumference
NFHS-5 Household,sh306_05,hip curcumference
NFHS-5 Household,sh306_06,hip curcumference
NFHS-5 Household,sh306_07,hip curcumference
NFHS-5 Household,sh306_08,hip curcumference
NFHS-5 Household,sh306_09,hip curcumference
NFHS-5 Household,sh306_10,hip curcumference
NFHS-5 Household,sh306_11,hip curcumference
NFHS-5 Household,sh306_12,hip curcumference
NFHS-5 Household,sh306_13,hip curcumference
NFHS-5 Household,sh306_14,hip curcumference
NFHS-5 Household,sh306_15,hip curcumference
NFHS-5 Household,sh306_16,hip curcumference
NFHS-5 Household,sh306_17,hip curcumference
NFHS-5 Household,sh306_18,hip curcumference
NFHS-5 Household,sh306_19,hip curcumference
NFHS-5 Household,sh306_20,hip curcumference
NFHS-5 Household,sh306_21,hip curcumference
NFHS-5 Household,sh306_22,hip curcumference
NFHS-5 Household,sh306_23,hip curcumference
NFHS-5 Household,sh306_24,hip curcumference
NFHS-5 Household,sh306_25,hip curcumference
NFHS-5 Household,sh306_26,hip curcumference
NFHS-5 Household,sh306_27,hip curcumference
NFHS-5 Household,sh306_28,hip curcumference
NFHS-5 Household,sh306_29,hip curcumference
NFHS-5 Household,sh306_30,hip curcumference
NFHS-5 Household,sh306_31,hip curcumference
NFHS-5 Household,sh306_32,hip curcumference
NFHS-5 Household,sh306_33,hip curcumference
NFHS-5 Household,sh306_34,hip curcumference
NFHS-5 Household,sh306_35,hip curcumference
NFHS-5 Household,shb303rc_01,refusal due to covid-19 (qh205)
NFHS-5 Household,shb303rc_02,refusal due to covid-19 (qh205)
NFHS-5 Household,shb303rc_03,refusal due to covid-19 (qh205)
NFHS-5 Household,shb303rc_04,refusal due to covid-19 (qh205)
NFHS-5 Household,shb303rc_05,refusal due to covid-19 (qh205)
NFHS-5 Household,shb303rc_06,refusal due to covid-19 (qh205)
NFHS-5 Household,shb303rc_07,refusal due to covid-19 (qh205)
NFHS-5 Household,shb303rc_08,refusal due to covid-19 (qh205)
NFHS-5 Household,shb303rc_09,refusal due to covid-19 (qh205)
NFHS-5 Household,shb303rc_10,refusal due to covid-19 (qh205)
NFHS-5 Household,shb303rc_11,refusal due to covid-19 (qh205)
NFHS-5 Household,shb303rc_12,refusal due to covid-19 (qh205)
NFHS-5 Household,shb303rc_13,refusal due to covid-19 (qh205)
NFHS-5 Household,shb303rc_14,refusal due to covid-19 (qh205)
NFHS-5 Household,shb303rc_15,refusal due to covid-19 (qh205)
NFHS-5 Household,shb303rc_16,refusal due to covid-19 (qh205)
NFHS-5 Household,shb303rc_17,refusal due to covid-19 (qh205)
NFHS-5 Household,shb303rc_18,refusal due to covid-19 (qh205)
NFHS-5 Household,shb303rc_19,refusal due to covid-19 (qh205)
NFHS-5 Household,shb303rc_20,refusal due to covid-19 (qh205)
NFHS-5 Household,shb303rc_21,refusal due to covid-19 (qh205)
NFHS-5 Household,shb303rc_22,refusal due to covid-19 (qh205)
NFHS-5 Household,shb303rc_23,refusal due to covid-19 (qh205)
NFHS-5 Household,shb303rc_24,refusal due to covid-19 (qh205)
NFHS-5 Household,shb303rc_25,refusal due to covid-19 (qh205)
NFHS-5 Household,shb303rc_26,refusal due to covid-19 (qh205)
NFHS-5 Household,shb303rc_27,refusal due to covid-19 (qh205)
NFHS-5 Household,shb303rc_28,refusal due to covid-19 (qh205)
NFHS-5 Household,shb303rc_29,refusal due to covid-19 (qh205)
NFHS-5 Household,shb303rc_30,refusal due to covid-19 (qh205)
NFHS-5 Household,shb303rc_31,refusal due to covid-19 (qh205)
NFHS-5 Household,shb303rc_32,refusal due to covid-19 (qh205)
NFHS-5 Household,shb303rc_33,refusal due to covid-19 (qh205)
NFHS-5 Household,shb303rc_34,refusal due to covid-19 (qh205)
NFHS-5 Household,shb303rc_35,refusal due to covid-19 (qh205)
NFHS-5 Household,shb304rc_01,refusal due to covid-19 (qh304)
NFHS-5 Household,shb304rc_02,refusal due to covid-19 (qh304)
NFHS-5 Household,shb304rc_03,refusal due to covid-19 (qh304)
NFHS-5 Household,shb304rc_04,refusal due to covid-19 (qh304)
NFHS-5 Household,shb304rc_05,refusal due to covid-19 (qh304)
NFHS-5 Household,shb304rc_06,refusal due to covid-19 (qh304)
NFHS-5 Household,shb304rc_07,refusal due to covid-19 (qh304)
NFHS-5 Household,shb304rc_08,refusal due to covid-19 (qh304)
NFHS-5 Household,shb304rc_09,refusal due to covid-19 (qh304)
NFHS-5 Household,shb304rc_10,refusal due to covid-19 (qh304)
NFHS-5 Household,shb304rc_11,refusal due to covid-19 (qh304)
NFHS-5 Household,shb304rc_12,refusal due to covid-19 (qh304)
NFHS-5 Household,shb304rc_13,refusal due to covid-19 (qh304)
NFHS-5 Household,shb304rc_14,refusal due to covid-19 (qh304)
NFHS-5 Household,shb304rc_15,refusal due to covid-19 (qh304)
NFHS-5 Household,shb304rc_16,refusal due to covid-19 (qh304)
NFHS-5 Household,shb304rc_17,refusal due to covid-19 (qh304)
NFHS-5 Household,shb304rc_18,refusal due to covid-19 (qh304)
NFHS-5 Household,shb304rc_19,refusal due to covid-19 (qh304)
NFHS-5 Household,shb304rc_20,refusal due to covid-19 (qh304)
NFHS-5 Household,shb304rc_21,refusal due to covid-19 (qh304)
NFHS-5 Household,shb304rc_22,refusal due to covid-19 (qh304)
NFHS-5 Household,shb304rc_23,refusal due to covid-19 (qh304)
NFHS-5 Household,shb304rc_24,refusal due to covid-19 (qh304)
NFHS-5 Household,shb304rc_25,refusal due to covid-19 (qh304)
NFHS-5 Household,shb304rc_26,refusal due to covid-19 (qh304)
NFHS-5 Household,shb304rc_27,refusal due to covid-19 (qh304)
NFHS-5 Household,shb304rc_28,refusal due to covid-19 (qh304)
NFHS-5 Household,shb304rc_29,refusal due to covid-19 (qh304)
NFHS-5 Household,shb304rc_30,refusal due to covid-19 (qh304)
NFHS-5 Household,shb304rc_31,refusal due to covid-19 (qh304)
NFHS-5 Household,shb304rc_32,refusal due to covid-19 (qh304)
NFHS-5 Household,shb304rc_33,refusal due to covid-19 (qh304)
NFHS-5 Household,shb304rc_34,refusal due to covid-19 (qh304)
NFHS-5 Household,shb304rc_35,refusal due to covid-19 (qh304)
NFHS-5 Household,shb305rc_01,refusal due to covid-19 (qh305)
NFHS-5 Household,shb305rc_02,refusal due to covid-19 (qh305)
NFHS-5 Household,shb305rc_03,refusal due to covid-19 (qh305)
NFHS-5 Household,shb305rc_04,refusal due to covid-19 (qh305)
NFHS-5 Household,shb305rc_05,refusal due to covid-19 (qh305)
NFHS-5 Household,shb305rc_06,refusal due to covid-19 (qh305)
NFHS-5 Household,shb305rc_07,refusal due to covid-19 (qh305)
NFHS-5 Household,shb305rc_08,refusal due to covid-19 (qh305)
NFHS-5 Household,shb305rc_09,refusal due to covid-19 (qh305)
NFHS-5 Household,shb305rc_10,refusal due to covid-19 (qh305)
NFHS-5 Household,shb305rc_11,refusal due to covid-19 (qh305)
NFHS-5 Household,shb305rc_12,refusal due to covid-19 (qh305)
NFHS-5 Household,shb305rc_13,refusal due to covid-19 (qh305)
NFHS-5 Household,shb305rc_14,refusal due to covid-19 (qh305)
NFHS-5 Household,shb305rc_15,refusal due to covid-19 (qh305)
NFHS-5 Household,shb305rc_16,refusal due to covid-19 (qh305)
NFHS-5 Household,shb305rc_17,refusal due to covid-19 (qh305)
NFHS-5 Household,shb305rc_18,refusal due to covid-19 (qh305)
NFHS-5 Household,shb305rc_19,refusal due to covid-19 (qh305)
NFHS-5 Household,shb305rc_20,refusal due to covid-19 (qh305)
NFHS-5 Household,shb305rc_21,refusal due to covid-19 (qh305)
NFHS-5 Household,shb305rc_22,refusal due to covid-19 (qh305)
NFHS-5 Household,shb305rc_23,refusal due to covid-19 (qh305)
NFHS-5 Household,shb305rc_24,refusal due to covid-19 (qh305)
NFHS-5 Household,shb305rc_25,refusal due to covid-19 (qh305)
NFHS-5 Household,shb305rc_26,refusal due to covid-19 (qh305)
NFHS-5 Household,shb305rc_27,refusal due to covid-19 (qh305)
NFHS-5 Household,shb305rc_28,refusal due to covid-19 (qh305)
NFHS-5 Household,shb305rc_29,refusal due to covid-19 (qh305)
NFHS-5 Household,shb305rc_30,refusal due to covid-19 (qh305)
NFHS-5 Household,shb305rc_31,refusal due to covid-19 (qh305)
NFHS-5 Household,shb305rc_32,refusal due to covid-19 (qh305)
NFHS-5 Household,shb305rc_33,refusal due to covid-19 (qh305)
NFHS-5 Household,shb305rc_34,refusal due to covid-19 (qh305)
NFHS-5 Household,shb305rc_35,refusal due to covid-19 (qh305)
NFHS-5 Household,shb306rc_01,refusal due to covid-19 (qh306)
NFHS-5 Household,shb306rc_02,refusal due to covid-19 (qh306)
NFHS-5 Household,shb306rc_03,refusal due to covid-19 (qh306)
NFHS-5 Household,shb306rc_04,refusal due to covid-19 (qh306)
NFHS-5 Household,shb306rc_05,refusal due to covid-19 (qh306)
NFHS-5 Household,shb306rc_06,refusal due to covid-19 (qh306)
NFHS-5 Household,shb306rc_07,refusal due to covid-19 (qh306)
NFHS-5 Household,shb306rc_08,refusal due to covid-19 (qh306)
NFHS-5 Household,shb306rc_09,refusal due to covid-19 (qh306)
NFHS-5 Household,shb306rc_10,refusal due to covid-19 (qh306)
NFHS-5 Household,shb306rc_11,refusal due to covid-19 (qh306)
NFHS-5 Household,shb306rc_12,refusal due to covid-19 (qh306)
NFHS-5 Household,shb306rc_13,refusal due to covid-19 (qh306)
NFHS-5 Household,shb306rc_14,refusal due to covid-19 (qh306)
NFHS-5 Household,shb306rc_15,refusal due to covid-19 (qh306)
NFHS-5 Household,shb306rc_16,refusal due to covid-19 (qh306)
NFHS-5 Household,shb306rc_17,refusal due to covid-19 (qh306)
NFHS-5 Household,shb306rc_18,refusal due to covid-19 (qh306)
NFHS-5 Household,shb306rc_19,refusal due to covid-19 (qh306)
NFHS-5 Household,shb306rc_20,refusal due to covid-19 (qh306)
NFHS-5 Household,shb306rc_21,refusal due to covid-19 (qh306)
NFHS-5 Household,shb306rc_22,refusal due to covid-19 (qh306)
NFHS-5 Household,shb306rc_23,refusal due to covid-19 (qh306)
NFHS-5 Household,shb306rc_24,refusal due to covid-19 (qh306)
NFHS-5 Household,shb306rc_25,refusal due to covid-19 (qh306)
NFHS-5 Household,shb306rc_26,refusal due to covid-19 (qh306)
NFHS-5 Household,shb306rc_27,refusal due to covid-19 (qh306)
NFHS-5 Household,shb306rc_28,refusal due to covid-19 (qh306)
NFHS-5 Household,shb306rc_29,refusal due to covid-19 (qh306)
NFHS-5 Household,shb306rc_30,refusal due to covid-19 (qh306)
NFHS-5 Household,shb306rc_31,refusal due to covid-19 (qh306)
NFHS-5 Household,shb306rc_32,refusal due to covid-19 (qh306)
NFHS-5 Household,shb306rc_33,refusal due to covid-19 (qh306)
NFHS-5 Household,shb306rc_34,refusal due to covid-19 (qh306)
NFHS-5 Household,shb306rc_35,refusal due to covid-19 (qh306)
NFHS-5 Household,shb311rc_01,refusal due to covid-19 (qh311)
NFHS-5 Household,shb311rc_02,refusal due to covid-19 (qh311)
NFHS-5 Household,shb311rc_03,refusal due to covid-19 (qh311)
NFHS-5 Household,shb311rc_04,refusal due to covid-19 (qh311)
NFHS-5 Household,shb311rc_05,refusal due to covid-19 (qh311)
NFHS-5 Household,shb311rc_06,refusal due to covid-19 (qh311)
NFHS-5 Household,shb311rc_07,refusal due to covid-19 (qh311)
NFHS-5 Household,shb311rc_08,refusal due to covid-19 (qh311)
NFHS-5 Household,shb311rc_09,refusal due to covid-19 (qh311)
NFHS-5 Household,shb311rc_10,refusal due to covid-19 (qh311)
NFHS-5 Household,shb311rc_11,refusal due to covid-19 (qh311)
NFHS-5 Household,shb311rc_12,refusal due to covid-19 (qh311)
NFHS-5 Household,shb311rc_13,refusal due to covid-19 (qh311)
NFHS-5 Household,shb311rc_14,refusal due to covid-19 (qh311)
NFHS-5 Household,shb311rc_15,refusal due to covid-19 (qh311)
NFHS-5 Household,shb311rc_16,refusal due to covid-19 (qh311)
NFHS-5 Household,shb311rc_17,refusal due to covid-19 (qh311)
NFHS-5 Household,shb311rc_18,refusal due to covid-19 (qh311)
NFHS-5 Household,shb311rc_19,refusal due to covid-19 (qh311)
NFHS-5 Household,shb311rc_20,refusal due to covid-19 (qh311)
NFHS-5 Household,shb311rc_21,refusal due to covid-19 (qh311)
NFHS-5 Household,shb311rc_22,refusal due to covid-19 (qh311)
NFHS-5 Household,shb311rc_23,refusal due to covid-19 (qh311)
NFHS-5 Household,shb311rc_24,refusal due to covid-19 (qh311)
NFHS-5 Household,shb311rc_25,refusal due to covid-19 (qh311)
NFHS-5 Household,shb311rc_26,refusal due to covid-19 (qh311)
NFHS-5 Household,shb311rc_27,refusal due to covid-19 (qh311)
NFHS-5 Household,shb311rc_28,refusal due to covid-19 (qh311)
NFHS-5 Household,shb311rc_29,refusal due to covid-19 (qh311)
NFHS-5 Household,shb311rc_30,refusal due to covid-19 (qh311)
NFHS-5 Household,shb311rc_31,refusal due to covid-19 (qh311)
NFHS-5 Household,shb311rc_32,refusal due to covid-19 (qh311)
NFHS-5 Household,shb311rc_33,refusal due to covid-19 (qh311)
NFHS-5 Household,shb311rc_34,refusal due to covid-19 (qh311)
NFHS-5 Household,shb311rc_35,refusal due to covid-19 (qh311)
NFHS-5 Household,shb313rc_01,refusal due to covid-19 (qh313)
NFHS-5 Household,shb313rc_02,refusal due to covid-19 (qh313)
NFHS-5 Household,shb313rc_03,refusal due to covid-19 (qh313)
NFHS-5 Household,shb313rc_04,refusal due to covid-19 (qh313)
NFHS-5 Household,shb313rc_05,refusal due to covid-19 (qh313)
NFHS-5 Household,shb313rc_06,refusal due to covid-19 (qh313)
NFHS-5 Household,shb313rc_07,refusal due to covid-19 (qh313)
NFHS-5 Household,shb313rc_08,refusal due to covid-19 (qh313)
NFHS-5 Household,shb313rc_09,refusal due to covid-19 (qh313)
NFHS-5 Household,shb313rc_10,refusal due to covid-19 (qh313)
NFHS-5 Household,shb313rc_11,refusal due to covid-19 (qh313)
NFHS-5 Household,shb313rc_12,refusal due to covid-19 (qh313)
NFHS-5 Household,shb313rc_13,refusal due to covid-19 (qh313)
NFHS-5 Household,shb313rc_14,refusal due to covid-19 (qh313)
NFHS-5 Household,shb313rc_15,refusal due to covid-19 (qh313)
NFHS-5 Household,shb313rc_16,refusal due to covid-19 (qh313)
NFHS-5 Household,shb313rc_17,refusal due to covid-19 (qh313)
NFHS-5 Household,shb313rc_18,refusal due to covid-19 (qh313)
NFHS-5 Household,shb313rc_19,refusal due to covid-19 (qh313)
NFHS-5 Household,shb313rc_20,refusal due to covid-19 (qh313)
NFHS-5 Household,shb313rc_21,refusal due to covid-19 (qh313)
NFHS-5 Household,shb313rc_22,refusal due to covid-19 (qh313)
NFHS-5 Household,shb313rc_23,refusal due to covid-19 (qh313)
NFHS-5 Household,shb313rc_24,refusal due to covid-19 (qh313)
NFHS-5 Household,shb313rc_25,refusal due to covid-19 (qh313)
NFHS-5 Household,shb313rc_26,refusal due to covid-19 (qh313)
NFHS-5 Household,shb313rc_27,refusal due to covid-19 (qh313)
NFHS-5 Household,shb313rc_28,refusal due to covid-19 (qh313)
NFHS-5 Household,shb313rc_29,refusal due to covid-19 (qh313)
NFHS-5 Household,shb313rc_30,refusal due to covid-19 (qh313)
NFHS-5 Household,shb313rc_31,refusal due to covid-19 (qh313)
NFHS-5 Household,shb313rc_32,refusal due to covid-19 (qh313)
NFHS-5 Household,shb313rc_33,refusal due to covid-19 (qh313)
NFHS-5 Household,shb313rc_34,refusal due to covid-19 (qh313)
NFHS-5 Household,shb313rc_35,refusal due to covid-19 (qh313)
NFHS-5 Household,shb318rc_01,refusal due to covid-19 (qh318)
NFHS-5 Household,shb318rc_02,refusal due to covid-19 (qh318)
NFHS-5 Household,shb318rc_03,refusal due to covid-19 (qh318)
NFHS-5 Household,shb318rc_04,refusal due to covid-19 (qh318)
NFHS-5 Household,shb318rc_05,refusal due to covid-19 (qh318)
NFHS-5 Household,shb318rc_06,refusal due to covid-19 (qh318)
NFHS-5 Household,shb318rc_07,refusal due to covid-19 (qh318)
NFHS-5 Household,shb318rc_08,refusal due to covid-19 (qh318)
NFHS-5 Household,shb318rc_09,refusal due to covid-19 (qh318)
NFHS-5 Household,shb318rc_10,refusal due to covid-19 (qh318)
NFHS-5 Household,shb318rc_11,refusal due to covid-19 (qh318)
NFHS-5 Household,shb318rc_12,refusal due to covid-19 (qh318)
NFHS-5 Household,shb318rc_13,refusal due to covid-19 (qh318)
NFHS-5 Household,shb318rc_14,refusal due to covid-19 (qh318)
NFHS-5 Household,shb318rc_15,refusal due to covid-19 (qh318)
NFHS-5 Household,shb318rc_16,refusal due to covid-19 (qh318)
NFHS-5 Household,shb318rc_17,refusal due to covid-19 (qh318)
NFHS-5 Household,shb318rc_18,refusal due to covid-19 (qh318)
NFHS-5 Household,shb318rc_19,refusal due to covid-19 (qh318)
NFHS-5 Household,shb318rc_20,refusal due to covid-19 (qh318)
NFHS-5 Household,shb318rc_21,refusal due to covid-19 (qh318)
NFHS-5 Household,shb318rc_22,refusal due to covid-19 (qh318)
NFHS-5 Household,shb318rc_23,refusal due to covid-19 (qh318)
NFHS-5 Household,shb318rc_24,refusal due to covid-19 (qh318)
NFHS-5 Household,shb318rc_25,refusal due to covid-19 (qh318)
NFHS-5 Household,shb318rc_26,refusal due to covid-19 (qh318)
NFHS-5 Household,shb318rc_27,refusal due to covid-19 (qh318)
NFHS-5 Household,shb318rc_28,refusal due to covid-19 (qh318)
NFHS-5 Household,shb318rc_29,refusal due to covid-19 (qh318)
NFHS-5 Household,shb318rc_30,refusal due to covid-19 (qh318)
NFHS-5 Household,shb318rc_31,refusal due to covid-19 (qh318)
NFHS-5 Household,shb318rc_32,refusal due to covid-19 (qh318)
NFHS-5 Household,shb318rc_33,refusal due to covid-19 (qh318)
NFHS-5 Household,shb318rc_34,refusal due to covid-19 (qh318)
NFHS-5 Household,shb318rc_35,refusal due to covid-19 (qh318)
NFHS-5 Household,shb325rc_01,refusal due to covid-19 (qh325)
NFHS-5 Household,shb325rc_02,refusal due to covid-19 (qh325)
NFHS-5 Household,shb325rc_03,refusal due to covid-19 (qh325)
NFHS-5 Household,shb325rc_04,refusal due to covid-19 (qh325)
NFHS-5 Household,shb325rc_05,refusal due to covid-19 (qh325)
NFHS-5 Household,shb325rc_06,refusal due to covid-19 (qh325)
NFHS-5 Household,shb325rc_07,refusal due to covid-19 (qh325)
NFHS-5 Household,shb325rc_08,refusal due to covid-19 (qh325)
NFHS-5 Household,shb325rc_09,refusal due to covid-19 (qh325)
NFHS-5 Household,shb325rc_10,refusal due to covid-19 (qh325)
NFHS-5 Household,shb325rc_11,refusal due to covid-19 (qh325)
NFHS-5 Household,shb325rc_12,refusal due to covid-19 (qh325)
NFHS-5 Household,shb325rc_13,refusal due to covid-19 (qh325)
NFHS-5 Household,shb325rc_14,refusal due to covid-19 (qh325)
NFHS-5 Household,shb325rc_15,refusal due to covid-19 (qh325)
NFHS-5 Household,shb325rc_16,refusal due to covid-19 (qh325)
NFHS-5 Household,shb325rc_17,refusal due to covid-19 (qh325)
NFHS-5 Household,shb325rc_18,refusal due to covid-19 (qh325)
NFHS-5 Household,shb325rc_19,refusal due to covid-19 (qh325)
NFHS-5 Household,shb325rc_20,refusal due to covid-19 (qh325)
NFHS-5 Household,shb325rc_21,refusal due to covid-19 (qh325)
NFHS-5 Household,shb325rc_22,refusal due to covid-19 (qh325)
NFHS-5 Household,shb325rc_23,refusal due to covid-19 (qh325)
NFHS-5 Household,shb325rc_24,refusal due to covid-19 (qh325)
NFHS-5 Household,shb325rc_25,refusal due to covid-19 (qh325)
NFHS-5 Household,shb325rc_26,refusal due to covid-19 (qh325)
NFHS-5 Household,shb325rc_27,refusal due to covid-19 (qh325)
NFHS-5 Household,shb325rc_28,refusal due to covid-19 (qh325)
NFHS-5 Household,shb325rc_29,refusal due to covid-19 (qh325)
NFHS-5 Household,shb325rc_30,refusal due to covid-19 (qh325)
NFHS-5 Household,shb325rc_31,refusal due to covid-19 (qh325)
NFHS-5 Household,shb325rc_32,refusal due to covid-19 (qh325)
NFHS-5 Household,shb325rc_33,refusal due to covid-19 (qh325)
NFHS-5 Household,shb325rc_34,refusal due to covid-19 (qh325)
NFHS-5 Household,shb325rc_35,refusal due to covid-19 (qh325)
NFHS-5 Household,shb329rc_01,refusal due to covid-19 (qh329)
NFHS-5 Household,shb329rc_02,refusal due to covid-19 (qh329)
NFHS-5 Household,shb329rc_03,refusal due to covid-19 (qh329)
NFHS-5 Household,shb329rc_04,refusal due to covid-19 (qh329)
NFHS-5 Household,shb329rc_05,refusal due to covid-19 (qh329)
NFHS-5 Household,shb329rc_06,refusal due to covid-19 (qh329)
NFHS-5 Household,shb329rc_07,refusal due to covid-19 (qh329)
NFHS-5 Household,shb329rc_08,refusal due to covid-19 (qh329)
NFHS-5 Household,shb329rc_09,refusal due to covid-19 (qh329)
NFHS-5 Household,shb329rc_10,refusal due to covid-19 (qh329)
NFHS-5 Household,shb329rc_11,refusal due to covid-19 (qh329)
NFHS-5 Household,shb329rc_12,refusal due to covid-19 (qh329)
NFHS-5 Household,shb329rc_13,refusal due to covid-19 (qh329)
NFHS-5 Household,shb329rc_14,refusal due to covid-19 (qh329)
NFHS-5 Household,shb329rc_15,refusal due to covid-19 (qh329)
NFHS-5 Household,shb329rc_16,refusal due to covid-19 (qh329)
NFHS-5 Household,shb329rc_17,refusal due to covid-19 (qh329)
NFHS-5 Household,shb329rc_18,refusal due to covid-19 (qh329)
NFHS-5 Household,shb329rc_19,refusal due to covid-19 (qh329)
NFHS-5 Household,shb329rc_20,refusal due to covid-19 (qh329)
NFHS-5 Household,shb329rc_21,refusal due to covid-19 (qh329)
NFHS-5 Household,shb329rc_22,refusal due to covid-19 (qh329)
NFHS-5 Household,shb329rc_23,refusal due to covid-19 (qh329)
NFHS-5 Household,shb329rc_24,refusal due to covid-19 (qh329)
NFHS-5 Household,shb329rc_25,refusal due to covid-19 (qh329)
NFHS-5 Household,shb329rc_26,refusal due to covid-19 (qh329)
NFHS-5 Household,shb329rc_27,refusal due to covid-19 (qh329)
NFHS-5 Household,shb329rc_28,refusal due to covid-19 (qh329)
NFHS-5 Household,shb329rc_29,refusal due to covid-19 (qh329)
NFHS-5 Household,shb329rc_30,refusal due to covid-19 (qh329)
NFHS-5 Household,shb329rc_31,refusal due to covid-19 (qh329)
NFHS-5 Household,shb329rc_32,refusal due to covid-19 (qh329)
NFHS-5 Household,shb329rc_33,refusal due to covid-19 (qh329)
NFHS-5 Household,shb329rc_34,refusal due to covid-19 (qh329)
NFHS-5 Household,shb329rc_35,refusal due to covid-19 (qh329)
NFHS-5 Household,shb343rc_01,refusal due to covid-19 (qh343)
NFHS-5 Household,shb343rc_02,refusal due to covid-19 (qh343)
NFHS-5 Household,shb343rc_03,refusal due to covid-19 (qh343)
NFHS-5 Household,shb343rc_04,refusal due to covid-19 (qh343)
NFHS-5 Household,shb343rc_05,refusal due to covid-19 (qh343)
NFHS-5 Household,shb343rc_06,refusal due to covid-19 (qh343)
NFHS-5 Household,shb343rc_07,refusal due to covid-19 (qh343)
NFHS-5 Household,shb343rc_08,refusal due to covid-19 (qh343)
NFHS-5 Household,shb343rc_09,refusal due to covid-19 (qh343)
NFHS-5 Household,shb343rc_10,refusal due to covid-19 (qh343)
NFHS-5 Household,shb343rc_11,refusal due to covid-19 (qh343)
NFHS-5 Household,shb343rc_12,refusal due to covid-19 (qh343)
NFHS-5 Household,shb343rc_13,refusal due to covid-19 (qh343)
NFHS-5 Household,shb343rc_14,refusal due to covid-19 (qh343)
NFHS-5 Household,shb343rc_15,refusal due to covid-19 (qh343)
NFHS-5 Household,shb343rc_16,refusal due to covid-19 (qh343)
NFHS-5 Household,shb343rc_17,refusal due to covid-19 (qh343)
NFHS-5 Household,shb343rc_18,refusal due to covid-19 (qh343)
NFHS-5 Household,shb343rc_19,refusal due to covid-19 (qh343)
NFHS-5 Household,shb343rc_20,refusal due to covid-19 (qh343)
NFHS-5 Household,shb343rc_21,refusal due to covid-19 (qh343)
NFHS-5 Household,shb343rc_22,refusal due to covid-19 (qh343)
NFHS-5 Household,shb343rc_23,refusal due to covid-19 (qh343)
NFHS-5 Household,shb343rc_24,refusal due to covid-19 (qh343)
NFHS-5 Household,shb343rc_25,refusal due to covid-19 (qh343)
NFHS-5 Household,shb343rc_26,refusal due to covid-19 (qh343)
NFHS-5 Household,shb343rc_27,refusal due to covid-19 (qh343)
NFHS-5 Household,shb343rc_28,refusal due to covid-19 (qh343)
NFHS-5 Household,shb343rc_29,refusal due to covid-19 (qh343)
NFHS-5 Household,shb343rc_30,refusal due to covid-19 (qh343)
NFHS-5 Household,shb343rc_31,refusal due to covid-19 (qh343)
NFHS-5 Household,shb343rc_32,refusal due to covid-19 (qh343)
NFHS-5 Household,shb343rc_33,refusal due to covid-19 (qh343)
NFHS-5 Household,shb343rc_34,refusal due to covid-19 (qh343)
NFHS-5 Household,shb343rc_35,refusal due to covid-19 (qh343)
NFHS-5 Household,shb345rc_01,refusal due to covid-19 (qh345)
NFHS-5 Household,shb345rc_02,refusal due to covid-19 (qh345)
NFHS-5 Household,shb345rc_03,refusal due to covid-19 (qh345)
NFHS-5 Household,shb345rc_04,refusal due to covid-19 (qh345)
NFHS-5 Household,shb345rc_05,refusal due to covid-19 (qh345)
NFHS-5 Household,shb345rc_06,refusal due to covid-19 (qh345)
NFHS-5 Household,shb345rc_07,refusal due to covid-19 (qh345)
NFHS-5 Household,shb345rc_08,refusal due to covid-19 (qh345)
NFHS-5 Household,shb345rc_09,refusal due to covid-19 (qh345)
NFHS-5 Household,shb345rc_10,refusal due to covid-19 (qh345)
NFHS-5 Household,shb345rc_11,refusal due to covid-19 (qh345)
NFHS-5 Household,shb345rc_12,refusal due to covid-19 (qh345)
NFHS-5 Household,shb345rc_13,refusal due to covid-19 (qh345)
NFHS-5 Household,shb345rc_14,refusal due to covid-19 (qh345)
NFHS-5 Household,shb345rc_15,refusal due to covid-19 (qh345)
NFHS-5 Household,shb345rc_16,refusal due to covid-19 (qh345)
NFHS-5 Household,shb345rc_17,refusal due to covid-19 (qh345)
NFHS-5 Household,shb345rc_18,refusal due to covid-19 (qh345)
NFHS-5 Household,shb345rc_19,refusal due to covid-19 (qh345)
NFHS-5 Household,shb345rc_20,refusal due to covid-19 (qh345)
NFHS-5 Household,shb345rc_21,refusal due to covid-19 (qh345)
NFHS-5 Household,shb345rc_22,refusal due to covid-19 (qh345)
NFHS-5 Household,shb345rc_23,refusal due to covid-19 (qh345)
NFHS-5 Household,shb345rc_24,refusal due to covid-19 (qh345)
NFHS-5 Household,shb345rc_25,refusal due to covid-19 (qh345)
NFHS-5 Household,shb345rc_26,refusal due to covid-19 (qh345)
NFHS-5 Household,shb345rc_27,refusal due to covid-19 (qh345)
NFHS-5 Household,shb345rc_28,refusal due to covid-19 (qh345)
NFHS-5 Household,shb345rc_29,refusal due to covid-19 (qh345)
NFHS-5 Household,shb345rc_30,refusal due to covid-19 (qh345)
NFHS-5 Household,shb345rc_31,refusal due to covid-19 (qh345)
NFHS-5 Household,shb345rc_32,refusal due to covid-19 (qh345)
NFHS-5 Household,shb345rc_33,refusal due to covid-19 (qh345)
NFHS-5 Household,shb345rc_34,refusal due to covid-19 (qh345)
NFHS-5 Household,shb345rc_35,refusal due to covid-19 (qh345)
NFHS-5 Household,shb350rc_01,refusal due to covid-19 (qh350)
NFHS-5 Household,shb350rc_02,refusal due to covid-19 (qh350)
NFHS-5 Household,shb350rc_03,refusal due to covid-19 (qh350)
NFHS-5 Household,shb350rc_04,refusal due to covid-19 (qh350)
NFHS-5 Household,shb350rc_05,refusal due to covid-19 (qh350)
NFHS-5 Household,shb350rc_06,refusal due to covid-19 (qh350)
NFHS-5 Household,shb350rc_07,refusal due to covid-19 (qh350)
NFHS-5 Household,shb350rc_08,refusal due to covid-19 (qh350)
NFHS-5 Household,shb350rc_09,refusal due to covid-19 (qh350)
NFHS-5 Household,shb350rc_10,refusal due to covid-19 (qh350)
NFHS-5 Household,shb350rc_11,refusal due to covid-19 (qh350)
NFHS-5 Household,shb350rc_12,refusal due to covid-19 (qh350)
NFHS-5 Household,shb350rc_13,refusal due to covid-19 (qh350)
NFHS-5 Household,shb350rc_14,refusal due to covid-19 (qh350)
NFHS-5 Household,shb350rc_15,refusal due to covid-19 (qh350)
NFHS-5 Household,shb350rc_16,refusal due to covid-19 (qh350)
NFHS-5 Household,shb350rc_17,refusal due to covid-19 (qh350)
NFHS-5 Household,shb350rc_18,refusal due to covid-19 (qh350)
NFHS-5 Household,shb350rc_19,refusal due to covid-19 (qh350)
NFHS-5 Household,shb350rc_20,refusal due to covid-19 (qh350)
NFHS-5 Household,shb350rc_21,refusal due to covid-19 (qh350)
NFHS-5 Household,shb350rc_22,refusal due to covid-19 (qh350)
NFHS-5 Household,shb350rc_23,refusal due to covid-19 (qh350)
NFHS-5 Household,shb350rc_24,refusal due to covid-19 (qh350)
NFHS-5 Household,shb350rc_25,refusal due to covid-19 (qh350)
NFHS-5 Household,shb350rc_26,refusal due to covid-19 (qh350)
NFHS-5 Household,shb350rc_27,refusal due to covid-19 (qh350)
NFHS-5 Household,shb350rc_28,refusal due to covid-19 (qh350)
NFHS-5 Household,shb350rc_29,refusal due to covid-19 (qh350)
NFHS-5 Household,shb350rc_30,refusal due to covid-19 (qh350)
NFHS-5 Household,shb350rc_31,refusal due to covid-19 (qh350)
NFHS-5 Household,shb350rc_32,refusal due to covid-19 (qh350)
NFHS-5 Household,shb350rc_33,refusal due to covid-19 (qh350)
NFHS-5 Household,shb350rc_34,refusal due to covid-19 (qh350)
NFHS-5 Household,shb350rc_35,refusal due to covid-19 (qh350)
NFHS-5 Household,shb352rc_01,refusal due to covid-19 (qh352)
NFHS-5 Household,shb352rc_02,refusal due to covid-19 (qh352)
NFHS-5 Household,shb352rc_03,refusal due to covid-19 (qh352)
NFHS-5 Household,shb352rc_04,refusal due to covid-19 (qh352)
NFHS-5 Household,shb352rc_05,refusal due to covid-19 (qh352)
NFHS-5 Household,shb352rc_06,refusal due to covid-19 (qh352)
NFHS-5 Household,shb352rc_07,refusal due to covid-19 (qh352)
NFHS-5 Household,shb352rc_08,refusal due to covid-19 (qh352)
NFHS-5 Household,shb352rc_09,refusal due to covid-19 (qh352)
NFHS-5 Household,shb352rc_10,refusal due to covid-19 (qh352)
NFHS-5 Household,shb352rc_11,refusal due to covid-19 (qh352)
NFHS-5 Household,shb352rc_12,refusal due to covid-19 (qh352)
NFHS-5 Household,shb352rc_13,refusal due to covid-19 (qh352)
NFHS-5 Household,shb352rc_14,refusal due to covid-19 (qh352)
NFHS-5 Household,shb352rc_15,refusal due to covid-19 (qh352)
NFHS-5 Household,shb352rc_16,refusal due to covid-19 (qh352)
NFHS-5 Household,shb352rc_17,refusal due to covid-19 (qh352)
NFHS-5 Household,shb352rc_18,refusal due to covid-19 (qh352)
NFHS-5 Household,shb352rc_19,refusal due to covid-19 (qh352)
NFHS-5 Household,shb352rc_20,refusal due to covid-19 (qh352)
NFHS-5 Household,shb352rc_21,refusal due to covid-19 (qh352)
NFHS-5 Household,shb352rc_22,refusal due to covid-19 (qh352)
NFHS-5 Household,shb352rc_23,refusal due to covid-19 (qh352)
NFHS-5 Household,shb352rc_24,refusal due to covid-19 (qh352)
NFHS-5 Household,shb352rc_25,refusal due to covid-19 (qh352)
NFHS-5 Household,shb352rc_26,refusal due to covid-19 (qh352)
NFHS-5 Household,shb352rc_27,refusal due to covid-19 (qh352)
NFHS-5 Household,shb352rc_28,refusal due to covid-19 (qh352)
NFHS-5 Household,shb352rc_29,refusal due to covid-19 (qh352)
NFHS-5 Household,shb352rc_30,refusal due to covid-19 (qh352)
NFHS-5 Household,shb352rc_31,refusal due to covid-19 (qh352)
NFHS-5 Household,shb352rc_32,refusal due to covid-19 (qh352)
NFHS-5 Household,shb352rc_33,refusal due to covid-19 (qh352)
NFHS-5 Household,shb352rc_34,refusal due to covid-19 (qh352)
NFHS-5 Household,shb352rc_35,refusal due to covid-19 (qh352)
NFHS-5 Household,shb362rc_01,refusal due to covid-19 (qh362)
NFHS-5 Household,shb362rc_02,refusal due to covid-19 (qh362)
NFHS-5 Household,shb362rc_03,refusal due to covid-19 (qh362)
NFHS-5 Household,shb362rc_04,refusal due to covid-19 (qh362)
NFHS-5 Household,shb362rc_05,refusal due to covid-19 (qh362)
NFHS-5 Household,shb362rc_06,refusal due to covid-19 (qh362)
NFHS-5 Household,shb362rc_07,refusal due to covid-19 (qh362)
NFHS-5 Household,shb362rc_08,refusal due to covid-19 (qh362)
NFHS-5 Household,shb362rc_09,refusal due to covid-19 (qh362)
NFHS-5 Household,shb362rc_10,refusal due to covid-19 (qh362)
NFHS-5 Household,shb362rc_11,refusal due to covid-19 (qh362)
NFHS-5 Household,shb362rc_12,refusal due to covid-19 (qh362)
NFHS-5 Household,shb362rc_13,refusal due to covid-19 (qh362)
NFHS-5 Household,shb362rc_14,refusal due to covid-19 (qh362)
NFHS-5 Household,shb362rc_15,refusal due to covid-19 (qh362)
NFHS-5 Household,shb362rc_16,refusal due to covid-19 (qh362)
NFHS-5 Household,shb362rc_17,refusal due to covid-19 (qh362)
NFHS-5 Household,shb362rc_18,refusal due to covid-19 (qh362)
NFHS-5 Household,shb362rc_19,refusal due to covid-19 (qh362)
NFHS-5 Household,shb362rc_20,refusal due to covid-19 (qh362)
NFHS-5 Household,shb362rc_21,refusal due to covid-19 (qh362)
NFHS-5 Household,shb362rc_22,refusal due to covid-19 (qh362)
NFHS-5 Household,shb362rc_23,refusal due to covid-19 (qh362)
NFHS-5 Household,shb362rc_24,refusal due to covid-19 (qh362)
NFHS-5 Household,shb362rc_25,refusal due to covid-19 (qh362)
NFHS-5 Household,shb362rc_26,refusal due to covid-19 (qh362)
NFHS-5 Household,shb362rc_27,refusal due to covid-19 (qh362)
NFHS-5 Household,shb362rc_28,refusal due to covid-19 (qh362)
NFHS-5 Household,shb362rc_29,refusal due to covid-19 (qh362)
NFHS-5 Household,shb362rc_30,refusal due to covid-19 (qh362)
NFHS-5 Household,shb362rc_31,refusal due to covid-19 (qh362)
NFHS-5 Household,shb362rc_32,refusal due to covid-19 (qh362)
NFHS-5 Household,shb362rc_33,refusal due to covid-19 (qh362)
NFHS-5 Household,shb362rc_34,refusal due to covid-19 (qh362)
NFHS-5 Household,shb362rc_35,refusal due to covid-19 (qh362)
NFHS-5 Household,shb364rc_01,refusal due to covid-19 (qh364)
NFHS-5 Household,shb364rc_02,refusal due to covid-19 (qh364)
NFHS-5 Household,shb364rc_03,refusal due to covid-19 (qh364)
NFHS-5 Household,shb364rc_04,refusal due to covid-19 (qh364)
NFHS-5 Household,shb364rc_05,refusal due to covid-19 (qh364)
NFHS-5 Household,shb364rc_06,refusal due to covid-19 (qh364)
NFHS-5 Household,shb364rc_07,refusal due to covid-19 (qh364)
NFHS-5 Household,shb364rc_08,refusal due to covid-19 (qh364)
NFHS-5 Household,shb364rc_09,refusal due to covid-19 (qh364)
NFHS-5 Household,shb364rc_10,refusal due to covid-19 (qh364)
NFHS-5 Household,shb364rc_11,refusal due to covid-19 (qh364)
NFHS-5 Household,shb364rc_12,refusal due to covid-19 (qh364)
NFHS-5 Household,shb364rc_13,refusal due to covid-19 (qh364)
NFHS-5 Household,shb364rc_14,refusal due to covid-19 (qh364)
NFHS-5 Household,shb364rc_15,refusal due to covid-19 (qh364)
NFHS-5 Household,shb364rc_16,refusal due to covid-19 (qh364)
NFHS-5 Household,shb364rc_17,refusal due to covid-19 (qh364)
NFHS-5 Household,shb364rc_18,refusal due to covid-19 (qh364)
NFHS-5 Household,shb364rc_19,refusal due to covid-19 (qh364)
NFHS-5 Household,shb364rc_20,refusal due to covid-19 (qh364)
NFHS-5 Household,shb364rc_21,refusal due to covid-19 (qh364)
NFHS-5 Household,shb364rc_22,refusal due to covid-19 (qh364)
NFHS-5 Household,shb364rc_23,refusal due to covid-19 (qh364)
NFHS-5 Household,shb364rc_24,refusal due to covid-19 (qh364)
NFHS-5 Household,shb364rc_25,refusal due to covid-19 (qh364)
NFHS-5 Household,shb364rc_26,refusal due to covid-19 (qh364)
NFHS-5 Household,shb364rc_27,refusal due to covid-19 (qh364)
NFHS-5 Household,shb364rc_28,refusal due to covid-19 (qh364)
NFHS-5 Household,shb364rc_29,refusal due to covid-19 (qh364)
NFHS-5 Household,shb364rc_30,refusal due to covid-19 (qh364)
NFHS-5 Household,shb364rc_31,refusal due to covid-19 (qh364)
NFHS-5 Household,shb364rc_32,refusal due to covid-19 (qh364)
NFHS-5 Household,shb364rc_33,refusal due to covid-19 (qh364)
NFHS-5 Household,shb364rc_34,refusal due to covid-19 (qh364)
NFHS-5 Household,shb364rc_35,refusal due to covid-19 (qh364)
NFHS-5 Household,shb368rc_01,refusal due to covid-19 (qh368)
NFHS-5 Household,shb368rc_02,refusal due to covid-19 (qh368)
NFHS-5 Household,shb368rc_03,refusal due to covid-19 (qh368)
NFHS-5 Household,shb368rc_04,refusal due to covid-19 (qh368)
NFHS-5 Household,shb368rc_05,refusal due to covid-19 (qh368)
NFHS-5 Household,shb368rc_06,refusal due to covid-19 (qh368)
NFHS-5 Household,shb368rc_07,refusal due to covid-19 (qh368)
NFHS-5 Household,shb368rc_08,refusal due to covid-19 (qh368)
NFHS-5 Household,shb368rc_09,refusal due to covid-19 (qh368)
NFHS-5 Household,shb368rc_10,refusal due to covid-19 (qh368)
NFHS-5 Household,shb368rc_11,refusal due to covid-19 (qh368)
NFHS-5 Household,shb368rc_12,refusal due to covid-19 (qh368)
NFHS-5 Household,shb368rc_13,refusal due to covid-19 (qh368)
NFHS-5 Household,shb368rc_14,refusal due to covid-19 (qh368)
NFHS-5 Household,shb368rc_15,refusal due to covid-19 (qh368)
NFHS-5 Household,shb368rc_16,refusal due to covid-19 (qh368)
NFHS-5 Household,shb368rc_17,refusal due to covid-19 (qh368)
NFHS-5 Household,shb368rc_18,refusal due to covid-19 (qh368)
NFHS-5 Household,shb368rc_19,refusal due to covid-19 (qh368)
NFHS-5 Household,shb368rc_20,refusal due to covid-19 (qh368)
NFHS-5 Household,shb368rc_21,refusal due to covid-19 (qh368)
NFHS-5 Household,shb368rc_22,refusal due to covid-19 (qh368)
NFHS-5 Household,shb368rc_23,refusal due to covid-19 (qh368)
NFHS-5 Household,shb368rc_24,refusal due to covid-19 (qh368)
NFHS-5 Household,shb368rc_25,refusal due to covid-19 (qh368)
NFHS-5 Household,shb368rc_26,refusal due to covid-19 (qh368)
NFHS-5 Household,shb368rc_27,refusal due to covid-19 (qh368)
NFHS-5 Household,shb368rc_28,refusal due to covid-19 (qh368)
NFHS-5 Household,shb368rc_29,refusal due to covid-19 (qh368)
NFHS-5 Household,shb368rc_30,refusal due to covid-19 (qh368)
NFHS-5 Household,shb368rc_31,refusal due to covid-19 (qh368)
NFHS-5 Household,shb368rc_32,refusal due to covid-19 (qh368)
NFHS-5 Household,shb368rc_33,refusal due to covid-19 (qh368)
NFHS-5 Household,shb368rc_34,refusal due to covid-19 (qh368)
NFHS-5 Household,shb368rc_35,refusal due to covid-19 (qh368)
NFHS-5 Household,shb370rc_01,refusal due to covid-19 (qh370)
NFHS-5 Household,shb370rc_02,refusal due to covid-19 (qh370)
NFHS-5 Household,shb370rc_03,refusal due to covid-19 (qh370)
NFHS-5 Household,shb370rc_04,refusal due to covid-19 (qh370)
NFHS-5 Household,shb370rc_05,refusal due to covid-19 (qh370)
NFHS-5 Household,shb370rc_06,refusal due to covid-19 (qh370)
NFHS-5 Household,shb370rc_07,refusal due to covid-19 (qh370)
NFHS-5 Household,shb370rc_08,refusal due to covid-19 (qh370)
NFHS-5 Household,shb370rc_09,refusal due to covid-19 (qh370)
NFHS-5 Household,shb370rc_10,refusal due to covid-19 (qh370)
NFHS-5 Household,shb370rc_11,refusal due to covid-19 (qh370)
NFHS-5 Household,shb370rc_12,refusal due to covid-19 (qh370)
NFHS-5 Household,shb370rc_13,refusal due to covid-19 (qh370)
NFHS-5 Household,shb370rc_14,refusal due to covid-19 (qh370)
NFHS-5 Household,shb370rc_15,refusal due to covid-19 (qh370)
NFHS-5 Household,shb370rc_16,refusal due to covid-19 (qh370)
NFHS-5 Household,shb370rc_17,refusal due to covid-19 (qh370)
NFHS-5 Household,shb370rc_18,refusal due to covid-19 (qh370)
NFHS-5 Household,shb370rc_19,refusal due to covid-19 (qh370)
NFHS-5 Household,shb370rc_20,refusal due to covid-19 (qh370)
NFHS-5 Household,shb370rc_21,refusal due to covid-19 (qh370)
NFHS-5 Household,shb370rc_22,refusal due to covid-19 (qh370)
NFHS-5 Household,shb370rc_23,refusal due to covid-19 (qh370)
NFHS-5 Household,shb370rc_24,refusal due to covid-19 (qh370)
NFHS-5 Household,shb370rc_25,refusal due to covid-19 (qh370)
NFHS-5 Household,shb370rc_26,refusal due to covid-19 (qh370)
NFHS-5 Household,shb370rc_27,refusal due to covid-19 (qh370)
NFHS-5 Household,shb370rc_28,refusal due to covid-19 (qh370)
NFHS-5 Household,shb370rc_29,refusal due to covid-19 (qh370)
NFHS-5 Household,shb370rc_30,refusal due to covid-19 (qh370)
NFHS-5 Household,shb370rc_31,refusal due to covid-19 (qh370)
NFHS-5 Household,shb370rc_32,refusal due to covid-19 (qh370)
NFHS-5 Household,shb370rc_33,refusal due to covid-19 (qh370)
NFHS-5 Household,shb370rc_34,refusal due to covid-19 (qh370)
NFHS-5 Household,shb370rc_35,refusal due to covid-19 (qh370)
NFHS-5 Household,shb374rc_01,refusal due to covid-19 (qh374)
NFHS-5 Household,shb374rc_02,refusal due to covid-19 (qh374)
NFHS-5 Household,shb374rc_03,refusal due to covid-19 (qh374)
NFHS-5 Household,shb374rc_04,refusal due to covid-19 (qh374)
NFHS-5 Household,shb374rc_05,refusal due to covid-19 (qh374)
NFHS-5 Household,shb374rc_06,refusal due to covid-19 (qh374)
NFHS-5 Household,shb374rc_07,refusal due to covid-19 (qh374)
NFHS-5 Household,shb374rc_08,refusal due to covid-19 (qh374)
NFHS-5 Household,shb374rc_09,refusal due to covid-19 (qh374)
NFHS-5 Household,shb374rc_10,refusal due to covid-19 (qh374)
NFHS-5 Household,shb374rc_11,refusal due to covid-19 (qh374)
NFHS-5 Household,shb374rc_12,refusal due to covid-19 (qh374)
NFHS-5 Household,shb374rc_13,refusal due to covid-19 (qh374)
NFHS-5 Household,shb374rc_14,refusal due to covid-19 (qh374)
NFHS-5 Household,shb374rc_15,refusal due to covid-19 (qh374)
NFHS-5 Household,shb374rc_16,refusal due to covid-19 (qh374)
NFHS-5 Household,shb374rc_17,refusal due to covid-19 (qh374)
NFHS-5 Household,shb374rc_18,refusal due to covid-19 (qh374)
NFHS-5 Household,shb374rc_19,refusal due to covid-19 (qh374)
NFHS-5 Household,shb374rc_20,refusal due to covid-19 (qh374)
NFHS-5 Household,shb374rc_21,refusal due to covid-19 (qh374)
NFHS-5 Household,shb374rc_22,refusal due to covid-19 (qh374)
NFHS-5 Household,shb374rc_23,refusal due to covid-19 (qh374)
NFHS-5 Household,shb374rc_24,refusal due to covid-19 (qh374)
NFHS-5 Household,shb374rc_25,refusal due to covid-19 (qh374)
NFHS-5 Household,shb374rc_26,refusal due to covid-19 (qh374)
NFHS-5 Household,shb374rc_27,refusal due to covid-19 (qh374)
NFHS-5 Household,shb374rc_28,refusal due to covid-19 (qh374)
NFHS-5 Household,shb374rc_29,refusal due to covid-19 (qh374)
NFHS-5 Household,shb374rc_30,refusal due to covid-19 (qh374)
NFHS-5 Household,shb374rc_31,refusal due to covid-19 (qh374)
NFHS-5 Household,shb374rc_32,refusal due to covid-19 (qh374)
NFHS-5 Household,shb374rc_33,refusal due to covid-19 (qh374)
NFHS-5 Household,shb374rc_34,refusal due to covid-19 (qh374)
NFHS-5 Household,shb374rc_35,refusal due to covid-19 (qh374)
NFHS-5 Household,shb375rc_01,refusal due to covid-19 (qh375)
NFHS-5 Household,shb375rc_02,refusal due to covid-19 (qh375)
NFHS-5 Household,shb375rc_03,refusal due to covid-19 (qh375)
NFHS-5 Household,shb375rc_04,refusal due to covid-19 (qh375)
NFHS-5 Household,shb375rc_05,refusal due to covid-19 (qh375)
NFHS-5 Household,shb375rc_06,refusal due to covid-19 (qh375)
NFHS-5 Household,shb375rc_07,refusal due to covid-19 (qh375)
NFHS-5 Household,shb375rc_08,refusal due to covid-19 (qh375)
NFHS-5 Household,shb375rc_09,refusal due to covid-19 (qh375)
NFHS-5 Household,shb375rc_10,refusal due to covid-19 (qh375)
NFHS-5 Household,shb375rc_11,refusal due to covid-19 (qh375)
NFHS-5 Household,shb375rc_12,refusal due to covid-19 (qh375)
NFHS-5 Household,shb375rc_13,refusal due to covid-19 (qh375)
NFHS-5 Household,shb375rc_14,refusal due to covid-19 (qh375)
NFHS-5 Household,shb375rc_15,refusal due to covid-19 (qh375)
NFHS-5 Household,shb375rc_16,refusal due to covid-19 (qh375)
NFHS-5 Household,shb375rc_17,refusal due to covid-19 (qh375)
NFHS-5 Household,shb375rc_18,refusal due to covid-19 (qh375)
NFHS-5 Household,shb375rc_19,refusal due to covid-19 (qh375)
NFHS-5 Household,shb375rc_20,refusal due to covid-19 (qh375)
NFHS-5 Household,shb375rc_21,refusal due to covid-19 (qh375)
NFHS-5 Household,shb375rc_22,refusal due to covid-19 (qh375)
NFHS-5 Household,shb375rc_23,refusal due to covid-19 (qh375)
NFHS-5 Household,shb375rc_24,refusal due to covid-19 (qh375)
NFHS-5 Household,shb375rc_25,refusal due to covid-19 (qh375)
NFHS-5 Household,shb375rc_26,refusal due to covid-19 (qh375)
NFHS-5 Household,shb375rc_27,refusal due to covid-19 (qh375)
NFHS-5 Household,shb375rc_28,refusal due to covid-19 (qh375)
NFHS-5 Household,shb375rc_29,refusal due to covid-19 (qh375)
NFHS-5 Household,shb375rc_30,refusal due to covid-19 (qh375)
NFHS-5 Household,shb375rc_31,refusal due to covid-19 (qh375)
NFHS-5 Household,shb375rc_32,refusal due to covid-19 (qh375)
NFHS-5 Household,shb375rc_33,refusal due to covid-19 (qh375)
NFHS-5 Household,shb375rc_34,refusal due to covid-19 (qh375)
NFHS-5 Household,shb375rc_35,refusal due to covid-19 (qh375)
NFHS-5 Household,ha0_01,index to household schedule
NFHS-5 Household,ha0_02,index to household schedule
NFHS-5 Household,ha0_03,index to household schedule
NFHS-5 Household,ha0_04,index to household schedule
NFHS-5 Household,ha0_05,index to household schedule
NFHS-5 Household,ha0_06,index to household schedule
NFHS-5 Household,ha0_07,index to household schedule
NFHS-5 Household,ha0_08,index to household schedule
NFHS-5 Household,ha0_09,index to household schedule
NFHS-5 Household,ha0_10,index to household schedule
NFHS-5 Household,ha0_11,index to household schedule
NFHS-5 Household,ha0_12,index to household schedule
NFHS-5 Household,ha0_13,index to household schedule
NFHS-5 Household,ha0_14,index to household schedule
NFHS-5 Household,ha0_15,index to household schedule
NFHS-5 Household,ha1_01,woman's age in years
NFHS-5 Household,ha1_02,woman's age in years
NFHS-5 Household,ha1_03,woman's age in years
NFHS-5 Household,ha1_04,woman's age in years
NFHS-5 Household,ha1_05,woman's age in years
NFHS-5 Household,ha1_06,woman's age in years
NFHS-5 Household,ha1_07,woman's age in years
NFHS-5 Household,ha1_08,woman's age in years
NFHS-5 Household,ha1_09,woman's age in years
NFHS-5 Household,ha1_10,woman's age in years
NFHS-5 Household,ha1_11,woman's age in years
NFHS-5 Household,ha1_12,woman's age in years
NFHS-5 Household,ha1_13,woman's age in years
NFHS-5 Household,ha1_14,woman's age in years
NFHS-5 Household,ha1_15,woman's age in years
NFHS-5 Household,ha2_01,woman's weight in kilograms (1 decimal)
NFHS-5 Household,ha2_02,woman's weight in kilograms (1 decimal)
NFHS-5 Household,ha2_03,woman's weight in kilograms (1 decimal)
NFHS-5 Household,ha2_04,woman's weight in kilograms (1 decimal)
NFHS-5 Household,ha2_05,woman's weight in kilograms (1 decimal)
NFHS-5 Household,ha2_06,woman's weight in kilograms (1 decimal)
NFHS-5 Household,ha2_07,woman's weight in kilograms (1 decimal)
NFHS-5 Household,ha2_08,woman's weight in kilograms (1 decimal)
NFHS-5 Household,ha2_09,woman's weight in kilograms (1 decimal)
NFHS-5 Household,ha2_10,woman's weight in kilograms (1 decimal)
NFHS-5 Household,ha2_11,woman's weight in kilograms (1 decimal)
NFHS-5 Household,ha2_12,woman's weight in kilograms (1 decimal)
NFHS-5 Household,ha2_13,woman's weight in kilograms (1 decimal)
NFHS-5 Household,ha2_14,woman's weight in kilograms (1 decimal)
NFHS-5 Household,ha2_15,woman's weight in kilograms (1 decimal)
NFHS-5 Household,ha3_01,woman's height in centimeters (1 decimal)
NFHS-5 Household,ha3_02,woman's height in centimeters (1 decimal)
NFHS-5 Household,ha3_03,woman's height in centimeters (1 decimal)
NFHS-5 Household,ha3_04,woman's height in centimeters (1 decimal)
NFHS-5 Household,ha3_05,woman's height in centimeters (1 decimal)
NFHS-5 Household,ha3_06,woman's height in centimeters (1 decimal)
NFHS-5 Household,ha3_07,woman's height in centimeters (1 decimal)
NFHS-5 Household,ha3_08,woman's height in centimeters (1 decimal)
NFHS-5 Household,ha3_09,woman's height in centimeters (1 decimal)
NFHS-5 Household,ha3_10,woman's height in centimeters (1 decimal)
NFHS-5 Household,ha3_11,woman's height in centimeters (1 decimal)
NFHS-5 Household,ha3_12,woman's height in centimeters (1 decimal)
NFHS-5 Household,ha3_13,woman's height in centimeters (1 decimal)
NFHS-5 Household,ha3_14,woman's height in centimeters (1 decimal)
NFHS-5 Household,ha3_15,woman's height in centimeters (1 decimal)
NFHS-5 Household,ha4_01,height/age percentile
NFHS-5 Household,ha4_02,height/age percentile
NFHS-5 Household,ha4_03,height/age percentile
NFHS-5 Household,ha4_04,height/age percentile
NFHS-5 Household,ha4_05,height/age percentile
NFHS-5 Household,ha4_06,height/age percentile
NFHS-5 Household,ha4_07,height/age percentile
NFHS-5 Household,ha4_08,height/age percentile
NFHS-5 Household,ha4_09,height/age percentile
NFHS-5 Household,ha4_10,height/age percentile
NFHS-5 Household,ha4_11,height/age percentile
NFHS-5 Household,ha4_12,height/age percentile
NFHS-5 Household,ha4_13,height/age percentile
NFHS-5 Household,ha4_14,height/age percentile
NFHS-5 Household,ha4_15,height/age percentile
NFHS-5 Household,ha5_01,height/age standard deviation
NFHS-5 Household,ha5_02,height/age standard deviation
NFHS-5 Household,ha5_03,height/age standard deviation
NFHS-5 Household,ha5_04,height/age standard deviation
NFHS-5 Household,ha5_05,height/age standard deviation
NFHS-5 Household,ha5_06,height/age standard deviation
NFHS-5 Household,ha5_07,height/age standard deviation
NFHS-5 Household,ha5_08,height/age standard deviation
NFHS-5 Household,ha5_09,height/age standard deviation
NFHS-5 Household,ha5_10,height/age standard deviation
NFHS-5 Household,ha5_11,height/age standard deviation
NFHS-5 Household,ha5_12,height/age standard deviation
NFHS-5 Household,ha5_13,height/age standard deviation
NFHS-5 Household,ha5_14,height/age standard deviation
NFHS-5 Household,ha5_15,height/age standard deviation
NFHS-5 Household,ha6_01,height/age percent ref. median
NFHS-5 Household,ha6_02,height/age percent ref. median
NFHS-5 Household,ha6_03,height/age percent ref. median
NFHS-5 Household,ha6_04,height/age percent ref. median
NFHS-5 Household,ha6_05,height/age percent ref. median
NFHS-5 Household,ha6_06,height/age percent ref. median
NFHS-5 Household,ha6_07,height/age percent ref. median
NFHS-5 Household,ha6_08,height/age percent ref. median
NFHS-5 Household,ha6_09,height/age percent ref. median
NFHS-5 Household,ha6_10,height/age percent ref. median
NFHS-5 Household,ha6_11,height/age percent ref. median
NFHS-5 Household,ha6_12,height/age percent ref. median
NFHS-5 Household,ha6_13,height/age percent ref. median
NFHS-5 Household,ha6_14,height/age percent ref. median
NFHS-5 Household,ha6_15,height/age percent ref. median
NFHS-5 Household,ha11_01,weight/height standard deviation (dhs)
NFHS-5 Household,ha11_02,weight/height standard deviation (dhs)
NFHS-5 Household,ha11_03,weight/height standard deviation (dhs)
NFHS-5 Household,ha11_04,weight/height standard deviation (dhs)
NFHS-5 Household,ha11_05,weight/height standard deviation (dhs)
NFHS-5 Household,ha11_06,weight/height standard deviation (dhs)
NFHS-5 Household,ha11_07,weight/height standard deviation (dhs)
NFHS-5 Household,ha11_08,weight/height standard deviation (dhs)
NFHS-5 Household,ha11_09,weight/height standard deviation (dhs)
NFHS-5 Household,ha11_10,weight/height standard deviation (dhs)
NFHS-5 Household,ha11_11,weight/height standard deviation (dhs)
NFHS-5 Household,ha11_12,weight/height standard deviation (dhs)
NFHS-5 Household,ha11_13,weight/height standard deviation (dhs)
NFHS-5 Household,ha11_14,weight/height standard deviation (dhs)
NFHS-5 Household,ha11_15,weight/height standard deviation (dhs)
NFHS-5 Household,ha12_01,weight/height percent ref. median (dhs)
NFHS-5 Household,ha12_02,weight/height percent ref. median (dhs)
NFHS-5 Household,ha12_03,weight/height percent ref. median (dhs)
NFHS-5 Household,ha12_04,weight/height percent ref. median (dhs)
NFHS-5 Household,ha12_05,weight/height percent ref. median (dhs)
NFHS-5 Household,ha12_06,weight/height percent ref. median (dhs)
NFHS-5 Household,ha12_07,weight/height percent ref. median (dhs)
NFHS-5 Household,ha12_08,weight/height percent ref. median (dhs)
NFHS-5 Household,ha12_09,weight/height percent ref. median (dhs)
NFHS-5 Household,ha12_10,weight/height percent ref. median (dhs)
NFHS-5 Household,ha12_11,weight/height percent ref. median (dhs)
NFHS-5 Household,ha12_12,weight/height percent ref. median (dhs)
NFHS-5 Household,ha12_13,weight/height percent ref. median (dhs)
NFHS-5 Household,ha12_14,weight/height percent ref. median (dhs)
NFHS-5 Household,ha12_15,weight/height percent ref. median (dhs)
NFHS-5 Household,ha12a_01,weight/height percent ref. median (fog)
NFHS-5 Household,ha12a_02,weight/height percent ref. median (fog)
NFHS-5 Household,ha12a_03,weight/height percent ref. median (fog)
NFHS-5 Household,ha12a_04,weight/height percent ref. median (fog)
NFHS-5 Household,ha12a_05,weight/height percent ref. median (fog)
NFHS-5 Household,ha12a_06,weight/height percent ref. median (fog)
NFHS-5 Household,ha12a_07,weight/height percent ref. median (fog)
NFHS-5 Household,ha12a_08,weight/height percent ref. median (fog)
NFHS-5 Household,ha12a_09,weight/height percent ref. median (fog)
NFHS-5 Household,ha12a_10,weight/height percent ref. median (fog)
NFHS-5 Household,ha12a_11,weight/height percent ref. median (fog)
NFHS-5 Household,ha12a_12,weight/height percent ref. median (fog)
NFHS-5 Household,ha12a_13,weight/height percent ref. median (fog)
NFHS-5 Household,ha12a_14,weight/height percent ref. median (fog)
NFHS-5 Household,ha12a_15,weight/height percent ref. median (fog)
NFHS-5 Household,ha12b_01,weight/height percent ref. median (who)
NFHS-5 Household,ha12b_02,weight/height percent ref. median (who)
NFHS-5 Household,ha12b_03,weight/height percent ref. median (who)
NFHS-5 Household,ha12b_04,weight/height percent ref. median (who)
NFHS-5 Household,ha12b_05,weight/height percent ref. median (who)
NFHS-5 Household,ha12b_06,weight/height percent ref. median (who)
NFHS-5 Household,ha12b_07,weight/height percent ref. median (who)
NFHS-5 Household,ha12b_08,weight/height percent ref. median (who)
NFHS-5 Household,ha12b_09,weight/height percent ref. median (who)
NFHS-5 Household,ha12b_10,weight/height percent ref. median (who)
NFHS-5 Household,ha12b_11,weight/height percent ref. median (who)
NFHS-5 Household,ha12b_12,weight/height percent ref. median (who)
NFHS-5 Household,ha12b_13,weight/height percent ref. median (who)
NFHS-5 Household,ha12b_14,weight/height percent ref. median (who)
NFHS-5 Household,ha12b_15,weight/height percent ref. median (who)
NFHS-5 Household,ha13_01,result of measurement - height/weight
NFHS-5 Household,ha13_02,result of measurement - height/weight
NFHS-5 Household,ha13_03,result of measurement - height/weight
NFHS-5 Household,ha13_04,result of measurement - height/weight
NFHS-5 Household,ha13_05,result of measurement - height/weight
NFHS-5 Household,ha13_06,result of measurement - height/weight
NFHS-5 Household,ha13_07,result of measurement - height/weight
NFHS-5 Household,ha13_08,result of measurement - height/weight
NFHS-5 Household,ha13_09,result of measurement - height/weight
NFHS-5 Household,ha13_10,result of measurement - height/weight
NFHS-5 Household,ha13_11,result of measurement - height/weight
NFHS-5 Household,ha13_12,result of measurement - height/weight
NFHS-5 Household,ha13_13,result of measurement - height/weight
NFHS-5 Household,ha13_14,result of measurement - height/weight
NFHS-5 Household,ha13_15,result of measurement - height/weight
NFHS-5 Household,ha21_01,fieldworker measurer code
NFHS-5 Household,ha21_02,fieldworker measurer code
NFHS-5 Household,ha21_03,fieldworker measurer code
NFHS-5 Household,ha21_04,fieldworker measurer code
NFHS-5 Household,ha21_05,fieldworker measurer code
NFHS-5 Household,ha21_06,fieldworker measurer code
NFHS-5 Household,ha21_07,fieldworker measurer code
NFHS-5 Household,ha21_08,fieldworker measurer code
NFHS-5 Household,ha21_09,fieldworker measurer code
NFHS-5 Household,ha21_10,fieldworker measurer code
NFHS-5 Household,ha21_11,fieldworker measurer code
NFHS-5 Household,ha21_12,fieldworker measurer code
NFHS-5 Household,ha21_13,fieldworker measurer code
NFHS-5 Household,ha21_14,fieldworker measurer code
NFHS-5 Household,ha21_15,fieldworker measurer code
NFHS-5 Household,ha32_01,date of birth (cmc)
NFHS-5 Household,ha32_02,date of birth (cmc)
NFHS-5 Household,ha32_03,date of birth (cmc)
NFHS-5 Household,ha32_04,date of birth (cmc)
NFHS-5 Household,ha32_05,date of birth (cmc)
NFHS-5 Household,ha32_06,date of birth (cmc)
NFHS-5 Household,ha32_07,date of birth (cmc)
NFHS-5 Household,ha32_08,date of birth (cmc)
NFHS-5 Household,ha32_09,date of birth (cmc)
NFHS-5 Household,ha32_10,date of birth (cmc)
NFHS-5 Household,ha32_11,date of birth (cmc)
NFHS-5 Household,ha32_12,date of birth (cmc)
NFHS-5 Household,ha32_13,date of birth (cmc)
NFHS-5 Household,ha32_14,date of birth (cmc)
NFHS-5 Household,ha32_15,date of birth (cmc)
NFHS-5 Household,ha33_01,completeness of ha32 information
NFHS-5 Household,ha33_02,completeness of ha32 information
NFHS-5 Household,ha33_03,completeness of ha32 information
NFHS-5 Household,ha33_04,completeness of ha32 information
NFHS-5 Household,ha33_05,completeness of ha32 information
NFHS-5 Household,ha33_06,completeness of ha32 information
NFHS-5 Household,ha33_07,completeness of ha32 information
NFHS-5 Household,ha33_08,completeness of ha32 information
NFHS-5 Household,ha33_09,completeness of ha32 information
NFHS-5 Household,ha33_10,completeness of ha32 information
NFHS-5 Household,ha33_11,completeness of ha32 information
NFHS-5 Household,ha33_12,completeness of ha32 information
NFHS-5 Household,ha33_13,completeness of ha32 information
NFHS-5 Household,ha33_14,completeness of ha32 information
NFHS-5 Household,ha33_15,completeness of ha32 information
NFHS-5 Household,ha35_01,smoking (cigarettes in last 24 hours)
NFHS-5 Household,ha35_02,smoking (cigarettes in last 24 hours)
NFHS-5 Household,ha35_03,smoking (cigarettes in last 24 hours)
NFHS-5 Household,ha35_04,smoking (cigarettes in last 24 hours)
NFHS-5 Household,ha35_05,smoking (cigarettes in last 24 hours)
NFHS-5 Household,ha35_06,smoking (cigarettes in last 24 hours)
NFHS-5 Household,ha35_07,smoking (cigarettes in last 24 hours)
NFHS-5 Household,ha35_08,smoking (cigarettes in last 24 hours)
NFHS-5 Household,ha35_09,smoking (cigarettes in last 24 hours)
NFHS-5 Household,ha35_10,smoking (cigarettes in last 24 hours)
NFHS-5 Household,ha35_11,smoking (cigarettes in last 24 hours)
NFHS-5 Household,ha35_12,smoking (cigarettes in last 24 hours)
NFHS-5 Household,ha35_13,smoking (cigarettes in last 24 hours)
NFHS-5 Household,ha35_14,smoking (cigarettes in last 24 hours)
NFHS-5 Household,ha35_15,smoking (cigarettes in last 24 hours)
NFHS-5 Household,ha40_01,body mass index
NFHS-5 Household,ha40_02,body mass index
NFHS-5 Household,ha40_03,body mass index
NFHS-5 Household,ha40_04,body mass index
NFHS-5 Household,ha40_05,body mass index
NFHS-5 Household,ha40_06,body mass index
NFHS-5 Household,ha40_07,body mass index
NFHS-5 Household,ha40_08,body mass index
NFHS-5 Household,ha40_09,body mass index
NFHS-5 Household,ha40_10,body mass index
NFHS-5 Household,ha40_11,body mass index
NFHS-5 Household,ha40_12,body mass index
NFHS-5 Household,ha40_13,body mass index
NFHS-5 Household,ha40_14,body mass index
NFHS-5 Household,ha40_15,body mass index
NFHS-5 Household,ha41_01,rohrer's index
NFHS-5 Household,ha41_02,rohrer's index
NFHS-5 Household,ha41_03,rohrer's index
NFHS-5 Household,ha41_04,rohrer's index
NFHS-5 Household,ha41_05,rohrer's index
NFHS-5 Household,ha41_06,rohrer's index
NFHS-5 Household,ha41_07,rohrer's index
NFHS-5 Household,ha41_08,rohrer's index
NFHS-5 Household,ha41_09,rohrer's index
NFHS-5 Household,ha41_10,rohrer's index
NFHS-5 Household,ha41_11,rohrer's index
NFHS-5 Household,ha41_12,rohrer's index
NFHS-5 Household,ha41_13,rohrer's index
NFHS-5 Household,ha41_14,rohrer's index
NFHS-5 Household,ha41_15,rohrer's index
NFHS-5 Household,ha50_01,under age 18
NFHS-5 Household,ha50_02,under age 18
NFHS-5 Household,ha50_03,under age 18
NFHS-5 Household,ha50_04,under age 18
NFHS-5 Household,ha50_05,under age 18
NFHS-5 Household,ha50_06,under age 18
NFHS-5 Household,ha50_07,under age 18
NFHS-5 Household,ha50_08,under age 18
NFHS-5 Household,ha50_09,under age 18
NFHS-5 Household,ha50_10,under age 18
NFHS-5 Household,ha50_11,under age 18
NFHS-5 Household,ha50_12,under age 18
NFHS-5 Household,ha50_13,under age 18
NFHS-5 Household,ha50_14,under age 18
NFHS-5 Household,ha50_15,under age 18
NFHS-5 Household,ha51_01,line number of parent/caretaker
NFHS-5 Household,ha51_02,line number of parent/caretaker
NFHS-5 Household,ha51_03,line number of parent/caretaker
NFHS-5 Household,ha51_04,line number of parent/caretaker
NFHS-5 Household,ha51_05,line number of parent/caretaker
NFHS-5 Household,ha51_06,line number of parent/caretaker
NFHS-5 Household,ha51_07,line number of parent/caretaker
NFHS-5 Household,ha51_08,line number of parent/caretaker
NFHS-5 Household,ha51_09,line number of parent/caretaker
NFHS-5 Household,ha51_10,line number of parent/caretaker
NFHS-5 Household,ha51_11,line number of parent/caretaker
NFHS-5 Household,ha51_12,line number of parent/caretaker
NFHS-5 Household,ha51_13,line number of parent/caretaker
NFHS-5 Household,ha51_14,line number of parent/caretaker
NFHS-5 Household,ha51_15,line number of parent/caretaker
NFHS-5 Household,ha52_01,read consent statement - hemoglobin
NFHS-5 Household,ha52_02,read consent statement - hemoglobin
NFHS-5 Household,ha52_03,read consent statement - hemoglobin
NFHS-5 Household,ha52_04,read consent statement - hemoglobin
NFHS-5 Household,ha52_05,read consent statement - hemoglobin
NFHS-5 Household,ha52_06,read consent statement - hemoglobin
NFHS-5 Household,ha52_07,read consent statement - hemoglobin
NFHS-5 Household,ha52_08,read consent statement - hemoglobin
NFHS-5 Household,ha52_09,read consent statement - hemoglobin
NFHS-5 Household,ha52_10,read consent statement - hemoglobin
NFHS-5 Household,ha52_11,read consent statement - hemoglobin
NFHS-5 Household,ha52_12,read consent statement - hemoglobin
NFHS-5 Household,ha52_13,read consent statement - hemoglobin
NFHS-5 Household,ha52_14,read consent statement - hemoglobin
NFHS-5 Household,ha52_15,read consent statement - hemoglobin
NFHS-5 Household,ha53_01,hemoglobin level (g/dl - 1 decimal)
NFHS-5 Household,ha53_02,hemoglobin level (g/dl - 1 decimal)
NFHS-5 Household,ha53_03,hemoglobin level (g/dl - 1 decimal)
NFHS-5 Household,ha53_04,hemoglobin level (g/dl - 1 decimal)
NFHS-5 Household,ha53_05,hemoglobin level (g/dl - 1 decimal)
NFHS-5 Household,ha53_06,hemoglobin level (g/dl - 1 decimal)
NFHS-5 Household,ha53_07,hemoglobin level (g/dl - 1 decimal)
NFHS-5 Household,ha53_08,hemoglobin level (g/dl - 1 decimal)
NFHS-5 Household,ha53_09,hemoglobin level (g/dl - 1 decimal)
NFHS-5 Household,ha53_10,hemoglobin level (g/dl - 1 decimal)
NFHS-5 Household,ha53_11,hemoglobin level (g/dl - 1 decimal)
NFHS-5 Household,ha53_12,hemoglobin level (g/dl - 1 decimal)
NFHS-5 Household,ha53_13,hemoglobin level (g/dl - 1 decimal)
NFHS-5 Household,ha53_14,hemoglobin level (g/dl - 1 decimal)
NFHS-5 Household,ha53_15,hemoglobin level (g/dl - 1 decimal)
NFHS-5 Household,ha54_01,currently pregnant
NFHS-5 Household,ha54_02,currently pregnant
NFHS-5 Household,ha54_03,currently pregnant
NFHS-5 Household,ha54_04,currently pregnant
NFHS-5 Household,ha54_05,currently pregnant
NFHS-5 Household,ha54_06,currently pregnant
NFHS-5 Household,ha54_07,currently pregnant
NFHS-5 Household,ha54_08,currently pregnant
NFHS-5 Household,ha54_09,currently pregnant
NFHS-5 Household,ha54_10,currently pregnant
NFHS-5 Household,ha54_11,currently pregnant
NFHS-5 Household,ha54_12,currently pregnant
NFHS-5 Household,ha54_13,currently pregnant
NFHS-5 Household,ha54_14,currently pregnant
NFHS-5 Household,ha54_15,currently pregnant
NFHS-5 Household,ha55_01,result of measurement - hemoglobin
NFHS-5 Household,ha55_02,result of measurement - hemoglobin
NFHS-5 Household,ha55_03,result of measurement - hemoglobin
NFHS-5 Household,ha55_04,result of measurement - hemoglobin
NFHS-5 Household,ha55_05,result of measurement - hemoglobin
NFHS-5 Household,ha55_06,result of measurement - hemoglobin
NFHS-5 Household,ha55_07,result of measurement - hemoglobin
NFHS-5 Household,ha55_08,result of measurement - hemoglobin
NFHS-5 Household,ha55_09,result of measurement - hemoglobin
NFHS-5 Household,ha55_10,result of measurement - hemoglobin
NFHS-5 Household,ha55_11,result of measurement - hemoglobin
NFHS-5 Household,ha55_12,result of measurement - hemoglobin
NFHS-5 Household,ha55_13,result of measurement - hemoglobin
NFHS-5 Household,ha55_14,result of measurement - hemoglobin
NFHS-5 Household,ha55_15,result of measurement - hemoglobin
NFHS-5 Household,ha56_01,hemoglobin level adjusted for altitude and smoking (g/dl - 1 decimal)
NFHS-5 Household,ha56_02,hemoglobin level adjusted for altitude and smoking (g/dl - 1 decimal)
NFHS-5 Household,ha56_03,hemoglobin level adjusted for altitude and smoking (g/dl - 1 decimal)
NFHS-5 Household,ha56_04,hemoglobin level adjusted for altitude and smoking (g/dl - 1 decimal)
NFHS-5 Household,ha56_05,hemoglobin level adjusted for altitude and smoking (g/dl - 1 decimal)
NFHS-5 Household,ha56_06,hemoglobin level adjusted for altitude and smoking (g/dl - 1 decimal)
NFHS-5 Household,ha56_07,hemoglobin level adjusted for altitude and smoking (g/dl - 1 decimal)
NFHS-5 Household,ha56_08,hemoglobin level adjusted for altitude and smoking (g/dl - 1 decimal)
NFHS-5 Household,ha56_09,hemoglobin level adjusted for altitude and smoking (g/dl - 1 decimal)
NFHS-5 Household,ha56_10,hemoglobin level adjusted for altitude and smoking (g/dl - 1 decimal)
NFHS-5 Household,ha56_11,hemoglobin level adjusted for altitude and smoking (g/dl - 1 decimal)
NFHS-5 Household,ha56_12,hemoglobin level adjusted for altitude and smoking (g/dl - 1 decimal)
NFHS-5 Household,ha56_13,hemoglobin level adjusted for altitude and smoking (g/dl - 1 decimal)
NFHS-5 Household,ha56_14,hemoglobin level adjusted for altitude and smoking (g/dl - 1 decimal)
NFHS-5 Household,ha56_15,hemoglobin level adjusted for altitude and smoking (g/dl - 1 decimal)
NFHS-5 Household,ha57_01,anemia level
NFHS-5 Household,ha57_02,anemia level
NFHS-5 Household,ha57_03,anemia level
NFHS-5 Household,ha57_04,anemia level
NFHS-5 Household,ha57_05,anemia level
NFHS-5 Household,ha57_06,anemia level
NFHS-5 Household,ha57_07,anemia level
NFHS-5 Household,ha57_08,anemia level
NFHS-5 Household,ha57_09,anemia level
NFHS-5 Household,ha57_10,anemia level
NFHS-5 Household,ha57_11,anemia level
NFHS-5 Household,ha57_12,anemia level
NFHS-5 Household,ha57_13,anemia level
NFHS-5 Household,ha57_14,anemia level
NFHS-5 Household,ha57_15,anemia level
NFHS-5 Household,ha58_01,na - agrees to referral - anemia
NFHS-5 Household,ha58_02,na - agrees to referral - anemia
NFHS-5 Household,ha58_03,na - agrees to referral - anemia
NFHS-5 Household,ha58_04,na - agrees to referral - anemia
NFHS-5 Household,ha58_05,na - agrees to referral - anemia
NFHS-5 Household,ha58_06,na - agrees to referral - anemia
NFHS-5 Household,ha58_07,na - agrees to referral - anemia
NFHS-5 Household,ha58_08,na - agrees to referral - anemia
NFHS-5 Household,ha58_09,na - agrees to referral - anemia
NFHS-5 Household,ha58_10,na - agrees to referral - anemia
NFHS-5 Household,ha58_11,na - agrees to referral - anemia
NFHS-5 Household,ha58_12,na - agrees to referral - anemia
NFHS-5 Household,ha58_13,na - agrees to referral - anemia
NFHS-5 Household,ha58_14,na - agrees to referral - anemia
NFHS-5 Household,ha58_15,na - agrees to referral - anemia
NFHS-5 Household,ha60_01,marital status
NFHS-5 Household,ha60_02,marital status
NFHS-5 Household,ha60_03,marital status
NFHS-5 Household,ha60_04,marital status
NFHS-5 Household,ha60_05,marital status
NFHS-5 Household,ha60_06,marital status
NFHS-5 Household,ha60_07,marital status
NFHS-5 Household,ha60_08,marital status
NFHS-5 Household,ha60_09,marital status
NFHS-5 Household,ha60_10,marital status
NFHS-5 Household,ha60_11,marital status
NFHS-5 Household,ha60_12,marital status
NFHS-5 Household,ha60_13,marital status
NFHS-5 Household,ha60_14,marital status
NFHS-5 Household,ha60_15,marital status
NFHS-5 Household,ha61_01,read consent statement - hiv
NFHS-5 Household,ha61_02,read consent statement - hiv
NFHS-5 Household,ha61_03,read consent statement - hiv
NFHS-5 Household,ha61_04,read consent statement - hiv
NFHS-5 Household,ha61_05,read consent statement - hiv
NFHS-5 Household,ha61_06,read consent statement - hiv
NFHS-5 Household,ha61_07,read consent statement - hiv
NFHS-5 Household,ha61_08,read consent statement - hiv
NFHS-5 Household,ha61_09,read consent statement - hiv
NFHS-5 Household,ha61_10,read consent statement - hiv
NFHS-5 Household,ha61_11,read consent statement - hiv
NFHS-5 Household,ha61_12,read consent statement - hiv
NFHS-5 Household,ha61_13,read consent statement - hiv
NFHS-5 Household,ha61_14,read consent statement - hiv
NFHS-5 Household,ha61_15,read consent statement - hiv
NFHS-5 Household,ha62_01,bar code for hiv blood sample
NFHS-5 Household,ha62_02,bar code for hiv blood sample
NFHS-5 Household,ha62_03,bar code for hiv blood sample
NFHS-5 Household,ha62_04,bar code for hiv blood sample
NFHS-5 Household,ha62_05,bar code for hiv blood sample
NFHS-5 Household,ha62_06,bar code for hiv blood sample
NFHS-5 Household,ha62_07,bar code for hiv blood sample
NFHS-5 Household,ha62_08,bar code for hiv blood sample
NFHS-5 Household,ha62_09,bar code for hiv blood sample
NFHS-5 Household,ha62_10,bar code for hiv blood sample
NFHS-5 Household,ha62_11,bar code for hiv blood sample
NFHS-5 Household,ha62_12,bar code for hiv blood sample
NFHS-5 Household,ha62_13,bar code for hiv blood sample
NFHS-5 Household,ha62_14,bar code for hiv blood sample
NFHS-5 Household,ha62_15,bar code for hiv blood sample
NFHS-5 Household,ha63_01,result of measurement - hiv
NFHS-5 Household,ha63_02,result of measurement - hiv
NFHS-5 Household,ha63_03,result of measurement - hiv
NFHS-5 Household,ha63_04,result of measurement - hiv
NFHS-5 Household,ha63_05,result of measurement - hiv
NFHS-5 Household,ha63_06,result of measurement - hiv
NFHS-5 Household,ha63_07,result of measurement - hiv
NFHS-5 Household,ha63_08,result of measurement - hiv
NFHS-5 Household,ha63_09,result of measurement - hiv
NFHS-5 Household,ha63_10,result of measurement - hiv
NFHS-5 Household,ha63_11,result of measurement - hiv
NFHS-5 Household,ha63_12,result of measurement - hiv
NFHS-5 Household,ha63_13,result of measurement - hiv
NFHS-5 Household,ha63_14,result of measurement - hiv
NFHS-5 Household,ha63_15,result of measurement - hiv
NFHS-5 Household,ha64_01,consent for additional tests
NFHS-5 Household,ha64_02,consent for additional tests
NFHS-5 Household,ha64_03,consent for additional tests
NFHS-5 Household,ha64_04,consent for additional tests
NFHS-5 Household,ha64_05,consent for additional tests
NFHS-5 Household,ha64_06,consent for additional tests
NFHS-5 Household,ha64_07,consent for additional tests
NFHS-5 Household,ha64_08,consent for additional tests
NFHS-5 Household,ha64_09,consent for additional tests
NFHS-5 Household,ha64_10,consent for additional tests
NFHS-5 Household,ha64_11,consent for additional tests
NFHS-5 Household,ha64_12,consent for additional tests
NFHS-5 Household,ha64_13,consent for additional tests
NFHS-5 Household,ha64_14,consent for additional tests
NFHS-5 Household,ha64_15,consent for additional tests
NFHS-5 Household,ha65_01,result of woman's individual interview
NFHS-5 Household,ha65_02,result of woman's individual interview
NFHS-5 Household,ha65_03,result of woman's individual interview
NFHS-5 Household,ha65_04,result of woman's individual interview
NFHS-5 Household,ha65_05,result of woman's individual interview
NFHS-5 Household,ha65_06,result of woman's individual interview
NFHS-5 Household,ha65_07,result of woman's individual interview
NFHS-5 Household,ha65_08,result of woman's individual interview
NFHS-5 Household,ha65_09,result of woman's individual interview
NFHS-5 Household,ha65_10,result of woman's individual interview
NFHS-5 Household,ha65_11,result of woman's individual interview
NFHS-5 Household,ha65_12,result of woman's individual interview
NFHS-5 Household,ha65_13,result of woman's individual interview
NFHS-5 Household,ha65_14,result of woman's individual interview
NFHS-5 Household,ha65_15,result of woman's individual interview
NFHS-5 Household,ha66_01,woman's highest educational level
NFHS-5 Household,ha66_02,woman's highest educational level
NFHS-5 Household,ha66_03,woman's highest educational level
NFHS-5 Household,ha66_04,woman's highest educational level
NFHS-5 Household,ha66_05,woman's highest educational level
NFHS-5 Household,ha66_06,woman's highest educational level
NFHS-5 Household,ha66_07,woman's highest educational level
NFHS-5 Household,ha66_08,woman's highest educational level
NFHS-5 Household,ha66_09,woman's highest educational level
NFHS-5 Household,ha66_10,woman's highest educational level
NFHS-5 Household,ha66_11,woman's highest educational level
NFHS-5 Household,ha66_12,woman's highest educational level
NFHS-5 Household,ha66_13,woman's highest educational level
NFHS-5 Household,ha66_14,woman's highest educational level
NFHS-5 Household,ha66_15,woman's highest educational level
NFHS-5 Household,ha67_01,woman's highest year of education
NFHS-5 Household,ha67_02,woman's highest year of education
NFHS-5 Household,ha67_03,woman's highest year of education
NFHS-5 Household,ha67_04,woman's highest year of education
NFHS-5 Household,ha67_05,woman's highest year of education
NFHS-5 Household,ha67_06,woman's highest year of education
NFHS-5 Household,ha67_07,woman's highest year of education
NFHS-5 Household,ha67_08,woman's highest year of education
NFHS-5 Household,ha67_09,woman's highest year of education
NFHS-5 Household,ha67_10,woman's highest year of education
NFHS-5 Household,ha67_11,woman's highest year of education
NFHS-5 Household,ha67_12,woman's highest year of education
NFHS-5 Household,ha67_13,woman's highest year of education
NFHS-5 Household,ha67_14,woman's highest year of education
NFHS-5 Household,ha67_15,woman's highest year of education
NFHS-5 Household,ha68_01,woman's highest educational level (for preliminary and final report)
NFHS-5 Household,ha68_02,woman's highest educational level (for preliminary and final report)
NFHS-5 Household,ha68_03,woman's highest educational level (for preliminary and final report)
NFHS-5 Household,ha68_04,woman's highest educational level (for preliminary and final report)
NFHS-5 Household,ha68_05,woman's highest educational level (for preliminary and final report)
NFHS-5 Household,ha68_06,woman's highest educational level (for preliminary and final report)
NFHS-5 Household,ha68_07,woman's highest educational level (for preliminary and final report)
NFHS-5 Household,ha68_08,woman's highest educational level (for preliminary and final report)
NFHS-5 Household,ha68_09,woman's highest educational level (for preliminary and final report)
NFHS-5 Household,ha68_10,woman's highest educational level (for preliminary and final report)
NFHS-5 Household,ha68_11,woman's highest educational level (for preliminary and final report)
NFHS-5 Household,ha68_12,woman's highest educational level (for preliminary and final report)
NFHS-5 Household,ha68_13,woman's highest educational level (for preliminary and final report)
NFHS-5 Household,ha68_14,woman's highest educational level (for preliminary and final report)
NFHS-5 Household,ha68_15,woman's highest educational level (for preliminary and final report)
NFHS-5 Household,ha69_01,na - hiv weight (6 decimals)
NFHS-5 Household,ha69_02,na - hiv weight (6 decimals)
NFHS-5 Household,ha69_03,na - hiv weight (6 decimals)
NFHS-5 Household,ha69_04,na - hiv weight (6 decimals)
NFHS-5 Household,ha69_05,na - hiv weight (6 decimals)
NFHS-5 Household,ha69_06,na - hiv weight (6 decimals)
NFHS-5 Household,ha69_07,na - hiv weight (6 decimals)
NFHS-5 Household,ha69_08,na - hiv weight (6 decimals)
NFHS-5 Household,ha69_09,na - hiv weight (6 decimals)
NFHS-5 Household,ha69_10,na - hiv weight (6 decimals)
NFHS-5 Household,ha69_11,na - hiv weight (6 decimals)
NFHS-5 Household,ha69_12,na - hiv weight (6 decimals)
NFHS-5 Household,ha69_13,na - hiv weight (6 decimals)
NFHS-5 Household,ha69_14,na - hiv weight (6 decimals)
NFHS-5 Household,ha69_15,na - hiv weight (6 decimals)
NFHS-5 Household,ha70_01,na - interviewer that took blood for hiv testing
NFHS-5 Household,ha70_02,na - interviewer that took blood for hiv testing
NFHS-5 Household,ha70_03,na - interviewer that took blood for hiv testing
NFHS-5 Household,ha70_04,na - interviewer that took blood for hiv testing
NFHS-5 Household,ha70_05,na - interviewer that took blood for hiv testing
NFHS-5 Household,ha70_06,na - interviewer that took blood for hiv testing
NFHS-5 Household,ha70_07,na - interviewer that took blood for hiv testing
NFHS-5 Household,ha70_08,na - interviewer that took blood for hiv testing
NFHS-5 Household,ha70_09,na - interviewer that took blood for hiv testing
NFHS-5 Household,ha70_10,na - interviewer that took blood for hiv testing
NFHS-5 Household,ha70_11,na - interviewer that took blood for hiv testing
NFHS-5 Household,ha70_12,na - interviewer that took blood for hiv testing
NFHS-5 Household,ha70_13,na - interviewer that took blood for hiv testing
NFHS-5 Household,ha70_14,na - interviewer that took blood for hiv testing
NFHS-5 Household,ha70_15,na - interviewer that took blood for hiv testing
NFHS-5 Household,hc0_1,index to household schedule
NFHS-5 Household,hc0_2,index to household schedule
NFHS-5 Household,hc0_3,index to household schedule
NFHS-5 Household,hc0_4,index to household schedule
NFHS-5 Household,hc0_5,index to household schedule
NFHS-5 Household,hc0_6,index to household schedule
NFHS-5 Household,hc0_7,index to household schedule
NFHS-5 Household,hc0_8,index to household schedule
NFHS-5 Household,hc0_9,index to household schedule
NFHS-5 Household,hc1_1,child's age in months
NFHS-5 Household,hc1_2,child's age in months
NFHS-5 Household,hc1_3,child's age in months
NFHS-5 Household,hc1_4,child's age in months
NFHS-5 Household,hc1_5,child's age in months
NFHS-5 Household,hc1_6,child's age in months
NFHS-5 Household,hc1_7,child's age in months
NFHS-5 Household,hc1_8,child's age in months
NFHS-5 Household,hc1_9,child's age in months
NFHS-5 Household,hc1a_1,child's age in days
NFHS-5 Household,hc1a_2,child's age in days
NFHS-5 Household,hc1a_3,child's age in days
NFHS-5 Household,hc1a_4,child's age in days
NFHS-5 Household,hc1a_5,child's age in days
NFHS-5 Household,hc1a_6,child's age in days
NFHS-5 Household,hc1a_7,child's age in days
NFHS-5 Household,hc1a_8,child's age in days
NFHS-5 Household,hc1a_9,child's age in days
NFHS-5 Household,hc2_1,child's weight in kilograms (1 decimal)
NFHS-5 Household,hc2_2,child's weight in kilograms (1 decimal)
NFHS-5 Household,hc2_3,child's weight in kilograms (1 decimal)
NFHS-5 Household,hc2_4,child's weight in kilograms (1 decimal)
NFHS-5 Household,hc2_5,child's weight in kilograms (1 decimal)
NFHS-5 Household,hc2_6,child's weight in kilograms (1 decimal)
NFHS-5 Household,hc2_7,child's weight in kilograms (1 decimal)
NFHS-5 Household,hc2_8,child's weight in kilograms (1 decimal)
NFHS-5 Household,hc2_9,child's weight in kilograms (1 decimal)
NFHS-5 Household,hc3_1,child's height in centimeters (1 decimal)
NFHS-5 Household,hc3_2,child's height in centimeters (1 decimal)
NFHS-5 Household,hc3_3,child's height in centimeters (1 decimal)
NFHS-5 Household,hc3_4,child's height in centimeters (1 decimal)
NFHS-5 Household,hc3_5,child's height in centimeters (1 decimal)
NFHS-5 Household,hc3_6,child's height in centimeters (1 decimal)
NFHS-5 Household,hc3_7,child's height in centimeters (1 decimal)
NFHS-5 Household,hc3_8,child's height in centimeters (1 decimal)
NFHS-5 Household,hc3_9,child's height in centimeters (1 decimal)
NFHS-5 Household,hc4_1,height/age percentile
NFHS-5 Household,hc4_2,height/age percentile
NFHS-5 Household,hc4_3,height/age percentile
NFHS-5 Household,hc4_4,height/age percentile
NFHS-5 Household,hc4_5,height/age percentile
NFHS-5 Household,hc4_6,height/age percentile
NFHS-5 Household,hc4_7,height/age percentile
NFHS-5 Household,hc4_8,height/age percentile
NFHS-5 Household,hc4_9,height/age percentile
NFHS-5 Household,hc5_1,height/age standard deviation
NFHS-5 Household,hc5_2,height/age standard deviation
NFHS-5 Household,hc5_3,height/age standard deviation
NFHS-5 Household,hc5_4,height/age standard deviation
NFHS-5 Household,hc5_5,height/age standard deviation
NFHS-5 Household,hc5_6,height/age standard deviation
NFHS-5 Household,hc5_7,height/age standard deviation
NFHS-5 Household,hc5_8,height/age standard deviation
NFHS-5 Household,hc5_9,height/age standard deviation
NFHS-5 Household,hc6_1,height/age percent of ref. median
NFHS-5 Household,hc6_2,height/age percent of ref. median
NFHS-5 Household,hc6_3,height/age percent of ref. median
NFHS-5 Household,hc6_4,height/age percent of ref. median
NFHS-5 Household,hc6_5,height/age percent of ref. median
NFHS-5 Household,hc6_6,height/age percent of ref. median
NFHS-5 Household,hc6_7,height/age percent of ref. median
NFHS-5 Household,hc6_8,height/age percent of ref. median
NFHS-5 Household,hc6_9,height/age percent of ref. median
NFHS-5 Household,hc7_1,weight/age percentile
NFHS-5 Household,hc7_2,weight/age percentile
NFHS-5 Household,hc7_3,weight/age percentile
NFHS-5 Household,hc7_4,weight/age percentile
NFHS-5 Household,hc7_5,weight/age percentile
NFHS-5 Household,hc7_6,weight/age percentile
NFHS-5 Household,hc7_7,weight/age percentile
NFHS-5 Household,hc7_8,weight/age percentile
NFHS-5 Household,hc7_9,weight/age percentile
NFHS-5 Household,hc8_1,weight/age standard deviation
NFHS-5 Household,hc8_2,weight/age standard deviation
NFHS-5 Household,hc8_3,weight/age standard deviation
NFHS-5 Household,hc8_4,weight/age standard deviation
NFHS-5 Household,hc8_5,weight/age standard deviation
NFHS-5 Household,hc8_6,weight/age standard deviation
NFHS-5 Household,hc8_7,weight/age standard deviation
NFHS-5 Household,hc8_8,weight/age standard deviation
NFHS-5 Household,hc8_9,weight/age standard deviation
NFHS-5 Household,hc9_1,weight/age percent of ref. median
NFHS-5 Household,hc9_2,weight/age percent of ref. median
NFHS-5 Household,hc9_3,weight/age percent of ref. median
NFHS-5 Household,hc9_4,weight/age percent of ref. median
NFHS-5 Household,hc9_5,weight/age percent of ref. median
NFHS-5 Household,hc9_6,weight/age percent of ref. median
NFHS-5 Household,hc9_7,weight/age percent of ref. median
NFHS-5 Household,hc9_8,weight/age percent of ref. median
NFHS-5 Household,hc9_9,weight/age percent of ref. median
NFHS-5 Household,hc10_1,weight/height percentile
NFHS-5 Household,hc10_2,weight/height percentile
NFHS-5 Household,hc10_3,weight/height percentile
NFHS-5 Household,hc10_4,weight/height percentile
NFHS-5 Household,hc10_5,weight/height percentile
NFHS-5 Household,hc10_6,weight/height percentile
NFHS-5 Household,hc10_7,weight/height percentile
NFHS-5 Household,hc10_8,weight/height percentile
NFHS-5 Household,hc10_9,weight/height percentile
NFHS-5 Household,hc11_1,weight/height standard deviation
NFHS-5 Household,hc11_2,weight/height standard deviation
NFHS-5 Household,hc11_3,weight/height standard deviation
NFHS-5 Household,hc11_4,weight/height standard deviation
NFHS-5 Household,hc11_5,weight/height standard deviation
NFHS-5 Household,hc11_6,weight/height standard deviation
NFHS-5 Household,hc11_7,weight/height standard deviation
NFHS-5 Household,hc11_8,weight/height standard deviation
NFHS-5 Household,hc11_9,weight/height standard deviation
NFHS-5 Household,hc12_1,weight/height percent of ref. median
NFHS-5 Household,hc12_2,weight/height percent of ref. median
NFHS-5 Household,hc12_3,weight/height percent of ref. median
NFHS-5 Household,hc12_4,weight/height percent of ref. median
NFHS-5 Household,hc12_5,weight/height percent of ref. median
NFHS-5 Household,hc12_6,weight/height percent of ref. median
NFHS-5 Household,hc12_7,weight/height percent of ref. median
NFHS-5 Household,hc12_8,weight/height percent of ref. median
NFHS-5 Household,hc12_9,weight/height percent of ref. median
NFHS-5 Household,hc13_1,result of measurement - height/weight
NFHS-5 Household,hc13_2,result of measurement - height/weight
NFHS-5 Household,hc13_3,result of measurement - height/weight
NFHS-5 Household,hc13_4,result of measurement - height/weight
NFHS-5 Household,hc13_5,result of measurement - height/weight
NFHS-5 Household,hc13_6,result of measurement - height/weight
NFHS-5 Household,hc13_7,result of measurement - height/weight
NFHS-5 Household,hc13_8,result of measurement - height/weight
NFHS-5 Household,hc13_9,result of measurement - height/weight
NFHS-5 Household,hc15_1,height: lying or standing
NFHS-5 Household,hc15_2,height: lying or standing
NFHS-5 Household,hc15_3,height: lying or standing
NFHS-5 Household,hc15_4,height: lying or standing
NFHS-5 Household,hc15_5,height: lying or standing
NFHS-5 Household,hc15_6,height: lying or standing
NFHS-5 Household,hc15_7,height: lying or standing
NFHS-5 Household,hc15_8,height: lying or standing
NFHS-5 Household,hc15_9,height: lying or standing
NFHS-5 Household,hc16_1,day of birth
NFHS-5 Household,hc16_2,day of birth
NFHS-5 Household,hc16_3,day of birth
NFHS-5 Household,hc16_4,day of birth
NFHS-5 Household,hc16_5,day of birth
NFHS-5 Household,hc16_6,day of birth
NFHS-5 Household,hc16_7,day of birth
NFHS-5 Household,hc16_8,day of birth
NFHS-5 Household,hc16_9,day of birth
NFHS-5 Household,hc17_1,date measured (day)
NFHS-5 Household,hc17_2,date measured (day)
NFHS-5 Household,hc17_3,date measured (day)
NFHS-5 Household,hc17_4,date measured (day)
NFHS-5 Household,hc17_5,date measured (day)
NFHS-5 Household,hc17_6,date measured (day)
NFHS-5 Household,hc17_7,date measured (day)
NFHS-5 Household,hc17_8,date measured (day)
NFHS-5 Household,hc17_9,date measured (day)
NFHS-5 Household,hc18_1,date measured (month)
NFHS-5 Household,hc18_2,date measured (month)
NFHS-5 Household,hc18_3,date measured (month)
NFHS-5 Household,hc18_4,date measured (month)
NFHS-5 Household,hc18_5,date measured (month)
NFHS-5 Household,hc18_6,date measured (month)
NFHS-5 Household,hc18_7,date measured (month)
NFHS-5 Household,hc18_8,date measured (month)
NFHS-5 Household,hc18_9,date measured (month)
NFHS-5 Household,hc19_1,date measured (year)
NFHS-5 Household,hc19_2,date measured (year)
NFHS-5 Household,hc19_3,date measured (year)
NFHS-5 Household,hc19_4,date measured (year)
NFHS-5 Household,hc19_5,date measured (year)
NFHS-5 Household,hc19_6,date measured (year)
NFHS-5 Household,hc19_7,date measured (year)
NFHS-5 Household,hc19_8,date measured (year)
NFHS-5 Household,hc19_9,date measured (year)
NFHS-5 Household,hc20_1,century day code (cdc) of measurement
NFHS-5 Household,hc20_2,century day code (cdc) of measurement
NFHS-5 Household,hc20_3,century day code (cdc) of measurement
NFHS-5 Household,hc20_4,century day code (cdc) of measurement
NFHS-5 Household,hc20_5,century day code (cdc) of measurement
NFHS-5 Household,hc20_6,century day code (cdc) of measurement
NFHS-5 Household,hc20_7,century day code (cdc) of measurement
NFHS-5 Household,hc20_8,century day code (cdc) of measurement
NFHS-5 Household,hc20_9,century day code (cdc) of measurement
NFHS-5 Household,hc21_1,fieldworker measurer code
NFHS-5 Household,hc21_2,fieldworker measurer code
NFHS-5 Household,hc21_3,fieldworker measurer code
NFHS-5 Household,hc21_4,fieldworker measurer code
NFHS-5 Household,hc21_5,fieldworker measurer code
NFHS-5 Household,hc21_6,fieldworker measurer code
NFHS-5 Household,hc21_7,fieldworker measurer code
NFHS-5 Household,hc21_8,fieldworker measurer code
NFHS-5 Household,hc21_9,fieldworker measurer code
NFHS-5 Household,hc27_1,sex
NFHS-5 Household,hc27_2,sex
NFHS-5 Household,hc27_3,sex
NFHS-5 Household,hc27_4,sex
NFHS-5 Household,hc27_5,sex
NFHS-5 Household,hc27_6,sex
NFHS-5 Household,hc27_7,sex
NFHS-5 Household,hc27_8,sex
NFHS-5 Household,hc27_9,sex
NFHS-5 Household,hc30_1,month of birth
NFHS-5 Household,hc30_2,month of birth
NFHS-5 Household,hc30_3,month of birth
NFHS-5 Household,hc30_4,month of birth
NFHS-5 Household,hc30_5,month of birth
NFHS-5 Household,hc30_6,month of birth
NFHS-5 Household,hc30_7,month of birth
NFHS-5 Household,hc30_8,month of birth
NFHS-5 Household,hc30_9,month of birth
NFHS-5 Household,hc31_1,year of birth
NFHS-5 Household,hc31_2,year of birth
NFHS-5 Household,hc31_3,year of birth
NFHS-5 Household,hc31_4,year of birth
NFHS-5 Household,hc31_5,year of birth
NFHS-5 Household,hc31_6,year of birth
NFHS-5 Household,hc31_7,year of birth
NFHS-5 Household,hc31_8,year of birth
NFHS-5 Household,hc31_9,year of birth
NFHS-5 Household,hc32_1,date of birth (cmc)
NFHS-5 Household,hc32_2,date of birth (cmc)
NFHS-5 Household,hc32_3,date of birth (cmc)
NFHS-5 Household,hc32_4,date of birth (cmc)
NFHS-5 Household,hc32_5,date of birth (cmc)
NFHS-5 Household,hc32_6,date of birth (cmc)
NFHS-5 Household,hc32_7,date of birth (cmc)
NFHS-5 Household,hc32_8,date of birth (cmc)
NFHS-5 Household,hc32_9,date of birth (cmc)
NFHS-5 Household,hc32a_1,century day code (cdc) of birth
NFHS-5 Household,hc32a_2,century day code (cdc) of birth
NFHS-5 Household,hc32a_3,century day code (cdc) of birth
NFHS-5 Household,hc32a_4,century day code (cdc) of birth
NFHS-5 Household,hc32a_5,century day code (cdc) of birth
NFHS-5 Household,hc32a_6,century day code (cdc) of birth
NFHS-5 Household,hc32a_7,century day code (cdc) of birth
NFHS-5 Household,hc32a_8,century day code (cdc) of birth
NFHS-5 Household,hc32a_9,century day code (cdc) of birth
NFHS-5 Household,hc33_1,completeness of hc32 information
NFHS-5 Household,hc33_2,completeness of hc32 information
NFHS-5 Household,hc33_3,completeness of hc32 information
NFHS-5 Household,hc33_4,completeness of hc32 information
NFHS-5 Household,hc33_5,completeness of hc32 information
NFHS-5 Household,hc33_6,completeness of hc32 information
NFHS-5 Household,hc33_7,completeness of hc32 information
NFHS-5 Household,hc33_8,completeness of hc32 information
NFHS-5 Household,hc33_9,completeness of hc32 information
NFHS-5 Household,hc51_1,line number of parent/caretaker
NFHS-5 Household,hc51_2,line number of parent/caretaker
NFHS-5 Household,hc51_3,line number of parent/caretaker
NFHS-5 Household,hc51_4,line number of parent/caretaker
NFHS-5 Household,hc51_5,line number of parent/caretaker
NFHS-5 Household,hc51_6,line number of parent/caretaker
NFHS-5 Household,hc51_7,line number of parent/caretaker
NFHS-5 Household,hc51_8,line number of parent/caretaker
NFHS-5 Household,hc51_9,line number of parent/caretaker
NFHS-5 Household,hc52_1,read consent statement - hemoglobin
NFHS-5 Household,hc52_2,read consent statement - hemoglobin
NFHS-5 Household,hc52_3,read consent statement - hemoglobin
NFHS-5 Household,hc52_4,read consent statement - hemoglobin
NFHS-5 Household,hc52_5,read consent statement - hemoglobin
NFHS-5 Household,hc52_6,read consent statement - hemoglobin
NFHS-5 Household,hc52_7,read consent statement - hemoglobin
NFHS-5 Household,hc52_8,read consent statement - hemoglobin
NFHS-5 Household,hc52_9,read consent statement - hemoglobin
NFHS-5 Household,hc53_1,hemoglobin level (g/dl - 1 decimal)
NFHS-5 Household,hc53_2,hemoglobin level (g/dl - 1 decimal)
NFHS-5 Household,hc53_3,hemoglobin level (g/dl - 1 decimal)
NFHS-5 Household,hc53_4,hemoglobin level (g/dl - 1 decimal)
NFHS-5 Household,hc53_5,hemoglobin level (g/dl - 1 decimal)
NFHS-5 Household,hc53_6,hemoglobin level (g/dl - 1 decimal)
NFHS-5 Household,hc53_7,hemoglobin level (g/dl - 1 decimal)
NFHS-5 Household,hc53_8,hemoglobin level (g/dl - 1 decimal)
NFHS-5 Household,hc53_9,hemoglobin level (g/dl - 1 decimal)
NFHS-5 Household,hc55_1,result of measurement - hemoglobin
NFHS-5 Household,hc55_2,result of measurement - hemoglobin
NFHS-5 Household,hc55_3,result of measurement - hemoglobin
NFHS-5 Household,hc55_4,result of measurement - hemoglobin
NFHS-5 Household,hc55_5,result of measurement - hemoglobin
NFHS-5 Household,hc55_6,result of measurement - hemoglobin
NFHS-5 Household,hc55_7,result of measurement - hemoglobin
NFHS-5 Household,hc55_8,result of measurement - hemoglobin
NFHS-5 Household,hc55_9,result of measurement - hemoglobin
NFHS-5 Household,hc56_1,hemoglobin level adjusted for altitude (g/dl - 1 decimal)
NFHS-5 Household,hc56_2,hemoglobin level adjusted for altitude (g/dl - 1 decimal)
NFHS-5 Household,hc56_3,hemoglobin level adjusted for altitude (g/dl - 1 decimal)
NFHS-5 Household,hc56_4,hemoglobin level adjusted for altitude (g/dl - 1 decimal)
NFHS-5 Household,hc56_5,hemoglobin level adjusted for altitude (g/dl - 1 decimal)
NFHS-5 Household,hc56_6,hemoglobin level adjusted for altitude (g/dl - 1 decimal)
NFHS-5 Household,hc56_7,hemoglobin level adjusted for altitude (g/dl - 1 decimal)
NFHS-5 Household,hc56_8,hemoglobin level adjusted for altitude (g/dl - 1 decimal)
NFHS-5 Household,hc56_9,hemoglobin level adjusted for altitude (g/dl - 1 decimal)
NFHS-5 Household,hc57_1,anemia level
NFHS-5 Household,hc57_2,anemia level
NFHS-5 Household,hc57_3,anemia level
NFHS-5 Household,hc57_4,anemia level
NFHS-5 Household,hc57_5,anemia level
NFHS-5 Household,hc57_6,anemia level
NFHS-5 Household,hc57_7,anemia level
NFHS-5 Household,hc57_8,anemia level
NFHS-5 Household,hc57_9,anemia level
NFHS-5 Household,hc58_1,na - agrees to referral - anemia
NFHS-5 Household,hc58_2,na - agrees to referral - anemia
NFHS-5 Household,hc58_3,na - agrees to referral - anemia
NFHS-5 Household,hc58_4,na - agrees to referral - anemia
NFHS-5 Household,hc58_5,na - agrees to referral - anemia
NFHS-5 Household,hc58_6,na - agrees to referral - anemia
NFHS-5 Household,hc58_7,na - agrees to referral - anemia
NFHS-5 Household,hc58_8,na - agrees to referral - anemia
NFHS-5 Household,hc58_9,na - agrees to referral - anemia
NFHS-5 Household,hc60_1,mother's line number (woman's questionnaire)
NFHS-5 Household,hc60_2,mother's line number (woman's questionnaire)
NFHS-5 Household,hc60_3,mother's line number (woman's questionnaire)
NFHS-5 Household,hc60_4,mother's line number (woman's questionnaire)
NFHS-5 Household,hc60_5,mother's line number (woman's questionnaire)
NFHS-5 Household,hc60_6,mother's line number (woman's questionnaire)
NFHS-5 Household,hc60_7,mother's line number (woman's questionnaire)
NFHS-5 Household,hc60_8,mother's line number (woman's questionnaire)
NFHS-5 Household,hc60_9,mother's line number (woman's questionnaire)
NFHS-5 Household,hc61_1,mother's highest educational level
NFHS-5 Household,hc61_2,mother's highest educational level
NFHS-5 Household,hc61_3,mother's highest educational level
NFHS-5 Household,hc61_4,mother's highest educational level
NFHS-5 Household,hc61_5,mother's highest educational level
NFHS-5 Household,hc61_6,mother's highest educational level
NFHS-5 Household,hc61_7,mother's highest educational level
NFHS-5 Household,hc61_8,mother's highest educational level
NFHS-5 Household,hc61_9,mother's highest educational level
NFHS-5 Household,hc62_1,mother's highest year of education
NFHS-5 Household,hc62_2,mother's highest year of education
NFHS-5 Household,hc62_3,mother's highest year of education
NFHS-5 Household,hc62_4,mother's highest year of education
NFHS-5 Household,hc62_5,mother's highest year of education
NFHS-5 Household,hc62_6,mother's highest year of education
NFHS-5 Household,hc62_7,mother's highest year of education
NFHS-5 Household,hc62_8,mother's highest year of education
NFHS-5 Household,hc62_9,mother's highest year of education
NFHS-5 Household,hc63_1,preceding birth interval (months)
NFHS-5 Household,hc63_2,preceding birth interval (months)
NFHS-5 Household,hc63_3,preceding birth interval (months)
NFHS-5 Household,hc63_4,preceding birth interval (months)
NFHS-5 Household,hc63_5,preceding birth interval (months)
NFHS-5 Household,hc63_6,preceding birth interval (months)
NFHS-5 Household,hc63_7,preceding birth interval (months)
NFHS-5 Household,hc63_8,preceding birth interval (months)
NFHS-5 Household,hc63_9,preceding birth interval (months)
NFHS-5 Household,hc64_1,birth order number
NFHS-5 Household,hc64_2,birth order number
NFHS-5 Household,hc64_3,birth order number
NFHS-5 Household,hc64_4,birth order number
NFHS-5 Household,hc64_5,birth order number
NFHS-5 Household,hc64_6,birth order number
NFHS-5 Household,hc64_7,birth order number
NFHS-5 Household,hc64_8,birth order number
NFHS-5 Household,hc64_9,birth order number
NFHS-5 Household,hc68_1,mother's highest educational level (for preliminary and final report)
NFHS-5 Household,hc68_2,mother's highest educational level (for preliminary and final report)
NFHS-5 Household,hc68_3,mother's highest educational level (for preliminary and final report)
NFHS-5 Household,hc68_4,mother's highest educational level (for preliminary and final report)
NFHS-5 Household,hc68_5,mother's highest educational level (for preliminary and final report)
NFHS-5 Household,hc68_6,mother's highest educational level (for preliminary and final report)
NFHS-5 Household,hc68_7,mother's highest educational level (for preliminary and final report)
NFHS-5 Household,hc68_8,mother's highest educational level (for preliminary and final report)
NFHS-5 Household,hc68_9,mother's highest educational level (for preliminary and final report)
NFHS-5 Household,hc70_1,height/age standard deviation (new who)
NFHS-5 Household,hc70_2,height/age standard deviation (new who)
NFHS-5 Household,hc70_3,height/age standard deviation (new who)
NFHS-5 Household,hc70_4,height/age standard deviation (new who)
NFHS-5 Household,hc70_5,height/age standard deviation (new who)
NFHS-5 Household,hc70_6,height/age standard deviation (new who)
NFHS-5 Household,hc70_7,height/age standard deviation (new who)
NFHS-5 Household,hc70_8,height/age standard deviation (new who)
NFHS-5 Household,hc70_9,height/age standard deviation (new who)
NFHS-5 Household,hc71_1,weight/age standard deviation (new who)
NFHS-5 Household,hc71_2,weight/age standard deviation (new who)
NFHS-5 Household,hc71_3,weight/age standard deviation (new who)
NFHS-5 Household,hc71_4,weight/age standard deviation (new who)
NFHS-5 Household,hc71_5,weight/age standard deviation (new who)
NFHS-5 Household,hc71_6,weight/age standard deviation (new who)
NFHS-5 Household,hc71_7,weight/age standard deviation (new who)
NFHS-5 Household,hc71_8,weight/age standard deviation (new who)
NFHS-5 Household,hc71_9,weight/age standard deviation (new who)
NFHS-5 Household,hc72_1,weight/height standard deviation (new who)
NFHS-5 Household,hc72_2,weight/height standard deviation (new who)
NFHS-5 Household,hc72_3,weight/height standard deviation (new who)
NFHS-5 Household,hc72_4,weight/height standard deviation (new who)
NFHS-5 Household,hc72_5,weight/height standard deviation (new who)
NFHS-5 Household,hc72_6,weight/height standard deviation (new who)
NFHS-5 Household,hc72_7,weight/height standard deviation (new who)
NFHS-5 Household,hc72_8,weight/height standard deviation (new who)
NFHS-5 Household,hc72_9,weight/height standard deviation (new who)
NFHS-5 Household,hc73_1,bmi standard deviation (new who)
NFHS-5 Household,hc73_2,bmi standard deviation (new who)
NFHS-5 Household,hc73_3,bmi standard deviation (new who)
NFHS-5 Household,hc73_4,bmi standard deviation (new who)
NFHS-5 Household,hc73_5,bmi standard deviation (new who)
NFHS-5 Household,hc73_6,bmi standard deviation (new who)
NFHS-5 Household,hc73_7,bmi standard deviation (new who)
NFHS-5 Household,hc73_8,bmi standard deviation (new who)
NFHS-5 Household,hc73_9,bmi standard deviation (new who)
NFHS-5 Household,hc2a_1,child's weight in kilograms (1 decimal) - first measurement
NFHS-5 Household,hc2a_2,child's weight in kilograms (1 decimal) - first measurement
NFHS-5 Household,hc2a_3,child's weight in kilograms (1 decimal) - first measurement
NFHS-5 Household,hc2a_4,child's weight in kilograms (1 decimal) - first measurement
NFHS-5 Household,hc2a_5,child's weight in kilograms (1 decimal) - first measurement
NFHS-5 Household,hc2a_6,child's weight in kilograms (1 decimal) - first measurement
NFHS-5 Household,hc2a_7,child's weight in kilograms (1 decimal) - first measurement
NFHS-5 Household,hc2a_8,child's weight in kilograms (1 decimal) - first measurement
NFHS-5 Household,hc2a_9,child's weight in kilograms (1 decimal) - first measurement
NFHS-5 Household,hc3a_1,child's height in centimeters (1 decimal) - first measurement
NFHS-5 Household,hc3a_2,child's height in centimeters (1 decimal) - first measurement
NFHS-5 Household,hc3a_3,child's height in centimeters (1 decimal) - first measurement
NFHS-5 Household,hc3a_4,child's height in centimeters (1 decimal) - first measurement
NFHS-5 Household,hc3a_5,child's height in centimeters (1 decimal) - first measurement
NFHS-5 Household,hc3a_6,child's height in centimeters (1 decimal) - first measurement
NFHS-5 Household,hc3a_7,child's height in centimeters (1 decimal) - first measurement
NFHS-5 Household,hc3a_8,child's height in centimeters (1 decimal) - first measurement
NFHS-5 Household,hc3a_9,child's height in centimeters (1 decimal) - first measurement
NFHS-5 Household,hc15a_1,height: lying or standing - first measurement
NFHS-5 Household,hc15a_2,height: lying or standing - first measurement
NFHS-5 Household,hc15a_3,height: lying or standing - first measurement
NFHS-5 Household,hc15a_4,height: lying or standing - first measurement
NFHS-5 Household,hc15a_5,height: lying or standing - first measurement
NFHS-5 Household,hc15a_6,height: lying or standing - first measurement
NFHS-5 Household,hc15a_7,height: lying or standing - first measurement
NFHS-5 Household,hc15a_8,height: lying or standing - first measurement
NFHS-5 Household,hc15a_9,height: lying or standing - first measurement
NFHS-5 Household,hc2b_1,na - child's weight in kilograms (1 decimal) - re-measurement
NFHS-5 Household,hc2b_2,na - child's weight in kilograms (1 decimal) - re-measurement
NFHS-5 Household,hc2b_3,na - child's weight in kilograms (1 decimal) - re-measurement
NFHS-5 Household,hc2b_4,na - child's weight in kilograms (1 decimal) - re-measurement
NFHS-5 Household,hc2b_5,na - child's weight in kilograms (1 decimal) - re-measurement
NFHS-5 Household,hc2b_6,na - child's weight in kilograms (1 decimal) - re-measurement
NFHS-5 Household,hc2b_7,na - child's weight in kilograms (1 decimal) - re-measurement
NFHS-5 Household,hc2b_8,na - child's weight in kilograms (1 decimal) - re-measurement
NFHS-5 Household,hc2b_9,na - child's weight in kilograms (1 decimal) - re-measurement
NFHS-5 Household,hc3b_1,na - child's height in centimeters (1 decimal) - re-measurement
NFHS-5 Household,hc3b_2,na - child's height in centimeters (1 decimal) - re-measurement
NFHS-5 Household,hc3b_3,na - child's height in centimeters (1 decimal) - re-measurement
NFHS-5 Household,hc3b_4,na - child's height in centimeters (1 decimal) - re-measurement
NFHS-5 Household,hc3b_5,na - child's height in centimeters (1 decimal) - re-measurement
NFHS-5 Household,hc3b_6,na - child's height in centimeters (1 decimal) - re-measurement
NFHS-5 Household,hc3b_7,na - child's height in centimeters (1 decimal) - re-measurement
NFHS-5 Household,hc3b_8,na - child's height in centimeters (1 decimal) - re-measurement
NFHS-5 Household,hc3b_9,na - child's height in centimeters (1 decimal) - re-measurement
NFHS-5 Household,hc15b_1,na - height: lying or standing - re-measurement
NFHS-5 Household,hc15b_2,na - height: lying or standing - re-measurement
NFHS-5 Household,hc15b_3,na - height: lying or standing - re-measurement
NFHS-5 Household,hc15b_4,na - height: lying or standing - re-measurement
NFHS-5 Household,hc15b_5,na - height: lying or standing - re-measurement
NFHS-5 Household,hc15b_6,na - height: lying or standing - re-measurement
NFHS-5 Household,hc15b_7,na - height: lying or standing - re-measurement
NFHS-5 Household,hc15b_8,na - height: lying or standing - re-measurement
NFHS-5 Household,hc15b_9,na - height: lying or standing - re-measurement
NFHS-5 Household,hc35_1,na - reason for re-measurement
NFHS-5 Household,hc35_2,na - reason for re-measurement
NFHS-5 Household,hc35_3,na - reason for re-measurement
NFHS-5 Household,hc35_4,na - reason for re-measurement
NFHS-5 Household,hc35_5,na - reason for re-measurement
NFHS-5 Household,hc35_6,na - reason for re-measurement
NFHS-5 Household,hc35_7,na - reason for re-measurement
NFHS-5 Household,hc35_8,na - reason for re-measurement
NFHS-5 Household,hc35_9,na - reason for re-measurement
NFHS-5 Household,hb0_01,index to household schedule
NFHS-5 Household,hb0_02,index to household schedule
NFHS-5 Household,hb0_03,index to household schedule
NFHS-5 Household,hb0_04,index to household schedule
NFHS-5 Household,hb0_05,index to household schedule
NFHS-5 Household,hb0_06,index to household schedule
NFHS-5 Household,hb0_07,index to household schedule
NFHS-5 Household,hb0_08,index to household schedule
NFHS-5 Household,hb0_09,index to household schedule
NFHS-5 Household,hb0_10,index to household schedule
NFHS-5 Household,hb0_11,index to household schedule
NFHS-5 Household,hb0_12,index to household schedule
NFHS-5 Household,hb0_13,index to household schedule
NFHS-5 Household,hb0_14,index to household schedule
NFHS-5 Household,hb0_15,index to household schedule
NFHS-5 Household,hb0_16,index to household schedule
NFHS-5 Household,hb0_17,index to household schedule
NFHS-5 Household,hb0_18,index to household schedule
NFHS-5 Household,hb0_19,index to household schedule
NFHS-5 Household,hb0_20,index to household schedule
NFHS-5 Household,hb1_01,man's age in years
NFHS-5 Household,hb1_02,man's age in years
NFHS-5 Household,hb1_03,man's age in years
NFHS-5 Household,hb1_04,man's age in years
NFHS-5 Household,hb1_05,man's age in years
NFHS-5 Household,hb1_06,man's age in years
NFHS-5 Household,hb1_07,man's age in years
NFHS-5 Household,hb1_08,man's age in years
NFHS-5 Household,hb1_09,man's age in years
NFHS-5 Household,hb1_10,man's age in years
NFHS-5 Household,hb1_11,man's age in years
NFHS-5 Household,hb1_12,man's age in years
NFHS-5 Household,hb1_13,man's age in years
NFHS-5 Household,hb1_14,man's age in years
NFHS-5 Household,hb1_15,man's age in years
NFHS-5 Household,hb1_16,man's age in years
NFHS-5 Household,hb1_17,man's age in years
NFHS-5 Household,hb1_18,man's age in years
NFHS-5 Household,hb1_19,man's age in years
NFHS-5 Household,hb1_20,man's age in years
NFHS-5 Household,hb2_01,man's weight in kilograms (1 decimal)
NFHS-5 Household,hb2_02,man's weight in kilograms (1 decimal)
NFHS-5 Household,hb2_03,man's weight in kilograms (1 decimal)
NFHS-5 Household,hb2_04,man's weight in kilograms (1 decimal)
NFHS-5 Household,hb2_05,man's weight in kilograms (1 decimal)
NFHS-5 Household,hb2_06,man's weight in kilograms (1 decimal)
NFHS-5 Household,hb2_07,man's weight in kilograms (1 decimal)
NFHS-5 Household,hb2_08,man's weight in kilograms (1 decimal)
NFHS-5 Household,hb2_09,man's weight in kilograms (1 decimal)
NFHS-5 Household,hb2_10,man's weight in kilograms (1 decimal)
NFHS-5 Household,hb2_11,man's weight in kilograms (1 decimal)
NFHS-5 Household,hb2_12,man's weight in kilograms (1 decimal)
NFHS-5 Household,hb2_13,man's weight in kilograms (1 decimal)
NFHS-5 Household,hb2_14,man's weight in kilograms (1 decimal)
NFHS-5 Household,hb2_15,man's weight in kilograms (1 decimal)
NFHS-5 Household,hb2_16,man's weight in kilograms (1 decimal)
NFHS-5 Household,hb2_17,man's weight in kilograms (1 decimal)
NFHS-5 Household,hb2_18,man's weight in kilograms (1 decimal)
NFHS-5 Household,hb2_19,man's weight in kilograms (1 decimal)
NFHS-5 Household,hb2_20,man's weight in kilograms (1 decimal)
NFHS-5 Household,hb3_01,man's height in centimeters (1 decimal)
NFHS-5 Household,hb3_02,man's height in centimeters (1 decimal)
NFHS-5 Household,hb3_03,man's height in centimeters (1 decimal)
NFHS-5 Household,hb3_04,man's height in centimeters (1 decimal)
NFHS-5 Household,hb3_05,man's height in centimeters (1 decimal)
NFHS-5 Household,hb3_06,man's height in centimeters (1 decimal)
NFHS-5 Household,hb3_07,man's height in centimeters (1 decimal)
NFHS-5 Household,hb3_08,man's height in centimeters (1 decimal)
NFHS-5 Household,hb3_09,man's height in centimeters (1 decimal)
NFHS-5 Household,hb3_10,man's height in centimeters (1 decimal)
NFHS-5 Household,hb3_11,man's height in centimeters (1 decimal)
NFHS-5 Household,hb3_12,man's height in centimeters (1 decimal)
NFHS-5 Household,hb3_13,man's height in centimeters (1 decimal)
NFHS-5 Household,hb3_14,man's height in centimeters (1 decimal)
NFHS-5 Household,hb3_15,man's height in centimeters (1 decimal)
NFHS-5 Household,hb3_16,man's height in centimeters (1 decimal)
NFHS-5 Household,hb3_17,man's height in centimeters (1 decimal)
NFHS-5 Household,hb3_18,man's height in centimeters (1 decimal)
NFHS-5 Household,hb3_19,man's height in centimeters (1 decimal)
NFHS-5 Household,hb3_20,man's height in centimeters (1 decimal)
NFHS-5 Household,hb4_01,height/age percentile
NFHS-5 Household,hb4_02,height/age percentile
NFHS-5 Household,hb4_03,height/age percentile
NFHS-5 Household,hb4_04,height/age percentile
NFHS-5 Household,hb4_05,height/age percentile
NFHS-5 Household,hb4_06,height/age percentile
NFHS-5 Household,hb4_07,height/age percentile
NFHS-5 Household,hb4_08,height/age percentile
NFHS-5 Household,hb4_09,height/age percentile
NFHS-5 Household,hb4_10,height/age percentile
NFHS-5 Household,hb4_11,height/age percentile
NFHS-5 Household,hb4_12,height/age percentile
NFHS-5 Household,hb4_13,height/age percentile
NFHS-5 Household,hb4_14,height/age percentile
NFHS-5 Household,hb4_15,height/age percentile
NFHS-5 Household,hb4_16,height/age percentile
NFHS-5 Household,hb4_17,height/age percentile
NFHS-5 Household,hb4_18,height/age percentile
NFHS-5 Household,hb4_19,height/age percentile
NFHS-5 Household,hb4_20,height/age percentile
NFHS-5 Household,hb5_01,height/age standard deviation
NFHS-5 Household,hb5_02,height/age standard deviation
NFHS-5 Household,hb5_03,height/age standard deviation
NFHS-5 Household,hb5_04,height/age standard deviation
NFHS-5 Household,hb5_05,height/age standard deviation
NFHS-5 Household,hb5_06,height/age standard deviation
NFHS-5 Household,hb5_07,height/age standard deviation
NFHS-5 Household,hb5_08,height/age standard deviation
NFHS-5 Household,hb5_09,height/age standard deviation
NFHS-5 Household,hb5_10,height/age standard deviation
NFHS-5 Household,hb5_11,height/age standard deviation
NFHS-5 Household,hb5_12,height/age standard deviation
NFHS-5 Household,hb5_13,height/age standard deviation
NFHS-5 Household,hb5_14,height/age standard deviation
NFHS-5 Household,hb5_15,height/age standard deviation
NFHS-5 Household,hb5_16,height/age standard deviation
NFHS-5 Household,hb5_17,height/age standard deviation
NFHS-5 Household,hb5_18,height/age standard deviation
NFHS-5 Household,hb5_19,height/age standard deviation
NFHS-5 Household,hb5_20,height/age standard deviation
NFHS-5 Household,hb6_01,height/age percent ref. median
NFHS-5 Household,hb6_02,height/age percent ref. median
NFHS-5 Household,hb6_03,height/age percent ref. median
NFHS-5 Household,hb6_04,height/age percent ref. median
NFHS-5 Household,hb6_05,height/age percent ref. median
NFHS-5 Household,hb6_06,height/age percent ref. median
NFHS-5 Household,hb6_07,height/age percent ref. median
NFHS-5 Household,hb6_08,height/age percent ref. median
NFHS-5 Household,hb6_09,height/age percent ref. median
NFHS-5 Household,hb6_10,height/age percent ref. median
NFHS-5 Household,hb6_11,height/age percent ref. median
NFHS-5 Household,hb6_12,height/age percent ref. median
NFHS-5 Household,hb6_13,height/age percent ref. median
NFHS-5 Household,hb6_14,height/age percent ref. median
NFHS-5 Household,hb6_15,height/age percent ref. median
NFHS-5 Household,hb6_16,height/age percent ref. median
NFHS-5 Household,hb6_17,height/age percent ref. median
NFHS-5 Household,hb6_18,height/age percent ref. median
NFHS-5 Household,hb6_19,height/age percent ref. median
NFHS-5 Household,hb6_20,height/age percent ref. median
NFHS-5 Household,hb11_01,weight/height standard deviation (dhs)
NFHS-5 Household,hb11_02,weight/height standard deviation (dhs)
NFHS-5 Household,hb11_03,weight/height standard deviation (dhs)
NFHS-5 Household,hb11_04,weight/height standard deviation (dhs)
NFHS-5 Household,hb11_05,weight/height standard deviation (dhs)
NFHS-5 Household,hb11_06,weight/height standard deviation (dhs)
NFHS-5 Household,hb11_07,weight/height standard deviation (dhs)
NFHS-5 Household,hb11_08,weight/height standard deviation (dhs)
NFHS-5 Household,hb11_09,weight/height standard deviation (dhs)
NFHS-5 Household,hb11_10,weight/height standard deviation (dhs)
NFHS-5 Household,hb11_11,weight/height standard deviation (dhs)
NFHS-5 Household,hb11_12,weight/height standard deviation (dhs)
NFHS-5 Household,hb11_13,weight/height standard deviation (dhs)
NFHS-5 Household,hb11_14,weight/height standard deviation (dhs)
NFHS-5 Household,hb11_15,weight/height standard deviation (dhs)
NFHS-5 Household,hb11_16,weight/height standard deviation (dhs)
NFHS-5 Household,hb11_17,weight/height standard deviation (dhs)
NFHS-5 Household,hb11_18,weight/height standard deviation (dhs)
NFHS-5 Household,hb11_19,weight/height standard deviation (dhs)
NFHS-5 Household,hb11_20,weight/height standard deviation (dhs)
NFHS-5 Household,hb12_01,weight/height percent ref. median (dhs)
NFHS-5 Household,hb12_02,weight/height percent ref. median (dhs)
NFHS-5 Household,hb12_03,weight/height percent ref. median (dhs)
NFHS-5 Household,hb12_04,weight/height percent ref. median (dhs)
NFHS-5 Household,hb12_05,weight/height percent ref. median (dhs)
NFHS-5 Household,hb12_06,weight/height percent ref. median (dhs)
NFHS-5 Household,hb12_07,weight/height percent ref. median (dhs)
NFHS-5 Household,hb12_08,weight/height percent ref. median (dhs)
NFHS-5 Household,hb12_09,weight/height percent ref. median (dhs)
NFHS-5 Household,hb12_10,weight/height percent ref. median (dhs)
NFHS-5 Household,hb12_11,weight/height percent ref. median (dhs)
NFHS-5 Household,hb12_12,weight/height percent ref. median (dhs)
NFHS-5 Household,hb12_13,weight/height percent ref. median (dhs)
NFHS-5 Household,hb12_14,weight/height percent ref. median (dhs)
NFHS-5 Household,hb12_15,weight/height percent ref. median (dhs)
NFHS-5 Household,hb12_16,weight/height percent ref. median (dhs)
NFHS-5 Household,hb12_17,weight/height percent ref. median (dhs)
NFHS-5 Household,hb12_18,weight/height percent ref. median (dhs)
NFHS-5 Household,hb12_19,weight/height percent ref. median (dhs)
NFHS-5 Household,hb12_20,weight/height percent ref. median (dhs)
NFHS-5 Household,hb12a_01,weight/height percent ref. median (fog)
NFHS-5 Household,hb12a_02,weight/height percent ref. median (fog)
NFHS-5 Household,hb12a_03,weight/height percent ref. median (fog)
NFHS-5 Household,hb12a_04,weight/height percent ref. median (fog)
NFHS-5 Household,hb12a_05,weight/height percent ref. median (fog)
NFHS-5 Household,hb12a_06,weight/height percent ref. median (fog)
NFHS-5 Household,hb12a_07,weight/height percent ref. median (fog)
NFHS-5 Household,hb12a_08,weight/height percent ref. median (fog)
NFHS-5 Household,hb12a_09,weight/height percent ref. median (fog)
NFHS-5 Household,hb12a_10,weight/height percent ref. median (fog)
NFHS-5 Household,hb12a_11,weight/height percent ref. median (fog)
NFHS-5 Household,hb12a_12,weight/height percent ref. median (fog)
NFHS-5 Household,hb12a_13,weight/height percent ref. median (fog)
NFHS-5 Household,hb12a_14,weight/height percent ref. median (fog)
NFHS-5 Household,hb12a_15,weight/height percent ref. median (fog)
NFHS-5 Household,hb12a_16,weight/height percent ref. median (fog)
NFHS-5 Household,hb12a_17,weight/height percent ref. median (fog)
NFHS-5 Household,hb12a_18,weight/height percent ref. median (fog)
NFHS-5 Household,hb12a_19,weight/height percent ref. median (fog)
NFHS-5 Household,hb12a_20,weight/height percent ref. median (fog)
NFHS-5 Household,hb12b_01,weight/height percent ref. median (who)
NFHS-5 Household,hb12b_02,weight/height percent ref. median (who)
NFHS-5 Household,hb12b_03,weight/height percent ref. median (who)
NFHS-5 Household,hb12b_04,weight/height percent ref. median (who)
NFHS-5 Household,hb12b_05,weight/height percent ref. median (who)
NFHS-5 Household,hb12b_06,weight/height percent ref. median (who)
NFHS-5 Household,hb12b_07,weight/height percent ref. median (who)
NFHS-5 Household,hb12b_08,weight/height percent ref. median (who)
NFHS-5 Household,hb12b_09,weight/height percent ref. median (who)
NFHS-5 Household,hb12b_10,weight/height percent ref. median (who)
NFHS-5 Household,hb12b_11,weight/height percent ref. median (who)
NFHS-5 Household,hb12b_12,weight/height percent ref. median (who)
NFHS-5 Household,hb12b_13,weight/height percent ref. median (who)
NFHS-5 Household,hb12b_14,weight/height percent ref. median (who)
NFHS-5 Household,hb12b_15,weight/height percent ref. median (who)
NFHS-5 Household,hb12b_16,weight/height percent ref. median (who)
NFHS-5 Household,hb12b_17,weight/height percent ref. median (who)
NFHS-5 Household,hb12b_18,weight/height percent ref. median (who)
NFHS-5 Household,hb12b_19,weight/height percent ref. median (who)
NFHS-5 Household,hb12b_20,weight/height percent ref. median (who)
NFHS-5 Household,hb13_01,result of measurement - height/weight
NFHS-5 Household,hb13_02,result of measurement - height/weight
NFHS-5 Household,hb13_03,result of measurement - height/weight
NFHS-5 Household,hb13_04,result of measurement - height/weight
NFHS-5 Household,hb13_05,result of measurement - height/weight
NFHS-5 Household,hb13_06,result of measurement - height/weight
NFHS-5 Household,hb13_07,result of measurement - height/weight
NFHS-5 Household,hb13_08,result of measurement - height/weight
NFHS-5 Household,hb13_09,result of measurement - height/weight
NFHS-5 Household,hb13_10,result of measurement - height/weight
NFHS-5 Household,hb13_11,result of measurement - height/weight
NFHS-5 Household,hb13_12,result of measurement - height/weight
NFHS-5 Household,hb13_13,result of measurement - height/weight
NFHS-5 Household,hb13_14,result of measurement - height/weight
NFHS-5 Household,hb13_15,result of measurement - height/weight
NFHS-5 Household,hb13_16,result of measurement - height/weight
NFHS-5 Household,hb13_17,result of measurement - height/weight
NFHS-5 Household,hb13_18,result of measurement - height/weight
NFHS-5 Household,hb13_19,result of measurement - height/weight
NFHS-5 Household,hb13_20,result of measurement - height/weight
NFHS-5 Household,hb21_01,fieldworker measurer code
NFHS-5 Household,hb21_02,fieldworker measurer code
NFHS-5 Household,hb21_03,fieldworker measurer code
NFHS-5 Household,hb21_04,fieldworker measurer code
NFHS-5 Household,hb21_05,fieldworker measurer code
NFHS-5 Household,hb21_06,fieldworker measurer code
NFHS-5 Household,hb21_07,fieldworker measurer code
NFHS-5 Household,hb21_08,fieldworker measurer code
NFHS-5 Household,hb21_09,fieldworker measurer code
NFHS-5 Household,hb21_10,fieldworker measurer code
NFHS-5 Household,hb21_11,fieldworker measurer code
NFHS-5 Household,hb21_12,fieldworker measurer code
NFHS-5 Household,hb21_13,fieldworker measurer code
NFHS-5 Household,hb21_14,fieldworker measurer code
NFHS-5 Household,hb21_15,fieldworker measurer code
NFHS-5 Household,hb21_16,fieldworker measurer code
NFHS-5 Household,hb21_17,fieldworker measurer code
NFHS-5 Household,hb21_18,fieldworker measurer code
NFHS-5 Household,hb21_19,fieldworker measurer code
NFHS-5 Household,hb21_20,fieldworker measurer code
NFHS-5 Household,hb32_01,date of birth (cmc)
NFHS-5 Household,hb32_02,date of birth (cmc)
NFHS-5 Household,hb32_03,date of birth (cmc)
NFHS-5 Household,hb32_04,date of birth (cmc)
NFHS-5 Household,hb32_05,date of birth (cmc)
NFHS-5 Household,hb32_06,date of birth (cmc)
NFHS-5 Household,hb32_07,date of birth (cmc)
NFHS-5 Household,hb32_08,date of birth (cmc)
NFHS-5 Household,hb32_09,date of birth (cmc)
NFHS-5 Household,hb32_10,date of birth (cmc)
NFHS-5 Household,hb32_11,date of birth (cmc)
NFHS-5 Household,hb32_12,date of birth (cmc)
NFHS-5 Household,hb32_13,date of birth (cmc)
NFHS-5 Household,hb32_14,date of birth (cmc)
NFHS-5 Household,hb32_15,date of birth (cmc)
NFHS-5 Household,hb32_16,date of birth (cmc)
NFHS-5 Household,hb32_17,date of birth (cmc)
NFHS-5 Household,hb32_18,date of birth (cmc)
NFHS-5 Household,hb32_19,date of birth (cmc)
NFHS-5 Household,hb32_20,date of birth (cmc)
NFHS-5 Household,hb33_01,completeness of hb32 information
NFHS-5 Household,hb33_02,completeness of hb32 information
NFHS-5 Household,hb33_03,completeness of hb32 information
NFHS-5 Household,hb33_04,completeness of hb32 information
NFHS-5 Household,hb33_05,completeness of hb32 information
NFHS-5 Household,hb33_06,completeness of hb32 information
NFHS-5 Household,hb33_07,completeness of hb32 information
NFHS-5 Household,hb33_08,completeness of hb32 information
NFHS-5 Household,hb33_09,completeness of hb32 information
NFHS-5 Household,hb33_10,completeness of hb32 information
NFHS-5 Household,hb33_11,completeness of hb32 information
NFHS-5 Household,hb33_12,completeness of hb32 information
NFHS-5 Household,hb33_13,completeness of hb32 information
NFHS-5 Household,hb33_14,completeness of hb32 information
NFHS-5 Household,hb33_15,completeness of hb32 information
NFHS-5 Household,hb33_16,completeness of hb32 information
NFHS-5 Household,hb33_17,completeness of hb32 information
NFHS-5 Household,hb33_18,completeness of hb32 information
NFHS-5 Household,hb33_19,completeness of hb32 information
NFHS-5 Household,hb33_20,completeness of hb32 information
NFHS-5 Household,hb35_01,smoking (cigarettes in last 24 hours)
NFHS-5 Household,hb35_02,smoking (cigarettes in last 24 hours)
NFHS-5 Household,hb35_03,smoking (cigarettes in last 24 hours)
NFHS-5 Household,hb35_04,smoking (cigarettes in last 24 hours)
NFHS-5 Household,hb35_05,smoking (cigarettes in last 24 hours)
NFHS-5 Household,hb35_06,smoking (cigarettes in last 24 hours)
NFHS-5 Household,hb35_07,smoking (cigarettes in last 24 hours)
NFHS-5 Household,hb35_08,smoking (cigarettes in last 24 hours)
NFHS-5 Household,hb35_09,smoking (cigarettes in last 24 hours)
NFHS-5 Household,hb35_10,smoking (cigarettes in last 24 hours)
NFHS-5 Household,hb35_11,smoking (cigarettes in last 24 hours)
NFHS-5 Household,hb35_12,smoking (cigarettes in last 24 hours)
NFHS-5 Household,hb35_13,smoking (cigarettes in last 24 hours)
NFHS-5 Household,hb35_14,smoking (cigarettes in last 24 hours)
NFHS-5 Household,hb35_15,smoking (cigarettes in last 24 hours)
NFHS-5 Household,hb35_16,smoking (cigarettes in last 24 hours)
NFHS-5 Household,hb35_17,smoking (cigarettes in last 24 hours)
NFHS-5 Household,hb35_18,smoking (cigarettes in last 24 hours)
NFHS-5 Household,hb35_19,smoking (cigarettes in last 24 hours)
NFHS-5 Household,hb35_20,smoking (cigarettes in last 24 hours)
NFHS-5 Household,hb40_01,body mass index
NFHS-5 Household,hb40_02,body mass index
NFHS-5 Household,hb40_03,body mass index
NFHS-5 Household,hb40_04,body mass index
NFHS-5 Household,hb40_05,body mass index
NFHS-5 Household,hb40_06,body mass index
NFHS-5 Household,hb40_07,body mass index
NFHS-5 Household,hb40_08,body mass index
NFHS-5 Household,hb40_09,body mass index
NFHS-5 Household,hb40_10,body mass index
NFHS-5 Household,hb40_11,body mass index
NFHS-5 Household,hb40_12,body mass index
NFHS-5 Household,hb40_13,body mass index
NFHS-5 Household,hb40_14,body mass index
NFHS-5 Household,hb40_15,body mass index
NFHS-5 Household,hb40_16,body mass index
NFHS-5 Household,hb40_17,body mass index
NFHS-5 Household,hb40_18,body mass index
NFHS-5 Household,hb40_19,body mass index
NFHS-5 Household,hb40_20,body mass index
NFHS-5 Household,hb41_01,rohrer's index
NFHS-5 Household,hb41_02,rohrer's index
NFHS-5 Household,hb41_03,rohrer's index
NFHS-5 Household,hb41_04,rohrer's index
NFHS-5 Household,hb41_05,rohrer's index
NFHS-5 Household,hb41_06,rohrer's index
NFHS-5 Household,hb41_07,rohrer's index
NFHS-5 Household,hb41_08,rohrer's index
NFHS-5 Household,hb41_09,rohrer's index
NFHS-5 Household,hb41_10,rohrer's index
NFHS-5 Household,hb41_11,rohrer's index
NFHS-5 Household,hb41_12,rohrer's index
NFHS-5 Household,hb41_13,rohrer's index
NFHS-5 Household,hb41_14,rohrer's index
NFHS-5 Household,hb41_15,rohrer's index
NFHS-5 Household,hb41_16,rohrer's index
NFHS-5 Household,hb41_17,rohrer's index
NFHS-5 Household,hb41_18,rohrer's index
NFHS-5 Household,hb41_19,rohrer's index
NFHS-5 Household,hb41_20,rohrer's index
NFHS-5 Household,hb50_01,under age 18
NFHS-5 Household,hb50_02,under age 18
NFHS-5 Household,hb50_03,under age 18
NFHS-5 Household,hb50_04,under age 18
NFHS-5 Household,hb50_05,under age 18
NFHS-5 Household,hb50_06,under age 18
NFHS-5 Household,hb50_07,under age 18
NFHS-5 Household,hb50_08,under age 18
NFHS-5 Household,hb50_09,under age 18
NFHS-5 Household,hb50_10,under age 18
NFHS-5 Household,hb50_11,under age 18
NFHS-5 Household,hb50_12,under age 18
NFHS-5 Household,hb50_13,under age 18
NFHS-5 Household,hb50_14,under age 18
NFHS-5 Household,hb50_15,under age 18
NFHS-5 Household,hb50_16,under age 18
NFHS-5 Household,hb50_17,under age 18
NFHS-5 Household,hb50_18,under age 18
NFHS-5 Household,hb50_19,under age 18
NFHS-5 Household,hb50_20,under age 18
NFHS-5 Household,hb51_01,line number of parent/caretaker
NFHS-5 Household,hb51_02,line number of parent/caretaker
NFHS-5 Household,hb51_03,line number of parent/caretaker
NFHS-5 Household,hb51_04,line number of parent/caretaker
NFHS-5 Household,hb51_05,line number of parent/caretaker
NFHS-5 Household,hb51_06,line number of parent/caretaker
NFHS-5 Household,hb51_07,line number of parent/caretaker
NFHS-5 Household,hb51_08,line number of parent/caretaker
NFHS-5 Household,hb51_09,line number of parent/caretaker
NFHS-5 Household,hb51_10,line number of parent/caretaker
NFHS-5 Household,hb51_11,line number of parent/caretaker
NFHS-5 Household,hb51_12,line number of parent/caretaker
NFHS-5 Household,hb51_13,line number of parent/caretaker
NFHS-5 Household,hb51_14,line number of parent/caretaker
NFHS-5 Household,hb51_15,line number of parent/caretaker
NFHS-5 Household,hb51_16,line number of parent/caretaker
NFHS-5 Household,hb51_17,line number of parent/caretaker
NFHS-5 Household,hb51_18,line number of parent/caretaker
NFHS-5 Household,hb51_19,line number of parent/caretaker
NFHS-5 Household,hb51_20,line number of parent/caretaker
NFHS-5 Household,hb52_01,read consent statement - hemoglobin
NFHS-5 Household,hb52_02,read consent statement - hemoglobin
NFHS-5 Household,hb52_03,read consent statement - hemoglobin
NFHS-5 Household,hb52_04,read consent statement - hemoglobin
NFHS-5 Household,hb52_05,read consent statement - hemoglobin
NFHS-5 Household,hb52_06,read consent statement - hemoglobin
NFHS-5 Household,hb52_07,read consent statement - hemoglobin
NFHS-5 Household,hb52_08,read consent statement - hemoglobin
NFHS-5 Household,hb52_09,read consent statement - hemoglobin
NFHS-5 Household,hb52_10,read consent statement - hemoglobin
NFHS-5 Household,hb52_11,read consent statement - hemoglobin
NFHS-5 Household,hb52_12,read consent statement - hemoglobin
NFHS-5 Household,hb52_13,read consent statement - hemoglobin
NFHS-5 Household,hb52_14,read consent statement - hemoglobin
NFHS-5 Household,hb52_15,read consent statement - hemoglobin
NFHS-5 Household,hb52_16,read consent statement - hemoglobin
NFHS-5 Household,hb52_17,read consent statement - hemoglobin
NFHS-5 Household,hb52_18,read consent statement - hemoglobin
NFHS-5 Household,hb52_19,read consent statement - hemoglobin
NFHS-5 Household,hb52_20,read consent statement - hemoglobin
NFHS-5 Household,hb53_01,hemoglobin level (g/dl - 1 decimal)
NFHS-5 Household,hb53_02,hemoglobin level (g/dl - 1 decimal)
NFHS-5 Household,hb53_03,hemoglobin level (g/dl - 1 decimal)
NFHS-5 Household,hb53_04,hemoglobin level (g/dl - 1 decimal)
NFHS-5 Household,hb53_05,hemoglobin level (g/dl - 1 decimal)
NFHS-5 Household,hb53_06,hemoglobin level (g/dl - 1 decimal)
NFHS-5 Household,hb53_07,hemoglobin level (g/dl - 1 decimal)
NFHS-5 Household,hb53_08,hemoglobin level (g/dl - 1 decimal)
NFHS-5 Household,hb53_09,hemoglobin level (g/dl - 1 decimal)
NFHS-5 Household,hb53_10,hemoglobin level (g/dl - 1 decimal)
NFHS-5 Household,hb53_11,hemoglobin level (g/dl - 1 decimal)
NFHS-5 Household,hb53_12,hemoglobin level (g/dl - 1 decimal)
NFHS-5 Household,hb53_13,hemoglobin level (g/dl - 1 decimal)
NFHS-5 Household,hb53_14,hemoglobin level (g/dl - 1 decimal)
NFHS-5 Household,hb53_15,hemoglobin level (g/dl - 1 decimal)
NFHS-5 Household,hb53_16,hemoglobin level (g/dl - 1 decimal)
NFHS-5 Household,hb53_17,hemoglobin level (g/dl - 1 decimal)
NFHS-5 Household,hb53_18,hemoglobin level (g/dl - 1 decimal)
NFHS-5 Household,hb53_19,hemoglobin level (g/dl - 1 decimal)
NFHS-5 Household,hb53_20,hemoglobin level (g/dl - 1 decimal)
NFHS-5 Household,hb55_01,result of measurement - hemoglobin
NFHS-5 Household,hb55_02,result of measurement - hemoglobin
NFHS-5 Household,hb55_03,result of measurement - hemoglobin
NFHS-5 Household,hb55_04,result of measurement - hemoglobin
NFHS-5 Household,hb55_05,result of measurement - hemoglobin
NFHS-5 Household,hb55_06,result of measurement - hemoglobin
NFHS-5 Household,hb55_07,result of measurement - hemoglobin
NFHS-5 Household,hb55_08,result of measurement - hemoglobin
NFHS-5 Household,hb55_09,result of measurement - hemoglobin
NFHS-5 Household,hb55_10,result of measurement - hemoglobin
NFHS-5 Household,hb55_11,result of measurement - hemoglobin
NFHS-5 Household,hb55_12,result of measurement - hemoglobin
NFHS-5 Household,hb55_13,result of measurement - hemoglobin
NFHS-5 Household,hb55_14,result of measurement - hemoglobin
NFHS-5 Household,hb55_15,result of measurement - hemoglobin
NFHS-5 Household,hb55_16,result of measurement - hemoglobin
NFHS-5 Household,hb55_17,result of measurement - hemoglobin
NFHS-5 Household,hb55_18,result of measurement - hemoglobin
NFHS-5 Household,hb55_19,result of measurement - hemoglobin
NFHS-5 Household,hb55_20,result of measurement - hemoglobin
NFHS-5 Household,hb56_01,hemoglobin level adjusted for altitude and smoking (g/dl - 1 decimal)
NFHS-5 Household,hb56_02,hemoglobin level adjusted for altitude and smoking (g/dl - 1 decimal)
NFHS-5 Household,hb56_03,hemoglobin level adjusted for altitude and smoking (g/dl - 1 decimal)
NFHS-5 Household,hb56_04,hemoglobin level adjusted for altitude and smoking (g/dl - 1 decimal)
NFHS-5 Household,hb56_05,hemoglobin level adjusted for altitude and smoking (g/dl - 1 decimal)
NFHS-5 Household,hb56_06,hemoglobin level adjusted for altitude and smoking (g/dl - 1 decimal)
NFHS-5 Household,hb56_07,hemoglobin level adjusted for altitude and smoking (g/dl - 1 decimal)
NFHS-5 Household,hb56_08,hemoglobin level adjusted for altitude and smoking (g/dl - 1 decimal)
NFHS-5 Household,hb56_09,hemoglobin level adjusted for altitude and smoking (g/dl - 1 decimal)
NFHS-5 Household,hb56_10,hemoglobin level adjusted for altitude and smoking (g/dl - 1 decimal)
NFHS-5 Household,hb56_11,hemoglobin level adjusted for altitude and smoking (g/dl - 1 decimal)
NFHS-5 Household,hb56_12,hemoglobin level adjusted for altitude and smoking (g/dl - 1 decimal)
NFHS-5 Household,hb56_13,hemoglobin level adjusted for altitude and smoking (g/dl - 1 decimal)
NFHS-5 Household,hb56_14,hemoglobin level adjusted for altitude and smoking (g/dl - 1 decimal)
NFHS-5 Household,hb56_15,hemoglobin level adjusted for altitude and smoking (g/dl - 1 decimal)
NFHS-5 Household,hb56_16,hemoglobin level adjusted for altitude and smoking (g/dl - 1 decimal)
NFHS-5 Household,hb56_17,hemoglobin level adjusted for altitude and smoking (g/dl - 1 decimal)
NFHS-5 Household,hb56_18,hemoglobin level adjusted for altitude and smoking (g/dl - 1 decimal)
NFHS-5 Household,hb56_19,hemoglobin level adjusted for altitude and smoking (g/dl - 1 decimal)
NFHS-5 Household,hb56_20,hemoglobin level adjusted for altitude and smoking (g/dl - 1 decimal)
NFHS-5 Household,hb57_01,anemia level
NFHS-5 Household,hb57_02,anemia level
NFHS-5 Household,hb57_03,anemia level
NFHS-5 Household,hb57_04,anemia level
NFHS-5 Household,hb57_05,anemia level
NFHS-5 Household,hb57_06,anemia level
NFHS-5 Household,hb57_07,anemia level
NFHS-5 Household,hb57_08,anemia level
NFHS-5 Household,hb57_09,anemia level
NFHS-5 Household,hb57_10,anemia level
NFHS-5 Household,hb57_11,anemia level
NFHS-5 Household,hb57_12,anemia level
NFHS-5 Household,hb57_13,anemia level
NFHS-5 Household,hb57_14,anemia level
NFHS-5 Household,hb57_15,anemia level
NFHS-5 Household,hb57_16,anemia level
NFHS-5 Household,hb57_17,anemia level
NFHS-5 Household,hb57_18,anemia level
NFHS-5 Household,hb57_19,anemia level
NFHS-5 Household,hb57_20,anemia level
NFHS-5 Household,hb58_01,na - agrees to referral - anemia
NFHS-5 Household,hb58_02,na - agrees to referral - anemia
NFHS-5 Household,hb58_03,na - agrees to referral - anemia
NFHS-5 Household,hb58_04,na - agrees to referral - anemia
NFHS-5 Household,hb58_05,na - agrees to referral - anemia
NFHS-5 Household,hb58_06,na - agrees to referral - anemia
NFHS-5 Household,hb58_07,na - agrees to referral - anemia
NFHS-5 Household,hb58_08,na - agrees to referral - anemia
NFHS-5 Household,hb58_09,na - agrees to referral - anemia
NFHS-5 Household,hb58_10,na - agrees to referral - anemia
NFHS-5 Household,hb58_11,na - agrees to referral - anemia
NFHS-5 Household,hb58_12,na - agrees to referral - anemia
NFHS-5 Household,hb58_13,na - agrees to referral - anemia
NFHS-5 Household,hb58_14,na - agrees to referral - anemia
NFHS-5 Household,hb58_15,na - agrees to referral - anemia
NFHS-5 Household,hb58_16,na - agrees to referral - anemia
NFHS-5 Household,hb58_17,na - agrees to referral - anemia
NFHS-5 Household,hb58_18,na - agrees to referral - anemia
NFHS-5 Household,hb58_19,na - agrees to referral - anemia
NFHS-5 Household,hb58_20,na - agrees to referral - anemia
NFHS-5 Household,hb60_01,marital status
NFHS-5 Household,hb60_02,marital status
NFHS-5 Household,hb60_03,marital status
NFHS-5 Household,hb60_04,marital status
NFHS-5 Household,hb60_05,marital status
NFHS-5 Household,hb60_06,marital status
NFHS-5 Household,hb60_07,marital status
NFHS-5 Household,hb60_08,marital status
NFHS-5 Household,hb60_09,marital status
NFHS-5 Household,hb60_10,marital status
NFHS-5 Household,hb60_11,marital status
NFHS-5 Household,hb60_12,marital status
NFHS-5 Household,hb60_13,marital status
NFHS-5 Household,hb60_14,marital status
NFHS-5 Household,hb60_15,marital status
NFHS-5 Household,hb60_16,marital status
NFHS-5 Household,hb60_17,marital status
NFHS-5 Household,hb60_18,marital status
NFHS-5 Household,hb60_19,marital status
NFHS-5 Household,hb60_20,marital status
NFHS-5 Household,hb61_01,read consent statement - hiv
NFHS-5 Household,hb61_02,read consent statement - hiv
NFHS-5 Household,hb61_03,read consent statement - hiv
NFHS-5 Household,hb61_04,read consent statement - hiv
NFHS-5 Household,hb61_05,read consent statement - hiv
NFHS-5 Household,hb61_06,read consent statement - hiv
NFHS-5 Household,hb61_07,read consent statement - hiv
NFHS-5 Household,hb61_08,read consent statement - hiv
NFHS-5 Household,hb61_09,read consent statement - hiv
NFHS-5 Household,hb61_10,read consent statement - hiv
NFHS-5 Household,hb61_11,read consent statement - hiv
NFHS-5 Household,hb61_12,read consent statement - hiv
NFHS-5 Household,hb61_13,read consent statement - hiv
NFHS-5 Household,hb61_14,read consent statement - hiv
NFHS-5 Household,hb61_15,read consent statement - hiv
NFHS-5 Household,hb61_16,read consent statement - hiv
NFHS-5 Household,hb61_17,read consent statement - hiv
NFHS-5 Household,hb61_18,read consent statement - hiv
NFHS-5 Household,hb61_19,read consent statement - hiv
NFHS-5 Household,hb61_20,read consent statement - hiv
NFHS-5 Household,hb62_01,bar code for hiv blood sample
NFHS-5 Household,hb62_02,bar code for hiv blood sample
NFHS-5 Household,hb62_03,bar code for hiv blood sample
NFHS-5 Household,hb62_04,bar code for hiv blood sample
NFHS-5 Household,hb62_05,bar code for hiv blood sample
NFHS-5 Household,hb62_06,bar code for hiv blood sample
NFHS-5 Household,hb62_07,bar code for hiv blood sample
NFHS-5 Household,hb62_08,bar code for hiv blood sample
NFHS-5 Household,hb62_09,bar code for hiv blood sample
NFHS-5 Household,hb62_10,bar code for hiv blood sample
NFHS-5 Household,hb62_11,bar code for hiv blood sample
NFHS-5 Household,hb62_12,bar code for hiv blood sample
NFHS-5 Household,hb62_13,bar code for hiv blood sample
NFHS-5 Household,hb62_14,bar code for hiv blood sample
NFHS-5 Household,hb62_15,bar code for hiv blood sample
NFHS-5 Household,hb62_16,bar code for hiv blood sample
NFHS-5 Household,hb62_17,bar code for hiv blood sample
NFHS-5 Household,hb62_18,bar code for hiv blood sample
NFHS-5 Household,hb62_19,bar code for hiv blood sample
NFHS-5 Household,hb62_20,bar code for hiv blood sample
NFHS-5 Household,hb63_01,result of measurement - hiv
NFHS-5 Household,hb63_02,result of measurement - hiv
NFHS-5 Household,hb63_03,result of measurement - hiv
NFHS-5 Household,hb63_04,result of measurement - hiv
NFHS-5 Household,hb63_05,result of measurement - hiv
NFHS-5 Household,hb63_06,result of measurement - hiv
NFHS-5 Household,hb63_07,result of measurement - hiv
NFHS-5 Household,hb63_08,result of measurement - hiv
NFHS-5 Household,hb63_09,result of measurement - hiv
NFHS-5 Household,hb63_10,result of measurement - hiv
NFHS-5 Household,hb63_11,result of measurement - hiv
NFHS-5 Household,hb63_12,result of measurement - hiv
NFHS-5 Household,hb63_13,result of measurement - hiv
NFHS-5 Household,hb63_14,result of measurement - hiv
NFHS-5 Household,hb63_15,result of measurement - hiv
NFHS-5 Household,hb63_16,result of measurement - hiv
NFHS-5 Household,hb63_17,result of measurement - hiv
NFHS-5 Household,hb63_18,result of measurement - hiv
NFHS-5 Household,hb63_19,result of measurement - hiv
NFHS-5 Household,hb63_20,result of measurement - hiv
NFHS-5 Household,hb64_01,consent for additional tests
NFHS-5 Household,hb64_02,consent for additional tests
NFHS-5 Household,hb64_03,consent for additional tests
NFHS-5 Household,hb64_04,consent for additional tests
NFHS-5 Household,hb64_05,consent for additional tests
NFHS-5 Household,hb64_06,consent for additional tests
NFHS-5 Household,hb64_07,consent for additional tests
NFHS-5 Household,hb64_08,consent for additional tests
NFHS-5 Household,hb64_09,consent for additional tests
NFHS-5 Household,hb64_10,consent for additional tests
NFHS-5 Household,hb64_11,consent for additional tests
NFHS-5 Household,hb64_12,consent for additional tests
NFHS-5 Household,hb64_13,consent for additional tests
NFHS-5 Household,hb64_14,consent for additional tests
NFHS-5 Household,hb64_15,consent for additional tests
NFHS-5 Household,hb64_16,consent for additional tests
NFHS-5 Household,hb64_17,consent for additional tests
NFHS-5 Household,hb64_18,consent for additional tests
NFHS-5 Household,hb64_19,consent for additional tests
NFHS-5 Household,hb64_20,consent for additional tests
NFHS-5 Household,hb65_01,result of man's individual interview
NFHS-5 Household,hb65_02,result of man's individual interview
NFHS-5 Household,hb65_03,result of man's individual interview
NFHS-5 Household,hb65_04,result of man's individual interview
NFHS-5 Household,hb65_05,result of man's individual interview
NFHS-5 Household,hb65_06,result of man's individual interview
NFHS-5 Household,hb65_07,result of man's individual interview
NFHS-5 Household,hb65_08,result of man's individual interview
NFHS-5 Household,hb65_09,result of man's individual interview
NFHS-5 Household,hb65_10,result of man's individual interview
NFHS-5 Household,hb65_11,result of man's individual interview
NFHS-5 Household,hb65_12,result of man's individual interview
NFHS-5 Household,hb65_13,result of man's individual interview
NFHS-5 Household,hb65_14,result of man's individual interview
NFHS-5 Household,hb65_15,result of man's individual interview
NFHS-5 Household,hb65_16,result of man's individual interview
NFHS-5 Household,hb65_17,result of man's individual interview
NFHS-5 Household,hb65_18,result of man's individual interview
NFHS-5 Household,hb65_19,result of man's individual interview
NFHS-5 Household,hb65_20,result of man's individual interview
NFHS-5 Household,hb66_01,man's highest educational level
NFHS-5 Household,hb66_02,man's highest educational level
NFHS-5 Household,hb66_03,man's highest educational level
NFHS-5 Household,hb66_04,man's highest educational level
NFHS-5 Household,hb66_05,man's highest educational level
NFHS-5 Household,hb66_06,man's highest educational level
NFHS-5 Household,hb66_07,man's highest educational level
NFHS-5 Household,hb66_08,man's highest educational level
NFHS-5 Household,hb66_09,man's highest educational level
NFHS-5 Household,hb66_10,man's highest educational level
NFHS-5 Household,hb66_11,man's highest educational level
NFHS-5 Household,hb66_12,man's highest educational level
NFHS-5 Household,hb66_13,man's highest educational level
NFHS-5 Household,hb66_14,man's highest educational level
NFHS-5 Household,hb66_15,man's highest educational level
NFHS-5 Household,hb66_16,man's highest educational level
NFHS-5 Household,hb66_17,man's highest educational level
NFHS-5 Household,hb66_18,man's highest educational level
NFHS-5 Household,hb66_19,man's highest educational level
NFHS-5 Household,hb66_20,man's highest educational level
NFHS-5 Household,hb67_01,man's highest year of education
NFHS-5 Household,hb67_02,man's highest year of education
NFHS-5 Household,hb67_03,man's highest year of education
NFHS-5 Household,hb67_04,man's highest year of education
NFHS-5 Household,hb67_05,man's highest year of education
NFHS-5 Household,hb67_06,man's highest year of education
NFHS-5 Household,hb67_07,man's highest year of education
NFHS-5 Household,hb67_08,man's highest year of education
NFHS-5 Household,hb67_09,man's highest year of education
NFHS-5 Household,hb67_10,man's highest year of education
NFHS-5 Household,hb67_11,man's highest year of education
NFHS-5 Household,hb67_12,man's highest year of education
NFHS-5 Household,hb67_13,man's highest year of education
NFHS-5 Household,hb67_14,man's highest year of education
NFHS-5 Household,hb67_15,man's highest year of education
NFHS-5 Household,hb67_16,man's highest year of education
NFHS-5 Household,hb67_17,man's highest year of education
NFHS-5 Household,hb67_18,man's highest year of education
NFHS-5 Household,hb67_19,man's highest year of education
NFHS-5 Household,hb67_20,man's highest year of education
NFHS-5 Household,hb68_01,man's highest educational level (for preliminary and final report)
NFHS-5 Household,hb68_02,man's highest educational level (for preliminary and final report)
NFHS-5 Household,hb68_03,man's highest educational level (for preliminary and final report)
NFHS-5 Household,hb68_04,man's highest educational level (for preliminary and final report)
NFHS-5 Household,hb68_05,man's highest educational level (for preliminary and final report)
NFHS-5 Household,hb68_06,man's highest educational level (for preliminary and final report)
NFHS-5 Household,hb68_07,man's highest educational level (for preliminary and final report)
NFHS-5 Household,hb68_08,man's highest educational level (for preliminary and final report)
NFHS-5 Household,hb68_09,man's highest educational level (for preliminary and final report)
NFHS-5 Household,hb68_10,man's highest educational level (for preliminary and final report)
NFHS-5 Household,hb68_11,man's highest educational level (for preliminary and final report)
NFHS-5 Household,hb68_12,man's highest educational level (for preliminary and final report)
NFHS-5 Household,hb68_13,man's highest educational level (for preliminary and final report)
NFHS-5 Household,hb68_14,man's highest educational level (for preliminary and final report)
NFHS-5 Household,hb68_15,man's highest educational level (for preliminary and final report)
NFHS-5 Household,hb68_16,man's highest educational level (for preliminary and final report)
NFHS-5 Household,hb68_17,man's highest educational level (for preliminary and final report)
NFHS-5 Household,hb68_18,man's highest educational level (for preliminary and final report)
NFHS-5 Household,hb68_19,man's highest educational level (for preliminary and final report)
NFHS-5 Household,hb68_20,man's highest educational level (for preliminary and final report)
NFHS-5 Household,hb69_01,na - hiv weight (6 decimals)
NFHS-5 Household,hb69_02,na - hiv weight (6 decimals)
NFHS-5 Household,hb69_03,na - hiv weight (6 decimals)
NFHS-5 Household,hb69_04,na - hiv weight (6 decimals)
NFHS-5 Household,hb69_05,na - hiv weight (6 decimals)
NFHS-5 Household,hb69_06,na - hiv weight (6 decimals)
NFHS-5 Household,hb69_07,na - hiv weight (6 decimals)
NFHS-5 Household,hb69_08,na - hiv weight (6 decimals)
NFHS-5 Household,hb69_09,na - hiv weight (6 decimals)
NFHS-5 Household,hb69_10,na - hiv weight (6 decimals)
NFHS-5 Household,hb69_11,na - hiv weight (6 decimals)
NFHS-5 Household,hb69_12,na - hiv weight (6 decimals)
NFHS-5 Household,hb69_13,na - hiv weight (6 decimals)
NFHS-5 Household,hb69_14,na - hiv weight (6 decimals)
NFHS-5 Household,hb69_15,na - hiv weight (6 decimals)
NFHS-5 Household,hb69_16,na - hiv weight (6 decimals)
NFHS-5 Household,hb69_17,na - hiv weight (6 decimals)
NFHS-5 Household,hb69_18,na - hiv weight (6 decimals)
NFHS-5 Household,hb69_19,na - hiv weight (6 decimals)
NFHS-5 Household,hb69_20,na - hiv weight (6 decimals)
NFHS-5 Household,hb70_01,na - interviewer that took blood for hiv testing
NFHS-5 Household,hb70_02,na - interviewer that took blood for hiv testing
NFHS-5 Household,hb70_03,na - interviewer that took blood for hiv testing
NFHS-5 Household,hb70_04,na - interviewer that took blood for hiv testing
NFHS-5 Household,hb70_05,na - interviewer that took blood for hiv testing
NFHS-5 Household,hb70_06,na - interviewer that took blood for hiv testing
NFHS-5 Household,hb70_07,na - interviewer that took blood for hiv testing
NFHS-5 Household,hb70_08,na - interviewer that took blood for hiv testing
NFHS-5 Household,hb70_09,na - interviewer that took blood for hiv testing
NFHS-5 Household,hb70_10,na - interviewer that took blood for hiv testing
NFHS-5 Household,hb70_11,na - interviewer that took blood for hiv testing
NFHS-5 Household,hb70_12,na - interviewer that took blood for hiv testing
NFHS-5 Household,hb70_13,na - interviewer that took blood for hiv testing
NFHS-5 Household,hb70_14,na - interviewer that took blood for hiv testing
NFHS-5 Household,hb70_15,na - interviewer that took blood for hiv testing
NFHS-5 Household,hb70_16,na - interviewer that took blood for hiv testing
NFHS-5 Household,hb70_17,na - interviewer that took blood for hiv testing
NFHS-5 Household,hb70_18,na - interviewer that took blood for hiv testing
NFHS-5 Household,hb70_19,na - interviewer that took blood for hiv testing
NFHS-5 Household,hb70_20,na - interviewer that took blood for hiv testing
NFHS-5 Household,hmlidx_1,mosquito bed net designation number
NFHS-5 Household,hmlidx_2,mosquito bed net designation number
NFHS-5 Household,hmlidx_3,mosquito bed net designation number
NFHS-5 Household,hmlidx_4,mosquito bed net designation number
NFHS-5 Household,hmlidx_5,mosquito bed net designation number
NFHS-5 Household,hmlidx_6,mosquito bed net designation number
NFHS-5 Household,hmlidx_7,mosquito bed net designation number
NFHS-5 Household,hml3_1,na - net observed by interviewer
NFHS-5 Household,hml3_2,na - net observed by interviewer
NFHS-5 Household,hml3_3,na - net observed by interviewer
NFHS-5 Household,hml3_4,na - net observed by interviewer
NFHS-5 Household,hml3_5,na - net observed by interviewer
NFHS-5 Household,hml3_6,na - net observed by interviewer
NFHS-5 Household,hml3_7,na - net observed by interviewer
NFHS-5 Household,hml4_1,na - months ago net obtained
NFHS-5 Household,hml4_2,na - months ago net obtained
NFHS-5 Household,hml4_3,na - months ago net obtained
NFHS-5 Household,hml4_4,na - months ago net obtained
NFHS-5 Household,hml4_5,na - months ago net obtained
NFHS-5 Household,hml4_6,na - months ago net obtained
NFHS-5 Household,hml4_7,na - months ago net obtained
NFHS-5 Household,hml5_1,na - net treated with insecticide when bought
NFHS-5 Household,hml5_2,na - net treated with insecticide when bought
NFHS-5 Household,hml5_3,na - net treated with insecticide when bought
NFHS-5 Household,hml5_4,na - net treated with insecticide when bought
NFHS-5 Household,hml5_5,na - net treated with insecticide when bought
NFHS-5 Household,hml5_6,na - net treated with insecticide when bought
NFHS-5 Household,hml5_7,na - net treated with insecticide when bought
NFHS-5 Household,hml6_1,na - net treatment status
NFHS-5 Household,hml6_2,na - net treatment status
NFHS-5 Household,hml6_3,na - net treatment status
NFHS-5 Household,hml6_4,na - net treatment status
NFHS-5 Household,hml6_5,na - net treatment status
NFHS-5 Household,hml6_6,na - net treatment status
NFHS-5 Household,hml6_7,na - net treatment status
NFHS-5 Household,hml7_1,brand of net
NFHS-5 Household,hml7_2,brand of net
NFHS-5 Household,hml7_3,brand of net
NFHS-5 Household,hml7_4,brand of net
NFHS-5 Household,hml7_5,brand of net
NFHS-5 Household,hml7_6,brand of net
NFHS-5 Household,hml7_7,brand of net
NFHS-5 Household,hml8_1,net treated since received
NFHS-5 Household,hml8_2,net treated since received
NFHS-5 Household,hml8_3,net treated since received
NFHS-5 Household,hml8_4,net treated since received
NFHS-5 Household,hml8_5,net treated since received
NFHS-5 Household,hml8_6,net treated since received
NFHS-5 Household,hml8_7,net treated since received
NFHS-5 Household,hml9_1,na - time since last re-treatment (months)
NFHS-5 Household,hml9_2,na - time since last re-treatment (months)
NFHS-5 Household,hml9_3,na - time since last re-treatment (months)
NFHS-5 Household,hml9_4,na - time since last re-treatment (months)
NFHS-5 Household,hml9_5,na - time since last re-treatment (months)
NFHS-5 Household,hml9_6,na - time since last re-treatment (months)
NFHS-5 Household,hml9_7,na - time since last re-treatment (months)
NFHS-5 Household,hml10_1,insecticide-treated net (itn)
NFHS-5 Household,hml10_2,insecticide-treated net (itn)
NFHS-5 Household,hml10_3,insecticide-treated net (itn)
NFHS-5 Household,hml10_4,insecticide-treated net (itn)
NFHS-5 Household,hml10_5,insecticide-treated net (itn)
NFHS-5 Household,hml10_6,insecticide-treated net (itn)
NFHS-5 Household,hml10_7,insecticide-treated net (itn)
NFHS-5 Household,hml11_1,number of persons who slept under this net
NFHS-5 Household,hml11_2,number of persons who slept under this net
NFHS-5 Household,hml11_3,number of persons who slept under this net
NFHS-5 Household,hml11_4,number of persons who slept under this net
NFHS-5 Household,hml11_5,number of persons who slept under this net
NFHS-5 Household,hml11_6,number of persons who slept under this net
NFHS-5 Household,hml11_7,number of persons who slept under this net
NFHS-5 Household,hml21_1,someone slept under this net last night
NFHS-5 Household,hml21_2,someone slept under this net last night
NFHS-5 Household,hml21_3,someone slept under this net last night
NFHS-5 Household,hml21_4,someone slept under this net last night
NFHS-5 Household,hml21_5,someone slept under this net last night
NFHS-5 Household,hml21_6,someone slept under this net last night
NFHS-5 Household,hml21_7,someone slept under this net last night
NFHS-5 Household,hmla_1,line number of person who slept in this net
NFHS-5 Household,hmla_2,line number of person who slept in this net
NFHS-5 Household,hmla_3,line number of person who slept in this net
NFHS-5 Household,hmla_4,line number of person who slept in this net
NFHS-5 Household,hmla_5,line number of person who slept in this net
NFHS-5 Household,hmla_6,line number of person who slept in this net
NFHS-5 Household,hmla_7,line number of person who slept in this net
NFHS-5 Household,hmlb_1,line number of person who slept in this net
NFHS-5 Household,hmlb_2,line number of person who slept in this net
NFHS-5 Household,hmlb_3,line number of person who slept in this net
NFHS-5 Household,hmlb_4,line number of person who slept in this net
NFHS-5 Household,hmlb_5,line number of person who slept in this net
NFHS-5 Household,hmlb_6,line number of person who slept in this net
NFHS-5 Household,hmlb_7,line number of person who slept in this net
NFHS-5 Household,hmlc_1,line number of person who slept in this net
NFHS-5 Household,hmlc_2,line number of person who slept in this net
NFHS-5 Household,hmlc_3,line number of person who slept in this net
NFHS-5 Household,hmlc_4,line number of person who slept in this net
NFHS-5 Household,hmlc_5,line number of person who slept in this net
NFHS-5 Household,hmlc_6,line number of person who slept in this net
NFHS-5 Household,hmlc_7,line number of person who slept in this net
NFHS-5 Household,hmld_1,line number of person who slept in this net
NFHS-5 Household,hmld_2,line number of person who slept in this net
NFHS-5 Household,hmld_3,line number of person who slept in this net
NFHS-5 Household,hmld_4,line number of person who slept in this net
NFHS-5 Household,hmld_5,line number of person who slept in this net
NFHS-5 Household,hmld_6,line number of person who slept in this net
NFHS-5 Household,hmld_7,line number of person who slept in this net
NFHS-5 Household,hmle_1,na - line number of person who slept in this net
NFHS-5 Household,hmle_2,na - line number of person who slept in this net
NFHS-5 Household,hmle_3,na - line number of person who slept in this net
NFHS-5 Household,hmle_4,na - line number of person who slept in this net
NFHS-5 Household,hmle_5,na - line number of person who slept in this net
NFHS-5 Household,hmle_6,na - line number of person who slept in this net
NFHS-5 Household,hmle_7,na - line number of person who slept in this net
NFHS-5 Household,hml22_1,"na - obtained net from campaign, antenatal or immunization visit"
NFHS-5 Household,hml22_2,"na - obtained net from campaign, antenatal or immunization visit"
NFHS-5 Household,hml22_3,"na - obtained net from campaign, antenatal or immunization visit"
NFHS-5 Household,hml22_4,"na - obtained net from campaign, antenatal or immunization visit"
NFHS-5 Household,hml22_5,"na - obtained net from campaign, antenatal or immunization visit"
NFHS-5 Household,hml22_6,"na - obtained net from campaign, antenatal or immunization visit"
NFHS-5 Household,hml22_7,"na - obtained net from campaign, antenatal or immunization visit"
NFHS-5 Household,hml23_1,place where net was obtained
NFHS-5 Household,hml23_2,place where net was obtained
NFHS-5 Household,hml23_3,place where net was obtained
NFHS-5 Household,hml23_4,place where net was obtained
NFHS-5 Household,hml23_5,place where net was obtained
NFHS-5 Household,hml23_6,place where net was obtained
NFHS-5 Household,hml23_7,place where net was obtained
NFHS-5 Household,hmhidx_01,index to household schedule
NFHS-5 Household,hmhidx_02,index to household schedule
NFHS-5 Household,hmhidx_03,index to household schedule
NFHS-5 Household,hmhidx_04,index to household schedule
NFHS-5 Household,hmhidx_05,index to household schedule
NFHS-5 Household,hmhidx_06,index to household schedule
NFHS-5 Household,hmhidx_07,index to household schedule
NFHS-5 Household,hmhidx_08,index to household schedule
NFHS-5 Household,hmhidx_09,index to household schedule
NFHS-5 Household,hmhidx_10,index to household schedule
NFHS-5 Household,hmhidx_11,index to household schedule
NFHS-5 Household,hmhidx_12,index to household schedule
NFHS-5 Household,hmhidx_13,index to household schedule
NFHS-5 Household,hmhidx_14,index to household schedule
NFHS-5 Household,hmhidx_15,index to household schedule
NFHS-5 Household,hmhidx_16,index to household schedule
NFHS-5 Household,hmhidx_17,index to household schedule
NFHS-5 Household,hmhidx_18,index to household schedule
NFHS-5 Household,hmhidx_19,index to household schedule
NFHS-5 Household,hmhidx_20,index to household schedule
NFHS-5 Household,hmhidx_21,index to household schedule
NFHS-5 Household,hmhidx_22,index to household schedule
NFHS-5 Household,hmhidx_23,index to household schedule
NFHS-5 Household,hmhidx_24,index to household schedule
NFHS-5 Household,hmhidx_25,index to household schedule
NFHS-5 Household,hmhidx_26,index to household schedule
NFHS-5 Household,hmhidx_27,index to household schedule
NFHS-5 Household,hmhidx_28,index to household schedule
NFHS-5 Household,hmhidx_29,index to household schedule
NFHS-5 Household,hmhidx_30,index to household schedule
NFHS-5 Household,hmhidx_31,index to household schedule
NFHS-5 Household,hmhidx_32,index to household schedule
NFHS-5 Household,hmhidx_33,index to household schedule
NFHS-5 Household,hmhidx_34,index to household schedule
NFHS-5 Household,hmhidx_35,index to household schedule
NFHS-5 Household,hml12_01,type of mosquito bed net(s) person slept under last night
NFHS-5 Household,hml12_02,type of mosquito bed net(s) person slept under last night
NFHS-5 Household,hml12_03,type of mosquito bed net(s) person slept under last night
NFHS-5 Household,hml12_04,type of mosquito bed net(s) person slept under last night
NFHS-5 Household,hml12_05,type of mosquito bed net(s) person slept under last night
NFHS-5 Household,hml12_06,type of mosquito bed net(s) person slept under last night
NFHS-5 Household,hml12_07,type of mosquito bed net(s) person slept under last night
NFHS-5 Household,hml12_08,type of mosquito bed net(s) person slept under last night
NFHS-5 Household,hml12_09,type of mosquito bed net(s) person slept under last night
NFHS-5 Household,hml12_10,type of mosquito bed net(s) person slept under last night
NFHS-5 Household,hml12_11,type of mosquito bed net(s) person slept under last night
NFHS-5 Household,hml12_12,type of mosquito bed net(s) person slept under last night
NFHS-5 Household,hml12_13,type of mosquito bed net(s) person slept under last night
NFHS-5 Household,hml12_14,type of mosquito bed net(s) person slept under last night
NFHS-5 Household,hml12_15,type of mosquito bed net(s) person slept under last night
NFHS-5 Household,hml12_16,type of mosquito bed net(s) person slept under last night
NFHS-5 Household,hml12_17,type of mosquito bed net(s) person slept under last night
NFHS-5 Household,hml12_18,type of mosquito bed net(s) person slept under last night
NFHS-5 Household,hml12_19,type of mosquito bed net(s) person slept under last night
NFHS-5 Household,hml12_20,type of mosquito bed net(s) person slept under last night
NFHS-5 Household,hml12_21,type of mosquito bed net(s) person slept under last night
NFHS-5 Household,hml12_22,type of mosquito bed net(s) person slept under last night
NFHS-5 Household,hml12_23,type of mosquito bed net(s) person slept under last night
NFHS-5 Household,hml12_24,type of mosquito bed net(s) person slept under last night
NFHS-5 Household,hml12_25,type of mosquito bed net(s) person slept under last night
NFHS-5 Household,hml12_26,type of mosquito bed net(s) person slept under last night
NFHS-5 Household,hml12_27,type of mosquito bed net(s) person slept under last night
NFHS-5 Household,hml12_28,type of mosquito bed net(s) person slept under last night
NFHS-5 Household,hml12_29,type of mosquito bed net(s) person slept under last night
NFHS-5 Household,hml12_30,type of mosquito bed net(s) person slept under last night
NFHS-5 Household,hml12_31,type of mosquito bed net(s) person slept under last night
NFHS-5 Household,hml12_32,type of mosquito bed net(s) person slept under last night
NFHS-5 Household,hml12_33,type of mosquito bed net(s) person slept under last night
NFHS-5 Household,hml12_34,type of mosquito bed net(s) person slept under last night
NFHS-5 Household,hml12_35,type of mosquito bed net(s) person slept under last night
NFHS-5 Household,hml13_01,net designation number (hmlidx) for 1st net person slept under last night
NFHS-5 Household,hml13_02,net designation number (hmlidx) for 1st net person slept under last night
NFHS-5 Household,hml13_03,net designation number (hmlidx) for 1st net person slept under last night
NFHS-5 Household,hml13_04,net designation number (hmlidx) for 1st net person slept under last night
NFHS-5 Household,hml13_05,net designation number (hmlidx) for 1st net person slept under last night
NFHS-5 Household,hml13_06,net designation number (hmlidx) for 1st net person slept under last night
NFHS-5 Household,hml13_07,net designation number (hmlidx) for 1st net person slept under last night
NFHS-5 Household,hml13_08,net designation number (hmlidx) for 1st net person slept under last night
NFHS-5 Household,hml13_09,net designation number (hmlidx) for 1st net person slept under last night
NFHS-5 Household,hml13_10,net designation number (hmlidx) for 1st net person slept under last night
NFHS-5 Household,hml13_11,net designation number (hmlidx) for 1st net person slept under last night
NFHS-5 Household,hml13_12,net designation number (hmlidx) for 1st net person slept under last night
NFHS-5 Household,hml13_13,net designation number (hmlidx) for 1st net person slept under last night
NFHS-5 Household,hml13_14,net designation number (hmlidx) for 1st net person slept under last night
NFHS-5 Household,hml13_15,net designation number (hmlidx) for 1st net person slept under last night
NFHS-5 Household,hml13_16,net designation number (hmlidx) for 1st net person slept under last night
NFHS-5 Household,hml13_17,net designation number (hmlidx) for 1st net person slept under last night
NFHS-5 Household,hml13_18,net designation number (hmlidx) for 1st net person slept under last night
NFHS-5 Household,hml13_19,net designation number (hmlidx) for 1st net person slept under last night
NFHS-5 Household,hml13_20,net designation number (hmlidx) for 1st net person slept under last night
NFHS-5 Household,hml13_21,net designation number (hmlidx) for 1st net person slept under last night
NFHS-5 Household,hml13_22,net designation number (hmlidx) for 1st net person slept under last night
NFHS-5 Household,hml13_23,net designation number (hmlidx) for 1st net person slept under last night
NFHS-5 Household,hml13_24,net designation number (hmlidx) for 1st net person slept under last night
NFHS-5 Household,hml13_25,net designation number (hmlidx) for 1st net person slept under last night
NFHS-5 Household,hml13_26,net designation number (hmlidx) for 1st net person slept under last night
NFHS-5 Household,hml13_27,net designation number (hmlidx) for 1st net person slept under last night
NFHS-5 Household,hml13_28,net designation number (hmlidx) for 1st net person slept under last night
NFHS-5 Household,hml13_29,net designation number (hmlidx) for 1st net person slept under last night
NFHS-5 Household,hml13_30,net designation number (hmlidx) for 1st net person slept under last night
NFHS-5 Household,hml13_31,net designation number (hmlidx) for 1st net person slept under last night
NFHS-5 Household,hml13_32,net designation number (hmlidx) for 1st net person slept under last night
NFHS-5 Household,hml13_33,net designation number (hmlidx) for 1st net person slept under last night
NFHS-5 Household,hml13_34,net designation number (hmlidx) for 1st net person slept under last night
NFHS-5 Household,hml13_35,net designation number (hmlidx) for 1st net person slept under last night
NFHS-5 Household,hml14_01,net designation number (hmlidx) for 2nd net person slept under last night
NFHS-5 Household,hml14_02,net designation number (hmlidx) for 2nd net person slept under last night
NFHS-5 Household,hml14_03,net designation number (hmlidx) for 2nd net person slept under last night
NFHS-5 Household,hml14_04,net designation number (hmlidx) for 2nd net person slept under last night
NFHS-5 Household,hml14_05,net designation number (hmlidx) for 2nd net person slept under last night
NFHS-5 Household,hml14_06,net designation number (hmlidx) for 2nd net person slept under last night
NFHS-5 Household,hml14_07,net designation number (hmlidx) for 2nd net person slept under last night
NFHS-5 Household,hml14_08,net designation number (hmlidx) for 2nd net person slept under last night
NFHS-5 Household,hml14_09,net designation number (hmlidx) for 2nd net person slept under last night
NFHS-5 Household,hml14_10,net designation number (hmlidx) for 2nd net person slept under last night
NFHS-5 Household,hml14_11,net designation number (hmlidx) for 2nd net person slept under last night
NFHS-5 Household,hml14_12,net designation number (hmlidx) for 2nd net person slept under last night
NFHS-5 Household,hml14_13,net designation number (hmlidx) for 2nd net person slept under last night
NFHS-5 Household,hml14_14,net designation number (hmlidx) for 2nd net person slept under last night
NFHS-5 Household,hml14_15,net designation number (hmlidx) for 2nd net person slept under last night
NFHS-5 Household,hml14_16,net designation number (hmlidx) for 2nd net person slept under last night
NFHS-5 Household,hml14_17,net designation number (hmlidx) for 2nd net person slept under last night
NFHS-5 Household,hml14_18,net designation number (hmlidx) for 2nd net person slept under last night
NFHS-5 Household,hml14_19,net designation number (hmlidx) for 2nd net person slept under last night
NFHS-5 Household,hml14_20,net designation number (hmlidx) for 2nd net person slept under last night
NFHS-5 Household,hml14_21,net designation number (hmlidx) for 2nd net person slept under last night
NFHS-5 Household,hml14_22,net designation number (hmlidx) for 2nd net person slept under last night
NFHS-5 Household,hml14_23,net designation number (hmlidx) for 2nd net person slept under last night
NFHS-5 Household,hml14_24,net designation number (hmlidx) for 2nd net person slept under last night
NFHS-5 Household,hml14_25,net designation number (hmlidx) for 2nd net person slept under last night
NFHS-5 Household,hml14_26,net designation number (hmlidx) for 2nd net person slept under last night
NFHS-5 Household,hml14_27,net designation number (hmlidx) for 2nd net person slept under last night
NFHS-5 Household,hml14_28,net designation number (hmlidx) for 2nd net person slept under last night
NFHS-5 Household,hml14_29,net designation number (hmlidx) for 2nd net person slept under last night
NFHS-5 Household,hml14_30,net designation number (hmlidx) for 2nd net person slept under last night
NFHS-5 Household,hml14_31,net designation number (hmlidx) for 2nd net person slept under last night
NFHS-5 Household,hml14_32,net designation number (hmlidx) for 2nd net person slept under last night
NFHS-5 Household,hml14_33,net designation number (hmlidx) for 2nd net person slept under last night
NFHS-5 Household,hml14_34,net designation number (hmlidx) for 2nd net person slept under last night
NFHS-5 Household,hml14_35,net designation number (hmlidx) for 2nd net person slept under last night
NFHS-5 Household,hml15_01,na - net designation number (hmlidx) for 3rd net person slept under last night
NFHS-5 Household,hml15_02,na - net designation number (hmlidx) for 3rd net person slept under last night
NFHS-5 Household,hml15_03,na - net designation number (hmlidx) for 3rd net person slept under last night
NFHS-5 Household,hml15_04,na - net designation number (hmlidx) for 3rd net person slept under last night
NFHS-5 Household,hml15_05,na - net designation number (hmlidx) for 3rd net person slept under last night
NFHS-5 Household,hml15_06,na - net designation number (hmlidx) for 3rd net person slept under last night
NFHS-5 Household,hml15_07,na - net designation number (hmlidx) for 3rd net person slept under last night
NFHS-5 Household,hml15_08,na - net designation number (hmlidx) for 3rd net person slept under last night
NFHS-5 Household,hml15_09,na - net designation number (hmlidx) for 3rd net person slept under last night
NFHS-5 Household,hml15_10,na - net designation number (hmlidx) for 3rd net person slept under last night
NFHS-5 Household,hml15_11,na - net designation number (hmlidx) for 3rd net person slept under last night
NFHS-5 Household,hml15_12,na - net designation number (hmlidx) for 3rd net person slept under last night
NFHS-5 Household,hml15_13,na - net designation number (hmlidx) for 3rd net person slept under last night
NFHS-5 Household,hml15_14,na - net designation number (hmlidx) for 3rd net person slept under last night
NFHS-5 Household,hml15_15,na - net designation number (hmlidx) for 3rd net person slept under last night
NFHS-5 Household,hml15_16,na - net designation number (hmlidx) for 3rd net person slept under last night
NFHS-5 Household,hml15_17,na - net designation number (hmlidx) for 3rd net person slept under last night
NFHS-5 Household,hml15_18,na - net designation number (hmlidx) for 3rd net person slept under last night
NFHS-5 Household,hml15_19,na - net designation number (hmlidx) for 3rd net person slept under last night
NFHS-5 Household,hml15_20,na - net designation number (hmlidx) for 3rd net person slept under last night
NFHS-5 Household,hml15_21,na - net designation number (hmlidx) for 3rd net person slept under last night
NFHS-5 Household,hml15_22,na - net designation number (hmlidx) for 3rd net person slept under last night
NFHS-5 Household,hml15_23,na - net designation number (hmlidx) for 3rd net person slept under last night
NFHS-5 Household,hml15_24,na - net designation number (hmlidx) for 3rd net person slept under last night
NFHS-5 Household,hml15_25,na - net designation number (hmlidx) for 3rd net person slept under last night
NFHS-5 Household,hml15_26,na - net designation number (hmlidx) for 3rd net person slept under last night
NFHS-5 Household,hml15_27,na - net designation number (hmlidx) for 3rd net person slept under last night
NFHS-5 Household,hml15_28,na - net designation number (hmlidx) for 3rd net person slept under last night
NFHS-5 Household,hml15_29,na - net designation number (hmlidx) for 3rd net person slept under last night
NFHS-5 Household,hml15_30,na - net designation number (hmlidx) for 3rd net person slept under last night
NFHS-5 Household,hml15_31,na - net designation number (hmlidx) for 3rd net person slept under last night
NFHS-5 Household,hml15_32,na - net designation number (hmlidx) for 3rd net person slept under last night
NFHS-5 Household,hml15_33,na - net designation number (hmlidx) for 3rd net person slept under last night
NFHS-5 Household,hml15_34,na - net designation number (hmlidx) for 3rd net person slept under last night
NFHS-5 Household,hml15_35,na - net designation number (hmlidx) for 3rd net person slept under last night
NFHS-5 Household,hml16_01,corrected age from individual file
NFHS-5 Household,hml16_02,corrected age from individual file
NFHS-5 Household,hml16_03,corrected age from individual file
NFHS-5 Household,hml16_04,corrected age from individual file
NFHS-5 Household,hml16_05,corrected age from individual file
NFHS-5 Household,hml16_06,corrected age from individual file
NFHS-5 Household,hml16_07,corrected age from individual file
NFHS-5 Household,hml16_08,corrected age from individual file
NFHS-5 Household,hml16_09,corrected age from individual file
NFHS-5 Household,hml16_10,corrected age from individual file
NFHS-5 Household,hml16_11,corrected age from individual file
NFHS-5 Household,hml16_12,corrected age from individual file
NFHS-5 Household,hml16_13,corrected age from individual file
NFHS-5 Household,hml16_14,corrected age from individual file
NFHS-5 Household,hml16_15,corrected age from individual file
NFHS-5 Household,hml16_16,corrected age from individual file
NFHS-5 Household,hml16_17,corrected age from individual file
NFHS-5 Household,hml16_18,corrected age from individual file
NFHS-5 Household,hml16_19,corrected age from individual file
NFHS-5 Household,hml16_20,corrected age from individual file
NFHS-5 Household,hml16_21,corrected age from individual file
NFHS-5 Household,hml16_22,corrected age from individual file
NFHS-5 Household,hml16_23,corrected age from individual file
NFHS-5 Household,hml16_24,corrected age from individual file
NFHS-5 Household,hml16_25,corrected age from individual file
NFHS-5 Household,hml16_26,corrected age from individual file
NFHS-5 Household,hml16_27,corrected age from individual file
NFHS-5 Household,hml16_28,corrected age from individual file
NFHS-5 Household,hml16_29,corrected age from individual file
NFHS-5 Household,hml16_30,corrected age from individual file
NFHS-5 Household,hml16_31,corrected age from individual file
NFHS-5 Household,hml16_32,corrected age from individual file
NFHS-5 Household,hml16_33,corrected age from individual file
NFHS-5 Household,hml16_34,corrected age from individual file
NFHS-5 Household,hml16_35,corrected age from individual file
NFHS-5 Household,hml16a_01,na - age in months (for children)
NFHS-5 Household,hml16a_02,na - age in months (for children)
NFHS-5 Household,hml16a_03,na - age in months (for children)
NFHS-5 Household,hml16a_04,na - age in months (for children)
NFHS-5 Household,hml16a_05,na - age in months (for children)
NFHS-5 Household,hml16a_06,na - age in months (for children)
NFHS-5 Household,hml16a_07,na - age in months (for children)
NFHS-5 Household,hml16a_08,na - age in months (for children)
NFHS-5 Household,hml16a_09,na - age in months (for children)
NFHS-5 Household,hml16a_10,na - age in months (for children)
NFHS-5 Household,hml16a_11,na - age in months (for children)
NFHS-5 Household,hml16a_12,na - age in months (for children)
NFHS-5 Household,hml16a_13,na - age in months (for children)
NFHS-5 Household,hml16a_14,na - age in months (for children)
NFHS-5 Household,hml16a_15,na - age in months (for children)
NFHS-5 Household,hml16a_16,na - age in months (for children)
NFHS-5 Household,hml16a_17,na - age in months (for children)
NFHS-5 Household,hml16a_18,na - age in months (for children)
NFHS-5 Household,hml16a_19,na - age in months (for children)
NFHS-5 Household,hml16a_20,na - age in months (for children)
NFHS-5 Household,hml16a_21,na - age in months (for children)
NFHS-5 Household,hml16a_22,na - age in months (for children)
NFHS-5 Household,hml16a_23,na - age in months (for children)
NFHS-5 Household,hml16a_24,na - age in months (for children)
NFHS-5 Household,hml16a_25,na - age in months (for children)
NFHS-5 Household,hml16a_26,na - age in months (for children)
NFHS-5 Household,hml16a_27,na - age in months (for children)
NFHS-5 Household,hml16a_28,na - age in months (for children)
NFHS-5 Household,hml16a_29,na - age in months (for children)
NFHS-5 Household,hml16a_30,na - age in months (for children)
NFHS-5 Household,hml16a_31,na - age in months (for children)
NFHS-5 Household,hml16a_32,na - age in months (for children)
NFHS-5 Household,hml16a_33,na - age in months (for children)
NFHS-5 Household,hml16a_34,na - age in months (for children)
NFHS-5 Household,hml16a_35,na - age in months (for children)
NFHS-5 Household,hml17_01,flag for age from individual file
NFHS-5 Household,hml17_02,flag for age from individual file
NFHS-5 Household,hml17_03,flag for age from individual file
NFHS-5 Household,hml17_04,flag for age from individual file
NFHS-5 Household,hml17_05,flag for age from individual file
NFHS-5 Household,hml17_06,flag for age from individual file
NFHS-5 Household,hml17_07,flag for age from individual file
NFHS-5 Household,hml17_08,flag for age from individual file
NFHS-5 Household,hml17_09,flag for age from individual file
NFHS-5 Household,hml17_10,flag for age from individual file
NFHS-5 Household,hml17_11,flag for age from individual file
NFHS-5 Household,hml17_12,flag for age from individual file
NFHS-5 Household,hml17_13,flag for age from individual file
NFHS-5 Household,hml17_14,flag for age from individual file
NFHS-5 Household,hml17_15,flag for age from individual file
NFHS-5 Household,hml17_16,flag for age from individual file
NFHS-5 Household,hml17_17,flag for age from individual file
NFHS-5 Household,hml17_18,flag for age from individual file
NFHS-5 Household,hml17_19,flag for age from individual file
NFHS-5 Household,hml17_20,flag for age from individual file
NFHS-5 Household,hml17_21,flag for age from individual file
NFHS-5 Household,hml17_22,flag for age from individual file
NFHS-5 Household,hml17_23,flag for age from individual file
NFHS-5 Household,hml17_24,flag for age from individual file
NFHS-5 Household,hml17_25,flag for age from individual file
NFHS-5 Household,hml17_26,flag for age from individual file
NFHS-5 Household,hml17_27,flag for age from individual file
NFHS-5 Household,hml17_28,flag for age from individual file
NFHS-5 Household,hml17_29,flag for age from individual file
NFHS-5 Household,hml17_30,flag for age from individual file
NFHS-5 Household,hml17_31,flag for age from individual file
NFHS-5 Household,hml17_32,flag for age from individual file
NFHS-5 Household,hml17_33,flag for age from individual file
NFHS-5 Household,hml17_34,flag for age from individual file
NFHS-5 Household,hml17_35,flag for age from individual file
NFHS-5 Household,hml18_01,pregnancy status from individual file
NFHS-5 Household,hml18_02,pregnancy status from individual file
NFHS-5 Household,hml18_03,pregnancy status from individual file
NFHS-5 Household,hml18_04,pregnancy status from individual file
NFHS-5 Household,hml18_05,pregnancy status from individual file
NFHS-5 Household,hml18_06,pregnancy status from individual file
NFHS-5 Household,hml18_07,pregnancy status from individual file
NFHS-5 Household,hml18_08,pregnancy status from individual file
NFHS-5 Household,hml18_09,pregnancy status from individual file
NFHS-5 Household,hml18_10,pregnancy status from individual file
NFHS-5 Household,hml18_11,pregnancy status from individual file
NFHS-5 Household,hml18_12,pregnancy status from individual file
NFHS-5 Household,hml18_13,pregnancy status from individual file
NFHS-5 Household,hml18_14,pregnancy status from individual file
NFHS-5 Household,hml18_15,pregnancy status from individual file
NFHS-5 Household,hml18_16,pregnancy status from individual file
NFHS-5 Household,hml18_17,pregnancy status from individual file
NFHS-5 Household,hml18_18,pregnancy status from individual file
NFHS-5 Household,hml18_19,pregnancy status from individual file
NFHS-5 Household,hml18_20,pregnancy status from individual file
NFHS-5 Household,hml18_21,pregnancy status from individual file
NFHS-5 Household,hml18_22,pregnancy status from individual file
NFHS-5 Household,hml18_23,pregnancy status from individual file
NFHS-5 Household,hml18_24,pregnancy status from individual file
NFHS-5 Household,hml18_25,pregnancy status from individual file
NFHS-5 Household,hml18_26,pregnancy status from individual file
NFHS-5 Household,hml18_27,pregnancy status from individual file
NFHS-5 Household,hml18_28,pregnancy status from individual file
NFHS-5 Household,hml18_29,pregnancy status from individual file
NFHS-5 Household,hml18_30,pregnancy status from individual file
NFHS-5 Household,hml18_31,pregnancy status from individual file
NFHS-5 Household,hml18_32,pregnancy status from individual file
NFHS-5 Household,hml18_33,pregnancy status from individual file
NFHS-5 Household,hml18_34,pregnancy status from individual file
NFHS-5 Household,hml18_35,pregnancy status from individual file
NFHS-5 Household,hml19_01,person slept under an ever-treated net
NFHS-5 Household,hml19_02,person slept under an ever-treated net
NFHS-5 Household,hml19_03,person slept under an ever-treated net
NFHS-5 Household,hml19_04,person slept under an ever-treated net
NFHS-5 Household,hml19_05,person slept under an ever-treated net
NFHS-5 Household,hml19_06,person slept under an ever-treated net
NFHS-5 Household,hml19_07,person slept under an ever-treated net
NFHS-5 Household,hml19_08,person slept under an ever-treated net
NFHS-5 Household,hml19_09,person slept under an ever-treated net
NFHS-5 Household,hml19_10,person slept under an ever-treated net
NFHS-5 Household,hml19_11,person slept under an ever-treated net
NFHS-5 Household,hml19_12,person slept under an ever-treated net
NFHS-5 Household,hml19_13,person slept under an ever-treated net
NFHS-5 Household,hml19_14,person slept under an ever-treated net
NFHS-5 Household,hml19_15,person slept under an ever-treated net
NFHS-5 Household,hml19_16,person slept under an ever-treated net
NFHS-5 Household,hml19_17,person slept under an ever-treated net
NFHS-5 Household,hml19_18,person slept under an ever-treated net
NFHS-5 Household,hml19_19,person slept under an ever-treated net
NFHS-5 Household,hml19_20,person slept under an ever-treated net
NFHS-5 Household,hml19_21,person slept under an ever-treated net
NFHS-5 Household,hml19_22,person slept under an ever-treated net
NFHS-5 Household,hml19_23,person slept under an ever-treated net
NFHS-5 Household,hml19_24,person slept under an ever-treated net
NFHS-5 Household,hml19_25,person slept under an ever-treated net
NFHS-5 Household,hml19_26,person slept under an ever-treated net
NFHS-5 Household,hml19_27,person slept under an ever-treated net
NFHS-5 Household,hml19_28,person slept under an ever-treated net
NFHS-5 Household,hml19_29,person slept under an ever-treated net
NFHS-5 Household,hml19_30,person slept under an ever-treated net
NFHS-5 Household,hml19_31,person slept under an ever-treated net
NFHS-5 Household,hml19_32,person slept under an ever-treated net
NFHS-5 Household,hml19_33,person slept under an ever-treated net
NFHS-5 Household,hml19_34,person slept under an ever-treated net
NFHS-5 Household,hml19_35,person slept under an ever-treated net
NFHS-5 Household,hml20_01,person slept under an llin net
NFHS-5 Household,hml20_02,person slept under an llin net
NFHS-5 Household,hml20_03,person slept under an llin net
NFHS-5 Household,hml20_04,person slept under an llin net
NFHS-5 Household,hml20_05,person slept under an llin net
NFHS-5 Household,hml20_06,person slept under an llin net
NFHS-5 Household,hml20_07,person slept under an llin net
NFHS-5 Household,hml20_08,person slept under an llin net
NFHS-5 Household,hml20_09,person slept under an llin net
NFHS-5 Household,hml20_10,person slept under an llin net
NFHS-5 Household,hml20_11,person slept under an llin net
NFHS-5 Household,hml20_12,person slept under an llin net
NFHS-5 Household,hml20_13,person slept under an llin net
NFHS-5 Household,hml20_14,person slept under an llin net
NFHS-5 Household,hml20_15,person slept under an llin net
NFHS-5 Household,hml20_16,person slept under an llin net
NFHS-5 Household,hml20_17,person slept under an llin net
NFHS-5 Household,hml20_18,person slept under an llin net
NFHS-5 Household,hml20_19,person slept under an llin net
NFHS-5 Household,hml20_20,person slept under an llin net
NFHS-5 Household,hml20_21,person slept under an llin net
NFHS-5 Household,hml20_22,person slept under an llin net
NFHS-5 Household,hml20_23,person slept under an llin net
NFHS-5 Household,hml20_24,person slept under an llin net
NFHS-5 Household,hml20_25,person slept under an llin net
NFHS-5 Household,hml20_26,person slept under an llin net
NFHS-5 Household,hml20_27,person slept under an llin net
NFHS-5 Household,hml20_28,person slept under an llin net
NFHS-5 Household,hml20_29,person slept under an llin net
NFHS-5 Household,hml20_30,person slept under an llin net
NFHS-5 Household,hml20_31,person slept under an llin net
NFHS-5 Household,hml20_32,person slept under an llin net
NFHS-5 Household,hml20_33,person slept under an llin net
NFHS-5 Household,hml20_34,person slept under an llin net
NFHS-5 Household,hml20_35,person slept under an llin net
NFHS-5 Household,hml30_01,na - line number of parent/caretaker (for malaria testing)
NFHS-5 Household,hml30_02,na - line number of parent/caretaker (for malaria testing)
NFHS-5 Household,hml30_03,na - line number of parent/caretaker (for malaria testing)
NFHS-5 Household,hml30_04,na - line number of parent/caretaker (for malaria testing)
NFHS-5 Household,hml30_05,na - line number of parent/caretaker (for malaria testing)
NFHS-5 Household,hml30_06,na - line number of parent/caretaker (for malaria testing)
NFHS-5 Household,hml30_07,na - line number of parent/caretaker (for malaria testing)
NFHS-5 Household,hml30_08,na - line number of parent/caretaker (for malaria testing)
NFHS-5 Household,hml30_09,na - line number of parent/caretaker (for malaria testing)
NFHS-5 Household,hml30_10,na - line number of parent/caretaker (for malaria testing)
NFHS-5 Household,hml30_11,na - line number of parent/caretaker (for malaria testing)
NFHS-5 Household,hml30_12,na - line number of parent/caretaker (for malaria testing)
NFHS-5 Household,hml30_13,na - line number of parent/caretaker (for malaria testing)
NFHS-5 Household,hml30_14,na - line number of parent/caretaker (for malaria testing)
NFHS-5 Household,hml30_15,na - line number of parent/caretaker (for malaria testing)
NFHS-5 Household,hml30_16,na - line number of parent/caretaker (for malaria testing)
NFHS-5 Household,hml30_17,na - line number of parent/caretaker (for malaria testing)
NFHS-5 Household,hml30_18,na - line number of parent/caretaker (for malaria testing)
NFHS-5 Household,hml30_19,na - line number of parent/caretaker (for malaria testing)
NFHS-5 Household,hml30_20,na - line number of parent/caretaker (for malaria testing)
NFHS-5 Household,hml30_21,na - line number of parent/caretaker (for malaria testing)
NFHS-5 Household,hml30_22,na - line number of parent/caretaker (for malaria testing)
NFHS-5 Household,hml30_23,na - line number of parent/caretaker (for malaria testing)
NFHS-5 Household,hml30_24,na - line number of parent/caretaker (for malaria testing)
NFHS-5 Household,hml30_25,na - line number of parent/caretaker (for malaria testing)
NFHS-5 Household,hml30_26,na - line number of parent/caretaker (for malaria testing)
NFHS-5 Household,hml30_27,na - line number of parent/caretaker (for malaria testing)
NFHS-5 Household,hml30_28,na - line number of parent/caretaker (for malaria testing)
NFHS-5 Household,hml30_29,na - line number of parent/caretaker (for malaria testing)
NFHS-5 Household,hml30_30,na - line number of parent/caretaker (for malaria testing)
NFHS-5 Household,hml30_31,na - line number of parent/caretaker (for malaria testing)
NFHS-5 Household,hml30_32,na - line number of parent/caretaker (for malaria testing)
NFHS-5 Household,hml30_33,na - line number of parent/caretaker (for malaria testing)
NFHS-5 Household,hml30_34,na - line number of parent/caretaker (for malaria testing)
NFHS-5 Household,hml30_35,na - line number of parent/caretaker (for malaria testing)
NFHS-5 Household,hml31_01,na - read consent statement for malaria
NFHS-5 Household,hml31_02,na - read consent statement for malaria
NFHS-5 Household,hml31_03,na - read consent statement for malaria
NFHS-5 Household,hml31_04,na - read consent statement for malaria
NFHS-5 Household,hml31_05,na - read consent statement for malaria
NFHS-5 Household,hml31_06,na - read consent statement for malaria
NFHS-5 Household,hml31_07,na - read consent statement for malaria
NFHS-5 Household,hml31_08,na - read consent statement for malaria
NFHS-5 Household,hml31_09,na - read consent statement for malaria
NFHS-5 Household,hml31_10,na - read consent statement for malaria
NFHS-5 Household,hml31_11,na - read consent statement for malaria
NFHS-5 Household,hml31_12,na - read consent statement for malaria
NFHS-5 Household,hml31_13,na - read consent statement for malaria
NFHS-5 Household,hml31_14,na - read consent statement for malaria
NFHS-5 Household,hml31_15,na - read consent statement for malaria
NFHS-5 Household,hml31_16,na - read consent statement for malaria
NFHS-5 Household,hml31_17,na - read consent statement for malaria
NFHS-5 Household,hml31_18,na - read consent statement for malaria
NFHS-5 Household,hml31_19,na - read consent statement for malaria
NFHS-5 Household,hml31_20,na - read consent statement for malaria
NFHS-5 Household,hml31_21,na - read consent statement for malaria
NFHS-5 Household,hml31_22,na - read consent statement for malaria
NFHS-5 Household,hml31_23,na - read consent statement for malaria
NFHS-5 Household,hml31_24,na - read consent statement for malaria
NFHS-5 Household,hml31_25,na - read consent statement for malaria
NFHS-5 Household,hml31_26,na - read consent statement for malaria
NFHS-5 Household,hml31_27,na - read consent statement for malaria
NFHS-5 Household,hml31_28,na - read consent statement for malaria
NFHS-5 Household,hml31_29,na - read consent statement for malaria
NFHS-5 Household,hml31_30,na - read consent statement for malaria
NFHS-5 Household,hml31_31,na - read consent statement for malaria
NFHS-5 Household,hml31_32,na - read consent statement for malaria
NFHS-5 Household,hml31_33,na - read consent statement for malaria
NFHS-5 Household,hml31_34,na - read consent statement for malaria
NFHS-5 Household,hml31_35,na - read consent statement for malaria
NFHS-5 Household,hml32_01,na - final result of malaria from blood smear test
NFHS-5 Household,hml32_02,na - final result of malaria from blood smear test
NFHS-5 Household,hml32_03,na - final result of malaria from blood smear test
NFHS-5 Household,hml32_04,na - final result of malaria from blood smear test
NFHS-5 Household,hml32_05,na - final result of malaria from blood smear test
NFHS-5 Household,hml32_06,na - final result of malaria from blood smear test
NFHS-5 Household,hml32_07,na - final result of malaria from blood smear test
NFHS-5 Household,hml32_08,na - final result of malaria from blood smear test
NFHS-5 Household,hml32_09,na - final result of malaria from blood smear test
NFHS-5 Household,hml32_10,na - final result of malaria from blood smear test
NFHS-5 Household,hml32_11,na - final result of malaria from blood smear test
NFHS-5 Household,hml32_12,na - final result of malaria from blood smear test
NFHS-5 Household,hml32_13,na - final result of malaria from blood smear test
NFHS-5 Household,hml32_14,na - final result of malaria from blood smear test
NFHS-5 Household,hml32_15,na - final result of malaria from blood smear test
NFHS-5 Household,hml32_16,na - final result of malaria from blood smear test
NFHS-5 Household,hml32_17,na - final result of malaria from blood smear test
NFHS-5 Household,hml32_18,na - final result of malaria from blood smear test
NFHS-5 Household,hml32_19,na - final result of malaria from blood smear test
NFHS-5 Household,hml32_20,na - final result of malaria from blood smear test
NFHS-5 Household,hml32_21,na - final result of malaria from blood smear test
NFHS-5 Household,hml32_22,na - final result of malaria from blood smear test
NFHS-5 Household,hml32_23,na - final result of malaria from blood smear test
NFHS-5 Household,hml32_24,na - final result of malaria from blood smear test
NFHS-5 Household,hml32_25,na - final result of malaria from blood smear test
NFHS-5 Household,hml32_26,na - final result of malaria from blood smear test
NFHS-5 Household,hml32_27,na - final result of malaria from blood smear test
NFHS-5 Household,hml32_28,na - final result of malaria from blood smear test
NFHS-5 Household,hml32_29,na - final result of malaria from blood smear test
NFHS-5 Household,hml32_30,na - final result of malaria from blood smear test
NFHS-5 Household,hml32_31,na - final result of malaria from blood smear test
NFHS-5 Household,hml32_32,na - final result of malaria from blood smear test
NFHS-5 Household,hml32_33,na - final result of malaria from blood smear test
NFHS-5 Household,hml32_34,na - final result of malaria from blood smear test
NFHS-5 Household,hml32_35,na - final result of malaria from blood smear test
NFHS-5 Household,hml32a_01,na - presence of species: falciparum (pf)
NFHS-5 Household,hml32a_02,na - presence of species: falciparum (pf)
NFHS-5 Household,hml32a_03,na - presence of species: falciparum (pf)
NFHS-5 Household,hml32a_04,na - presence of species: falciparum (pf)
NFHS-5 Household,hml32a_05,na - presence of species: falciparum (pf)
NFHS-5 Household,hml32a_06,na - presence of species: falciparum (pf)
NFHS-5 Household,hml32a_07,na - presence of species: falciparum (pf)
NFHS-5 Household,hml32a_08,na - presence of species: falciparum (pf)
NFHS-5 Household,hml32a_09,na - presence of species: falciparum (pf)
NFHS-5 Household,hml32a_10,na - presence of species: falciparum (pf)
NFHS-5 Household,hml32a_11,na - presence of species: falciparum (pf)
NFHS-5 Household,hml32a_12,na - presence of species: falciparum (pf)
NFHS-5 Household,hml32a_13,na - presence of species: falciparum (pf)
NFHS-5 Household,hml32a_14,na - presence of species: falciparum (pf)
NFHS-5 Household,hml32a_15,na - presence of species: falciparum (pf)
NFHS-5 Household,hml32a_16,na - presence of species: falciparum (pf)
NFHS-5 Household,hml32a_17,na - presence of species: falciparum (pf)
NFHS-5 Household,hml32a_18,na - presence of species: falciparum (pf)
NFHS-5 Household,hml32a_19,na - presence of species: falciparum (pf)
NFHS-5 Household,hml32a_20,na - presence of species: falciparum (pf)
NFHS-5 Household,hml32a_21,na - presence of species: falciparum (pf)
NFHS-5 Household,hml32a_22,na - presence of species: falciparum (pf)
NFHS-5 Household,hml32a_23,na - presence of species: falciparum (pf)
NFHS-5 Household,hml32a_24,na - presence of species: falciparum (pf)
NFHS-5 Household,hml32a_25,na - presence of species: falciparum (pf)
NFHS-5 Household,hml32a_26,na - presence of species: falciparum (pf)
NFHS-5 Household,hml32a_27,na - presence of species: falciparum (pf)
NFHS-5 Household,hml32a_28,na - presence of species: falciparum (pf)
NFHS-5 Household,hml32a_29,na - presence of species: falciparum (pf)
NFHS-5 Household,hml32a_30,na - presence of species: falciparum (pf)
NFHS-5 Household,hml32a_31,na - presence of species: falciparum (pf)
NFHS-5 Household,hml32a_32,na - presence of species: falciparum (pf)
NFHS-5 Household,hml32a_33,na - presence of species: falciparum (pf)
NFHS-5 Household,hml32a_34,na - presence of species: falciparum (pf)
NFHS-5 Household,hml32a_35,na - presence of species: falciparum (pf)
NFHS-5 Household,hml32b_01,na - presence of species: malariae (pm)
NFHS-5 Household,hml32b_02,na - presence of species: malariae (pm)
NFHS-5 Household,hml32b_03,na - presence of species: malariae (pm)
NFHS-5 Household,hml32b_04,na - presence of species: malariae (pm)
NFHS-5 Household,hml32b_05,na - presence of species: malariae (pm)
NFHS-5 Household,hml32b_06,na - presence of species: malariae (pm)
NFHS-5 Household,hml32b_07,na - presence of species: malariae (pm)
NFHS-5 Household,hml32b_08,na - presence of species: malariae (pm)
NFHS-5 Household,hml32b_09,na - presence of species: malariae (pm)
NFHS-5 Household,hml32b_10,na - presence of species: malariae (pm)
NFHS-5 Household,hml32b_11,na - presence of species: malariae (pm)
NFHS-5 Household,hml32b_12,na - presence of species: malariae (pm)
NFHS-5 Household,hml32b_13,na - presence of species: malariae (pm)
NFHS-5 Household,hml32b_14,na - presence of species: malariae (pm)
NFHS-5 Household,hml32b_15,na - presence of species: malariae (pm)
NFHS-5 Household,hml32b_16,na - presence of species: malariae (pm)
NFHS-5 Household,hml32b_17,na - presence of species: malariae (pm)
NFHS-5 Household,hml32b_18,na - presence of species: malariae (pm)
NFHS-5 Household,hml32b_19,na - presence of species: malariae (pm)
NFHS-5 Household,hml32b_20,na - presence of species: malariae (pm)
NFHS-5 Household,hml32b_21,na - presence of species: malariae (pm)
NFHS-5 Household,hml32b_22,na - presence of species: malariae (pm)
NFHS-5 Household,hml32b_23,na - presence of species: malariae (pm)
NFHS-5 Household,hml32b_24,na - presence of species: malariae (pm)
NFHS-5 Household,hml32b_25,na - presence of species: malariae (pm)
NFHS-5 Household,hml32b_26,na - presence of species: malariae (pm)
NFHS-5 Household,hml32b_27,na - presence of species: malariae (pm)
NFHS-5 Household,hml32b_28,na - presence of species: malariae (pm)
NFHS-5 Household,hml32b_29,na - presence of species: malariae (pm)
NFHS-5 Household,hml32b_30,na - presence of species: malariae (pm)
NFHS-5 Household,hml32b_31,na - presence of species: malariae (pm)
NFHS-5 Household,hml32b_32,na - presence of species: malariae (pm)
NFHS-5 Household,hml32b_33,na - presence of species: malariae (pm)
NFHS-5 Household,hml32b_34,na - presence of species: malariae (pm)
NFHS-5 Household,hml32b_35,na - presence of species: malariae (pm)
NFHS-5 Household,hml32c_01,na - presence of species: ovale (po)
NFHS-5 Household,hml32c_02,na - presence of species: ovale (po)
NFHS-5 Household,hml32c_03,na - presence of species: ovale (po)
NFHS-5 Household,hml32c_04,na - presence of species: ovale (po)
NFHS-5 Household,hml32c_05,na - presence of species: ovale (po)
NFHS-5 Household,hml32c_06,na - presence of species: ovale (po)
NFHS-5 Household,hml32c_07,na - presence of species: ovale (po)
NFHS-5 Household,hml32c_08,na - presence of species: ovale (po)
NFHS-5 Household,hml32c_09,na - presence of species: ovale (po)
NFHS-5 Household,hml32c_10,na - presence of species: ovale (po)
NFHS-5 Household,hml32c_11,na - presence of species: ovale (po)
NFHS-5 Household,hml32c_12,na - presence of species: ovale (po)
NFHS-5 Household,hml32c_13,na - presence of species: ovale (po)
NFHS-5 Household,hml32c_14,na - presence of species: ovale (po)
NFHS-5 Household,hml32c_15,na - presence of species: ovale (po)
NFHS-5 Household,hml32c_16,na - presence of species: ovale (po)
NFHS-5 Household,hml32c_17,na - presence of species: ovale (po)
NFHS-5 Household,hml32c_18,na - presence of species: ovale (po)
NFHS-5 Household,hml32c_19,na - presence of species: ovale (po)
NFHS-5 Household,hml32c_20,na - presence of species: ovale (po)
NFHS-5 Household,hml32c_21,na - presence of species: ovale (po)
NFHS-5 Household,hml32c_22,na - presence of species: ovale (po)
NFHS-5 Household,hml32c_23,na - presence of species: ovale (po)
NFHS-5 Household,hml32c_24,na - presence of species: ovale (po)
NFHS-5 Household,hml32c_25,na - presence of species: ovale (po)
NFHS-5 Household,hml32c_26,na - presence of species: ovale (po)
NFHS-5 Household,hml32c_27,na - presence of species: ovale (po)
NFHS-5 Household,hml32c_28,na - presence of species: ovale (po)
NFHS-5 Household,hml32c_29,na - presence of species: ovale (po)
NFHS-5 Household,hml32c_30,na - presence of species: ovale (po)
NFHS-5 Household,hml32c_31,na - presence of species: ovale (po)
NFHS-5 Household,hml32c_32,na - presence of species: ovale (po)
NFHS-5 Household,hml32c_33,na - presence of species: ovale (po)
NFHS-5 Household,hml32c_34,na - presence of species: ovale (po)
NFHS-5 Household,hml32c_35,na - presence of species: ovale (po)
NFHS-5 Household,hml32d_01,na - presence of species: vivax (pv)
NFHS-5 Household,hml32d_02,na - presence of species: vivax (pv)
NFHS-5 Household,hml32d_03,na - presence of species: vivax (pv)
NFHS-5 Household,hml32d_04,na - presence of species: vivax (pv)
NFHS-5 Household,hml32d_05,na - presence of species: vivax (pv)
NFHS-5 Household,hml32d_06,na - presence of species: vivax (pv)
NFHS-5 Household,hml32d_07,na - presence of species: vivax (pv)
NFHS-5 Household,hml32d_08,na - presence of species: vivax (pv)
NFHS-5 Household,hml32d_09,na - presence of species: vivax (pv)
NFHS-5 Household,hml32d_10,na - presence of species: vivax (pv)
NFHS-5 Household,hml32d_11,na - presence of species: vivax (pv)
NFHS-5 Household,hml32d_12,na - presence of species: vivax (pv)
NFHS-5 Household,hml32d_13,na - presence of species: vivax (pv)
NFHS-5 Household,hml32d_14,na - presence of species: vivax (pv)
NFHS-5 Household,hml32d_15,na - presence of species: vivax (pv)
NFHS-5 Household,hml32d_16,na - presence of species: vivax (pv)
NFHS-5 Household,hml32d_17,na - presence of species: vivax (pv)
NFHS-5 Household,hml32d_18,na - presence of species: vivax (pv)
NFHS-5 Household,hml32d_19,na - presence of species: vivax (pv)
NFHS-5 Household,hml32d_20,na - presence of species: vivax (pv)
NFHS-5 Household,hml32d_21,na - presence of species: vivax (pv)
NFHS-5 Household,hml32d_22,na - presence of species: vivax (pv)
NFHS-5 Household,hml32d_23,na - presence of species: vivax (pv)
NFHS-5 Household,hml32d_24,na - presence of species: vivax (pv)
NFHS-5 Household,hml32d_25,na - presence of species: vivax (pv)
NFHS-5 Household,hml32d_26,na - presence of species: vivax (pv)
NFHS-5 Household,hml32d_27,na - presence of species: vivax (pv)
NFHS-5 Household,hml32d_28,na - presence of species: vivax (pv)
NFHS-5 Household,hml32d_29,na - presence of species: vivax (pv)
NFHS-5 Household,hml32d_30,na - presence of species: vivax (pv)
NFHS-5 Household,hml32d_31,na - presence of species: vivax (pv)
NFHS-5 Household,hml32d_32,na - presence of species: vivax (pv)
NFHS-5 Household,hml32d_33,na - presence of species: vivax (pv)
NFHS-5 Household,hml32d_34,na - presence of species: vivax (pv)
NFHS-5 Household,hml32d_35,na - presence of species: vivax (pv)
NFHS-5 Household,hml32e_01,na - presence of species: cs
NFHS-5 Household,hml32e_02,na - presence of species: cs
NFHS-5 Household,hml32e_03,na - presence of species: cs
NFHS-5 Household,hml32e_04,na - presence of species: cs
NFHS-5 Household,hml32e_05,na - presence of species: cs
NFHS-5 Household,hml32e_06,na - presence of species: cs
NFHS-5 Household,hml32e_07,na - presence of species: cs
NFHS-5 Household,hml32e_08,na - presence of species: cs
NFHS-5 Household,hml32e_09,na - presence of species: cs
NFHS-5 Household,hml32e_10,na - presence of species: cs
NFHS-5 Household,hml32e_11,na - presence of species: cs
NFHS-5 Household,hml32e_12,na - presence of species: cs
NFHS-5 Household,hml32e_13,na - presence of species: cs
NFHS-5 Household,hml32e_14,na - presence of species: cs
NFHS-5 Household,hml32e_15,na - presence of species: cs
NFHS-5 Household,hml32e_16,na - presence of species: cs
NFHS-5 Household,hml32e_17,na - presence of species: cs
NFHS-5 Household,hml32e_18,na - presence of species: cs
NFHS-5 Household,hml32e_19,na - presence of species: cs
NFHS-5 Household,hml32e_20,na - presence of species: cs
NFHS-5 Household,hml32e_21,na - presence of species: cs
NFHS-5 Household,hml32e_22,na - presence of species: cs
NFHS-5 Household,hml32e_23,na - presence of species: cs
NFHS-5 Household,hml32e_24,na - presence of species: cs
NFHS-5 Household,hml32e_25,na - presence of species: cs
NFHS-5 Household,hml32e_26,na - presence of species: cs
NFHS-5 Household,hml32e_27,na - presence of species: cs
NFHS-5 Household,hml32e_28,na - presence of species: cs
NFHS-5 Household,hml32e_29,na - presence of species: cs
NFHS-5 Household,hml32e_30,na - presence of species: cs
NFHS-5 Household,hml32e_31,na - presence of species: cs
NFHS-5 Household,hml32e_32,na - presence of species: cs
NFHS-5 Household,hml32e_33,na - presence of species: cs
NFHS-5 Household,hml32e_34,na - presence of species: cs
NFHS-5 Household,hml32e_35,na - presence of species: cs
NFHS-5 Household,hml32f_01,na - presence of species: cs
NFHS-5 Household,hml32f_02,na - presence of species: cs
NFHS-5 Household,hml32f_03,na - presence of species: cs
NFHS-5 Household,hml32f_04,na - presence of species: cs
NFHS-5 Household,hml32f_05,na - presence of species: cs
NFHS-5 Household,hml32f_06,na - presence of species: cs
NFHS-5 Household,hml32f_07,na - presence of species: cs
NFHS-5 Household,hml32f_08,na - presence of species: cs
NFHS-5 Household,hml32f_09,na - presence of species: cs
NFHS-5 Household,hml32f_10,na - presence of species: cs
NFHS-5 Household,hml32f_11,na - presence of species: cs
NFHS-5 Household,hml32f_12,na - presence of species: cs
NFHS-5 Household,hml32f_13,na - presence of species: cs
NFHS-5 Household,hml32f_14,na - presence of species: cs
NFHS-5 Household,hml32f_15,na - presence of species: cs
NFHS-5 Household,hml32f_16,na - presence of species: cs
NFHS-5 Household,hml32f_17,na - presence of species: cs
NFHS-5 Household,hml32f_18,na - presence of species: cs
NFHS-5 Household,hml32f_19,na - presence of species: cs
NFHS-5 Household,hml32f_20,na - presence of species: cs
NFHS-5 Household,hml32f_21,na - presence of species: cs
NFHS-5 Household,hml32f_22,na - presence of species: cs
NFHS-5 Household,hml32f_23,na - presence of species: cs
NFHS-5 Household,hml32f_24,na - presence of species: cs
NFHS-5 Household,hml32f_25,na - presence of species: cs
NFHS-5 Household,hml32f_26,na - presence of species: cs
NFHS-5 Household,hml32f_27,na - presence of species: cs
NFHS-5 Household,hml32f_28,na - presence of species: cs
NFHS-5 Household,hml32f_29,na - presence of species: cs
NFHS-5 Household,hml32f_30,na - presence of species: cs
NFHS-5 Household,hml32f_31,na - presence of species: cs
NFHS-5 Household,hml32f_32,na - presence of species: cs
NFHS-5 Household,hml32f_33,na - presence of species: cs
NFHS-5 Household,hml32f_34,na - presence of species: cs
NFHS-5 Household,hml32f_35,na - presence of species: cs
NFHS-5 Household,hml32g_01,na - presence of species: cs
NFHS-5 Household,hml32g_02,na - presence of species: cs
NFHS-5 Household,hml32g_03,na - presence of species: cs
NFHS-5 Household,hml32g_04,na - presence of species: cs
NFHS-5 Household,hml32g_05,na - presence of species: cs
NFHS-5 Household,hml32g_06,na - presence of species: cs
NFHS-5 Household,hml32g_07,na - presence of species: cs
NFHS-5 Household,hml32g_08,na - presence of species: cs
NFHS-5 Household,hml32g_09,na - presence of species: cs
NFHS-5 Household,hml32g_10,na - presence of species: cs
NFHS-5 Household,hml32g_11,na - presence of species: cs
NFHS-5 Household,hml32g_12,na - presence of species: cs
NFHS-5 Household,hml32g_13,na - presence of species: cs
NFHS-5 Household,hml32g_14,na - presence of species: cs
NFHS-5 Household,hml32g_15,na - presence of species: cs
NFHS-5 Household,hml32g_16,na - presence of species: cs
NFHS-5 Household,hml32g_17,na - presence of species: cs
NFHS-5 Household,hml32g_18,na - presence of species: cs
NFHS-5 Household,hml32g_19,na - presence of species: cs
NFHS-5 Household,hml32g_20,na - presence of species: cs
NFHS-5 Household,hml32g_21,na - presence of species: cs
NFHS-5 Household,hml32g_22,na - presence of species: cs
NFHS-5 Household,hml32g_23,na - presence of species: cs
NFHS-5 Household,hml32g_24,na - presence of species: cs
NFHS-5 Household,hml32g_25,na - presence of species: cs
NFHS-5 Household,hml32g_26,na - presence of species: cs
NFHS-5 Household,hml32g_27,na - presence of species: cs
NFHS-5 Household,hml32g_28,na - presence of species: cs
NFHS-5 Household,hml32g_29,na - presence of species: cs
NFHS-5 Household,hml32g_30,na - presence of species: cs
NFHS-5 Household,hml32g_31,na - presence of species: cs
NFHS-5 Household,hml32g_32,na - presence of species: cs
NFHS-5 Household,hml32g_33,na - presence of species: cs
NFHS-5 Household,hml32g_34,na - presence of species: cs
NFHS-5 Household,hml32g_35,na - presence of species: cs
NFHS-5 Household,hml33_01,na - result of malaria measurement
NFHS-5 Household,hml33_02,na - result of malaria measurement
NFHS-5 Household,hml33_03,na - result of malaria measurement
NFHS-5 Household,hml33_04,na - result of malaria measurement
NFHS-5 Household,hml33_05,na - result of malaria measurement
NFHS-5 Household,hml33_06,na - result of malaria measurement
NFHS-5 Household,hml33_07,na - result of malaria measurement
NFHS-5 Household,hml33_08,na - result of malaria measurement
NFHS-5 Household,hml33_09,na - result of malaria measurement
NFHS-5 Household,hml33_10,na - result of malaria measurement
NFHS-5 Household,hml33_11,na - result of malaria measurement
NFHS-5 Household,hml33_12,na - result of malaria measurement
NFHS-5 Household,hml33_13,na - result of malaria measurement
NFHS-5 Household,hml33_14,na - result of malaria measurement
NFHS-5 Household,hml33_15,na - result of malaria measurement
NFHS-5 Household,hml33_16,na - result of malaria measurement
NFHS-5 Household,hml33_17,na - result of malaria measurement
NFHS-5 Household,hml33_18,na - result of malaria measurement
NFHS-5 Household,hml33_19,na - result of malaria measurement
NFHS-5 Household,hml33_20,na - result of malaria measurement
NFHS-5 Household,hml33_21,na - result of malaria measurement
NFHS-5 Household,hml33_22,na - result of malaria measurement
NFHS-5 Household,hml33_23,na - result of malaria measurement
NFHS-5 Household,hml33_24,na - result of malaria measurement
NFHS-5 Household,hml33_25,na - result of malaria measurement
NFHS-5 Household,hml33_26,na - result of malaria measurement
NFHS-5 Household,hml33_27,na - result of malaria measurement
NFHS-5 Household,hml33_28,na - result of malaria measurement
NFHS-5 Household,hml33_29,na - result of malaria measurement
NFHS-5 Household,hml33_30,na - result of malaria measurement
NFHS-5 Household,hml33_31,na - result of malaria measurement
NFHS-5 Household,hml33_32,na - result of malaria measurement
NFHS-5 Household,hml33_33,na - result of malaria measurement
NFHS-5 Household,hml33_34,na - result of malaria measurement
NFHS-5 Household,hml33_35,na - result of malaria measurement
NFHS-5 Household,hml34_01,bar code for blood smear sample
NFHS-5 Household,hml34_02,bar code for blood smear sample
NFHS-5 Household,hml34_03,bar code for blood smear sample
NFHS-5 Household,hml34_04,bar code for blood smear sample
NFHS-5 Household,hml34_05,bar code for blood smear sample
NFHS-5 Household,hml34_06,bar code for blood smear sample
NFHS-5 Household,hml34_07,bar code for blood smear sample
NFHS-5 Household,hml34_08,bar code for blood smear sample
NFHS-5 Household,hml34_09,bar code for blood smear sample
NFHS-5 Household,hml34_10,bar code for blood smear sample
NFHS-5 Household,hml34_11,bar code for blood smear sample
NFHS-5 Household,hml34_12,bar code for blood smear sample
NFHS-5 Household,hml34_13,bar code for blood smear sample
NFHS-5 Household,hml34_14,bar code for blood smear sample
NFHS-5 Household,hml34_15,bar code for blood smear sample
NFHS-5 Household,hml34_16,bar code for blood smear sample
NFHS-5 Household,hml34_17,bar code for blood smear sample
NFHS-5 Household,hml34_18,bar code for blood smear sample
NFHS-5 Household,hml34_19,bar code for blood smear sample
NFHS-5 Household,hml34_20,bar code for blood smear sample
NFHS-5 Household,hml34_21,bar code for blood smear sample
NFHS-5 Household,hml34_22,bar code for blood smear sample
NFHS-5 Household,hml34_23,bar code for blood smear sample
NFHS-5 Household,hml34_24,bar code for blood smear sample
NFHS-5 Household,hml34_25,bar code for blood smear sample
NFHS-5 Household,hml34_26,bar code for blood smear sample
NFHS-5 Household,hml34_27,bar code for blood smear sample
NFHS-5 Household,hml34_28,bar code for blood smear sample
NFHS-5 Household,hml34_29,bar code for blood smear sample
NFHS-5 Household,hml34_30,bar code for blood smear sample
NFHS-5 Household,hml34_31,bar code for blood smear sample
NFHS-5 Household,hml34_32,bar code for blood smear sample
NFHS-5 Household,hml34_33,bar code for blood smear sample
NFHS-5 Household,hml34_34,bar code for blood smear sample
NFHS-5 Household,hml34_35,bar code for blood smear sample
NFHS-5 Household,hml35_01,na - result of malaria rapid test
NFHS-5 Household,hml35_02,na - result of malaria rapid test
NFHS-5 Household,hml35_03,na - result of malaria rapid test
NFHS-5 Household,hml35_04,na - result of malaria rapid test
NFHS-5 Household,hml35_05,na - result of malaria rapid test
NFHS-5 Household,hml35_06,na - result of malaria rapid test
NFHS-5 Household,hml35_07,na - result of malaria rapid test
NFHS-5 Household,hml35_08,na - result of malaria rapid test
NFHS-5 Household,hml35_09,na - result of malaria rapid test
NFHS-5 Household,hml35_10,na - result of malaria rapid test
NFHS-5 Household,hml35_11,na - result of malaria rapid test
NFHS-5 Household,hml35_12,na - result of malaria rapid test
NFHS-5 Household,hml35_13,na - result of malaria rapid test
NFHS-5 Household,hml35_14,na - result of malaria rapid test
NFHS-5 Household,hml35_15,na - result of malaria rapid test
NFHS-5 Household,hml35_16,na - result of malaria rapid test
NFHS-5 Household,hml35_17,na - result of malaria rapid test
NFHS-5 Household,hml35_18,na - result of malaria rapid test
NFHS-5 Household,hml35_19,na - result of malaria rapid test
NFHS-5 Household,hml35_20,na - result of malaria rapid test
NFHS-5 Household,hml35_21,na - result of malaria rapid test
NFHS-5 Household,hml35_22,na - result of malaria rapid test
NFHS-5 Household,hml35_23,na - result of malaria rapid test
NFHS-5 Household,hml35_24,na - result of malaria rapid test
NFHS-5 Household,hml35_25,na - result of malaria rapid test
NFHS-5 Household,hml35_26,na - result of malaria rapid test
NFHS-5 Household,hml35_27,na - result of malaria rapid test
NFHS-5 Household,hml35_28,na - result of malaria rapid test
NFHS-5 Household,hml35_29,na - result of malaria rapid test
NFHS-5 Household,hml35_30,na - result of malaria rapid test
NFHS-5 Household,hml35_31,na - result of malaria rapid test
NFHS-5 Household,hml35_32,na - result of malaria rapid test
NFHS-5 Household,hml35_33,na - result of malaria rapid test
NFHS-5 Household,hml35_34,na - result of malaria rapid test
NFHS-5 Household,hml35_35,na - result of malaria rapid test
NFHS-5 Household,hml36_01,na - fieldworker measurer code for malaria
NFHS-5 Household,hml36_02,na - fieldworker measurer code for malaria
NFHS-5 Household,hml36_03,na - fieldworker measurer code for malaria
NFHS-5 Household,hml36_04,na - fieldworker measurer code for malaria
NFHS-5 Household,hml36_05,na - fieldworker measurer code for malaria
NFHS-5 Household,hml36_06,na - fieldworker measurer code for malaria
NFHS-5 Household,hml36_07,na - fieldworker measurer code for malaria
NFHS-5 Household,hml36_08,na - fieldworker measurer code for malaria
NFHS-5 Household,hml36_09,na - fieldworker measurer code for malaria
NFHS-5 Household,hml36_10,na - fieldworker measurer code for malaria
NFHS-5 Household,hml36_11,na - fieldworker measurer code for malaria
NFHS-5 Household,hml36_12,na - fieldworker measurer code for malaria
NFHS-5 Household,hml36_13,na - fieldworker measurer code for malaria
NFHS-5 Household,hml36_14,na - fieldworker measurer code for malaria
NFHS-5 Household,hml36_15,na - fieldworker measurer code for malaria
NFHS-5 Household,hml36_16,na - fieldworker measurer code for malaria
NFHS-5 Household,hml36_17,na - fieldworker measurer code for malaria
NFHS-5 Household,hml36_18,na - fieldworker measurer code for malaria
NFHS-5 Household,hml36_19,na - fieldworker measurer code for malaria
NFHS-5 Household,hml36_20,na - fieldworker measurer code for malaria
NFHS-5 Household,hml36_21,na - fieldworker measurer code for malaria
NFHS-5 Household,hml36_22,na - fieldworker measurer code for malaria
NFHS-5 Household,hml36_23,na - fieldworker measurer code for malaria
NFHS-5 Household,hml36_24,na - fieldworker measurer code for malaria
NFHS-5 Household,hml36_25,na - fieldworker measurer code for malaria
NFHS-5 Household,hml36_26,na - fieldworker measurer code for malaria
NFHS-5 Household,hml36_27,na - fieldworker measurer code for malaria
NFHS-5 Household,hml36_28,na - fieldworker measurer code for malaria
NFHS-5 Household,hml36_29,na - fieldworker measurer code for malaria
NFHS-5 Household,hml36_30,na - fieldworker measurer code for malaria
NFHS-5 Household,hml36_31,na - fieldworker measurer code for malaria
NFHS-5 Household,hml36_32,na - fieldworker measurer code for malaria
NFHS-5 Household,hml36_33,na - fieldworker measurer code for malaria
NFHS-5 Household,hml36_34,na - fieldworker measurer code for malaria
NFHS-5 Household,hml36_35,na - fieldworker measurer code for malaria
NFHS-5 Household,shcoln_1,column number
NFHS-5 Household,shcoln_2,column number
NFHS-5 Household,shcoln_3,column number
NFHS-5 Household,shcoln_4,column number
NFHS-5 Household,shcoln_5,column number
NFHS-5 Household,sh90_1,sex
NFHS-5 Household,sh90_2,sex
NFHS-5 Household,sh90_3,sex
NFHS-5 Household,sh90_4,sex
NFHS-5 Household,sh90_5,sex
NFHS-5 Household,sh91_1,death registered with the civil authority
NFHS-5 Household,sh91_2,death registered with the civil authority
NFHS-5 Household,sh91_3,death registered with the civil authority
NFHS-5 Household,sh91_4,death registered with the civil authority
NFHS-5 Household,sh91_5,death registered with the civil authority
NFHS-5 Household,sh92u_1,age when died (unit)
NFHS-5 Household,sh92u_2,age when died (unit)
NFHS-5 Household,sh92u_3,age when died (unit)
NFHS-5 Household,sh92u_4,age when died (unit)
NFHS-5 Household,sh92u_5,age when died (unit)
NFHS-5 Household,sh92n_1,age when died (number)
NFHS-5 Household,sh92n_2,age when died (number)
NFHS-5 Household,sh92n_3,age when died (number)
NFHS-5 Household,sh92n_4,age when died (number)
NFHS-5 Household,sh92n_5,age when died (number)
NFHS-5 Household,sh93m_1,month when died
NFHS-5 Household,sh93m_2,month when died
NFHS-5 Household,sh93m_3,month when died
NFHS-5 Household,sh93m_4,month when died
NFHS-5 Household,sh93m_5,month when died
NFHS-5 Household,sh93y_1,year when died
NFHS-5 Household,sh93y_2,year when died
NFHS-5 Household,sh93y_3,year when died
NFHS-5 Household,sh93y_4,year when died
NFHS-5 Household,sh93y_5,year when died
NFHS-5 Household,sh94_1,"did (name) die during pregnancy, during childbirth or within two months after th"
NFHS-5 Household,sh94_2,"did (name) die during pregnancy, during childbirth or within two months after th"
NFHS-5 Household,sh94_3,"did (name) die during pregnancy, during childbirth or within two months after th"
NFHS-5 Household,sh94_4,"did (name) die during pregnancy, during childbirth or within two months after th"
NFHS-5 Household,sh94_5,"did (name) die during pregnancy, during childbirth or within two months after th"
NFHS-5 Household,sh95_1,"was the death due to an accident, violence, poisoning, homicide or suicide?"
NFHS-5 Household,sh95_2,"was the death due to an accident, violence, poisoning, homicide or suicide?"
NFHS-5 Household,sh95_3,"was the death due to an accident, violence, poisoning, homicide or suicide?"
NFHS-5 Household,sh95_4,"was the death due to an accident, violence, poisoning, homicide or suicide?"
NFHS-5 Household,sh95_5,"was the death due to an accident, violence, poisoning, homicide or suicide?"
