dataset,variable,label
NFHS-5 Individual,caseid,case identification
NFHS-5 Individual,v000,country code and phase
NFHS-5 Individual,v001,cluster number
NFHS-5 Individual,v002,household number
NFHS-5 Individual,v003,respondent's line number
NFHS-5 Individual,v004,ultimate area unit
NFHS-5 Individual,v005,women's individual sample weight (6 decimals)
NFHS-5 Individual,v006,month of interview
NFHS-5 Individual,v007,year of interview
NFHS-5 Individual,v008,date of interview (cmc)
NFHS-5 Individual,v008a,date of interview century day code (cdc)
NFHS-5 Individual,v009,respondent's month of birth
NFHS-5 Individual,v010,respondent's year of birth
NFHS-5 Individual,v011,date of birth (cmc)
NFHS-5 Individual,v012,respondent's current age
NFHS-5 Individual,v013,age in 5-year groups
NFHS-5 Individual,v014,completeness of age information
NFHS-5 Individual,v015,result of individual interview
NFHS-5 Individual,v016,day of interview
NFHS-5 Individual,v017,cmc start of calendar
NFHS-5 Individual,v018,row of month of interview
NFHS-5 Individual,v019,length of calendar
NFHS-5 Individual,v019a,number of calendar columns
NFHS-5 Individual,v020,ever-married sample
NFHS-5 Individual,v021,primary sampling unit
NFHS-5 Individual,v022,sample strata for sampling errors
NFHS-5 Individual,v023,stratification used in sample design
NFHS-5 Individual,v024,state
NFHS-5 Individual,v025,type of place of residence
NFHS-5 Individual,v026,na - de facto place of residence
NFHS-5 Individual,v027,number of visits
NFHS-5 Individual,v028,interviewer identification
NFHS-5 Individual,v029,na - keyer identification
NFHS-5 Individual,v030,field supervisor
NFHS-5 Individual,v031,na - field editor
NFHS-5 Individual,v032,na - office editor
NFHS-5 Individual,v034,line number of husband
NFHS-5 Individual,v040,cluster altitude in meters
NFHS-5 Individual,v042,household selected for hemoglobin
NFHS-5 Individual,v044,selected for domestic violence module
NFHS-5 Individual,v045a,language of questionnaire
NFHS-5 Individual,v045b,language of interview
NFHS-5 Individual,v045c,native language of respondent
NFHS-5 Individual,v046,translator used
NFHS-5 Individual,v101,state
NFHS-5 Individual,v102,type of place of residence
NFHS-5 Individual,v103,na - childhood place of residence
NFHS-5 Individual,v104,years lived in place of residence
NFHS-5 Individual,v105,na - type of place of previous residence
NFHS-5 Individual,v105a,na - region of previous residence
NFHS-5 Individual,v106,highest educational level
NFHS-5 Individual,v107,highest year of education
NFHS-5 Individual,v113,source of drinking water
NFHS-5 Individual,v115,time to get to water source
NFHS-5 Individual,v116,type of toilet facility
NFHS-5 Individual,v119,household has: electricity
NFHS-5 Individual,v120,household has: radio
NFHS-5 Individual,v121,household has: television
NFHS-5 Individual,v122,household has: refrigerator
NFHS-5 Individual,v123,household has: bicycle
NFHS-5 Individual,v124,household has: motorcycle/scooter
NFHS-5 Individual,v125,household has: car/truck
NFHS-5 Individual,v127,main floor material
NFHS-5 Individual,v128,main wall material
NFHS-5 Individual,v129,main roof material
NFHS-5 Individual,v130,religion
NFHS-5 Individual,v131,ethnicity
NFHS-5 Individual,v133,education in single years
NFHS-5 Individual,v134,na - de facto place of residence
NFHS-5 Individual,v135,usual resident or visitor
NFHS-5 Individual,v136,number of household members (listed)
NFHS-5 Individual,v137,number of children 5 and under in household (de jure)
NFHS-5 Individual,v138,number of eligible women in household (de facto)
NFHS-5 Individual,v139,de jure region of residence
NFHS-5 Individual,v140,de jure type of place of residence
NFHS-5 Individual,v141,na - de jure place of residence
NFHS-5 Individual,v149,educational attainment
NFHS-5 Individual,v150,relationship to household head
NFHS-5 Individual,v151,sex of household head
NFHS-5 Individual,v152,age of household head
NFHS-5 Individual,v153,household has: telephone (land-line)
NFHS-5 Individual,awfactt,all woman factor - total
NFHS-5 Individual,awfactu,all woman factor - urban/rural
NFHS-5 Individual,awfactr,all woman factor - regional
NFHS-5 Individual,awfacte,all woman factor - educational
NFHS-5 Individual,awfactw,all woman factor - wealth index
NFHS-5 Individual,v155,literacy
NFHS-5 Individual,v156,na - ever participated in a literacy program outside of primary
NFHS-5 Individual,v157,frequency of reading newspaper or magazine
NFHS-5 Individual,v158,frequency of listening to radio
NFHS-5 Individual,v159,frequency of watching television
NFHS-5 Individual,v160,toilet facilities shared with other households
NFHS-5 Individual,v161,type of cooking fuel
NFHS-5 Individual,v166,na - result of salt test for iodine
NFHS-5 Individual,v167,na - number of trips in last 12 months
NFHS-5 Individual,v168,away for more than one month in last 12 months
NFHS-5 Individual,v169a,owns a mobile telephone
NFHS-5 Individual,v169b,use mobile telephone for financial transactions
NFHS-5 Individual,v170,has an account in a bank or other financial institution
NFHS-5 Individual,v171a,use of internet
NFHS-5 Individual,v171b,na - frequency of using internet last month
NFHS-5 Individual,v190,wealth index combined
NFHS-5 Individual,v191,wealth index factor score combined (5 decimals)
NFHS-5 Individual,v190a,wealth index for urban/rural
NFHS-5 Individual,v191a,wealth index factor score for urban/rural (5 decimals)
NFHS-5 Individual,ml101,type of mosquito bed net(s) slept under last night
NFHS-5 Individual,bidx_01,birth column number
NFHS-5 Individual,bidx_02,birth column number
NFHS-5 Individual,bidx_03,birth column number
NFHS-5 Individual,bidx_04,birth column number
NFHS-5 Individual,bidx_05,birth column number
NFHS-5 Individual,bidx_06,birth column number
NFHS-5 Individual,bidx_07,birth column number
NFHS-5 Individual,bidx_08,birth column number
NFHS-5 Individual,bidx_09,birth column number
NFHS-5 Individual,bidx_10,birth column number
NFHS-5 Individual,bidx_11,birth column number
NFHS-5 Individual,bidx_12,birth column number
NFHS-5 Individual,bidx_13,birth column number
NFHS-5 Individual,bidx_14,birth column number
NFHS-5 Individual,bidx_15,birth column number
NFHS-5 Individual,bidx_16,birth column number
NFHS-5 Individual,bidx_17,birth column number
NFHS-5 Individual,bidx_18,birth column number
NFHS-5 Individual,bidx_19,birth column number
NFHS-5 Individual,bidx_20,birth column number
NFHS-5 Individual,bord_01,birth order number
NFHS-5 Individual,bord_02,birth order number
NFHS-5 Individual,bord_03,birth order number
NFHS-5 Individual,bord_04,birth order number
NFHS-5 Individual,bord_05,birth order number
NFHS-5 Individual,bord_06,birth order number
NFHS-5 Individual,bord_07,birth order number
NFHS-5 Individual,bord_08,birth order number
NFHS-5 Individual,bord_09,birth order number
NFHS-5 Individual,bord_10,birth order number
NFHS-5 Individual,bord_11,birth order number
NFHS-5 Individual,bord_12,birth order number
NFHS-5 Individual,bord_13,birth order number
NFHS-5 Individual,bord_14,birth order number
NFHS-5 Individual,bord_15,birth order number
NFHS-5 Individual,bord_16,birth order number
NFHS-5 Individual,bord_17,birth order number
NFHS-5 Individual,bord_18,birth order number
NFHS-5 Individual,bord_19,birth order number
NFHS-5 Individual,bord_20,birth order number
NFHS-5 Individual,b0_01,child is twin
NFHS-5 Individual,b0_02,child is twin
NFHS-5 Individual,b0_03,child is twin
NFHS-5 Individual,b0_04,child is twin
NFHS-5 Individual,b0_05,child is twin
NFHS-5 Individual,b0_06,child is twin
NFHS-5 Individual,b0_07,child is twin
NFHS-5 Individual,b0_08,child is twin
NFHS-5 Individual,b0_09,child is twin
NFHS-5 Individual,b0_10,child is twin
NFHS-5 Individual,b0_11,child is twin
NFHS-5 Individual,b0_12,child is twin
NFHS-5 Individual,b0_13,child is twin
NFHS-5 Individual,b0_14,child is twin
NFHS-5 Individual,b0_15,child is twin
NFHS-5 Individual,b0_16,child is twin
NFHS-5 Individual,b0_17,child is twin
NFHS-5 Individual,b0_18,child is twin
NFHS-5 Individual,b0_19,child is twin
NFHS-5 Individual,b0_20,child is twin
NFHS-5 Individual,b1_01,month of birth
NFHS-5 Individual,b1_02,month of birth
NFHS-5 Individual,b1_03,month of birth
NFHS-5 Individual,b1_04,month of birth
NFHS-5 Individual,b1_05,month of birth
NFHS-5 Individual,b1_06,month of birth
NFHS-5 Individual,b1_07,month of birth
NFHS-5 Individual,b1_08,month of birth
NFHS-5 Individual,b1_09,month of birth
NFHS-5 Individual,b1_10,month of birth
NFHS-5 Individual,b1_11,month of birth
NFHS-5 Individual,b1_12,month of birth
NFHS-5 Individual,b1_13,month of birth
NFHS-5 Individual,b1_14,month of birth
NFHS-5 Individual,b1_15,month of birth
NFHS-5 Individual,b1_16,month of birth
NFHS-5 Individual,b1_17,month of birth
NFHS-5 Individual,b1_18,month of birth
NFHS-5 Individual,b1_19,month of birth
NFHS-5 Individual,b1_20,month of birth
NFHS-5 Individual,b2_01,year of birth
NFHS-5 Individual,b2_02,year of birth
NFHS-5 Individual,b2_03,year of birth
NFHS-5 Individual,b2_04,year of birth
NFHS-5 Individual,b2_05,year of birth
NFHS-5 Individual,b2_06,year of birth
NFHS-5 Individual,b2_07,year of birth
NFHS-5 Individual,b2_08,year of birth
NFHS-5 Individual,b2_09,year of birth
NFHS-5 Individual,b2_10,year of birth
NFHS-5 Individual,b2_11,year of birth
NFHS-5 Individual,b2_12,year of birth
NFHS-5 Individual,b2_13,year of birth
NFHS-5 Individual,b2_14,year of birth
NFHS-5 Individual,b2_15,year of birth
NFHS-5 Individual,b2_16,year of birth
NFHS-5 Individual,b2_17,year of birth
NFHS-5 Individual,b2_18,year of birth
NFHS-5 Individual,b2_19,year of birth
NFHS-5 Individual,b2_20,year of birth
NFHS-5 Individual,b3_01,date of birth (cmc)
NFHS-5 Individual,b3_02,date of birth (cmc)
NFHS-5 Individual,b3_03,date of birth (cmc)
NFHS-5 Individual,b3_04,date of birth (cmc)
NFHS-5 Individual,b3_05,date of birth (cmc)
NFHS-5 Individual,b3_06,date of birth (cmc)
NFHS-5 Individual,b3_07,date of birth (cmc)
NFHS-5 Individual,b3_08,date of birth (cmc)
NFHS-5 Individual,b3_09,date of birth (cmc)
NFHS-5 Individual,b3_10,date of birth (cmc)
NFHS-5 Individual,b3_11,date of birth (cmc)
NFHS-5 Individual,b3_12,date of birth (cmc)
NFHS-5 Individual,b3_13,date of birth (cmc)
NFHS-5 Individual,b3_14,date of birth (cmc)
NFHS-5 Individual,b3_15,date of birth (cmc)
NFHS-5 Individual,b3_16,date of birth (cmc)
NFHS-5 Individual,b3_17,date of birth (cmc)
NFHS-5 Individual,b3_18,date of birth (cmc)
NFHS-5 Individual,b3_19,date of birth (cmc)
NFHS-5 Individual,b3_20,date of birth (cmc)
NFHS-5 Individual,b4_01,sex of child
NFHS-5 Individual,b4_02,sex of child
NFHS-5 Individual,b4_03,sex of child
NFHS-5 Individual,b4_04,sex of child
NFHS-5 Individual,b4_05,sex of child
NFHS-5 Individual,b4_06,sex of child
NFHS-5 Individual,b4_07,sex of child
NFHS-5 Individual,b4_08,sex of child
NFHS-5 Individual,b4_09,sex of child
NFHS-5 Individual,b4_10,sex of child
NFHS-5 Individual,b4_11,sex of child
NFHS-5 Individual,b4_12,sex of child
NFHS-5 Individual,b4_13,sex of child
NFHS-5 Individual,b4_14,sex of child
NFHS-5 Individual,b4_15,sex of child
NFHS-5 Individual,b4_16,sex of child
NFHS-5 Individual,b4_17,sex of child
NFHS-5 Individual,b4_18,sex of child
NFHS-5 Individual,b4_19,sex of child
NFHS-5 Individual,b4_20,sex of child
NFHS-5 Individual,b5_01,child is alive
NFHS-5 Individual,b5_02,child is alive
NFHS-5 Individual,b5_03,child is alive
NFHS-5 Individual,b5_04,child is alive
NFHS-5 Individual,b5_05,child is alive
NFHS-5 Individual,b5_06,child is alive
NFHS-5 Individual,b5_07,child is alive
NFHS-5 Individual,b5_08,child is alive
NFHS-5 Individual,b5_09,child is alive
NFHS-5 Individual,b5_10,child is alive
NFHS-5 Individual,b5_11,child is alive
NFHS-5 Individual,b5_12,child is alive
NFHS-5 Individual,b5_13,child is alive
NFHS-5 Individual,b5_14,child is alive
NFHS-5 Individual,b5_15,child is alive
NFHS-5 Individual,b5_16,child is alive
NFHS-5 Individual,b5_17,child is alive
NFHS-5 Individual,b5_18,child is alive
NFHS-5 Individual,b5_19,child is alive
NFHS-5 Individual,b5_20,child is alive
NFHS-5 Individual,b6_01,age at death
NFHS-5 Individual,b6_02,age at death
NFHS-5 Individual,b6_03,age at death
NFHS-5 Individual,b6_04,age at death
NFHS-5 Individual,b6_05,age at death
NFHS-5 Individual,b6_06,age at death
NFHS-5 Individual,b6_07,age at death
NFHS-5 Individual,b6_08,age at death
NFHS-5 Individual,b6_09,age at death
NFHS-5 Individual,b6_10,age at death
NFHS-5 Individual,b6_11,age at death
NFHS-5 Individual,b6_12,age at death
NFHS-5 Individual,b6_13,age at death
NFHS-5 Individual,b6_14,age at death
NFHS-5 Individual,b6_15,age at death
NFHS-5 Individual,b6_16,age at death
NFHS-5 Individual,b6_17,age at death
NFHS-5 Individual,b6_18,age at death
NFHS-5 Individual,b6_19,age at death
NFHS-5 Individual,b6_20,age at death
NFHS-5 Individual,b7_01,"age at death (months, imputed)"
NFHS-5 Individual,b7_02,"age at death (months, imputed)"
NFHS-5 Individual,b7_03,"age at death (months, imputed)"
NFHS-5 Individual,b7_04,"age at death (months, imputed)"
NFHS-5 Individual,b7_05,"age at death (months, imputed)"
NFHS-5 Individual,b7_06,"age at death (months, imputed)"
NFHS-5 Individual,b7_07,"age at death (months, imputed)"
NFHS-5 Individual,b7_08,"age at death (months, imputed)"
NFHS-5 Individual,b7_09,"age at death (months, imputed)"
NFHS-5 Individual,b7_10,"age at death (months, imputed)"
NFHS-5 Individual,b7_11,"age at death (months, imputed)"
NFHS-5 Individual,b7_12,"age at death (months, imputed)"
NFHS-5 Individual,b7_13,"age at death (months, imputed)"
NFHS-5 Individual,b7_14,"age at death (months, imputed)"
NFHS-5 Individual,b7_15,"age at death (months, imputed)"
NFHS-5 Individual,b7_16,"age at death (months, imputed)"
NFHS-5 Individual,b7_17,"age at death (months, imputed)"
NFHS-5 Individual,b7_18,"age at death (months, imputed)"
NFHS-5 Individual,b7_19,"age at death (months, imputed)"
NFHS-5 Individual,b7_20,"age at death (months, imputed)"
NFHS-5 Individual,b8_01,current age of child
NFHS-5 Individual,b8_02,current age of child
NFHS-5 Individual,b8_03,current age of child
NFHS-5 Individual,b8_04,current age of child
NFHS-5 Individual,b8_05,current age of child
NFHS-5 Individual,b8_06,current age of child
NFHS-5 Individual,b8_07,current age of child
NFHS-5 Individual,b8_08,current age of child
NFHS-5 Individual,b8_09,current age of child
NFHS-5 Individual,b8_10,current age of child
NFHS-5 Individual,b8_11,current age of child
NFHS-5 Individual,b8_12,current age of child
NFHS-5 Individual,b8_13,current age of child
NFHS-5 Individual,b8_14,current age of child
NFHS-5 Individual,b8_15,current age of child
NFHS-5 Individual,b8_16,current age of child
NFHS-5 Individual,b8_17,current age of child
NFHS-5 Individual,b8_18,current age of child
NFHS-5 Individual,b8_19,current age of child
NFHS-5 Individual,b8_20,current age of child
NFHS-5 Individual,b9_01,child lives with whom
NFHS-5 Individual,b9_02,child lives with whom
NFHS-5 Individual,b9_03,child lives with whom
NFHS-5 Individual,b9_04,child lives with whom
NFHS-5 Individual,b9_05,child lives with whom
NFHS-5 Individual,b9_06,child lives with whom
NFHS-5 Individual,b9_07,child lives with whom
NFHS-5 Individual,b9_08,child lives with whom
NFHS-5 Individual,b9_09,child lives with whom
NFHS-5 Individual,b9_10,child lives with whom
NFHS-5 Individual,b9_11,child lives with whom
NFHS-5 Individual,b9_12,child lives with whom
NFHS-5 Individual,b9_13,child lives with whom
NFHS-5 Individual,b9_14,child lives with whom
NFHS-5 Individual,b9_15,child lives with whom
NFHS-5 Individual,b9_16,child lives with whom
NFHS-5 Individual,b9_17,child lives with whom
NFHS-5 Individual,b9_18,child lives with whom
NFHS-5 Individual,b9_19,child lives with whom
NFHS-5 Individual,b9_20,child lives with whom
NFHS-5 Individual,b10_01,completeness of information
NFHS-5 Individual,b10_02,completeness of information
NFHS-5 Individual,b10_03,completeness of information
NFHS-5 Individual,b10_04,completeness of information
NFHS-5 Individual,b10_05,completeness of information
NFHS-5 Individual,b10_06,completeness of information
NFHS-5 Individual,b10_07,completeness of information
NFHS-5 Individual,b10_08,completeness of information
NFHS-5 Individual,b10_09,completeness of information
NFHS-5 Individual,b10_10,completeness of information
NFHS-5 Individual,b10_11,completeness of information
NFHS-5 Individual,b10_12,completeness of information
NFHS-5 Individual,b10_13,completeness of information
NFHS-5 Individual,b10_14,completeness of information
NFHS-5 Individual,b10_15,completeness of information
NFHS-5 Individual,b10_16,completeness of information
NFHS-5 Individual,b10_17,completeness of information
NFHS-5 Individual,b10_18,completeness of information
NFHS-5 Individual,b10_19,completeness of information
NFHS-5 Individual,b10_20,completeness of information
NFHS-5 Individual,b11_01,preceding birth interval (months)
NFHS-5 Individual,b11_02,preceding birth interval (months)
NFHS-5 Individual,b11_03,preceding birth interval (months)
NFHS-5 Individual,b11_04,preceding birth interval (months)
NFHS-5 Individual,b11_05,preceding birth interval (months)
NFHS-5 Individual,b11_06,preceding birth interval (months)
NFHS-5 Individual,b11_07,preceding birth interval (months)
NFHS-5 Individual,b11_08,preceding birth interval (months)
NFHS-5 Individual,b11_09,preceding birth interval (months)
NFHS-5 Individual,b11_10,preceding birth interval (months)
NFHS-5 Individual,b11_11,preceding birth interval (months)
NFHS-5 Individual,b11_12,preceding birth interval (months)
NFHS-5 Individual,b11_13,preceding birth interval (months)
NFHS-5 Individual,b11_14,preceding birth interval (months)
NFHS-5 Individual,b11_15,preceding birth interval (months)
NFHS-5 Individual,b11_16,preceding birth interval (months)
NFHS-5 Individual,b11_17,preceding birth interval (months)
NFHS-5 Individual,b11_18,preceding birth interval (months)
NFHS-5 Individual,b11_19,preceding birth interval (months)
NFHS-5 Individual,b11_20,preceding birth interval (months)
NFHS-5 Individual,b12_01,succeeding birth interval (months)
NFHS-5 Individual,b12_02,succeeding birth interval (months)
NFHS-5 Individual,b12_03,succeeding birth interval (months)
NFHS-5 Individual,b12_04,succeeding birth interval (months)
NFHS-5 Individual,b12_05,succeeding birth interval (months)
NFHS-5 Individual,b12_06,succeeding birth interval (months)
NFHS-5 Individual,b12_07,succeeding birth interval (months)
NFHS-5 Individual,b12_08,succeeding birth interval (months)
NFHS-5 Individual,b12_09,succeeding birth interval (months)
NFHS-5 Individual,b12_10,succeeding birth interval (months)
NFHS-5 Individual,b12_11,succeeding birth interval (months)
NFHS-5 Individual,b12_12,succeeding birth interval (months)
NFHS-5 Individual,b12_13,succeeding birth interval (months)
NFHS-5 Individual,b12_14,succeeding birth interval (months)
NFHS-5 Individual,b12_15,succeeding birth interval (months)
NFHS-5 Individual,b12_16,succeeding birth interval (months)
NFHS-5 Individual,b12_17,succeeding birth interval (months)
NFHS-5 Individual,b12_18,succeeding birth interval (months)
NFHS-5 Individual,b12_19,succeeding birth interval (months)
NFHS-5 Individual,b12_20,succeeding birth interval (months)
NFHS-5 Individual,b13_01,flag for age at death
NFHS-5 Individual,b13_02,flag for age at death
NFHS-5 Individual,b13_03,flag for age at death
NFHS-5 Individual,b13_04,flag for age at death
NFHS-5 Individual,b13_05,flag for age at death
NFHS-5 Individual,b13_06,flag for age at death
NFHS-5 Individual,b13_07,flag for age at death
NFHS-5 Individual,b13_08,flag for age at death
NFHS-5 Individual,b13_09,flag for age at death
NFHS-5 Individual,b13_10,flag for age at death
NFHS-5 Individual,b13_11,flag for age at death
NFHS-5 Individual,b13_12,flag for age at death
NFHS-5 Individual,b13_13,flag for age at death
NFHS-5 Individual,b13_14,flag for age at death
NFHS-5 Individual,b13_15,flag for age at death
NFHS-5 Individual,b13_16,flag for age at death
NFHS-5 Individual,b13_17,flag for age at death
NFHS-5 Individual,b13_18,flag for age at death
NFHS-5 Individual,b13_19,flag for age at death
NFHS-5 Individual,b13_20,flag for age at death
NFHS-5 Individual,b15_01,live birth between births
NFHS-5 Individual,b15_02,live birth between births
NFHS-5 Individual,b15_03,live birth between births
NFHS-5 Individual,b15_04,live birth between births
NFHS-5 Individual,b15_05,live birth between births
NFHS-5 Individual,b15_06,live birth between births
NFHS-5 Individual,b15_07,live birth between births
NFHS-5 Individual,b15_08,live birth between births
NFHS-5 Individual,b15_09,live birth between births
NFHS-5 Individual,b15_10,live birth between births
NFHS-5 Individual,b15_11,live birth between births
NFHS-5 Individual,b15_12,live birth between births
NFHS-5 Individual,b15_13,live birth between births
NFHS-5 Individual,b15_14,live birth between births
NFHS-5 Individual,b15_15,live birth between births
NFHS-5 Individual,b15_16,live birth between births
NFHS-5 Individual,b15_17,live birth between births
NFHS-5 Individual,b15_18,live birth between births
NFHS-5 Individual,b15_19,live birth between births
NFHS-5 Individual,b15_20,live birth between births
NFHS-5 Individual,b16_01,child's line number in household
NFHS-5 Individual,b16_02,child's line number in household
NFHS-5 Individual,b16_03,child's line number in household
NFHS-5 Individual,b16_04,child's line number in household
NFHS-5 Individual,b16_05,child's line number in household
NFHS-5 Individual,b16_06,child's line number in household
NFHS-5 Individual,b16_07,child's line number in household
NFHS-5 Individual,b16_08,child's line number in household
NFHS-5 Individual,b16_09,child's line number in household
NFHS-5 Individual,b16_10,child's line number in household
NFHS-5 Individual,b16_11,child's line number in household
NFHS-5 Individual,b16_12,child's line number in household
NFHS-5 Individual,b16_13,child's line number in household
NFHS-5 Individual,b16_14,child's line number in household
NFHS-5 Individual,b16_15,child's line number in household
NFHS-5 Individual,b16_16,child's line number in household
NFHS-5 Individual,b16_17,child's line number in household
NFHS-5 Individual,b16_18,child's line number in household
NFHS-5 Individual,b16_19,child's line number in household
NFHS-5 Individual,b16_20,child's line number in household
NFHS-5 Individual,b17_01,day of birth
NFHS-5 Individual,b17_02,day of birth
NFHS-5 Individual,b17_03,day of birth
NFHS-5 Individual,b17_04,day of birth
NFHS-5 Individual,b17_05,day of birth
NFHS-5 Individual,b17_06,day of birth
NFHS-5 Individual,b17_07,day of birth
NFHS-5 Individual,b17_08,day of birth
NFHS-5 Individual,b17_09,day of birth
NFHS-5 Individual,b17_10,day of birth
NFHS-5 Individual,b17_11,day of birth
NFHS-5 Individual,b17_12,day of birth
NFHS-5 Individual,b17_13,day of birth
NFHS-5 Individual,b17_14,day of birth
NFHS-5 Individual,b17_15,day of birth
NFHS-5 Individual,b17_16,day of birth
NFHS-5 Individual,b17_17,day of birth
NFHS-5 Individual,b17_18,day of birth
NFHS-5 Individual,b17_19,day of birth
NFHS-5 Individual,b17_20,day of birth
NFHS-5 Individual,b18_01,century day code of birth (cdc)
NFHS-5 Individual,b18_02,century day code of birth (cdc)
NFHS-5 Individual,b18_03,century day code of birth (cdc)
NFHS-5 Individual,b18_04,century day code of birth (cdc)
NFHS-5 Individual,b18_05,century day code of birth (cdc)
NFHS-5 Individual,b18_06,century day code of birth (cdc)
NFHS-5 Individual,b18_07,century day code of birth (cdc)
NFHS-5 Individual,b18_08,century day code of birth (cdc)
NFHS-5 Individual,b18_09,century day code of birth (cdc)
NFHS-5 Individual,b18_10,century day code of birth (cdc)
NFHS-5 Individual,b18_11,century day code of birth (cdc)
NFHS-5 Individual,b18_12,century day code of birth (cdc)
NFHS-5 Individual,b18_13,century day code of birth (cdc)
NFHS-5 Individual,b18_14,century day code of birth (cdc)
NFHS-5 Individual,b18_15,century day code of birth (cdc)
NFHS-5 Individual,b18_16,century day code of birth (cdc)
NFHS-5 Individual,b18_17,century day code of birth (cdc)
NFHS-5 Individual,b18_18,century day code of birth (cdc)
NFHS-5 Individual,b18_19,century day code of birth (cdc)
NFHS-5 Individual,b18_20,century day code of birth (cdc)
NFHS-5 Individual,b19_01,current age of child in months (months since birth for dead children)
NFHS-5 Individual,b19_02,current age of child in months (months since birth for dead children)
NFHS-5 Individual,b19_03,current age of child in months (months since birth for dead children)
NFHS-5 Individual,b19_04,current age of child in months (months since birth for dead children)
NFHS-5 Individual,b19_05,current age of child in months (months since birth for dead children)
NFHS-5 Individual,b19_06,current age of child in months (months since birth for dead children)
NFHS-5 Individual,b19_07,current age of child in months (months since birth for dead children)
NFHS-5 Individual,b19_08,current age of child in months (months since birth for dead children)
NFHS-5 Individual,b19_09,current age of child in months (months since birth for dead children)
NFHS-5 Individual,b19_10,current age of child in months (months since birth for dead children)
NFHS-5 Individual,b19_11,current age of child in months (months since birth for dead children)
NFHS-5 Individual,b19_12,current age of child in months (months since birth for dead children)
NFHS-5 Individual,b19_13,current age of child in months (months since birth for dead children)
NFHS-5 Individual,b19_14,current age of child in months (months since birth for dead children)
NFHS-5 Individual,b19_15,current age of child in months (months since birth for dead children)
NFHS-5 Individual,b19_16,current age of child in months (months since birth for dead children)
NFHS-5 Individual,b19_17,current age of child in months (months since birth for dead children)
NFHS-5 Individual,b19_18,current age of child in months (months since birth for dead children)
NFHS-5 Individual,b19_19,current age of child in months (months since birth for dead children)
NFHS-5 Individual,b19_20,current age of child in months (months since birth for dead children)
NFHS-5 Individual,b20_01,na - duration of pregnancy
NFHS-5 Individual,b20_02,na - duration of pregnancy
NFHS-5 Individual,b20_03,na - duration of pregnancy
NFHS-5 Individual,b20_04,na - duration of pregnancy
NFHS-5 Individual,b20_05,na - duration of pregnancy
NFHS-5 Individual,b20_06,na - duration of pregnancy
NFHS-5 Individual,b20_07,na - duration of pregnancy
NFHS-5 Individual,b20_08,na - duration of pregnancy
NFHS-5 Individual,b20_09,na - duration of pregnancy
NFHS-5 Individual,b20_10,na - duration of pregnancy
NFHS-5 Individual,b20_11,na - duration of pregnancy
NFHS-5 Individual,b20_12,na - duration of pregnancy
NFHS-5 Individual,b20_13,na - duration of pregnancy
NFHS-5 Individual,b20_14,na - duration of pregnancy
NFHS-5 Individual,b20_15,na - duration of pregnancy
NFHS-5 Individual,b20_16,na - duration of pregnancy
NFHS-5 Individual,b20_17,na - duration of pregnancy
NFHS-5 Individual,b20_18,na - duration of pregnancy
NFHS-5 Individual,b20_19,na - duration of pregnancy
NFHS-5 Individual,b20_20,na - duration of pregnancy
NFHS-5 Individual,v201,total children ever born
NFHS-5 Individual,v202,sons at home
NFHS-5 Individual,v203,daughters at home
NFHS-5 Individual,v204,sons elsewhere
NFHS-5 Individual,v205,daughters elsewhere
NFHS-5 Individual,v206,sons who have died
NFHS-5 Individual,v207,daughters who have died
NFHS-5 Individual,v208,births in last five years
NFHS-5 Individual,v209,births in past year
NFHS-5 Individual,v210,births in month of interview
NFHS-5 Individual,v211,date of first birth (cmc)
NFHS-5 Individual,v212,age of respondent at 1st birth
NFHS-5 Individual,v213,currently pregnant
NFHS-5 Individual,v214,duration of current pregnancy
NFHS-5 Individual,v215,time since last menstrual period
NFHS-5 Individual,v216,menstruated in last six weeks
NFHS-5 Individual,v217,knowledge of ovulatory cycle
NFHS-5 Individual,v218,number of living children
NFHS-5 Individual,v219,living children + current pregnancy
NFHS-5 Individual,v220,living children + current pregnancy (grouped)
NFHS-5 Individual,v221,marriage to first birth interval (months)
NFHS-5 Individual,v222,last birth to interview (months)
NFHS-5 Individual,v223,completeness of current pregnancy information
NFHS-5 Individual,v224,entries in birth history
NFHS-5 Individual,v225,current pregnancy wanted
NFHS-5 Individual,v226,time since last period (comp) (months)
NFHS-5 Individual,v227,flag for last period
NFHS-5 Individual,v228,ever had a terminated pregnancy
NFHS-5 Individual,v229,month pregnancy ended
NFHS-5 Individual,v230,year pregnancy ended
NFHS-5 Individual,v231,cmc pregnancy ended
NFHS-5 Individual,v232,completeness of last termination information
NFHS-5 Individual,v233,months when pregnancy ended
NFHS-5 Individual,v234,other such pregnancies
NFHS-5 Individual,v235,index last child prior to maternity-health (calendar)
NFHS-5 Individual,v237,birth between last and interview
NFHS-5 Individual,v238,births in last three years
NFHS-5 Individual,v239,pregnancies terminated before calendar beginning
NFHS-5 Individual,v240,month of last termination prior to calendar
NFHS-5 Individual,v241,year of last termination prior to calendar
NFHS-5 Individual,v242,cmc termination ended prior to calendar
NFHS-5 Individual,v243,completeness of last termination date prior to calendar
NFHS-5 Individual,v244,na - can women get pregnant after birth and before period
NFHS-5 Individual,v301,knowledge of any method
NFHS-5 Individual,v302,na - ever use of any method
NFHS-5 Individual,v302a,ever used anything or tried to delay or avoid getting pregnant
NFHS-5 Individual,v304a_01,type of method
NFHS-5 Individual,v304a_02,type of method
NFHS-5 Individual,v304a_03,type of method
NFHS-5 Individual,v304a_04,type of method
NFHS-5 Individual,v304a_05,type of method
NFHS-5 Individual,v304a_06,type of method
NFHS-5 Individual,v304a_07,type of method
NFHS-5 Individual,v304a_08,type of method
NFHS-5 Individual,v304a_09,type of method
NFHS-5 Individual,v304a_10,type of method
NFHS-5 Individual,v304a_11,type of method
NFHS-5 Individual,v304a_12,type of method
NFHS-5 Individual,v304a_13,type of method
NFHS-5 Individual,v304a_14,type of method
NFHS-5 Individual,v304a_15,type of method
NFHS-5 Individual,v304a_16,type of method
NFHS-5 Individual,v304a_17,type of method
NFHS-5 Individual,v304a_18,type of method
NFHS-5 Individual,v304a_19,type of method
NFHS-5 Individual,v304a_20,type of method
NFHS-5 Individual,v304_01,knows method
NFHS-5 Individual,v304_02,knows method
NFHS-5 Individual,v304_03,knows method
NFHS-5 Individual,v304_04,knows method
NFHS-5 Individual,v304_05,knows method
NFHS-5 Individual,v304_06,knows method
NFHS-5 Individual,v304_07,knows method
NFHS-5 Individual,v304_08,knows method
NFHS-5 Individual,v304_09,knows method
NFHS-5 Individual,v304_10,knows method
NFHS-5 Individual,v304_11,knows method
NFHS-5 Individual,v304_12,knows method
NFHS-5 Individual,v304_13,knows method
NFHS-5 Individual,v304_14,knows method
NFHS-5 Individual,v304_15,knows method
NFHS-5 Individual,v304_16,knows method
NFHS-5 Individual,v304_17,knows method
NFHS-5 Individual,v304_18,knows method
NFHS-5 Individual,v304_19,knows method
NFHS-5 Individual,v304_20,knows method
NFHS-5 Individual,v305_01,na - ever used method
NFHS-5 Individual,v305_02,na - ever used method
NFHS-5 Individual,v305_03,na - ever used method
NFHS-5 Individual,v305_04,na - ever used method
NFHS-5 Individual,v305_05,na - ever used method
NFHS-5 Individual,v305_06,na - ever used method
NFHS-5 Individual,v305_07,na - ever used method
NFHS-5 Individual,v305_08,na - ever used method
NFHS-5 Individual,v305_09,na - ever used method
NFHS-5 Individual,v305_10,na - ever used method
NFHS-5 Individual,v305_11,na - ever used method
NFHS-5 Individual,v305_12,na - ever used method
NFHS-5 Individual,v305_13,na - ever used method
NFHS-5 Individual,v305_14,na - ever used method
NFHS-5 Individual,v305_15,na - ever used method
NFHS-5 Individual,v305_16,na - ever used method
NFHS-5 Individual,v305_17,na - ever used method
NFHS-5 Individual,v305_18,na - ever used method
NFHS-5 Individual,v305_19,na - ever used method
NFHS-5 Individual,v305_20,na - ever used method
NFHS-5 Individual,v307_01,method currently used
NFHS-5 Individual,v307_02,method currently used
NFHS-5 Individual,v307_03,method currently used
NFHS-5 Individual,v307_04,method currently used
NFHS-5 Individual,v307_05,method currently used
NFHS-5 Individual,v307_06,method currently used
NFHS-5 Individual,v307_07,method currently used
NFHS-5 Individual,v307_08,method currently used
NFHS-5 Individual,v307_09,method currently used
NFHS-5 Individual,v307_10,method currently used
NFHS-5 Individual,v307_11,method currently used
NFHS-5 Individual,v307_12,method currently used
NFHS-5 Individual,v307_13,method currently used
NFHS-5 Individual,v307_14,method currently used
NFHS-5 Individual,v307_15,method currently used
NFHS-5 Individual,v307_16,method currently used
NFHS-5 Individual,v307_17,method currently used
NFHS-5 Individual,v307_18,method currently used
NFHS-5 Individual,v307_19,method currently used
NFHS-5 Individual,v307_20,method currently used
NFHS-5 Individual,v310,living children at first use
NFHS-5 Individual,v311,children at first use (grouped)
NFHS-5 Individual,v312,current contraceptive method
NFHS-5 Individual,v313,current use by method type
NFHS-5 Individual,v315,month of start of use of method
NFHS-5 Individual,v316,year of start of use of method
NFHS-5 Individual,v317,date of start of use of method (cmc)
NFHS-5 Individual,v318,completeness of information
NFHS-5 Individual,v319,years since sterilization
NFHS-5 Individual,v320,age at sterilization
NFHS-5 Individual,v321,marital duration at sterilization
NFHS-5 Individual,v322,parity at sterilization
NFHS-5 Individual,v323,na - brand of pill used
NFHS-5 Individual,v323a,na - brand of condom used
NFHS-5 Individual,v325a,na - cost of current method (in currency)
NFHS-5 Individual,v326,last source for current users
NFHS-5 Individual,v327,last source for users by type
NFHS-5 Individual,v337,months of use of current method
NFHS-5 Individual,v359,last method discontinued in last 5 years
NFHS-5 Individual,v360,reason of last discontinuation
NFHS-5 Individual,v361,pattern of use
NFHS-5 Individual,v362,intention to use
NFHS-5 Individual,v363,na - preferred future method
NFHS-5 Individual,v364,contraceptive use and intention
NFHS-5 Individual,v367,wanted last child
NFHS-5 Individual,v372,na - shown pill package
NFHS-5 Individual,v372a,na - shown condom package
NFHS-5 Individual,v375a,na - main reason not using a method
NFHS-5 Individual,v376,na - main reason not to use a method
NFHS-5 Individual,v376a,na - would ever use method if married
NFHS-5 Individual,v379,na - source known for any method
NFHS-5 Individual,v380,na - source known for any method
NFHS-5 Individual,v384a,heard family planning on radio last few months
NFHS-5 Individual,v384b,heard family planning on tv last few months
NFHS-5 Individual,v384c,heard family planning in newspaper/magazine last few months
NFHS-5 Individual,v384d,na - heard family planning by text messages on mobile phone
NFHS-5 Individual,v393,na - visited by fieldworker in last 12 months
NFHS-5 Individual,v393a,na - did fieldworker talk about family planning
NFHS-5 Individual,v394,na - visited health facility last 12 months
NFHS-5 Individual,v395,"na - at health facility, told of family planning"
NFHS-5 Individual,v3a00a,source of family planning for non-users: govt. / municipal hospital
NFHS-5 Individual,v3a00b,source of family planning for non-users: public ayush
NFHS-5 Individual,v3a00c,source of family planning for non-users: public: govt. dispensary
NFHS-5 Individual,v3a00d,source of family planning for non-users: public: uhc / uhp / ufwc
NFHS-5 Individual,v3a00e,source of family planning for non-users: public: chc / rural hospital / block ph
NFHS-5 Individual,v3a00f,source of family planning for non-users: public: phc / additional phc
NFHS-5 Individual,v3a00g,source of family planning for non-users: public: sub-centre / anm
NFHS-5 Individual,v3a00h,source of family planning for non-users: public: govt. mobile clinic
NFHS-5 Individual,v3a00i,source of family planning for non-users: public: camp
NFHS-5 Individual,v3a00j,source of family planning for non-users: private hospital/clinic
NFHS-5 Individual,v3a00k,source of family planning for non-users: pharmacy
NFHS-5 Individual,v3a00l,source of family planning for non-users: private doctor
NFHS-5 Individual,v3a00m,source of family planning for non-users: private: mobile clinic
NFHS-5 Individual,v3a00n,source of family planning for non-users: private ayush
NFHS-5 Individual,v3a00o,source of family planning for non-users: private: traditional healer
NFHS-5 Individual,v3a00p,source of family planning for non-users: private: dai (tba)
NFHS-5 Individual,v3a00q,source of family planning for non-users: other private health
NFHS-5 Individual,v3a00r,source of family planning for non-users: shop / friend / relative
NFHS-5 Individual,v3a00s,source of family planning for non-users: public: anganwadi / icds centre
NFHS-5 Individual,v3a00t,source of family planning for non-users: public: asha
NFHS-5 Individual,v3a00u,source of family planning for non-users: public: other community-based worker
NFHS-5 Individual,v3a00v,source of family planning for non-users: other public health sector
NFHS-5 Individual,v3a00w,source of family planning for non-users: ngo or trust hospital / clinic
NFHS-5 Individual,v3a00x,source of family planning for non-users: other
NFHS-5 Individual,v3a00y,source of family planning for non-users: no source
NFHS-5 Individual,v3a00z,source of family planning for non-users: any source
NFHS-5 Individual,v3a01,told sterilization would mean no more children
NFHS-5 Individual,v3a02,told about side effects
NFHS-5 Individual,v3a03,told about side effects by health or family planning worker
NFHS-5 Individual,v3a04,told how to deal with side effects
NFHS-5 Individual,v3a05,told about other family planning methods
NFHS-5 Individual,v3a06,told about other family planning methods by health or family planning worker
NFHS-5 Individual,v3a07,na - first source for current method
NFHS-5 Individual,v3a08a,reason not using: not married
NFHS-5 Individual,v3a08b,reason not using: not having sex
NFHS-5 Individual,v3a08c,reason not using: infrequent sex
NFHS-5 Individual,v3a08d,reason not using: menopausal/hysterectomy  (see v3a08w and v3a08aa)
NFHS-5 Individual,v3a08e,reason not using: subfecund/infecund
NFHS-5 Individual,v3a08f,reason not using: postpartum amenorrheic
NFHS-5 Individual,v3a08g,reason not using: breastfeeding
NFHS-5 Individual,v3a08h,reason not using: fatalistic
NFHS-5 Individual,v3a08i,reason not using: respondent opposed
NFHS-5 Individual,v3a08j,reason not using: husband/partner opposed
NFHS-5 Individual,v3a08k,reason not using: others opposed
NFHS-5 Individual,v3a08l,reason not using: religious prohibition
NFHS-5 Individual,v3a08m,reason not using: knows no method
NFHS-5 Individual,v3a08n,reason not using: knows no source
NFHS-5 Individual,v3a08o,na - reason not using: health concerns
NFHS-5 Individual,v3a08p,reason not using: fear of side effects/health concerns
NFHS-5 Individual,v3a08q,reason not using: lack of access/too far
NFHS-5 Individual,v3a08r,reason not using: costs too much
NFHS-5 Individual,v3a08s,reason not using: inconvenient to use
NFHS-5 Individual,v3a08t,reason not using: interferes with body's processes
NFHS-5 Individual,v3a08u,reason not using: don't like existing method
NFHS-5 Individual,v3a08v,na - reason not using: no method available
NFHS-5 Individual,v3a08w,reason not using: hysterectomy
NFHS-5 Individual,v3a08aa,reason not using: menopausal
NFHS-5 Individual,v3a08ab,na - reason not using: cs
NFHS-5 Individual,v3a08ac,na - reason not using: cs
NFHS-5 Individual,v3a08ad,na - reason not using: cs
NFHS-5 Individual,v3a08x,reason not using: other
NFHS-5 Individual,v3a08z,reason not using: don't know
NFHS-5 Individual,v3a09a,na - how many pill cycles did get last time
NFHS-5 Individual,v3a09b,na - how many condoms did get last time
NFHS-5 Individual,midx_1,index to birth history
NFHS-5 Individual,midx_2,index to birth history
NFHS-5 Individual,midx_3,index to birth history
NFHS-5 Individual,midx_4,index to birth history
NFHS-5 Individual,midx_5,index to birth history
NFHS-5 Individual,midx_6,index to birth history
NFHS-5 Individual,m1_1,number of tetanus injections before birth
NFHS-5 Individual,m1_2,number of tetanus injections before birth
NFHS-5 Individual,m1_3,number of tetanus injections before birth
NFHS-5 Individual,m1_4,number of tetanus injections before birth
NFHS-5 Individual,m1_5,number of tetanus injections before birth
NFHS-5 Individual,m1_6,number of tetanus injections before birth
NFHS-5 Individual,m1a_1,number of tetanus injections before pregnancy
NFHS-5 Individual,m1a_2,number of tetanus injections before pregnancy
NFHS-5 Individual,m1a_3,number of tetanus injections before pregnancy
NFHS-5 Individual,m1a_4,number of tetanus injections before pregnancy
NFHS-5 Individual,m1a_5,number of tetanus injections before pregnancy
NFHS-5 Individual,m1a_6,number of tetanus injections before pregnancy
NFHS-5 Individual,m1b_1,na - month of last tetanus injection before pregnancy
NFHS-5 Individual,m1b_2,na - month of last tetanus injection before pregnancy
NFHS-5 Individual,m1b_3,na - month of last tetanus injection before pregnancy
NFHS-5 Individual,m1b_4,na - month of last tetanus injection before pregnancy
NFHS-5 Individual,m1b_5,na - month of last tetanus injection before pregnancy
NFHS-5 Individual,m1b_6,na - month of last tetanus injection before pregnancy
NFHS-5 Individual,m1c_1,na - year of last tetanus injection before pregnancy
NFHS-5 Individual,m1c_2,na - year of last tetanus injection before pregnancy
NFHS-5 Individual,m1c_3,na - year of last tetanus injection before pregnancy
NFHS-5 Individual,m1c_4,na - year of last tetanus injection before pregnancy
NFHS-5 Individual,m1c_5,na - year of last tetanus injection before pregnancy
NFHS-5 Individual,m1c_6,na - year of last tetanus injection before pregnancy
NFHS-5 Individual,m1d_1,years ago received last tetanus injection before pregnancy
NFHS-5 Individual,m1d_2,years ago received last tetanus injection before pregnancy
NFHS-5 Individual,m1d_3,years ago received last tetanus injection before pregnancy
NFHS-5 Individual,m1d_4,years ago received last tetanus injection before pregnancy
NFHS-5 Individual,m1d_5,years ago received last tetanus injection before pregnancy
NFHS-5 Individual,m1d_6,years ago received last tetanus injection before pregnancy
NFHS-5 Individual,m1e_1,last tetanus injection before pregnancy (cmc)
NFHS-5 Individual,m1e_2,last tetanus injection before pregnancy (cmc)
NFHS-5 Individual,m1e_3,last tetanus injection before pregnancy (cmc)
NFHS-5 Individual,m1e_4,last tetanus injection before pregnancy (cmc)
NFHS-5 Individual,m1e_5,last tetanus injection before pregnancy (cmc)
NFHS-5 Individual,m1e_6,last tetanus injection before pregnancy (cmc)
NFHS-5 Individual,m2a_1,prenatal: doctor
NFHS-5 Individual,m2a_2,prenatal: doctor
NFHS-5 Individual,m2a_3,prenatal: doctor
NFHS-5 Individual,m2a_4,prenatal: doctor
NFHS-5 Individual,m2a_5,prenatal: doctor
NFHS-5 Individual,m2a_6,prenatal: doctor
NFHS-5 Individual,m2b_1,prenatal: anm/nurse/midwife/lhv
NFHS-5 Individual,m2b_2,prenatal: anm/nurse/midwife/lhv
NFHS-5 Individual,m2b_3,prenatal: anm/nurse/midwife/lhv
NFHS-5 Individual,m2b_4,prenatal: anm/nurse/midwife/lhv
NFHS-5 Individual,m2b_5,prenatal: anm/nurse/midwife/lhv
NFHS-5 Individual,m2b_6,prenatal: anm/nurse/midwife/lhv
NFHS-5 Individual,m2c_1,na - prenatal: cs health professional
NFHS-5 Individual,m2c_2,na - prenatal: cs health professional
NFHS-5 Individual,m2c_3,na - prenatal: cs health professional
NFHS-5 Individual,m2c_4,na - prenatal: cs health professional
NFHS-5 Individual,m2c_5,na - prenatal: cs health professional
NFHS-5 Individual,m2c_6,na - prenatal: cs health professional
NFHS-5 Individual,m2d_1,na - prenatal: cs health professional
NFHS-5 Individual,m2d_2,na - prenatal: cs health professional
NFHS-5 Individual,m2d_3,na - prenatal: cs health professional
NFHS-5 Individual,m2d_4,na - prenatal: cs health professional
NFHS-5 Individual,m2d_5,na - prenatal: cs health professional
NFHS-5 Individual,m2d_6,na - prenatal: cs health professional
NFHS-5 Individual,m2e_1,na - prenatal: cs health professional
NFHS-5 Individual,m2e_2,na - prenatal: cs health professional
NFHS-5 Individual,m2e_3,na - prenatal: cs health professional
NFHS-5 Individual,m2e_4,na - prenatal: cs health professional
NFHS-5 Individual,m2e_5,na - prenatal: cs health professional
NFHS-5 Individual,m2e_6,na - prenatal: cs health professional
NFHS-5 Individual,m2f_1,na - prenatal: cs health professional
NFHS-5 Individual,m2f_2,na - prenatal: cs health professional
NFHS-5 Individual,m2f_3,na - prenatal: cs health professional
NFHS-5 Individual,m2f_4,na - prenatal: cs health professional
NFHS-5 Individual,m2f_5,na - prenatal: cs health professional
NFHS-5 Individual,m2f_6,na - prenatal: cs health professional
NFHS-5 Individual,m2g_1,prenatal: dai/traditional birth attendant
NFHS-5 Individual,m2g_2,prenatal: dai/traditional birth attendant
NFHS-5 Individual,m2g_3,prenatal: dai/traditional birth attendant
NFHS-5 Individual,m2g_4,prenatal: dai/traditional birth attendant
NFHS-5 Individual,m2g_5,prenatal: dai/traditional birth attendant
NFHS-5 Individual,m2g_6,prenatal: dai/traditional birth attendant
NFHS-5 Individual,m2h_1,prenatal: community/village health worker
NFHS-5 Individual,m2h_2,prenatal: community/village health worker
NFHS-5 Individual,m2h_3,prenatal: community/village health worker
NFHS-5 Individual,m2h_4,prenatal: community/village health worker
NFHS-5 Individual,m2h_5,prenatal: community/village health worker
NFHS-5 Individual,m2h_6,prenatal: community/village health worker
NFHS-5 Individual,m2i_1,prenatal: anganwadi/icds worker
NFHS-5 Individual,m2i_2,prenatal: anganwadi/icds worker
NFHS-5 Individual,m2i_3,prenatal: anganwadi/icds worker
NFHS-5 Individual,m2i_4,prenatal: anganwadi/icds worker
NFHS-5 Individual,m2i_5,prenatal: anganwadi/icds worker
NFHS-5 Individual,m2i_6,prenatal: anganwadi/icds worker
NFHS-5 Individual,m2j_1,prenatal: asha
NFHS-5 Individual,m2j_2,prenatal: asha
NFHS-5 Individual,m2j_3,prenatal: asha
NFHS-5 Individual,m2j_4,prenatal: asha
NFHS-5 Individual,m2j_5,prenatal: asha
NFHS-5 Individual,m2j_6,prenatal: asha
NFHS-5 Individual,m2k_1,prenatal: other
NFHS-5 Individual,m2k_2,prenatal: other
NFHS-5 Individual,m2k_3,prenatal: other
NFHS-5 Individual,m2k_4,prenatal: other
NFHS-5 Individual,m2k_5,prenatal: other
NFHS-5 Individual,m2k_6,prenatal: other
NFHS-5 Individual,m2l_1,na - prenatal: cs other
NFHS-5 Individual,m2l_2,na - prenatal: cs other
NFHS-5 Individual,m2l_3,na - prenatal: cs other
NFHS-5 Individual,m2l_4,na - prenatal: cs other
NFHS-5 Individual,m2l_5,na - prenatal: cs other
NFHS-5 Individual,m2l_6,na - prenatal: cs other
NFHS-5 Individual,m2m_1,na - prenatal: cs other
NFHS-5 Individual,m2m_2,na - prenatal: cs other
NFHS-5 Individual,m2m_3,na - prenatal: cs other
NFHS-5 Individual,m2m_4,na - prenatal: cs other
NFHS-5 Individual,m2m_5,na - prenatal: cs other
NFHS-5 Individual,m2m_6,na - prenatal: cs other
NFHS-5 Individual,m2n_1,prenatal: no one
NFHS-5 Individual,m2n_2,prenatal: no one
NFHS-5 Individual,m2n_3,prenatal: no one
NFHS-5 Individual,m2n_4,prenatal: no one
NFHS-5 Individual,m2n_5,prenatal: no one
NFHS-5 Individual,m2n_6,prenatal: no one
NFHS-5 Individual,m3a_1,assistance: doctor
NFHS-5 Individual,m3a_2,assistance: doctor
NFHS-5 Individual,m3a_3,assistance: doctor
NFHS-5 Individual,m3a_4,assistance: doctor
NFHS-5 Individual,m3a_5,assistance: doctor
NFHS-5 Individual,m3a_6,assistance: doctor
NFHS-5 Individual,m3b_1,assistance: anm/nurse/midwife/lhv
NFHS-5 Individual,m3b_2,assistance: anm/nurse/midwife/lhv
NFHS-5 Individual,m3b_3,assistance: anm/nurse/midwife/lhv
NFHS-5 Individual,m3b_4,assistance: anm/nurse/midwife/lhv
NFHS-5 Individual,m3b_5,assistance: anm/nurse/midwife/lhv
NFHS-5 Individual,m3b_6,assistance: anm/nurse/midwife/lhv
NFHS-5 Individual,m3c_1,assistance: other health professional
NFHS-5 Individual,m3c_2,assistance: other health professional
NFHS-5 Individual,m3c_3,assistance: other health professional
NFHS-5 Individual,m3c_4,assistance: other health professional
NFHS-5 Individual,m3c_5,assistance: other health professional
NFHS-5 Individual,m3c_6,assistance: other health professional
NFHS-5 Individual,m3d_1,na - assistance: cs health professional
NFHS-5 Individual,m3d_2,na - assistance: cs health professional
NFHS-5 Individual,m3d_3,na - assistance: cs health professional
NFHS-5 Individual,m3d_4,na - assistance: cs health professional
NFHS-5 Individual,m3d_5,na - assistance: cs health professional
NFHS-5 Individual,m3d_6,na - assistance: cs health professional
NFHS-5 Individual,m3e_1,na - assistance: cs health professional
NFHS-5 Individual,m3e_2,na - assistance: cs health professional
NFHS-5 Individual,m3e_3,na - assistance: cs health professional
NFHS-5 Individual,m3e_4,na - assistance: cs health professional
NFHS-5 Individual,m3e_5,na - assistance: cs health professional
NFHS-5 Individual,m3e_6,na - assistance: cs health professional
NFHS-5 Individual,m3f_1,na - assistance: cs health professional
NFHS-5 Individual,m3f_2,na - assistance: cs health professional
NFHS-5 Individual,m3f_3,na - assistance: cs health professional
NFHS-5 Individual,m3f_4,na - assistance: cs health professional
NFHS-5 Individual,m3f_5,na - assistance: cs health professional
NFHS-5 Individual,m3f_6,na - assistance: cs health professional
NFHS-5 Individual,m3g_1,assistance: dai/traditional birth attendant
NFHS-5 Individual,m3g_2,assistance: dai/traditional birth attendant
NFHS-5 Individual,m3g_3,assistance: dai/traditional birth attendant
NFHS-5 Individual,m3g_4,assistance: dai/traditional birth attendant
NFHS-5 Individual,m3g_5,assistance: dai/traditional birth attendant
NFHS-5 Individual,m3g_6,assistance: dai/traditional birth attendant
NFHS-5 Individual,m3h_1,assistance: friend / relative
NFHS-5 Individual,m3h_2,assistance: friend / relative
NFHS-5 Individual,m3h_3,assistance: friend / relative
NFHS-5 Individual,m3h_4,assistance: friend / relative
NFHS-5 Individual,m3h_5,assistance: friend / relative
NFHS-5 Individual,m3h_6,assistance: friend / relative
NFHS-5 Individual,m3i_1,na - assistance: cs other person
NFHS-5 Individual,m3i_2,na - assistance: cs other person
NFHS-5 Individual,m3i_3,na - assistance: cs other person
NFHS-5 Individual,m3i_4,na - assistance: cs other person
NFHS-5 Individual,m3i_5,na - assistance: cs other person
NFHS-5 Individual,m3i_6,na - assistance: cs other person
NFHS-5 Individual,m3j_1,na - assistance: cs other person
NFHS-5 Individual,m3j_2,na - assistance: cs other person
NFHS-5 Individual,m3j_3,na - assistance: cs other person
NFHS-5 Individual,m3j_4,na - assistance: cs other person
NFHS-5 Individual,m3j_5,na - assistance: cs other person
NFHS-5 Individual,m3j_6,na - assistance: cs other person
NFHS-5 Individual,m3k_1,assistance: other
NFHS-5 Individual,m3k_2,assistance: other
NFHS-5 Individual,m3k_3,assistance: other
NFHS-5 Individual,m3k_4,assistance: other
NFHS-5 Individual,m3k_5,assistance: other
NFHS-5 Individual,m3k_6,assistance: other
NFHS-5 Individual,m3l_1,na - assistance: cs other
NFHS-5 Individual,m3l_2,na - assistance: cs other
NFHS-5 Individual,m3l_3,na - assistance: cs other
NFHS-5 Individual,m3l_4,na - assistance: cs other
NFHS-5 Individual,m3l_5,na - assistance: cs other
NFHS-5 Individual,m3l_6,na - assistance: cs other
NFHS-5 Individual,m3m_1,na - assistance: cs other
NFHS-5 Individual,m3m_2,na - assistance: cs other
NFHS-5 Individual,m3m_3,na - assistance: cs other
NFHS-5 Individual,m3m_4,na - assistance: cs other
NFHS-5 Individual,m3m_5,na - assistance: cs other
NFHS-5 Individual,m3m_6,na - assistance: cs other
NFHS-5 Individual,m3n_1,assistance: no one
NFHS-5 Individual,m3n_2,assistance: no one
NFHS-5 Individual,m3n_3,assistance: no one
NFHS-5 Individual,m3n_4,assistance: no one
NFHS-5 Individual,m3n_5,assistance: no one
NFHS-5 Individual,m3n_6,assistance: no one
NFHS-5 Individual,m4_1,duration of breastfeeding
NFHS-5 Individual,m4_2,duration of breastfeeding
NFHS-5 Individual,m4_3,duration of breastfeeding
NFHS-5 Individual,m4_4,duration of breastfeeding
NFHS-5 Individual,m4_5,duration of breastfeeding
NFHS-5 Individual,m4_6,duration of breastfeeding
NFHS-5 Individual,m5_1,months of breastfeeding
NFHS-5 Individual,m5_2,months of breastfeeding
NFHS-5 Individual,m5_3,months of breastfeeding
NFHS-5 Individual,m5_4,months of breastfeeding
NFHS-5 Individual,m5_5,months of breastfeeding
NFHS-5 Individual,m5_6,months of breastfeeding
NFHS-5 Individual,m6_1,duration of amenorrhea
NFHS-5 Individual,m6_2,duration of amenorrhea
NFHS-5 Individual,m6_3,duration of amenorrhea
NFHS-5 Individual,m6_4,duration of amenorrhea
NFHS-5 Individual,m6_5,duration of amenorrhea
NFHS-5 Individual,m6_6,duration of amenorrhea
NFHS-5 Individual,m7_1,months of amenorrhea
NFHS-5 Individual,m7_2,months of amenorrhea
NFHS-5 Individual,m7_3,months of amenorrhea
NFHS-5 Individual,m7_4,months of amenorrhea
NFHS-5 Individual,m7_5,months of amenorrhea
NFHS-5 Individual,m7_6,months of amenorrhea
NFHS-5 Individual,m8_1,duration of abstinence
NFHS-5 Individual,m8_2,duration of abstinence
NFHS-5 Individual,m8_3,duration of abstinence
NFHS-5 Individual,m8_4,duration of abstinence
NFHS-5 Individual,m8_5,duration of abstinence
NFHS-5 Individual,m8_6,duration of abstinence
NFHS-5 Individual,m9_1,months of abstinence
NFHS-5 Individual,m9_2,months of abstinence
NFHS-5 Individual,m9_3,months of abstinence
NFHS-5 Individual,m9_4,months of abstinence
NFHS-5 Individual,m9_5,months of abstinence
NFHS-5 Individual,m9_6,months of abstinence
NFHS-5 Individual,m10_1,wanted pregnancy when became pregnant
NFHS-5 Individual,m10_2,wanted pregnancy when became pregnant
NFHS-5 Individual,m10_3,wanted pregnancy when became pregnant
NFHS-5 Individual,m10_4,wanted pregnancy when became pregnant
NFHS-5 Individual,m10_5,wanted pregnancy when became pregnant
NFHS-5 Individual,m10_6,wanted pregnancy when became pregnant
NFHS-5 Individual,m11_1,desired time would have waited
NFHS-5 Individual,m11_2,desired time would have waited
NFHS-5 Individual,m11_3,desired time would have waited
NFHS-5 Individual,m11_4,desired time would have waited
NFHS-5 Individual,m11_5,desired time would have waited
NFHS-5 Individual,m11_6,desired time would have waited
NFHS-5 Individual,m13_1,timing of 1st antenatal check (months)
NFHS-5 Individual,m13_2,timing of 1st antenatal check (months)
NFHS-5 Individual,m13_3,timing of 1st antenatal check (months)
NFHS-5 Individual,m13_4,timing of 1st antenatal check (months)
NFHS-5 Individual,m13_5,timing of 1st antenatal check (months)
NFHS-5 Individual,m13_6,timing of 1st antenatal check (months)
NFHS-5 Individual,m14_1,number of antenatal visits during pregnancy
NFHS-5 Individual,m14_2,number of antenatal visits during pregnancy
NFHS-5 Individual,m14_3,number of antenatal visits during pregnancy
NFHS-5 Individual,m14_4,number of antenatal visits during pregnancy
NFHS-5 Individual,m14_5,number of antenatal visits during pregnancy
NFHS-5 Individual,m14_6,number of antenatal visits during pregnancy
NFHS-5 Individual,m15_1,place of delivery
NFHS-5 Individual,m15_2,place of delivery
NFHS-5 Individual,m15_3,place of delivery
NFHS-5 Individual,m15_4,place of delivery
NFHS-5 Individual,m15_5,place of delivery
NFHS-5 Individual,m15_6,place of delivery
NFHS-5 Individual,m17_1,delivery by caesarean section
NFHS-5 Individual,m17_2,delivery by caesarean section
NFHS-5 Individual,m17_3,delivery by caesarean section
NFHS-5 Individual,m17_4,delivery by caesarean section
NFHS-5 Individual,m17_5,delivery by caesarean section
NFHS-5 Individual,m17_6,delivery by caesarean section
NFHS-5 Individual,m17a_1,timing on decision for caesarean section
NFHS-5 Individual,m17a_2,timing on decision for caesarean section
NFHS-5 Individual,m17a_3,timing on decision for caesarean section
NFHS-5 Individual,m17a_4,timing on decision for caesarean section
NFHS-5 Individual,m17a_5,timing on decision for caesarean section
NFHS-5 Individual,m17a_6,timing on decision for caesarean section
NFHS-5 Individual,m18_1,size of child at birth
NFHS-5 Individual,m18_2,size of child at birth
NFHS-5 Individual,m18_3,size of child at birth
NFHS-5 Individual,m18_4,size of child at birth
NFHS-5 Individual,m18_5,size of child at birth
NFHS-5 Individual,m18_6,size of child at birth
NFHS-5 Individual,m19_1,birth weight in kilograms (3 decimals)
NFHS-5 Individual,m19_2,birth weight in kilograms (3 decimals)
NFHS-5 Individual,m19_3,birth weight in kilograms (3 decimals)
NFHS-5 Individual,m19_4,birth weight in kilograms (3 decimals)
NFHS-5 Individual,m19_5,birth weight in kilograms (3 decimals)
NFHS-5 Individual,m19_6,birth weight in kilograms (3 decimals)
NFHS-5 Individual,m19a_1,weight at birth/recall
NFHS-5 Individual,m19a_2,weight at birth/recall
NFHS-5 Individual,m19a_3,weight at birth/recall
NFHS-5 Individual,m19a_4,weight at birth/recall
NFHS-5 Individual,m19a_5,weight at birth/recall
NFHS-5 Individual,m19a_6,weight at birth/recall
NFHS-5 Individual,m27_1,flag for breastfeeding
NFHS-5 Individual,m27_2,flag for breastfeeding
NFHS-5 Individual,m27_3,flag for breastfeeding
NFHS-5 Individual,m27_4,flag for breastfeeding
NFHS-5 Individual,m27_5,flag for breastfeeding
NFHS-5 Individual,m27_6,flag for breastfeeding
NFHS-5 Individual,m28_1,flag for amenorrhea
NFHS-5 Individual,m28_2,flag for amenorrhea
NFHS-5 Individual,m28_3,flag for amenorrhea
NFHS-5 Individual,m28_4,flag for amenorrhea
NFHS-5 Individual,m28_5,flag for amenorrhea
NFHS-5 Individual,m28_6,flag for amenorrhea
NFHS-5 Individual,m29_1,flag for abstinence
NFHS-5 Individual,m29_2,flag for abstinence
NFHS-5 Individual,m29_3,flag for abstinence
NFHS-5 Individual,m29_4,flag for abstinence
NFHS-5 Individual,m29_5,flag for abstinence
NFHS-5 Individual,m29_6,flag for abstinence
NFHS-5 Individual,m34_1,when child put to breast
NFHS-5 Individual,m34_2,when child put to breast
NFHS-5 Individual,m34_3,when child put to breast
NFHS-5 Individual,m34_4,when child put to breast
NFHS-5 Individual,m34_5,when child put to breast
NFHS-5 Individual,m34_6,when child put to breast
NFHS-5 Individual,m35_1,na - number of times breastfed during previous night
NFHS-5 Individual,m35_2,na - number of times breastfed during previous night
NFHS-5 Individual,m35_3,na - number of times breastfed during previous night
NFHS-5 Individual,m35_4,na - number of times breastfed during previous night
NFHS-5 Individual,m35_5,na - number of times breastfed during previous night
NFHS-5 Individual,m35_6,na - number of times breastfed during previous night
NFHS-5 Individual,m36_1,na - number of times breastfed during previous day
NFHS-5 Individual,m36_2,na - number of times breastfed during previous day
NFHS-5 Individual,m36_3,na - number of times breastfed during previous day
NFHS-5 Individual,m36_4,na - number of times breastfed during previous day
NFHS-5 Individual,m36_5,na - number of times breastfed during previous day
NFHS-5 Individual,m36_6,na - number of times breastfed during previous day
NFHS-5 Individual,m38_1,drank from bottle with nipple yesterday/last night
NFHS-5 Individual,m38_2,drank from bottle with nipple yesterday/last night
NFHS-5 Individual,m38_3,drank from bottle with nipple yesterday/last night
NFHS-5 Individual,m38_4,drank from bottle with nipple yesterday/last night
NFHS-5 Individual,m38_5,drank from bottle with nipple yesterday/last night
NFHS-5 Individual,m38_6,drank from bottle with nipple yesterday/last night
NFHS-5 Individual,m39a_1,"did eat any solid, semi-solid or soft foods yesterday"
NFHS-5 Individual,m39a_2,"did eat any solid, semi-solid or soft foods yesterday"
NFHS-5 Individual,m39a_3,"did eat any solid, semi-solid or soft foods yesterday"
NFHS-5 Individual,m39a_4,"did eat any solid, semi-solid or soft foods yesterday"
NFHS-5 Individual,m39a_5,"did eat any solid, semi-solid or soft foods yesterday"
NFHS-5 Individual,m39a_6,"did eat any solid, semi-solid or soft foods yesterday"
NFHS-5 Individual,m39_1,"number of times ate solid, semi-solid or soft food yesterday"
NFHS-5 Individual,m39_2,"number of times ate solid, semi-solid or soft food yesterday"
NFHS-5 Individual,m39_3,"number of times ate solid, semi-solid or soft food yesterday"
NFHS-5 Individual,m39_4,"number of times ate solid, semi-solid or soft food yesterday"
NFHS-5 Individual,m39_5,"number of times ate solid, semi-solid or soft food yesterday"
NFHS-5 Individual,m39_6,"number of times ate solid, semi-solid or soft food yesterday"
NFHS-5 Individual,m42a_1,during pregnancy: weighed
NFHS-5 Individual,m42a_2,during pregnancy: weighed
NFHS-5 Individual,m42a_3,during pregnancy: weighed
NFHS-5 Individual,m42a_4,during pregnancy: weighed
NFHS-5 Individual,m42a_5,during pregnancy: weighed
NFHS-5 Individual,m42a_6,during pregnancy: weighed
NFHS-5 Individual,m42b_1,na - during pregnancy: height measured
NFHS-5 Individual,m42b_2,na - during pregnancy: height measured
NFHS-5 Individual,m42b_3,na - during pregnancy: height measured
NFHS-5 Individual,m42b_4,na - during pregnancy: height measured
NFHS-5 Individual,m42b_5,na - during pregnancy: height measured
NFHS-5 Individual,m42b_6,na - during pregnancy: height measured
NFHS-5 Individual,m42c_1,during pregnancy: blood pressure taken
NFHS-5 Individual,m42c_2,during pregnancy: blood pressure taken
NFHS-5 Individual,m42c_3,during pregnancy: blood pressure taken
NFHS-5 Individual,m42c_4,during pregnancy: blood pressure taken
NFHS-5 Individual,m42c_5,during pregnancy: blood pressure taken
NFHS-5 Individual,m42c_6,during pregnancy: blood pressure taken
NFHS-5 Individual,m42d_1,during pregnancy: urine sample taken
NFHS-5 Individual,m42d_2,during pregnancy: urine sample taken
NFHS-5 Individual,m42d_3,during pregnancy: urine sample taken
NFHS-5 Individual,m42d_4,during pregnancy: urine sample taken
NFHS-5 Individual,m42d_5,during pregnancy: urine sample taken
NFHS-5 Individual,m42d_6,during pregnancy: urine sample taken
NFHS-5 Individual,m42e_1,during pregnancy: blood sample taken
NFHS-5 Individual,m42e_2,during pregnancy: blood sample taken
NFHS-5 Individual,m42e_3,during pregnancy: blood sample taken
NFHS-5 Individual,m42e_4,during pregnancy: blood sample taken
NFHS-5 Individual,m42e_5,during pregnancy: blood sample taken
NFHS-5 Individual,m42e_6,during pregnancy: blood sample taken
NFHS-5 Individual,m43_1,told about pregnancy complications
NFHS-5 Individual,m43_2,told about pregnancy complications
NFHS-5 Individual,m43_3,told about pregnancy complications
NFHS-5 Individual,m43_4,told about pregnancy complications
NFHS-5 Individual,m43_5,told about pregnancy complications
NFHS-5 Individual,m43_6,told about pregnancy complications
NFHS-5 Individual,m44_1,told where to go for pregnancy complications
NFHS-5 Individual,m44_2,told where to go for pregnancy complications
NFHS-5 Individual,m44_3,told where to go for pregnancy complications
NFHS-5 Individual,m44_4,told where to go for pregnancy complications
NFHS-5 Individual,m44_5,told where to go for pregnancy complications
NFHS-5 Individual,m44_6,told where to go for pregnancy complications
NFHS-5 Individual,m45_1,"during pregnancy, given or bought iron tablets/syrup"
NFHS-5 Individual,m45_2,"during pregnancy, given or bought iron tablets/syrup"
NFHS-5 Individual,m45_3,"during pregnancy, given or bought iron tablets/syrup"
NFHS-5 Individual,m45_4,"during pregnancy, given or bought iron tablets/syrup"
NFHS-5 Individual,m45_5,"during pregnancy, given or bought iron tablets/syrup"
NFHS-5 Individual,m45_6,"during pregnancy, given or bought iron tablets/syrup"
NFHS-5 Individual,m46_1,days tablets or syrup taken
NFHS-5 Individual,m46_2,days tablets or syrup taken
NFHS-5 Individual,m46_3,days tablets or syrup taken
NFHS-5 Individual,m46_4,days tablets or syrup taken
NFHS-5 Individual,m46_5,days tablets or syrup taken
NFHS-5 Individual,m46_6,days tablets or syrup taken
NFHS-5 Individual,m47_1,"during pregnancy, had difficulty with daylight vision"
NFHS-5 Individual,m47_2,"during pregnancy, had difficulty with daylight vision"
NFHS-5 Individual,m47_3,"during pregnancy, had difficulty with daylight vision"
NFHS-5 Individual,m47_4,"during pregnancy, had difficulty with daylight vision"
NFHS-5 Individual,m47_5,"during pregnancy, had difficulty with daylight vision"
NFHS-5 Individual,m47_6,"during pregnancy, had difficulty with daylight vision"
NFHS-5 Individual,m48_1,"na - during pregnancy, had difficulty with night blindness"
NFHS-5 Individual,m48_2,"na - during pregnancy, had difficulty with night blindness"
NFHS-5 Individual,m48_3,"na - during pregnancy, had difficulty with night blindness"
NFHS-5 Individual,m48_4,"na - during pregnancy, had difficulty with night blindness"
NFHS-5 Individual,m48_5,"na - during pregnancy, had difficulty with night blindness"
NFHS-5 Individual,m48_6,"na - during pregnancy, had difficulty with night blindness"
NFHS-5 Individual,m49a_1,na - during pregnancy took: sp/fansidar for malaria
NFHS-5 Individual,m49a_2,na - during pregnancy took: sp/fansidar for malaria
NFHS-5 Individual,m49a_3,na - during pregnancy took: sp/fansidar for malaria
NFHS-5 Individual,m49a_4,na - during pregnancy took: sp/fansidar for malaria
NFHS-5 Individual,m49a_5,na - during pregnancy took: sp/fansidar for malaria
NFHS-5 Individual,m49a_6,na - during pregnancy took: sp/fansidar for malaria
NFHS-5 Individual,m49b_1,na - during pregnancy took: chloroquine for malaria
NFHS-5 Individual,m49b_2,na - during pregnancy took: chloroquine for malaria
NFHS-5 Individual,m49b_3,na - during pregnancy took: chloroquine for malaria
NFHS-5 Individual,m49b_4,na - during pregnancy took: chloroquine for malaria
NFHS-5 Individual,m49b_5,na - during pregnancy took: chloroquine for malaria
NFHS-5 Individual,m49b_6,na - during pregnancy took: chloroquine for malaria
NFHS-5 Individual,m49c_1,na - during pregnancy took: cs drug for malaria
NFHS-5 Individual,m49c_2,na - during pregnancy took: cs drug for malaria
NFHS-5 Individual,m49c_3,na - during pregnancy took: cs drug for malaria
NFHS-5 Individual,m49c_4,na - during pregnancy took: cs drug for malaria
NFHS-5 Individual,m49c_5,na - during pregnancy took: cs drug for malaria
NFHS-5 Individual,m49c_6,na - during pregnancy took: cs drug for malaria
NFHS-5 Individual,m49d_1,na - during pregnancy took: cs drug for malaria
NFHS-5 Individual,m49d_2,na - during pregnancy took: cs drug for malaria
NFHS-5 Individual,m49d_3,na - during pregnancy took: cs drug for malaria
NFHS-5 Individual,m49d_4,na - during pregnancy took: cs drug for malaria
NFHS-5 Individual,m49d_5,na - during pregnancy took: cs drug for malaria
NFHS-5 Individual,m49d_6,na - during pregnancy took: cs drug for malaria
NFHS-5 Individual,m49e_1,na - during pregnancy took: cs drug for malaria
NFHS-5 Individual,m49e_2,na - during pregnancy took: cs drug for malaria
NFHS-5 Individual,m49e_3,na - during pregnancy took: cs drug for malaria
NFHS-5 Individual,m49e_4,na - during pregnancy took: cs drug for malaria
NFHS-5 Individual,m49e_5,na - during pregnancy took: cs drug for malaria
NFHS-5 Individual,m49e_6,na - during pregnancy took: cs drug for malaria
NFHS-5 Individual,m49f_1,na - during pregnancy took: cs drug for malaria
NFHS-5 Individual,m49f_2,na - during pregnancy took: cs drug for malaria
NFHS-5 Individual,m49f_3,na - during pregnancy took: cs drug for malaria
NFHS-5 Individual,m49f_4,na - during pregnancy took: cs drug for malaria
NFHS-5 Individual,m49f_5,na - during pregnancy took: cs drug for malaria
NFHS-5 Individual,m49f_6,na - during pregnancy took: cs drug for malaria
NFHS-5 Individual,m49g_1,na - during pregnancy took: cs drug for malaria
NFHS-5 Individual,m49g_2,na - during pregnancy took: cs drug for malaria
NFHS-5 Individual,m49g_3,na - during pregnancy took: cs drug for malaria
NFHS-5 Individual,m49g_4,na - during pregnancy took: cs drug for malaria
NFHS-5 Individual,m49g_5,na - during pregnancy took: cs drug for malaria
NFHS-5 Individual,m49g_6,na - during pregnancy took: cs drug for malaria
NFHS-5 Individual,m49x_1,na - during pregnancy took: other drug for malaria
NFHS-5 Individual,m49x_2,na - during pregnancy took: other drug for malaria
NFHS-5 Individual,m49x_3,na - during pregnancy took: other drug for malaria
NFHS-5 Individual,m49x_4,na - during pregnancy took: other drug for malaria
NFHS-5 Individual,m49x_5,na - during pregnancy took: other drug for malaria
NFHS-5 Individual,m49x_6,na - during pregnancy took: other drug for malaria
NFHS-5 Individual,m49z_1,na - during pregnancy took: don't know
NFHS-5 Individual,m49z_2,na - during pregnancy took: don't know
NFHS-5 Individual,m49z_3,na - during pregnancy took: don't know
NFHS-5 Individual,m49z_4,na - during pregnancy took: don't know
NFHS-5 Individual,m49z_5,na - during pregnancy took: don't know
NFHS-5 Individual,m49z_6,na - during pregnancy took: don't know
NFHS-5 Individual,m49y_1,na - during pregnancy took: no drug for malaria
NFHS-5 Individual,m49y_2,na - during pregnancy took: no drug for malaria
NFHS-5 Individual,m49y_3,na - during pregnancy took: no drug for malaria
NFHS-5 Individual,m49y_4,na - during pregnancy took: no drug for malaria
NFHS-5 Individual,m49y_5,na - during pregnancy took: no drug for malaria
NFHS-5 Individual,m49y_6,na - during pregnancy took: no drug for malaria
NFHS-5 Individual,m54_1,na - received vitamin a dose in first 2 months after delivery
NFHS-5 Individual,m54_2,na - received vitamin a dose in first 2 months after delivery
NFHS-5 Individual,m54_3,na - received vitamin a dose in first 2 months after delivery
NFHS-5 Individual,m54_4,na - received vitamin a dose in first 2 months after delivery
NFHS-5 Individual,m54_5,na - received vitamin a dose in first 2 months after delivery
NFHS-5 Individual,m54_6,na - received vitamin a dose in first 2 months after delivery
NFHS-5 Individual,m55_1,given child anything other than breast milk
NFHS-5 Individual,m55_2,given child anything other than breast milk
NFHS-5 Individual,m55_3,given child anything other than breast milk
NFHS-5 Individual,m55_4,given child anything other than breast milk
NFHS-5 Individual,m55_5,given child anything other than breast milk
NFHS-5 Individual,m55_6,given child anything other than breast milk
NFHS-5 Individual,m55a_1,"first 3 days, given milk (other than breast milk)"
NFHS-5 Individual,m55a_2,"first 3 days, given milk (other than breast milk)"
NFHS-5 Individual,m55a_3,"first 3 days, given milk (other than breast milk)"
NFHS-5 Individual,m55a_4,"first 3 days, given milk (other than breast milk)"
NFHS-5 Individual,m55a_5,"first 3 days, given milk (other than breast milk)"
NFHS-5 Individual,m55a_6,"first 3 days, given milk (other than breast milk)"
NFHS-5 Individual,m55b_1,"first 3 days, given plain water"
NFHS-5 Individual,m55b_2,"first 3 days, given plain water"
NFHS-5 Individual,m55b_3,"first 3 days, given plain water"
NFHS-5 Individual,m55b_4,"first 3 days, given plain water"
NFHS-5 Individual,m55b_5,"first 3 days, given plain water"
NFHS-5 Individual,m55b_6,"first 3 days, given plain water"
NFHS-5 Individual,m55c_1,"first 3 days, given sugar/glucose water"
NFHS-5 Individual,m55c_2,"first 3 days, given sugar/glucose water"
NFHS-5 Individual,m55c_3,"first 3 days, given sugar/glucose water"
NFHS-5 Individual,m55c_4,"first 3 days, given sugar/glucose water"
NFHS-5 Individual,m55c_5,"first 3 days, given sugar/glucose water"
NFHS-5 Individual,m55c_6,"first 3 days, given sugar/glucose water"
NFHS-5 Individual,m55d_1,"first 3 days, given gripe water"
NFHS-5 Individual,m55d_2,"first 3 days, given gripe water"
NFHS-5 Individual,m55d_3,"first 3 days, given gripe water"
NFHS-5 Individual,m55d_4,"first 3 days, given gripe water"
NFHS-5 Individual,m55d_5,"first 3 days, given gripe water"
NFHS-5 Individual,m55d_6,"first 3 days, given gripe water"
NFHS-5 Individual,m55e_1,"first 3 days, given sugar/salt solution"
NFHS-5 Individual,m55e_2,"first 3 days, given sugar/salt solution"
NFHS-5 Individual,m55e_3,"first 3 days, given sugar/salt solution"
NFHS-5 Individual,m55e_4,"first 3 days, given sugar/salt solution"
NFHS-5 Individual,m55e_5,"first 3 days, given sugar/salt solution"
NFHS-5 Individual,m55e_6,"first 3 days, given sugar/salt solution"
NFHS-5 Individual,m55f_1,"first 3 days, given fruit juice"
NFHS-5 Individual,m55f_2,"first 3 days, given fruit juice"
NFHS-5 Individual,m55f_3,"first 3 days, given fruit juice"
NFHS-5 Individual,m55f_4,"first 3 days, given fruit juice"
NFHS-5 Individual,m55f_5,"first 3 days, given fruit juice"
NFHS-5 Individual,m55f_6,"first 3 days, given fruit juice"
NFHS-5 Individual,m55g_1,"first 3 days, given infant formula"
NFHS-5 Individual,m55g_2,"first 3 days, given infant formula"
NFHS-5 Individual,m55g_3,"first 3 days, given infant formula"
NFHS-5 Individual,m55g_4,"first 3 days, given infant formula"
NFHS-5 Individual,m55g_5,"first 3 days, given infant formula"
NFHS-5 Individual,m55g_6,"first 3 days, given infant formula"
NFHS-5 Individual,m55h_1,"first 3 days, given tea/infusions"
NFHS-5 Individual,m55h_2,"first 3 days, given tea/infusions"
NFHS-5 Individual,m55h_3,"first 3 days, given tea/infusions"
NFHS-5 Individual,m55h_4,"first 3 days, given tea/infusions"
NFHS-5 Individual,m55h_5,"first 3 days, given tea/infusions"
NFHS-5 Individual,m55h_6,"first 3 days, given tea/infusions"
NFHS-5 Individual,m55i_1,"first 3 days, given honey"
NFHS-5 Individual,m55i_2,"first 3 days, given honey"
NFHS-5 Individual,m55i_3,"first 3 days, given honey"
NFHS-5 Individual,m55i_4,"first 3 days, given honey"
NFHS-5 Individual,m55i_5,"first 3 days, given honey"
NFHS-5 Individual,m55i_6,"first 3 days, given honey"
NFHS-5 Individual,m55j_1,"na - first 3 days, given coffee"
NFHS-5 Individual,m55j_2,"na - first 3 days, given coffee"
NFHS-5 Individual,m55j_3,"na - first 3 days, given coffee"
NFHS-5 Individual,m55j_4,"na - first 3 days, given coffee"
NFHS-5 Individual,m55j_5,"na - first 3 days, given coffee"
NFHS-5 Individual,m55j_6,"na - first 3 days, given coffee"
NFHS-5 Individual,m55k_1,"first 3 days, given janam ghutti"
NFHS-5 Individual,m55k_2,"first 3 days, given janam ghutti"
NFHS-5 Individual,m55k_3,"first 3 days, given janam ghutti"
NFHS-5 Individual,m55k_4,"first 3 days, given janam ghutti"
NFHS-5 Individual,m55k_5,"first 3 days, given janam ghutti"
NFHS-5 Individual,m55k_6,"first 3 days, given janam ghutti"
NFHS-5 Individual,m55l_1,"na - first 3 days, given country specific"
NFHS-5 Individual,m55l_2,"na - first 3 days, given country specific"
NFHS-5 Individual,m55l_3,"na - first 3 days, given country specific"
NFHS-5 Individual,m55l_4,"na - first 3 days, given country specific"
NFHS-5 Individual,m55l_5,"na - first 3 days, given country specific"
NFHS-5 Individual,m55l_6,"na - first 3 days, given country specific"
NFHS-5 Individual,m55m_1,"na - first 3 days, given country specific"
NFHS-5 Individual,m55m_2,"na - first 3 days, given country specific"
NFHS-5 Individual,m55m_3,"na - first 3 days, given country specific"
NFHS-5 Individual,m55m_4,"na - first 3 days, given country specific"
NFHS-5 Individual,m55m_5,"na - first 3 days, given country specific"
NFHS-5 Individual,m55m_6,"na - first 3 days, given country specific"
NFHS-5 Individual,m55n_1,"na - first 3 days, given country specific"
NFHS-5 Individual,m55n_2,"na - first 3 days, given country specific"
NFHS-5 Individual,m55n_3,"na - first 3 days, given country specific"
NFHS-5 Individual,m55n_4,"na - first 3 days, given country specific"
NFHS-5 Individual,m55n_5,"na - first 3 days, given country specific"
NFHS-5 Individual,m55n_6,"na - first 3 days, given country specific"
NFHS-5 Individual,m55o_1,"na - first 3 days, given country specific"
NFHS-5 Individual,m55o_2,"na - first 3 days, given country specific"
NFHS-5 Individual,m55o_3,"na - first 3 days, given country specific"
NFHS-5 Individual,m55o_4,"na - first 3 days, given country specific"
NFHS-5 Individual,m55o_5,"na - first 3 days, given country specific"
NFHS-5 Individual,m55o_6,"na - first 3 days, given country specific"
NFHS-5 Individual,m55x_1,"first 3 days, given other"
NFHS-5 Individual,m55x_2,"first 3 days, given other"
NFHS-5 Individual,m55x_3,"first 3 days, given other"
NFHS-5 Individual,m55x_4,"first 3 days, given other"
NFHS-5 Individual,m55x_5,"first 3 days, given other"
NFHS-5 Individual,m55x_6,"first 3 days, given other"
NFHS-5 Individual,m55z_1,"first 3 days, given nothing"
NFHS-5 Individual,m55z_2,"first 3 days, given nothing"
NFHS-5 Individual,m55z_3,"first 3 days, given nothing"
NFHS-5 Individual,m55z_4,"first 3 days, given nothing"
NFHS-5 Individual,m55z_5,"first 3 days, given nothing"
NFHS-5 Individual,m55z_6,"first 3 days, given nothing"
NFHS-5 Individual,m57a_1,antenatal care: respondent's home
NFHS-5 Individual,m57a_2,antenatal care: respondent's home
NFHS-5 Individual,m57a_3,antenatal care: respondent's home
NFHS-5 Individual,m57a_4,antenatal care: respondent's home
NFHS-5 Individual,m57a_5,antenatal care: respondent's home
NFHS-5 Individual,m57a_6,antenatal care: respondent's home
NFHS-5 Individual,m57b_1,antenatal care: other home
NFHS-5 Individual,m57b_2,antenatal care: other home
NFHS-5 Individual,m57b_3,antenatal care: other home
NFHS-5 Individual,m57b_4,antenatal care: other home
NFHS-5 Individual,m57b_5,antenatal care: other home
NFHS-5 Individual,m57b_6,antenatal care: other home
NFHS-5 Individual,m57c_1,antenatal care: parents' home
NFHS-5 Individual,m57c_2,antenatal care: parents' home
NFHS-5 Individual,m57c_3,antenatal care: parents' home
NFHS-5 Individual,m57c_4,antenatal care: parents' home
NFHS-5 Individual,m57c_5,antenatal care: parents' home
NFHS-5 Individual,m57c_6,antenatal care: parents' home
NFHS-5 Individual,m57d_1,na - na - antenatal care: cs home
NFHS-5 Individual,m57d_2,na - na - antenatal care: cs home
NFHS-5 Individual,m57d_3,na - na - antenatal care: cs home
NFHS-5 Individual,m57d_4,na - na - antenatal care: cs home
NFHS-5 Individual,m57d_5,na - na - antenatal care: cs home
NFHS-5 Individual,m57d_6,na - na - antenatal care: cs home
NFHS-5 Individual,m57e_1,antenatal care: public: govt./munic. hospital
NFHS-5 Individual,m57e_2,antenatal care: public: govt./munic. hospital
NFHS-5 Individual,m57e_3,antenatal care: public: govt./munic. hospital
NFHS-5 Individual,m57e_4,antenatal care: public: govt./munic. hospital
NFHS-5 Individual,m57e_5,antenatal care: public: govt./munic. hospital
NFHS-5 Individual,m57e_6,antenatal care: public: govt./munic. hospital
NFHS-5 Individual,m57f_1,antenatal care: public: govt. dispensary
NFHS-5 Individual,m57f_2,antenatal care: public: govt. dispensary
NFHS-5 Individual,m57f_3,antenatal care: public: govt. dispensary
NFHS-5 Individual,m57f_4,antenatal care: public: govt. dispensary
NFHS-5 Individual,m57f_5,antenatal care: public: govt. dispensary
NFHS-5 Individual,m57f_6,antenatal care: public: govt. dispensary
NFHS-5 Individual,m57g_1,antenatal care: public: uhc/uhp/ufwc
NFHS-5 Individual,m57g_2,antenatal care: public: uhc/uhp/ufwc
NFHS-5 Individual,m57g_3,antenatal care: public: uhc/uhp/ufwc
NFHS-5 Individual,m57g_4,antenatal care: public: uhc/uhp/ufwc
NFHS-5 Individual,m57g_5,antenatal care: public: uhc/uhp/ufwc
NFHS-5 Individual,m57g_6,antenatal care: public: uhc/uhp/ufwc
NFHS-5 Individual,m57h_1,antenatal care: public: chc/rural hospital/block phc
NFHS-5 Individual,m57h_2,antenatal care: public: chc/rural hospital/block phc
NFHS-5 Individual,m57h_3,antenatal care: public: chc/rural hospital/block phc
NFHS-5 Individual,m57h_4,antenatal care: public: chc/rural hospital/block phc
NFHS-5 Individual,m57h_5,antenatal care: public: chc/rural hospital/block phc
NFHS-5 Individual,m57h_6,antenatal care: public: chc/rural hospital/block phc
NFHS-5 Individual,m57i_1,antenatal care: public: phc/additional phc
NFHS-5 Individual,m57i_2,antenatal care: public: phc/additional phc
NFHS-5 Individual,m57i_3,antenatal care: public: phc/additional phc
NFHS-5 Individual,m57i_4,antenatal care: public: phc/additional phc
NFHS-5 Individual,m57i_5,antenatal care: public: phc/additional phc
NFHS-5 Individual,m57i_6,antenatal care: public: phc/additional phc
NFHS-5 Individual,m57j_1,antenatal care: public: sub-centre
NFHS-5 Individual,m57j_2,antenatal care: public: sub-centre
NFHS-5 Individual,m57j_3,antenatal care: public: sub-centre
NFHS-5 Individual,m57j_4,antenatal care: public: sub-centre
NFHS-5 Individual,m57j_5,antenatal care: public: sub-centre
NFHS-5 Individual,m57j_6,antenatal care: public: sub-centre
NFHS-5 Individual,m57k_1,antenatal care: public: anganwadi/icds centre
NFHS-5 Individual,m57k_2,antenatal care: public: anganwadi/icds centre
NFHS-5 Individual,m57k_3,antenatal care: public: anganwadi/icds centre
NFHS-5 Individual,m57k_4,antenatal care: public: anganwadi/icds centre
NFHS-5 Individual,m57k_5,antenatal care: public: anganwadi/icds centre
NFHS-5 Individual,m57k_6,antenatal care: public: anganwadi/icds centre
NFHS-5 Individual,m57l_1,antenatal care: public: village clinic by anm
NFHS-5 Individual,m57l_2,antenatal care: public: village clinic by anm
NFHS-5 Individual,m57l_3,antenatal care: public: village clinic by anm
NFHS-5 Individual,m57l_4,antenatal care: public: village clinic by anm
NFHS-5 Individual,m57l_5,antenatal care: public: village clinic by anm
NFHS-5 Individual,m57l_6,antenatal care: public: village clinic by anm
NFHS-5 Individual,m57m_1,antenatal care: private: hospital/maternity home/clinic
NFHS-5 Individual,m57m_2,antenatal care: private: hospital/maternity home/clinic
NFHS-5 Individual,m57m_3,antenatal care: private: hospital/maternity home/clinic
NFHS-5 Individual,m57m_4,antenatal care: private: hospital/maternity home/clinic
NFHS-5 Individual,m57m_5,antenatal care: private: hospital/maternity home/clinic
NFHS-5 Individual,m57m_6,antenatal care: private: hospital/maternity home/clinic
NFHS-5 Individual,m57n_1,antenatal care: other private sect. health facility
NFHS-5 Individual,m57n_2,antenatal care: other private sect. health facility
NFHS-5 Individual,m57n_3,antenatal care: other private sect. health facility
NFHS-5 Individual,m57n_4,antenatal care: other private sect. health facility
NFHS-5 Individual,m57n_5,antenatal care: other private sect. health facility
NFHS-5 Individual,m57n_6,antenatal care: other private sect. health facility
NFHS-5 Individual,m57o_1,na - antenatal care: cs private medical
NFHS-5 Individual,m57o_2,na - antenatal care: cs private medical
NFHS-5 Individual,m57o_3,na - antenatal care: cs private medical
NFHS-5 Individual,m57o_4,na - antenatal care: cs private medical
NFHS-5 Individual,m57o_5,na - antenatal care: cs private medical
NFHS-5 Individual,m57o_6,na - antenatal care: cs private medical
NFHS-5 Individual,m57p_1,na - antenatal care: cs private medical
NFHS-5 Individual,m57p_2,na - antenatal care: cs private medical
NFHS-5 Individual,m57p_3,na - antenatal care: cs private medical
NFHS-5 Individual,m57p_4,na - antenatal care: cs private medical
NFHS-5 Individual,m57p_5,na - antenatal care: cs private medical
NFHS-5 Individual,m57p_6,na - antenatal care: cs private medical
NFHS-5 Individual,m57q_1,na - antenatal care: cs private medical
NFHS-5 Individual,m57q_2,na - antenatal care: cs private medical
NFHS-5 Individual,m57q_3,na - antenatal care: cs private medical
NFHS-5 Individual,m57q_4,na - antenatal care: cs private medical
NFHS-5 Individual,m57q_5,na - antenatal care: cs private medical
NFHS-5 Individual,m57q_6,na - antenatal care: cs private medical
NFHS-5 Individual,m57r_1,na - antenatal care: cs private medical
NFHS-5 Individual,m57r_2,na - antenatal care: cs private medical
NFHS-5 Individual,m57r_3,na - antenatal care: cs private medical
NFHS-5 Individual,m57r_4,na - antenatal care: cs private medical
NFHS-5 Individual,m57r_5,na - antenatal care: cs private medical
NFHS-5 Individual,m57r_6,na - antenatal care: cs private medical
NFHS-5 Individual,m57s_1,antenatal care: other public sect. health facility
NFHS-5 Individual,m57s_2,antenatal care: other public sect. health facility
NFHS-5 Individual,m57s_3,antenatal care: other public sect. health facility
NFHS-5 Individual,m57s_4,antenatal care: other public sect. health facility
NFHS-5 Individual,m57s_5,antenatal care: other public sect. health facility
NFHS-5 Individual,m57s_6,antenatal care: other public sect. health facility
NFHS-5 Individual,m57t_1,antenatal care: ngo or trust hospital/clinic
NFHS-5 Individual,m57t_2,antenatal care: ngo or trust hospital/clinic
NFHS-5 Individual,m57t_3,antenatal care: ngo or trust hospital/clinic
NFHS-5 Individual,m57t_4,antenatal care: ngo or trust hospital/clinic
NFHS-5 Individual,m57t_5,antenatal care: ngo or trust hospital/clinic
NFHS-5 Individual,m57t_6,antenatal care: ngo or trust hospital/clinic
NFHS-5 Individual,m57u_1,na - antenatal care: cs other
NFHS-5 Individual,m57u_2,na - antenatal care: cs other
NFHS-5 Individual,m57u_3,na - antenatal care: cs other
NFHS-5 Individual,m57u_4,na - antenatal care: cs other
NFHS-5 Individual,m57u_5,na - antenatal care: cs other
NFHS-5 Individual,m57u_6,na - antenatal care: cs other
NFHS-5 Individual,m57v_1,na - antenatal care: cs other
NFHS-5 Individual,m57v_2,na - antenatal care: cs other
NFHS-5 Individual,m57v_3,na - antenatal care: cs other
NFHS-5 Individual,m57v_4,na - antenatal care: cs other
NFHS-5 Individual,m57v_5,na - antenatal care: cs other
NFHS-5 Individual,m57v_6,na - antenatal care: cs other
NFHS-5 Individual,m57x_1,antenatal care: other
NFHS-5 Individual,m57x_2,antenatal care: other
NFHS-5 Individual,m57x_3,antenatal care: other
NFHS-5 Individual,m57x_4,antenatal care: other
NFHS-5 Individual,m57x_5,antenatal care: other
NFHS-5 Individual,m57x_6,antenatal care: other
NFHS-5 Individual,m60_1,drugs for intestinal parasites during pregnancy
NFHS-5 Individual,m60_2,drugs for intestinal parasites during pregnancy
NFHS-5 Individual,m60_3,drugs for intestinal parasites during pregnancy
NFHS-5 Individual,m60_4,drugs for intestinal parasites during pregnancy
NFHS-5 Individual,m60_5,drugs for intestinal parasites during pregnancy
NFHS-5 Individual,m60_6,drugs for intestinal parasites during pregnancy
NFHS-5 Individual,m61_1,time spent at place of delivery
NFHS-5 Individual,m61_2,time spent at place of delivery
NFHS-5 Individual,m61_3,time spent at place of delivery
NFHS-5 Individual,m61_4,time spent at place of delivery
NFHS-5 Individual,m61_5,time spent at place of delivery
NFHS-5 Individual,m61_6,time spent at place of delivery
NFHS-5 Individual,m62_1,respondent's health checked before discharge
NFHS-5 Individual,m62_2,respondent's health checked before discharge
NFHS-5 Individual,m62_3,respondent's health checked before discharge
NFHS-5 Individual,m62_4,respondent's health checked before discharge
NFHS-5 Individual,m62_5,respondent's health checked before discharge
NFHS-5 Individual,m62_6,respondent's health checked before discharge
NFHS-5 Individual,m63_1,how long before discharging respondent health check took place
NFHS-5 Individual,m63_2,how long before discharging respondent health check took place
NFHS-5 Individual,m63_3,how long before discharging respondent health check took place
NFHS-5 Individual,m63_4,how long before discharging respondent health check took place
NFHS-5 Individual,m63_5,how long before discharging respondent health check took place
NFHS-5 Individual,m63_6,how long before discharging respondent health check took place
NFHS-5 Individual,m64_1,who checked respondent health before discharge
NFHS-5 Individual,m64_2,who checked respondent health before discharge
NFHS-5 Individual,m64_3,who checked respondent health before discharge
NFHS-5 Individual,m64_4,who checked respondent health before discharge
NFHS-5 Individual,m64_5,who checked respondent health before discharge
NFHS-5 Individual,m64_6,who checked respondent health before discharge
NFHS-5 Individual,m65a_1,reason didn't deliver at health facility: cost too much
NFHS-5 Individual,m65a_2,reason didn't deliver at health facility: cost too much
NFHS-5 Individual,m65a_3,reason didn't deliver at health facility: cost too much
NFHS-5 Individual,m65a_4,reason didn't deliver at health facility: cost too much
NFHS-5 Individual,m65a_5,reason didn't deliver at health facility: cost too much
NFHS-5 Individual,m65a_6,reason didn't deliver at health facility: cost too much
NFHS-5 Individual,m65b_1,reason didn't deliver at health facility: facility not open
NFHS-5 Individual,m65b_2,reason didn't deliver at health facility: facility not open
NFHS-5 Individual,m65b_3,reason didn't deliver at health facility: facility not open
NFHS-5 Individual,m65b_4,reason didn't deliver at health facility: facility not open
NFHS-5 Individual,m65b_5,reason didn't deliver at health facility: facility not open
NFHS-5 Individual,m65b_6,reason didn't deliver at health facility: facility not open
NFHS-5 Individual,m65c_1,reason didn't deliver at health facility: too far/no transport
NFHS-5 Individual,m65c_2,reason didn't deliver at health facility: too far/no transport
NFHS-5 Individual,m65c_3,reason didn't deliver at health facility: too far/no transport
NFHS-5 Individual,m65c_4,reason didn't deliver at health facility: too far/no transport
NFHS-5 Individual,m65c_5,reason didn't deliver at health facility: too far/no transport
NFHS-5 Individual,m65c_6,reason didn't deliver at health facility: too far/no transport
NFHS-5 Individual,m65d_1,reason didn't deliver at health facility: don't trust facility/poor service
NFHS-5 Individual,m65d_2,reason didn't deliver at health facility: don't trust facility/poor service
NFHS-5 Individual,m65d_3,reason didn't deliver at health facility: don't trust facility/poor service
NFHS-5 Individual,m65d_4,reason didn't deliver at health facility: don't trust facility/poor service
NFHS-5 Individual,m65d_5,reason didn't deliver at health facility: don't trust facility/poor service
NFHS-5 Individual,m65d_6,reason didn't deliver at health facility: don't trust facility/poor service
NFHS-5 Individual,m65e_1,reason didn't deliver at health facility: no female provider
NFHS-5 Individual,m65e_2,reason didn't deliver at health facility: no female provider
NFHS-5 Individual,m65e_3,reason didn't deliver at health facility: no female provider
NFHS-5 Individual,m65e_4,reason didn't deliver at health facility: no female provider
NFHS-5 Individual,m65e_5,reason didn't deliver at health facility: no female provider
NFHS-5 Individual,m65e_6,reason didn't deliver at health facility: no female provider
NFHS-5 Individual,m65f_1,reason didn't deliver at health facility: husband/family didn't allow
NFHS-5 Individual,m65f_2,reason didn't deliver at health facility: husband/family didn't allow
NFHS-5 Individual,m65f_3,reason didn't deliver at health facility: husband/family didn't allow
NFHS-5 Individual,m65f_4,reason didn't deliver at health facility: husband/family didn't allow
NFHS-5 Individual,m65f_5,reason didn't deliver at health facility: husband/family didn't allow
NFHS-5 Individual,m65f_6,reason didn't deliver at health facility: husband/family didn't allow
NFHS-5 Individual,m65g_1,reason didn't deliver at health facility: not necessary
NFHS-5 Individual,m65g_2,reason didn't deliver at health facility: not necessary
NFHS-5 Individual,m65g_3,reason didn't deliver at health facility: not necessary
NFHS-5 Individual,m65g_4,reason didn't deliver at health facility: not necessary
NFHS-5 Individual,m65g_5,reason didn't deliver at health facility: not necessary
NFHS-5 Individual,m65g_6,reason didn't deliver at health facility: not necessary
NFHS-5 Individual,m65h_1,reason didn't deliver at health facility: not customary
NFHS-5 Individual,m65h_2,reason didn't deliver at health facility: not customary
NFHS-5 Individual,m65h_3,reason didn't deliver at health facility: not customary
NFHS-5 Individual,m65h_4,reason didn't deliver at health facility: not customary
NFHS-5 Individual,m65h_5,reason didn't deliver at health facility: not customary
NFHS-5 Individual,m65h_6,reason didn't deliver at health facility: not customary
NFHS-5 Individual,m65i_1,na - reason didn't deliver at health facility: cs
NFHS-5 Individual,m65i_2,na - reason didn't deliver at health facility: cs
NFHS-5 Individual,m65i_3,na - reason didn't deliver at health facility: cs
NFHS-5 Individual,m65i_4,na - reason didn't deliver at health facility: cs
NFHS-5 Individual,m65i_5,na - reason didn't deliver at health facility: cs
NFHS-5 Individual,m65i_6,na - reason didn't deliver at health facility: cs
NFHS-5 Individual,m65j_1,na - reason didn't deliver at health facility: cs
NFHS-5 Individual,m65j_2,na - reason didn't deliver at health facility: cs
NFHS-5 Individual,m65j_3,na - reason didn't deliver at health facility: cs
NFHS-5 Individual,m65j_4,na - reason didn't deliver at health facility: cs
NFHS-5 Individual,m65j_5,na - reason didn't deliver at health facility: cs
NFHS-5 Individual,m65j_6,na - reason didn't deliver at health facility: cs
NFHS-5 Individual,m65k_1,na - reason didn't deliver at health facility: cs
NFHS-5 Individual,m65k_2,na - reason didn't deliver at health facility: cs
NFHS-5 Individual,m65k_3,na - reason didn't deliver at health facility: cs
NFHS-5 Individual,m65k_4,na - reason didn't deliver at health facility: cs
NFHS-5 Individual,m65k_5,na - reason didn't deliver at health facility: cs
NFHS-5 Individual,m65k_6,na - reason didn't deliver at health facility: cs
NFHS-5 Individual,m65l_1,na - reason didn't deliver at health facility: cs
NFHS-5 Individual,m65l_2,na - reason didn't deliver at health facility: cs
NFHS-5 Individual,m65l_3,na - reason didn't deliver at health facility: cs
NFHS-5 Individual,m65l_4,na - reason didn't deliver at health facility: cs
NFHS-5 Individual,m65l_5,na - reason didn't deliver at health facility: cs
NFHS-5 Individual,m65l_6,na - reason didn't deliver at health facility: cs
NFHS-5 Individual,m65x_1,reason didn't deliver at health facility: other
NFHS-5 Individual,m65x_2,reason didn't deliver at health facility: other
NFHS-5 Individual,m65x_3,reason didn't deliver at health facility: other
NFHS-5 Individual,m65x_4,reason didn't deliver at health facility: other
NFHS-5 Individual,m65x_5,reason didn't deliver at health facility: other
NFHS-5 Individual,m65x_6,reason didn't deliver at health facility: other
NFHS-5 Individual,m66_1,respondent's health checked after discharge/delivery at home
NFHS-5 Individual,m66_2,respondent's health checked after discharge/delivery at home
NFHS-5 Individual,m66_3,respondent's health checked after discharge/delivery at home
NFHS-5 Individual,m66_4,respondent's health checked after discharge/delivery at home
NFHS-5 Individual,m66_5,respondent's health checked after discharge/delivery at home
NFHS-5 Individual,m66_6,respondent's health checked after discharge/delivery at home
NFHS-5 Individual,m67_1,how long after discharge/delivery at home respondent health check took place
NFHS-5 Individual,m67_2,how long after discharge/delivery at home respondent health check took place
NFHS-5 Individual,m67_3,how long after discharge/delivery at home respondent health check took place
NFHS-5 Individual,m67_4,how long after discharge/delivery at home respondent health check took place
NFHS-5 Individual,m67_5,how long after discharge/delivery at home respondent health check took place
NFHS-5 Individual,m67_6,how long after discharge/delivery at home respondent health check took place
NFHS-5 Individual,m68_1,who checked respondent health after discharge/delivery at home
NFHS-5 Individual,m68_2,who checked respondent health after discharge/delivery at home
NFHS-5 Individual,m68_3,who checked respondent health after discharge/delivery at home
NFHS-5 Individual,m68_4,who checked respondent health after discharge/delivery at home
NFHS-5 Individual,m68_5,who checked respondent health after discharge/delivery at home
NFHS-5 Individual,m68_6,who checked respondent health after discharge/delivery at home
NFHS-5 Individual,m69_1,where respondent check after discharge/delivery at home took place
NFHS-5 Individual,m69_2,where respondent check after discharge/delivery at home took place
NFHS-5 Individual,m69_3,where respondent check after discharge/delivery at home took place
NFHS-5 Individual,m69_4,where respondent check after discharge/delivery at home took place
NFHS-5 Individual,m69_5,where respondent check after discharge/delivery at home took place
NFHS-5 Individual,m69_6,where respondent check after discharge/delivery at home took place
NFHS-5 Individual,m70_1,baby postnatal check within 2 months
NFHS-5 Individual,m70_2,baby postnatal check within 2 months
NFHS-5 Individual,m70_3,baby postnatal check within 2 months
NFHS-5 Individual,m70_4,baby postnatal check within 2 months
NFHS-5 Individual,m70_5,baby postnatal check within 2 months
NFHS-5 Individual,m70_6,baby postnatal check within 2 months
NFHS-5 Individual,m71_1,time after delivery postnatal check took place
NFHS-5 Individual,m71_2,time after delivery postnatal check took place
NFHS-5 Individual,m71_3,time after delivery postnatal check took place
NFHS-5 Individual,m71_4,time after delivery postnatal check took place
NFHS-5 Individual,m71_5,time after delivery postnatal check took place
NFHS-5 Individual,m71_6,time after delivery postnatal check took place
NFHS-5 Individual,m72_1,person who performed postnatal checkup
NFHS-5 Individual,m72_2,person who performed postnatal checkup
NFHS-5 Individual,m72_3,person who performed postnatal checkup
NFHS-5 Individual,m72_4,person who performed postnatal checkup
NFHS-5 Individual,m72_5,person who performed postnatal checkup
NFHS-5 Individual,m72_6,person who performed postnatal checkup
NFHS-5 Individual,m73_1,place baby was first checked
NFHS-5 Individual,m73_2,place baby was first checked
NFHS-5 Individual,m73_3,place baby was first checked
NFHS-5 Individual,m73_4,place baby was first checked
NFHS-5 Individual,m73_5,place baby was first checked
NFHS-5 Individual,m73_6,place baby was first checked
NFHS-5 Individual,m74_1,child's health checked before discharge
NFHS-5 Individual,m74_2,child's health checked before discharge
NFHS-5 Individual,m74_3,child's health checked before discharge
NFHS-5 Individual,m74_4,child's health checked before discharge
NFHS-5 Individual,m74_5,child's health checked before discharge
NFHS-5 Individual,m74_6,child's health checked before discharge
NFHS-5 Individual,m75_1,how long before discharging child health check took place
NFHS-5 Individual,m75_2,how long before discharging child health check took place
NFHS-5 Individual,m75_3,how long before discharging child health check took place
NFHS-5 Individual,m75_4,how long before discharging child health check took place
NFHS-5 Individual,m75_5,how long before discharging child health check took place
NFHS-5 Individual,m75_6,how long before discharging child health check took place
NFHS-5 Individual,m76_1,who checked child health before discharge
NFHS-5 Individual,m76_2,who checked child health before discharge
NFHS-5 Individual,m76_3,who checked child health before discharge
NFHS-5 Individual,m76_4,who checked child health before discharge
NFHS-5 Individual,m76_5,who checked child health before discharge
NFHS-5 Individual,m76_6,who checked child health before discharge
NFHS-5 Individual,m77_1,was child put on mother's chest and bare skin after birth
NFHS-5 Individual,m77_2,was child put on mother's chest and bare skin after birth
NFHS-5 Individual,m77_3,was child put on mother's chest and bare skin after birth
NFHS-5 Individual,m77_4,was child put on mother's chest and bare skin after birth
NFHS-5 Individual,m77_5,was child put on mother's chest and bare skin after birth
NFHS-5 Individual,m77_6,was child put on mother's chest and bare skin after birth
NFHS-5 Individual,m78a_1,na - during first 2 days health provider: examine cord
NFHS-5 Individual,m78a_2,na - during first 2 days health provider: examine cord
NFHS-5 Individual,m78a_3,na - during first 2 days health provider: examine cord
NFHS-5 Individual,m78a_4,na - during first 2 days health provider: examine cord
NFHS-5 Individual,m78a_5,na - during first 2 days health provider: examine cord
NFHS-5 Individual,m78a_6,na - during first 2 days health provider: examine cord
NFHS-5 Individual,m78b_1,na - during first 2 days health provider: measure temperature
NFHS-5 Individual,m78b_2,na - during first 2 days health provider: measure temperature
NFHS-5 Individual,m78b_3,na - during first 2 days health provider: measure temperature
NFHS-5 Individual,m78b_4,na - during first 2 days health provider: measure temperature
NFHS-5 Individual,m78b_5,na - during first 2 days health provider: measure temperature
NFHS-5 Individual,m78b_6,na - during first 2 days health provider: measure temperature
NFHS-5 Individual,m78c_1,na - during first 2 days health provider: counsel on newborn dangers
NFHS-5 Individual,m78c_2,na - during first 2 days health provider: counsel on newborn dangers
NFHS-5 Individual,m78c_3,na - during first 2 days health provider: counsel on newborn dangers
NFHS-5 Individual,m78c_4,na - during first 2 days health provider: counsel on newborn dangers
NFHS-5 Individual,m78c_5,na - during first 2 days health provider: counsel on newborn dangers
NFHS-5 Individual,m78c_6,na - during first 2 days health provider: counsel on newborn dangers
NFHS-5 Individual,m78d_1,na - during first 2 days health provider: counsel on breastfeeding
NFHS-5 Individual,m78d_2,na - during first 2 days health provider: counsel on breastfeeding
NFHS-5 Individual,m78d_3,na - during first 2 days health provider: counsel on breastfeeding
NFHS-5 Individual,m78d_4,na - during first 2 days health provider: counsel on breastfeeding
NFHS-5 Individual,m78d_5,na - during first 2 days health provider: counsel on breastfeeding
NFHS-5 Individual,m78d_6,na - during first 2 days health provider: counsel on breastfeeding
NFHS-5 Individual,m78e_1,na - during first 2 days health provider: observe breastfeeding
NFHS-5 Individual,m78e_2,na - during first 2 days health provider: observe breastfeeding
NFHS-5 Individual,m78e_3,na - during first 2 days health provider: observe breastfeeding
NFHS-5 Individual,m78e_4,na - during first 2 days health provider: observe breastfeeding
NFHS-5 Individual,m78e_5,na - during first 2 days health provider: observe breastfeeding
NFHS-5 Individual,m78e_6,na - during first 2 days health provider: observe breastfeeding
NFHS-5 Individual,m78f_1,na - during first 2 days health provider: cs
NFHS-5 Individual,m78f_2,na - during first 2 days health provider: cs
NFHS-5 Individual,m78f_3,na - during first 2 days health provider: cs
NFHS-5 Individual,m78f_4,na - during first 2 days health provider: cs
NFHS-5 Individual,m78f_5,na - during first 2 days health provider: cs
NFHS-5 Individual,m78f_6,na - during first 2 days health provider: cs
NFHS-5 Individual,m78g_1,na - during first 2 days health provider: cs
NFHS-5 Individual,m78g_2,na - during first 2 days health provider: cs
NFHS-5 Individual,m78g_3,na - during first 2 days health provider: cs
NFHS-5 Individual,m78g_4,na - during first 2 days health provider: cs
NFHS-5 Individual,m78g_5,na - during first 2 days health provider: cs
NFHS-5 Individual,m78g_6,na - during first 2 days health provider: cs
NFHS-5 Individual,m78h_1,na - during first 2 days health provider: cs
NFHS-5 Individual,m78h_2,na - during first 2 days health provider: cs
NFHS-5 Individual,m78h_3,na - during first 2 days health provider: cs
NFHS-5 Individual,m78h_4,na - during first 2 days health provider: cs
NFHS-5 Individual,m78h_5,na - during first 2 days health provider: cs
NFHS-5 Individual,m78h_6,na - during first 2 days health provider: cs
NFHS-5 Individual,m78i_1,na - during first 2 days health provider: cs
NFHS-5 Individual,m78i_2,na - during first 2 days health provider: cs
NFHS-5 Individual,m78i_3,na - during first 2 days health provider: cs
NFHS-5 Individual,m78i_4,na - during first 2 days health provider: cs
NFHS-5 Individual,m78i_5,na - during first 2 days health provider: cs
NFHS-5 Individual,m78i_6,na - during first 2 days health provider: cs
NFHS-5 Individual,m78j_1,na - during first 2 days health provider: cs
NFHS-5 Individual,m78j_2,na - during first 2 days health provider: cs
NFHS-5 Individual,m78j_3,na - during first 2 days health provider: cs
NFHS-5 Individual,m78j_4,na - during first 2 days health provider: cs
NFHS-5 Individual,m78j_5,na - during first 2 days health provider: cs
NFHS-5 Individual,m78j_6,na - during first 2 days health provider: cs
NFHS-5 Individual,v401,last birth a caesarean section
NFHS-5 Individual,v404,currently breastfeeding
NFHS-5 Individual,v405,currently amenorrheic
NFHS-5 Individual,v406,currently abstaining
NFHS-5 Individual,v407,na - number of times breastfed during night
NFHS-5 Individual,v408,na - number of times breastfed during day
NFHS-5 Individual,v409,gave child plain water
NFHS-5 Individual,v409a,na - gave child sugar water
NFHS-5 Individual,v410,gave child juice
NFHS-5 Individual,v410a,na - gave child tea or coffee
NFHS-5 Individual,v411,"gave child tinned, powdered or fresh milk"
NFHS-5 Individual,v411a,gave child baby formula
NFHS-5 Individual,v412,na - gave child fresh milk
NFHS-5 Individual,v412a,"gave child fortified baby food (cerelac, etc)"
NFHS-5 Individual,v412b,na - gave child other porridge/gruel
NFHS-5 Individual,v412c,gave child soup/clear broth
NFHS-5 Individual,v413,gave child other liquid
NFHS-5 Individual,v413a,na - gave child cs liquid
NFHS-5 Individual,v413b,na - gave child cs liquid
NFHS-5 Individual,v413c,na - gave child cs liquid
NFHS-5 Individual,v413d,na - gave child cs liquid
NFHS-5 Individual,v414a,"gave child any chicken, duck or other birds"
NFHS-5 Individual,v414b,na - gave child cs foods
NFHS-5 Individual,v414c,na - gave child cs foods
NFHS-5 Individual,v414d,na - gave child cs foods
NFHS-5 Individual,v414e,"gave child bread, noodles, other made from grains"
NFHS-5 Individual,v414f,"gave child potatoes, cassava, or other tubers"
NFHS-5 Individual,v414g,gave child eggs
NFHS-5 Individual,v414h,"na - gave child meat (beef, pork, lamb, chicken, etc)"
NFHS-5 Individual,v414i,"gave child pumpkin, carrots, squash (yellow or orange inside)"
NFHS-5 Individual,v414j,gave child any dark green leafy vegetables
NFHS-5 Individual,v414k,"gave child mangoes, papayas, other vitamin a fruits"
NFHS-5 Individual,v414l,gave child any other fruits
NFHS-5 Individual,v414m,"gave child liver, heart, other organs"
NFHS-5 Individual,v414n,gave child fish or shellfish
NFHS-5 Individual,v414o,"gave child food made from beans, peas, lentils, nuts"
NFHS-5 Individual,v414p,"gave child cheese, yogurt, other milk products"
NFHS-5 Individual,v414q,"na - gave child oil, fats, butter, products made of them"
NFHS-5 Individual,v414r,"na - gave child chocolates, sweets, candies, pastries, etc"
NFHS-5 Individual,v414s,gave child other solid-semisolid food
NFHS-5 Individual,v414t,gave child other meat
NFHS-5 Individual,v414u,na - gave child cs foods
NFHS-5 Individual,v414v,gave child yogurt
NFHS-5 Individual,v414w,na - gave child cs foods
NFHS-5 Individual,v415,drank from bottle with nipple yesterday/last night
NFHS-5 Individual,v416,heard of oral rehydration
NFHS-5 Individual,v417,entries in pregnancy and postnatal care roster
NFHS-5 Individual,v418,entries in immunization roster
NFHS-5 Individual,v418a,entries in child health roster
NFHS-5 Individual,v419,entries in height/weight roster
NFHS-5 Individual,v420,measurer's code
NFHS-5 Individual,v421,na - assistant measurer's code
NFHS-5 Individual,v426,when child put to breast
NFHS-5 Individual,v437,respondent's weight in kilograms (1 decimal)
NFHS-5 Individual,v438,respondent's height in centimeters (1 decimal)
NFHS-5 Individual,v439,height/age percentile
NFHS-5 Individual,v440,height/age standard deviation
NFHS-5 Individual,v441,height/age percent ref. median
NFHS-5 Individual,v442,weight/height percent ref. median (dhs)
NFHS-5 Individual,v443,weight/height percent ref. median (fog)
NFHS-5 Individual,v444,weight/height percent ref. median (who)
NFHS-5 Individual,v444a,weight/height standard deviation (dhs)
NFHS-5 Individual,v445,body mass index
NFHS-5 Individual,v446,rohrer's index
NFHS-5 Individual,v447,result of measurement - height/weight
NFHS-5 Individual,v447a,women's age in years (from household questionnaire)
NFHS-5 Individual,v452a,under age 18 (from household questionnaire)
NFHS-5 Individual,v452b,line number of parent/caretaker
NFHS-5 Individual,v452c,read consent statement - hemoglobin
NFHS-5 Individual,v453,hemoglobin level (g/dl - 1 decimal)
NFHS-5 Individual,v454,currently pregnant (from household questionnaire)
NFHS-5 Individual,v455,result of measurement - hemoglobin
NFHS-5 Individual,v456,hemoglobin level adjusted for altitude and smoking (g/dl - 1 decimal)
NFHS-5 Individual,v457,anemia level
NFHS-5 Individual,v458,na - agrees to referral - anemia
NFHS-5 Individual,v459,have mosquito bed net for sleeping (from household questionnaire)
NFHS-5 Individual,v460,children under 5 slept under mosquito bed net last night (household questionnair
NFHS-5 Individual,v461,respondent slept under mosquito bed net
NFHS-5 Individual,v462,na - washed hands before preparing last meal
NFHS-5 Individual,v463a,smokes cigarettes
NFHS-5 Individual,v463b,smokes pipe full of tobacco
NFHS-5 Individual,v463c,chews tobacco
NFHS-5 Individual,v463d,snuffs by nose
NFHS-5 Individual,v463e,na - smokes kreteks
NFHS-5 Individual,v463f,"smokes cigars, cheroots or cigarillos"
NFHS-5 Individual,v463g,smokes water pipe/hookah
NFHS-5 Individual,v463h,na - snuff by mouth
NFHS-5 Individual,v463i,na - chews betel quid with tobacco
NFHS-5 Individual,v463j,smokes/uses gutkha / paan masala with tobacco
NFHS-5 Individual,v463k,smokes/uses khaini
NFHS-5 Individual,v463l,smokes/uses paan with tobacco
NFHS-5 Individual,v463x,smokes/uses other
NFHS-5 Individual,v463z,does not use cigarettes and tobacco
NFHS-5 Individual,v463aa,frequency smokes cigarettes
NFHS-5 Individual,v463ab,na - frequency currently uses other type of tobacco
NFHS-5 Individual,v464,number of cigarettes in last 24 hours
NFHS-5 Individual,v465,disposal of youngest child's stools when not using toilet
NFHS-5 Individual,v466,"na - when child is seriously ill, can decide whether medical treatment sought"
NFHS-5 Individual,v467a,na - getting medical help for self: know where to go
NFHS-5 Individual,v467b,getting medical help for self: getting permission to go
NFHS-5 Individual,v467c,getting medical help for self: getting money needed for treatment
NFHS-5 Individual,v467d,getting medical help for self: distance to health facility
NFHS-5 Individual,v467e,getting medical help for self: having to take transport
NFHS-5 Individual,v467f,getting medical help for self: not wanting to go alone
NFHS-5 Individual,v467g,getting medical help for self: concern no female health provider
NFHS-5 Individual,v467h,getting medical help for self: concern no provider
NFHS-5 Individual,v467i,getting medical help for self: concern no drugs available
NFHS-5 Individual,v467j,na - getting medical help for self: cs
NFHS-5 Individual,v467k,na - getting medical help for self: cs
NFHS-5 Individual,v467l,na - getting medical help for self: cs
NFHS-5 Individual,v467m,na - getting medical help for self: cs
NFHS-5 Individual,v468,record for last birth
NFHS-5 Individual,v469e,times gave child powdered/tinned/fresh milk
NFHS-5 Individual,v469f,times gave child infant formula
NFHS-5 Individual,v469x,times gave child yogurt
NFHS-5 Individual,v471a,"na - mother had tinned, powdered or fresh milk"
NFHS-5 Individual,v471b,na - mother had tea or coffee
NFHS-5 Individual,v471c,na - mother had any other liquid
NFHS-5 Individual,v471d,na - mother had cs liquid
NFHS-5 Individual,v471e,na - mother had cs liquid
NFHS-5 Individual,v471f,na - mother had cs liquid
NFHS-5 Individual,v471g,na - mother had cs liquid
NFHS-5 Individual,v472a,na - mother had cs foods
NFHS-5 Individual,v472b,na - mother had cs foods
NFHS-5 Individual,v472c,na - mother had cs foods
NFHS-5 Individual,v472d,na - mother had cs foods
NFHS-5 Individual,v472e,"na - mother had bread, noodles, other made from grains"
NFHS-5 Individual,v472f,"na - mother had potatoes, cassava, or other tubers"
NFHS-5 Individual,v472g,na - mother had eggs
NFHS-5 Individual,v472h,"na - mother had meat (beef, pork, lamb, chicken, etc)"
NFHS-5 Individual,v472i,"na - mother had pumpkin, carrots, squash (yellow or orange inside)"
NFHS-5 Individual,v472j,na - mother had any dark green leafy vegetables
NFHS-5 Individual,v472k,"na - mother had mangoes, papayas, other vitamin a fruits"
NFHS-5 Individual,v472l,na - mother had any other fruits
NFHS-5 Individual,v472m,"na - mother had liver, heart, other organs"
NFHS-5 Individual,v472n,na - mother had fish or shellfish
NFHS-5 Individual,v472o,"na - mother had food made from beans, peas, lentils, nuts"
NFHS-5 Individual,v472p,"na - mother had cheese, yogurt, other milk products"
NFHS-5 Individual,v472q,"na - mother had oil, fats, butter, products made of them"
NFHS-5 Individual,v472r,"na - mother had chocolates, sweets, candies, pastries, etc"
NFHS-5 Individual,v472s,na - mother had other solid-semisolid food
NFHS-5 Individual,v472t,na - mother had cs foods
NFHS-5 Individual,v472u,na - mother had cs foods
NFHS-5 Individual,v473a,read consent statement - hiv
NFHS-5 Individual,v473b,result of measurement - hiv
NFHS-5 Individual,v474,heard of tuberculosis or tb
NFHS-5 Individual,v474a,tuberculosis spread by: air when coughing or sneezing
NFHS-5 Individual,v474b,tuberculosis spread by: sharing utensils
NFHS-5 Individual,v474c,tuberculosis spread by: touching a person with tb
NFHS-5 Individual,v474d,tuberculosis spread by: food
NFHS-5 Individual,v474e,tuberculosis spread by: sexual contact
NFHS-5 Individual,v474f,tuberculosis spread by: mosquito bites
NFHS-5 Individual,v474g,na - tuberculosis spread by: cs
NFHS-5 Individual,v474h,na - tuberculosis spread by: cs
NFHS-5 Individual,v474i,na - tuberculosis spread by: cs
NFHS-5 Individual,v474j,na - tuberculosis spread by: cs
NFHS-5 Individual,v474x,tuberculosis spread by: other
NFHS-5 Individual,v474z,tuberculosis spread by: don't know
NFHS-5 Individual,v475,tuberculosis can be cured
NFHS-5 Individual,v476,keep secret when family member gets tb
NFHS-5 Individual,v477,number of injections in last 12 months
NFHS-5 Individual,v478,na - number of injections administered by a health worker
NFHS-5 Individual,v479,na - place of injection by health worker
NFHS-5 Individual,v480,"syringe and needle from new, unopened package"
NFHS-5 Individual,v481,covered by health insurance
NFHS-5 Individual,v481a,health insurance type: employees state insurance scheme (esis)
NFHS-5 Individual,v481b,health insurance type: central government health scheme (cghs)
NFHS-5 Individual,v481c,health insurance type: state health insurance scheme
NFHS-5 Individual,v481d,health insurance type: rashtriya swasthya bima yojana
NFHS-5 Individual,v481e,health insurance type: community health insurance programme
NFHS-5 Individual,v481f,health insurance type: other health insurance through employer
NFHS-5 Individual,v481g,health insurance type: medical reimbursement from employer
NFHS-5 Individual,v481h,health insurance type: other privately purchased commercial health insurance
NFHS-5 Individual,v481x,health insurance type: other
NFHS-5 Individual,v482a,na - arrange care of biological children under age 18
NFHS-5 Individual,v482b,na - primary caregiver of children under age 18
NFHS-5 Individual,v482c,na - arrange care of non-biological children < 18
NFHS-5 Individual,hidx_1,index to birth history
NFHS-5 Individual,hidx_2,index to birth history
NFHS-5 Individual,hidx_3,index to birth history
NFHS-5 Individual,hidx_4,index to birth history
NFHS-5 Individual,hidx_5,index to birth history
NFHS-5 Individual,hidx_6,index to birth history
NFHS-5 Individual,h1_1,has health card
NFHS-5 Individual,h1_2,has health card
NFHS-5 Individual,h1_3,has health card
NFHS-5 Individual,h1_4,has health card
NFHS-5 Individual,h1_5,has health card
NFHS-5 Individual,h1_6,has health card
NFHS-5 Individual,h1a_1,has health card and or other vaccination document
NFHS-5 Individual,h1a_2,has health card and or other vaccination document
NFHS-5 Individual,h1a_3,has health card and or other vaccination document
NFHS-5 Individual,h1a_4,has health card and or other vaccination document
NFHS-5 Individual,h1a_5,has health card and or other vaccination document
NFHS-5 Individual,h1a_6,has health card and or other vaccination document
NFHS-5 Individual,h2_1,received bcg
NFHS-5 Individual,h2_2,received bcg
NFHS-5 Individual,h2_3,received bcg
NFHS-5 Individual,h2_4,received bcg
NFHS-5 Individual,h2_5,received bcg
NFHS-5 Individual,h2_6,received bcg
NFHS-5 Individual,h2d_1,bcg day
NFHS-5 Individual,h2d_2,bcg day
NFHS-5 Individual,h2d_3,bcg day
NFHS-5 Individual,h2d_4,bcg day
NFHS-5 Individual,h2d_5,bcg day
NFHS-5 Individual,h2d_6,bcg day
NFHS-5 Individual,h2m_1,bcg month
NFHS-5 Individual,h2m_2,bcg month
NFHS-5 Individual,h2m_3,bcg month
NFHS-5 Individual,h2m_4,bcg month
NFHS-5 Individual,h2m_5,bcg month
NFHS-5 Individual,h2m_6,bcg month
NFHS-5 Individual,h2y_1,bcg year
NFHS-5 Individual,h2y_2,bcg year
NFHS-5 Individual,h2y_3,bcg year
NFHS-5 Individual,h2y_4,bcg year
NFHS-5 Individual,h2y_5,bcg year
NFHS-5 Individual,h2y_6,bcg year
NFHS-5 Individual,h3_1,received dpt 1
NFHS-5 Individual,h3_2,received dpt 1
NFHS-5 Individual,h3_3,received dpt 1
NFHS-5 Individual,h3_4,received dpt 1
NFHS-5 Individual,h3_5,received dpt 1
NFHS-5 Individual,h3_6,received dpt 1
NFHS-5 Individual,h3d_1,dpt 1 day
NFHS-5 Individual,h3d_2,dpt 1 day
NFHS-5 Individual,h3d_3,dpt 1 day
NFHS-5 Individual,h3d_4,dpt 1 day
NFHS-5 Individual,h3d_5,dpt 1 day
NFHS-5 Individual,h3d_6,dpt 1 day
NFHS-5 Individual,h3m_1,dpt 1 month
NFHS-5 Individual,h3m_2,dpt 1 month
NFHS-5 Individual,h3m_3,dpt 1 month
NFHS-5 Individual,h3m_4,dpt 1 month
NFHS-5 Individual,h3m_5,dpt 1 month
NFHS-5 Individual,h3m_6,dpt 1 month
NFHS-5 Individual,h3y_1,dpt 1 year
NFHS-5 Individual,h3y_2,dpt 1 year
NFHS-5 Individual,h3y_3,dpt 1 year
NFHS-5 Individual,h3y_4,dpt 1 year
NFHS-5 Individual,h3y_5,dpt 1 year
NFHS-5 Individual,h3y_6,dpt 1 year
NFHS-5 Individual,h4_1,received polio 1
NFHS-5 Individual,h4_2,received polio 1
NFHS-5 Individual,h4_3,received polio 1
NFHS-5 Individual,h4_4,received polio 1
NFHS-5 Individual,h4_5,received polio 1
NFHS-5 Individual,h4_6,received polio 1
NFHS-5 Individual,h4d_1,polio 1 day
NFHS-5 Individual,h4d_2,polio 1 day
NFHS-5 Individual,h4d_3,polio 1 day
NFHS-5 Individual,h4d_4,polio 1 day
NFHS-5 Individual,h4d_5,polio 1 day
NFHS-5 Individual,h4d_6,polio 1 day
NFHS-5 Individual,h4m_1,polio 1 month
NFHS-5 Individual,h4m_2,polio 1 month
NFHS-5 Individual,h4m_3,polio 1 month
NFHS-5 Individual,h4m_4,polio 1 month
NFHS-5 Individual,h4m_5,polio 1 month
NFHS-5 Individual,h4m_6,polio 1 month
NFHS-5 Individual,h4y_1,polio 1 year
NFHS-5 Individual,h4y_2,polio 1 year
NFHS-5 Individual,h4y_3,polio 1 year
NFHS-5 Individual,h4y_4,polio 1 year
NFHS-5 Individual,h4y_5,polio 1 year
NFHS-5 Individual,h4y_6,polio 1 year
NFHS-5 Individual,h5_1,received dpt 2
NFHS-5 Individual,h5_2,received dpt 2
NFHS-5 Individual,h5_3,received dpt 2
NFHS-5 Individual,h5_4,received dpt 2
NFHS-5 Individual,h5_5,received dpt 2
NFHS-5 Individual,h5_6,received dpt 2
NFHS-5 Individual,h5d_1,dpt 2 day
NFHS-5 Individual,h5d_2,dpt 2 day
NFHS-5 Individual,h5d_3,dpt 2 day
NFHS-5 Individual,h5d_4,dpt 2 day
NFHS-5 Individual,h5d_5,dpt 2 day
NFHS-5 Individual,h5d_6,dpt 2 day
NFHS-5 Individual,h5m_1,dpt 2 month
NFHS-5 Individual,h5m_2,dpt 2 month
NFHS-5 Individual,h5m_3,dpt 2 month
NFHS-5 Individual,h5m_4,dpt 2 month
NFHS-5 Individual,h5m_5,dpt 2 month
NFHS-5 Individual,h5m_6,dpt 2 month
NFHS-5 Individual,h5y_1,dpt 2 year
NFHS-5 Individual,h5y_2,dpt 2 year
NFHS-5 Individual,h5y_3,dpt 2 year
NFHS-5 Individual,h5y_4,dpt 2 year
NFHS-5 Individual,h5y_5,dpt 2 year
NFHS-5 Individual,h5y_6,dpt 2 year
NFHS-5 Individual,h6_1,received polio 2
NFHS-5 Individual,h6_2,received polio 2
NFHS-5 Individual,h6_3,received polio 2
NFHS-5 Individual,h6_4,received polio 2
NFHS-5 Individual,h6_5,received polio 2
NFHS-5 Individual,h6_6,received polio 2
NFHS-5 Individual,h6d_1,polio 2 day
NFHS-5 Individual,h6d_2,polio 2 day
NFHS-5 Individual,h6d_3,polio 2 day
NFHS-5 Individual,h6d_4,polio 2 day
NFHS-5 Individual,h6d_5,polio 2 day
NFHS-5 Individual,h6d_6,polio 2 day
NFHS-5 Individual,h6m_1,polio 2 month
NFHS-5 Individual,h6m_2,polio 2 month
NFHS-5 Individual,h6m_3,polio 2 month
NFHS-5 Individual,h6m_4,polio 2 month
NFHS-5 Individual,h6m_5,polio 2 month
NFHS-5 Individual,h6m_6,polio 2 month
NFHS-5 Individual,h6y_1,polio 2 year
NFHS-5 Individual,h6y_2,polio 2 year
NFHS-5 Individual,h6y_3,polio 2 year
NFHS-5 Individual,h6y_4,polio 2 year
NFHS-5 Individual,h6y_5,polio 2 year
NFHS-5 Individual,h6y_6,polio 2 year
NFHS-5 Individual,h7_1,received dpt 3
NFHS-5 Individual,h7_2,received dpt 3
NFHS-5 Individual,h7_3,received dpt 3
NFHS-5 Individual,h7_4,received dpt 3
NFHS-5 Individual,h7_5,received dpt 3
NFHS-5 Individual,h7_6,received dpt 3
NFHS-5 Individual,h7d_1,dpt 3 day
NFHS-5 Individual,h7d_2,dpt 3 day
NFHS-5 Individual,h7d_3,dpt 3 day
NFHS-5 Individual,h7d_4,dpt 3 day
NFHS-5 Individual,h7d_5,dpt 3 day
NFHS-5 Individual,h7d_6,dpt 3 day
NFHS-5 Individual,h7m_1,dpt 3 month
NFHS-5 Individual,h7m_2,dpt 3 month
NFHS-5 Individual,h7m_3,dpt 3 month
NFHS-5 Individual,h7m_4,dpt 3 month
NFHS-5 Individual,h7m_5,dpt 3 month
NFHS-5 Individual,h7m_6,dpt 3 month
NFHS-5 Individual,h7y_1,dpt 3 year
NFHS-5 Individual,h7y_2,dpt 3 year
NFHS-5 Individual,h7y_3,dpt 3 year
NFHS-5 Individual,h7y_4,dpt 3 year
NFHS-5 Individual,h7y_5,dpt 3 year
NFHS-5 Individual,h7y_6,dpt 3 year
NFHS-5 Individual,h8_1,received polio 3
NFHS-5 Individual,h8_2,received polio 3
NFHS-5 Individual,h8_3,received polio 3
NFHS-5 Individual,h8_4,received polio 3
NFHS-5 Individual,h8_5,received polio 3
NFHS-5 Individual,h8_6,received polio 3
NFHS-5 Individual,h8d_1,polio 3 day
NFHS-5 Individual,h8d_2,polio 3 day
NFHS-5 Individual,h8d_3,polio 3 day
NFHS-5 Individual,h8d_4,polio 3 day
NFHS-5 Individual,h8d_5,polio 3 day
NFHS-5 Individual,h8d_6,polio 3 day
NFHS-5 Individual,h8m_1,polio 3 month
NFHS-5 Individual,h8m_2,polio 3 month
NFHS-5 Individual,h8m_3,polio 3 month
NFHS-5 Individual,h8m_4,polio 3 month
NFHS-5 Individual,h8m_5,polio 3 month
NFHS-5 Individual,h8m_6,polio 3 month
NFHS-5 Individual,h8y_1,polio 3 year
NFHS-5 Individual,h8y_2,polio 3 year
NFHS-5 Individual,h8y_3,polio 3 year
NFHS-5 Individual,h8y_4,polio 3 year
NFHS-5 Individual,h8y_5,polio 3 year
NFHS-5 Individual,h8y_6,polio 3 year
NFHS-5 Individual,h9_1,received measles 1
NFHS-5 Individual,h9_2,received measles 1
NFHS-5 Individual,h9_3,received measles 1
NFHS-5 Individual,h9_4,received measles 1
NFHS-5 Individual,h9_5,received measles 1
NFHS-5 Individual,h9_6,received measles 1
NFHS-5 Individual,h9d_1,measles 1 day
NFHS-5 Individual,h9d_2,measles 1 day
NFHS-5 Individual,h9d_3,measles 1 day
NFHS-5 Individual,h9d_4,measles 1 day
NFHS-5 Individual,h9d_5,measles 1 day
NFHS-5 Individual,h9d_6,measles 1 day
NFHS-5 Individual,h9m_1,measles 1 month
NFHS-5 Individual,h9m_2,measles 1 month
NFHS-5 Individual,h9m_3,measles 1 month
NFHS-5 Individual,h9m_4,measles 1 month
NFHS-5 Individual,h9m_5,measles 1 month
NFHS-5 Individual,h9m_6,measles 1 month
NFHS-5 Individual,h9y_1,measles 1 year
NFHS-5 Individual,h9y_2,measles 1 year
NFHS-5 Individual,h9y_3,measles 1 year
NFHS-5 Individual,h9y_4,measles 1 year
NFHS-5 Individual,h9y_5,measles 1 year
NFHS-5 Individual,h9y_6,measles 1 year
NFHS-5 Individual,h9a_1,received measles 2
NFHS-5 Individual,h9a_2,received measles 2
NFHS-5 Individual,h9a_3,received measles 2
NFHS-5 Individual,h9a_4,received measles 2
NFHS-5 Individual,h9a_5,received measles 2
NFHS-5 Individual,h9a_6,received measles 2
NFHS-5 Individual,h9ad_1,measles 2 day
NFHS-5 Individual,h9ad_2,measles 2 day
NFHS-5 Individual,h9ad_3,measles 2 day
NFHS-5 Individual,h9ad_4,measles 2 day
NFHS-5 Individual,h9ad_5,measles 2 day
NFHS-5 Individual,h9ad_6,measles 2 day
NFHS-5 Individual,h9am_1,measles 2 month
NFHS-5 Individual,h9am_2,measles 2 month
NFHS-5 Individual,h9am_3,measles 2 month
NFHS-5 Individual,h9am_4,measles 2 month
NFHS-5 Individual,h9am_5,measles 2 month
NFHS-5 Individual,h9am_6,measles 2 month
NFHS-5 Individual,h9ay_1,measles 2 year
NFHS-5 Individual,h9ay_2,measles 2 year
NFHS-5 Individual,h9ay_3,measles 2 year
NFHS-5 Individual,h9ay_4,measles 2 year
NFHS-5 Individual,h9ay_5,measles 2 year
NFHS-5 Individual,h9ay_6,measles 2 year
NFHS-5 Individual,h0_1,received polio 0
NFHS-5 Individual,h0_2,received polio 0
NFHS-5 Individual,h0_3,received polio 0
NFHS-5 Individual,h0_4,received polio 0
NFHS-5 Individual,h0_5,received polio 0
NFHS-5 Individual,h0_6,received polio 0
NFHS-5 Individual,h0d_1,polio 0 day
NFHS-5 Individual,h0d_2,polio 0 day
NFHS-5 Individual,h0d_3,polio 0 day
NFHS-5 Individual,h0d_4,polio 0 day
NFHS-5 Individual,h0d_5,polio 0 day
NFHS-5 Individual,h0d_6,polio 0 day
NFHS-5 Individual,h0m_1,polio 0 month
NFHS-5 Individual,h0m_2,polio 0 month
NFHS-5 Individual,h0m_3,polio 0 month
NFHS-5 Individual,h0m_4,polio 0 month
NFHS-5 Individual,h0m_5,polio 0 month
NFHS-5 Individual,h0m_6,polio 0 month
NFHS-5 Individual,h0y_1,polio 0 year
NFHS-5 Individual,h0y_2,polio 0 year
NFHS-5 Individual,h0y_3,polio 0 year
NFHS-5 Individual,h0y_4,polio 0 year
NFHS-5 Individual,h0y_5,polio 0 year
NFHS-5 Individual,h0y_6,polio 0 year
NFHS-5 Individual,h10_1,ever had vaccination
NFHS-5 Individual,h10_2,ever had vaccination
NFHS-5 Individual,h10_3,ever had vaccination
NFHS-5 Individual,h10_4,ever had vaccination
NFHS-5 Individual,h10_5,ever had vaccination
NFHS-5 Individual,h10_6,ever had vaccination
NFHS-5 Individual,h33_1,received vitamin a1 (most recent)
NFHS-5 Individual,h33_2,received vitamin a1 (most recent)
NFHS-5 Individual,h33_3,received vitamin a1 (most recent)
NFHS-5 Individual,h33_4,received vitamin a1 (most recent)
NFHS-5 Individual,h33_5,received vitamin a1 (most recent)
NFHS-5 Individual,h33_6,received vitamin a1 (most recent)
NFHS-5 Individual,h33d_1,vitamin a1 day
NFHS-5 Individual,h33d_2,vitamin a1 day
NFHS-5 Individual,h33d_3,vitamin a1 day
NFHS-5 Individual,h33d_4,vitamin a1 day
NFHS-5 Individual,h33d_5,vitamin a1 day
NFHS-5 Individual,h33d_6,vitamin a1 day
NFHS-5 Individual,h33m_1,vitamin a1 month
NFHS-5 Individual,h33m_2,vitamin a1 month
NFHS-5 Individual,h33m_3,vitamin a1 month
NFHS-5 Individual,h33m_4,vitamin a1 month
NFHS-5 Individual,h33m_5,vitamin a1 month
NFHS-5 Individual,h33m_6,vitamin a1 month
NFHS-5 Individual,h33y_1,vitamin a1 year
NFHS-5 Individual,h33y_2,vitamin a1 year
NFHS-5 Individual,h33y_3,vitamin a1 year
NFHS-5 Individual,h33y_4,vitamin a1 year
NFHS-5 Individual,h33y_5,vitamin a1 year
NFHS-5 Individual,h33y_6,vitamin a1 year
NFHS-5 Individual,h35_1,na - any vaccinations in last 2 years part of campaign
NFHS-5 Individual,h35_2,na - any vaccinations in last 2 years part of campaign
NFHS-5 Individual,h35_3,na - any vaccinations in last 2 years part of campaign
NFHS-5 Individual,h35_4,na - any vaccinations in last 2 years part of campaign
NFHS-5 Individual,h35_5,na - any vaccinations in last 2 years part of campaign
NFHS-5 Individual,h35_6,na - any vaccinations in last 2 years part of campaign
NFHS-5 Individual,h36a_1,na - vaccinated during campaign a
NFHS-5 Individual,h36a_2,na - vaccinated during campaign a
NFHS-5 Individual,h36a_3,na - vaccinated during campaign a
NFHS-5 Individual,h36a_4,na - vaccinated during campaign a
NFHS-5 Individual,h36a_5,na - vaccinated during campaign a
NFHS-5 Individual,h36a_6,na - vaccinated during campaign a
NFHS-5 Individual,h36b_1,na - vaccinated during campaign b
NFHS-5 Individual,h36b_2,na - vaccinated during campaign b
NFHS-5 Individual,h36b_3,na - vaccinated during campaign b
NFHS-5 Individual,h36b_4,na - vaccinated during campaign b
NFHS-5 Individual,h36b_5,na - vaccinated during campaign b
NFHS-5 Individual,h36b_6,na - vaccinated during campaign b
NFHS-5 Individual,h36c_1,na - vaccinated during campaign c
NFHS-5 Individual,h36c_2,na - vaccinated during campaign c
NFHS-5 Individual,h36c_3,na - vaccinated during campaign c
NFHS-5 Individual,h36c_4,na - vaccinated during campaign c
NFHS-5 Individual,h36c_5,na - vaccinated during campaign c
NFHS-5 Individual,h36c_6,na - vaccinated during campaign c
NFHS-5 Individual,h36d_1,na - vaccinated during campaign d
NFHS-5 Individual,h36d_2,na - vaccinated during campaign d
NFHS-5 Individual,h36d_3,na - vaccinated during campaign d
NFHS-5 Individual,h36d_4,na - vaccinated during campaign d
NFHS-5 Individual,h36d_5,na - vaccinated during campaign d
NFHS-5 Individual,h36d_6,na - vaccinated during campaign d
NFHS-5 Individual,h36e_1,na - vaccinated during campaign e
NFHS-5 Individual,h36e_2,na - vaccinated during campaign e
NFHS-5 Individual,h36e_3,na - vaccinated during campaign e
NFHS-5 Individual,h36e_4,na - vaccinated during campaign e
NFHS-5 Individual,h36e_5,na - vaccinated during campaign e
NFHS-5 Individual,h36e_6,na - vaccinated during campaign e
NFHS-5 Individual,h36f_1,na - vaccinated during campaign f
NFHS-5 Individual,h36f_2,na - vaccinated during campaign f
NFHS-5 Individual,h36f_3,na - vaccinated during campaign f
NFHS-5 Individual,h36f_4,na - vaccinated during campaign f
NFHS-5 Individual,h36f_5,na - vaccinated during campaign f
NFHS-5 Individual,h36f_6,na - vaccinated during campaign f
NFHS-5 Individual,h40_1,received vitamin a2 (2nd most recent)
NFHS-5 Individual,h40_2,received vitamin a2 (2nd most recent)
NFHS-5 Individual,h40_3,received vitamin a2 (2nd most recent)
NFHS-5 Individual,h40_4,received vitamin a2 (2nd most recent)
NFHS-5 Individual,h40_5,received vitamin a2 (2nd most recent)
NFHS-5 Individual,h40_6,received vitamin a2 (2nd most recent)
NFHS-5 Individual,h40d_1,vitamin a2 day
NFHS-5 Individual,h40d_2,vitamin a2 day
NFHS-5 Individual,h40d_3,vitamin a2 day
NFHS-5 Individual,h40d_4,vitamin a2 day
NFHS-5 Individual,h40d_5,vitamin a2 day
NFHS-5 Individual,h40d_6,vitamin a2 day
NFHS-5 Individual,h40m_1,vitamin a2 month
NFHS-5 Individual,h40m_2,vitamin a2 month
NFHS-5 Individual,h40m_3,vitamin a2 month
NFHS-5 Individual,h40m_4,vitamin a2 month
NFHS-5 Individual,h40m_5,vitamin a2 month
NFHS-5 Individual,h40m_6,vitamin a2 month
NFHS-5 Individual,h40y_1,vitamin a2 year
NFHS-5 Individual,h40y_2,vitamin a2 year
NFHS-5 Individual,h40y_3,vitamin a2 year
NFHS-5 Individual,h40y_4,vitamin a2 year
NFHS-5 Individual,h40y_5,vitamin a2 year
NFHS-5 Individual,h40y_6,vitamin a2 year
NFHS-5 Individual,h41a_1,na - received vitamin a after most recent in card
NFHS-5 Individual,h41a_2,na - received vitamin a after most recent in card
NFHS-5 Individual,h41a_3,na - received vitamin a after most recent in card
NFHS-5 Individual,h41a_4,na - received vitamin a after most recent in card
NFHS-5 Individual,h41a_5,na - received vitamin a after most recent in card
NFHS-5 Individual,h41a_6,na - received vitamin a after most recent in card
NFHS-5 Individual,h41b_1,na - ever received vitamin a dose
NFHS-5 Individual,h41b_2,na - ever received vitamin a dose
NFHS-5 Individual,h41b_3,na - ever received vitamin a dose
NFHS-5 Individual,h41b_4,na - ever received vitamin a dose
NFHS-5 Individual,h41b_5,na - ever received vitamin a dose
NFHS-5 Individual,h41b_6,na - ever received vitamin a dose
NFHS-5 Individual,h50_1,received hepatitis b at birth
NFHS-5 Individual,h50_2,received hepatitis b at birth
NFHS-5 Individual,h50_3,received hepatitis b at birth
NFHS-5 Individual,h50_4,received hepatitis b at birth
NFHS-5 Individual,h50_5,received hepatitis b at birth
NFHS-5 Individual,h50_6,received hepatitis b at birth
NFHS-5 Individual,h50d_1,hepatitis b at birth day
NFHS-5 Individual,h50d_2,hepatitis b at birth day
NFHS-5 Individual,h50d_3,hepatitis b at birth day
NFHS-5 Individual,h50d_4,hepatitis b at birth day
NFHS-5 Individual,h50d_5,hepatitis b at birth day
NFHS-5 Individual,h50d_6,hepatitis b at birth day
NFHS-5 Individual,h50m_1,hepatitis b at birth month
NFHS-5 Individual,h50m_2,hepatitis b at birth month
NFHS-5 Individual,h50m_3,hepatitis b at birth month
NFHS-5 Individual,h50m_4,hepatitis b at birth month
NFHS-5 Individual,h50m_5,hepatitis b at birth month
NFHS-5 Individual,h50m_6,hepatitis b at birth month
NFHS-5 Individual,h50y_1,hepatitis b at birth year
NFHS-5 Individual,h50y_2,hepatitis b at birth year
NFHS-5 Individual,h50y_3,hepatitis b at birth year
NFHS-5 Individual,h50y_4,hepatitis b at birth year
NFHS-5 Individual,h50y_5,hepatitis b at birth year
NFHS-5 Individual,h50y_6,hepatitis b at birth year
NFHS-5 Individual,h51_1,received pentavalent 1
NFHS-5 Individual,h51_2,received pentavalent 1
NFHS-5 Individual,h51_3,received pentavalent 1
NFHS-5 Individual,h51_4,received pentavalent 1
NFHS-5 Individual,h51_5,received pentavalent 1
NFHS-5 Individual,h51_6,received pentavalent 1
NFHS-5 Individual,h51d_1,pentavalent 1 day
NFHS-5 Individual,h51d_2,pentavalent 1 day
NFHS-5 Individual,h51d_3,pentavalent 1 day
NFHS-5 Individual,h51d_4,pentavalent 1 day
NFHS-5 Individual,h51d_5,pentavalent 1 day
NFHS-5 Individual,h51d_6,pentavalent 1 day
NFHS-5 Individual,h51m_1,pentavalent 1 month
NFHS-5 Individual,h51m_2,pentavalent 1 month
NFHS-5 Individual,h51m_3,pentavalent 1 month
NFHS-5 Individual,h51m_4,pentavalent 1 month
NFHS-5 Individual,h51m_5,pentavalent 1 month
NFHS-5 Individual,h51m_6,pentavalent 1 month
NFHS-5 Individual,h51y_1,pentavalent 1 year
NFHS-5 Individual,h51y_2,pentavalent 1 year
NFHS-5 Individual,h51y_3,pentavalent 1 year
NFHS-5 Individual,h51y_4,pentavalent 1 year
NFHS-5 Individual,h51y_5,pentavalent 1 year
NFHS-5 Individual,h51y_6,pentavalent 1 year
NFHS-5 Individual,h52_1,received pentavalent 2
NFHS-5 Individual,h52_2,received pentavalent 2
NFHS-5 Individual,h52_3,received pentavalent 2
NFHS-5 Individual,h52_4,received pentavalent 2
NFHS-5 Individual,h52_5,received pentavalent 2
NFHS-5 Individual,h52_6,received pentavalent 2
NFHS-5 Individual,h52d_1,pentavalent 2 day
NFHS-5 Individual,h52d_2,pentavalent 2 day
NFHS-5 Individual,h52d_3,pentavalent 2 day
NFHS-5 Individual,h52d_4,pentavalent 2 day
NFHS-5 Individual,h52d_5,pentavalent 2 day
NFHS-5 Individual,h52d_6,pentavalent 2 day
NFHS-5 Individual,h52m_1,pentavalent 2 month
NFHS-5 Individual,h52m_2,pentavalent 2 month
NFHS-5 Individual,h52m_3,pentavalent 2 month
NFHS-5 Individual,h52m_4,pentavalent 2 month
NFHS-5 Individual,h52m_5,pentavalent 2 month
NFHS-5 Individual,h52m_6,pentavalent 2 month
NFHS-5 Individual,h52y_1,pentavalent 2 year
NFHS-5 Individual,h52y_2,pentavalent 2 year
NFHS-5 Individual,h52y_3,pentavalent 2 year
NFHS-5 Individual,h52y_4,pentavalent 2 year
NFHS-5 Individual,h52y_5,pentavalent 2 year
NFHS-5 Individual,h52y_6,pentavalent 2 year
NFHS-5 Individual,h53_1,received pentavalent 3
NFHS-5 Individual,h53_2,received pentavalent 3
NFHS-5 Individual,h53_3,received pentavalent 3
NFHS-5 Individual,h53_4,received pentavalent 3
NFHS-5 Individual,h53_5,received pentavalent 3
NFHS-5 Individual,h53_6,received pentavalent 3
NFHS-5 Individual,h53d_1,pentavalent 3 day
NFHS-5 Individual,h53d_2,pentavalent 3 day
NFHS-5 Individual,h53d_3,pentavalent 3 day
NFHS-5 Individual,h53d_4,pentavalent 3 day
NFHS-5 Individual,h53d_5,pentavalent 3 day
NFHS-5 Individual,h53d_6,pentavalent 3 day
NFHS-5 Individual,h53m_1,pentavalent 3 month
NFHS-5 Individual,h53m_2,pentavalent 3 month
NFHS-5 Individual,h53m_3,pentavalent 3 month
NFHS-5 Individual,h53m_4,pentavalent 3 month
NFHS-5 Individual,h53m_5,pentavalent 3 month
NFHS-5 Individual,h53m_6,pentavalent 3 month
NFHS-5 Individual,h53y_1,pentavalent 3 year
NFHS-5 Individual,h53y_2,pentavalent 3 year
NFHS-5 Individual,h53y_3,pentavalent 3 year
NFHS-5 Individual,h53y_4,pentavalent 3 year
NFHS-5 Individual,h53y_5,pentavalent 3 year
NFHS-5 Individual,h53y_6,pentavalent 3 year
NFHS-5 Individual,h54_1,na - received pneumococcal 1
NFHS-5 Individual,h54_2,na - received pneumococcal 1
NFHS-5 Individual,h54_3,na - received pneumococcal 1
NFHS-5 Individual,h54_4,na - received pneumococcal 1
NFHS-5 Individual,h54_5,na - received pneumococcal 1
NFHS-5 Individual,h54_6,na - received pneumococcal 1
NFHS-5 Individual,h54d_1,na - pneumococcal 1 day
NFHS-5 Individual,h54d_2,na - pneumococcal 1 day
NFHS-5 Individual,h54d_3,na - pneumococcal 1 day
NFHS-5 Individual,h54d_4,na - pneumococcal 1 day
NFHS-5 Individual,h54d_5,na - pneumococcal 1 day
NFHS-5 Individual,h54d_6,na - pneumococcal 1 day
NFHS-5 Individual,h54m_1,na - pneumococcal 1 month
NFHS-5 Individual,h54m_2,na - pneumococcal 1 month
NFHS-5 Individual,h54m_3,na - pneumococcal 1 month
NFHS-5 Individual,h54m_4,na - pneumococcal 1 month
NFHS-5 Individual,h54m_5,na - pneumococcal 1 month
NFHS-5 Individual,h54m_6,na - pneumococcal 1 month
NFHS-5 Individual,h54y_1,na - pneumococcal 1 year
NFHS-5 Individual,h54y_2,na - pneumococcal 1 year
NFHS-5 Individual,h54y_3,na - pneumococcal 1 year
NFHS-5 Individual,h54y_4,na - pneumococcal 1 year
NFHS-5 Individual,h54y_5,na - pneumococcal 1 year
NFHS-5 Individual,h54y_6,na - pneumococcal 1 year
NFHS-5 Individual,h55_1,na - received pneumococcal 2
NFHS-5 Individual,h55_2,na - received pneumococcal 2
NFHS-5 Individual,h55_3,na - received pneumococcal 2
NFHS-5 Individual,h55_4,na - received pneumococcal 2
NFHS-5 Individual,h55_5,na - received pneumococcal 2
NFHS-5 Individual,h55_6,na - received pneumococcal 2
NFHS-5 Individual,h55d_1,na - pneumococcal 2 day
NFHS-5 Individual,h55d_2,na - pneumococcal 2 day
NFHS-5 Individual,h55d_3,na - pneumococcal 2 day
NFHS-5 Individual,h55d_4,na - pneumococcal 2 day
NFHS-5 Individual,h55d_5,na - pneumococcal 2 day
NFHS-5 Individual,h55d_6,na - pneumococcal 2 day
NFHS-5 Individual,h55m_1,na - pneumococcal 2 month
NFHS-5 Individual,h55m_2,na - pneumococcal 2 month
NFHS-5 Individual,h55m_3,na - pneumococcal 2 month
NFHS-5 Individual,h55m_4,na - pneumococcal 2 month
NFHS-5 Individual,h55m_5,na - pneumococcal 2 month
NFHS-5 Individual,h55m_6,na - pneumococcal 2 month
NFHS-5 Individual,h55y_1,na - pneumococcal 2 year
NFHS-5 Individual,h55y_2,na - pneumococcal 2 year
NFHS-5 Individual,h55y_3,na - pneumococcal 2 year
NFHS-5 Individual,h55y_4,na - pneumococcal 2 year
NFHS-5 Individual,h55y_5,na - pneumococcal 2 year
NFHS-5 Individual,h55y_6,na - pneumococcal 2 year
NFHS-5 Individual,h56_1,na - received pneumococcal 3
NFHS-5 Individual,h56_2,na - received pneumococcal 3
NFHS-5 Individual,h56_3,na - received pneumococcal 3
NFHS-5 Individual,h56_4,na - received pneumococcal 3
NFHS-5 Individual,h56_5,na - received pneumococcal 3
NFHS-5 Individual,h56_6,na - received pneumococcal 3
NFHS-5 Individual,h56d_1,na - pneumococcal 3 day
NFHS-5 Individual,h56d_2,na - pneumococcal 3 day
NFHS-5 Individual,h56d_3,na - pneumococcal 3 day
NFHS-5 Individual,h56d_4,na - pneumococcal 3 day
NFHS-5 Individual,h56d_5,na - pneumococcal 3 day
NFHS-5 Individual,h56d_6,na - pneumococcal 3 day
NFHS-5 Individual,h56m_1,na - pneumococcal 3 month
NFHS-5 Individual,h56m_2,na - pneumococcal 3 month
NFHS-5 Individual,h56m_3,na - pneumococcal 3 month
NFHS-5 Individual,h56m_4,na - pneumococcal 3 month
NFHS-5 Individual,h56m_5,na - pneumococcal 3 month
NFHS-5 Individual,h56m_6,na - pneumococcal 3 month
NFHS-5 Individual,h56y_1,na - pneumococcal 3 year
NFHS-5 Individual,h56y_2,na - pneumococcal 3 year
NFHS-5 Individual,h56y_3,na - pneumococcal 3 year
NFHS-5 Individual,h56y_4,na - pneumococcal 3 year
NFHS-5 Individual,h56y_5,na - pneumococcal 3 year
NFHS-5 Individual,h56y_6,na - pneumococcal 3 year
NFHS-5 Individual,h57_1,received rotavirus 1
NFHS-5 Individual,h57_2,received rotavirus 1
NFHS-5 Individual,h57_3,received rotavirus 1
NFHS-5 Individual,h57_4,received rotavirus 1
NFHS-5 Individual,h57_5,received rotavirus 1
NFHS-5 Individual,h57_6,received rotavirus 1
NFHS-5 Individual,h57d_1,rotavirus 1 day
NFHS-5 Individual,h57d_2,rotavirus 1 day
NFHS-5 Individual,h57d_3,rotavirus 1 day
NFHS-5 Individual,h57d_4,rotavirus 1 day
NFHS-5 Individual,h57d_5,rotavirus 1 day
NFHS-5 Individual,h57d_6,rotavirus 1 day
NFHS-5 Individual,h57m_1,rotavirus 1 month
NFHS-5 Individual,h57m_2,rotavirus 1 month
NFHS-5 Individual,h57m_3,rotavirus 1 month
NFHS-5 Individual,h57m_4,rotavirus 1 month
NFHS-5 Individual,h57m_5,rotavirus 1 month
NFHS-5 Individual,h57m_6,rotavirus 1 month
NFHS-5 Individual,h57y_1,rotavirus 1 year
NFHS-5 Individual,h57y_2,rotavirus 1 year
NFHS-5 Individual,h57y_3,rotavirus 1 year
NFHS-5 Individual,h57y_4,rotavirus 1 year
NFHS-5 Individual,h57y_5,rotavirus 1 year
NFHS-5 Individual,h57y_6,rotavirus 1 year
NFHS-5 Individual,h58_1,received rotavirus 2
NFHS-5 Individual,h58_2,received rotavirus 2
NFHS-5 Individual,h58_3,received rotavirus 2
NFHS-5 Individual,h58_4,received rotavirus 2
NFHS-5 Individual,h58_5,received rotavirus 2
NFHS-5 Individual,h58_6,received rotavirus 2
NFHS-5 Individual,h58d_1,rotavirus 2 day
NFHS-5 Individual,h58d_2,rotavirus 2 day
NFHS-5 Individual,h58d_3,rotavirus 2 day
NFHS-5 Individual,h58d_4,rotavirus 2 day
NFHS-5 Individual,h58d_5,rotavirus 2 day
NFHS-5 Individual,h58d_6,rotavirus 2 day
NFHS-5 Individual,h58m_1,rotavirus 2 month
NFHS-5 Individual,h58m_2,rotavirus 2 month
NFHS-5 Individual,h58m_3,rotavirus 2 month
NFHS-5 Individual,h58m_4,rotavirus 2 month
NFHS-5 Individual,h58m_5,rotavirus 2 month
NFHS-5 Individual,h58m_6,rotavirus 2 month
NFHS-5 Individual,h58y_1,rotavirus 2 year
NFHS-5 Individual,h58y_2,rotavirus 2 year
NFHS-5 Individual,h58y_3,rotavirus 2 year
NFHS-5 Individual,h58y_4,rotavirus 2 year
NFHS-5 Individual,h58y_5,rotavirus 2 year
NFHS-5 Individual,h58y_6,rotavirus 2 year
NFHS-5 Individual,h59_1,received rotavirus 3
NFHS-5 Individual,h59_2,received rotavirus 3
NFHS-5 Individual,h59_3,received rotavirus 3
NFHS-5 Individual,h59_4,received rotavirus 3
NFHS-5 Individual,h59_5,received rotavirus 3
NFHS-5 Individual,h59_6,received rotavirus 3
NFHS-5 Individual,h59d_1,rotavirus 3 day
NFHS-5 Individual,h59d_2,rotavirus 3 day
NFHS-5 Individual,h59d_3,rotavirus 3 day
NFHS-5 Individual,h59d_4,rotavirus 3 day
NFHS-5 Individual,h59d_5,rotavirus 3 day
NFHS-5 Individual,h59d_6,rotavirus 3 day
NFHS-5 Individual,h59m_1,rotavirus 3 month
NFHS-5 Individual,h59m_2,rotavirus 3 month
NFHS-5 Individual,h59m_3,rotavirus 3 month
NFHS-5 Individual,h59m_4,rotavirus 3 month
NFHS-5 Individual,h59m_5,rotavirus 3 month
NFHS-5 Individual,h59m_6,rotavirus 3 month
NFHS-5 Individual,h59y_1,rotavirus 3 year
NFHS-5 Individual,h59y_2,rotavirus 3 year
NFHS-5 Individual,h59y_3,rotavirus 3 year
NFHS-5 Individual,h59y_4,rotavirus 3 year
NFHS-5 Individual,h59y_5,rotavirus 3 year
NFHS-5 Individual,h59y_6,rotavirus 3 year
NFHS-5 Individual,h60_1,na - received polio inactive
NFHS-5 Individual,h60_2,na - received polio inactive
NFHS-5 Individual,h60_3,na - received polio inactive
NFHS-5 Individual,h60_4,na - received polio inactive
NFHS-5 Individual,h60_5,na - received polio inactive
NFHS-5 Individual,h60_6,na - received polio inactive
NFHS-5 Individual,h60d_1,na - polio inactive day
NFHS-5 Individual,h60d_2,na - polio inactive day
NFHS-5 Individual,h60d_3,na - polio inactive day
NFHS-5 Individual,h60d_4,na - polio inactive day
NFHS-5 Individual,h60d_5,na - polio inactive day
NFHS-5 Individual,h60d_6,na - polio inactive day
NFHS-5 Individual,h60m_1,na - polio inactive month
NFHS-5 Individual,h60m_2,na - polio inactive month
NFHS-5 Individual,h60m_3,na - polio inactive month
NFHS-5 Individual,h60m_4,na - polio inactive month
NFHS-5 Individual,h60m_5,na - polio inactive month
NFHS-5 Individual,h60m_6,na - polio inactive month
NFHS-5 Individual,h60y_1,na - polio inactive year
NFHS-5 Individual,h60y_2,na - polio inactive year
NFHS-5 Individual,h60y_3,na - polio inactive year
NFHS-5 Individual,h60y_4,na - polio inactive year
NFHS-5 Individual,h60y_5,na - polio inactive year
NFHS-5 Individual,h60y_6,na - polio inactive year
NFHS-5 Individual,h61_1,received hepatitis b 1
NFHS-5 Individual,h61_2,received hepatitis b 1
NFHS-5 Individual,h61_3,received hepatitis b 1
NFHS-5 Individual,h61_4,received hepatitis b 1
NFHS-5 Individual,h61_5,received hepatitis b 1
NFHS-5 Individual,h61_6,received hepatitis b 1
NFHS-5 Individual,h61d_1,hepatitis b 1 day
NFHS-5 Individual,h61d_2,hepatitis b 1 day
NFHS-5 Individual,h61d_3,hepatitis b 1 day
NFHS-5 Individual,h61d_4,hepatitis b 1 day
NFHS-5 Individual,h61d_5,hepatitis b 1 day
NFHS-5 Individual,h61d_6,hepatitis b 1 day
NFHS-5 Individual,h61m_1,hepatitis b 1 month
NFHS-5 Individual,h61m_2,hepatitis b 1 month
NFHS-5 Individual,h61m_3,hepatitis b 1 month
NFHS-5 Individual,h61m_4,hepatitis b 1 month
NFHS-5 Individual,h61m_5,hepatitis b 1 month
NFHS-5 Individual,h61m_6,hepatitis b 1 month
NFHS-5 Individual,h61y_1,hepatitis b 1 year
NFHS-5 Individual,h61y_2,hepatitis b 1 year
NFHS-5 Individual,h61y_3,hepatitis b 1 year
NFHS-5 Individual,h61y_4,hepatitis b 1 year
NFHS-5 Individual,h61y_5,hepatitis b 1 year
NFHS-5 Individual,h61y_6,hepatitis b 1 year
NFHS-5 Individual,h62_1,received hepatitis b 2
NFHS-5 Individual,h62_2,received hepatitis b 2
NFHS-5 Individual,h62_3,received hepatitis b 2
NFHS-5 Individual,h62_4,received hepatitis b 2
NFHS-5 Individual,h62_5,received hepatitis b 2
NFHS-5 Individual,h62_6,received hepatitis b 2
NFHS-5 Individual,h62d_1,hepatitis b 2 day
NFHS-5 Individual,h62d_2,hepatitis b 2 day
NFHS-5 Individual,h62d_3,hepatitis b 2 day
NFHS-5 Individual,h62d_4,hepatitis b 2 day
NFHS-5 Individual,h62d_5,hepatitis b 2 day
NFHS-5 Individual,h62d_6,hepatitis b 2 day
NFHS-5 Individual,h62m_1,hepatitis b 2 month
NFHS-5 Individual,h62m_2,hepatitis b 2 month
NFHS-5 Individual,h62m_3,hepatitis b 2 month
NFHS-5 Individual,h62m_4,hepatitis b 2 month
NFHS-5 Individual,h62m_5,hepatitis b 2 month
NFHS-5 Individual,h62m_6,hepatitis b 2 month
NFHS-5 Individual,h62y_1,hepatitis b 2 year
NFHS-5 Individual,h62y_2,hepatitis b 2 year
NFHS-5 Individual,h62y_3,hepatitis b 2 year
NFHS-5 Individual,h62y_4,hepatitis b 2 year
NFHS-5 Individual,h62y_5,hepatitis b 2 year
NFHS-5 Individual,h62y_6,hepatitis b 2 year
NFHS-5 Individual,h63_1,received hepatitis b 3
NFHS-5 Individual,h63_2,received hepatitis b 3
NFHS-5 Individual,h63_3,received hepatitis b 3
NFHS-5 Individual,h63_4,received hepatitis b 3
NFHS-5 Individual,h63_5,received hepatitis b 3
NFHS-5 Individual,h63_6,received hepatitis b 3
NFHS-5 Individual,h63d_1,hepatitis b 3 day
NFHS-5 Individual,h63d_2,hepatitis b 3 day
NFHS-5 Individual,h63d_3,hepatitis b 3 day
NFHS-5 Individual,h63d_4,hepatitis b 3 day
NFHS-5 Individual,h63d_5,hepatitis b 3 day
NFHS-5 Individual,h63d_6,hepatitis b 3 day
NFHS-5 Individual,h63m_1,hepatitis b 3 month
NFHS-5 Individual,h63m_2,hepatitis b 3 month
NFHS-5 Individual,h63m_3,hepatitis b 3 month
NFHS-5 Individual,h63m_4,hepatitis b 3 month
NFHS-5 Individual,h63m_5,hepatitis b 3 month
NFHS-5 Individual,h63m_6,hepatitis b 3 month
NFHS-5 Individual,h63y_1,hepatitis b 3 year
NFHS-5 Individual,h63y_2,hepatitis b 3 year
NFHS-5 Individual,h63y_3,hepatitis b 3 year
NFHS-5 Individual,h63y_4,hepatitis b 3 year
NFHS-5 Individual,h63y_5,hepatitis b 3 year
NFHS-5 Individual,h63y_6,hepatitis b 3 year
NFHS-5 Individual,h64_1,na - received hib 1
NFHS-5 Individual,h64_2,na - received hib 1
NFHS-5 Individual,h64_3,na - received hib 1
NFHS-5 Individual,h64_4,na - received hib 1
NFHS-5 Individual,h64_5,na - received hib 1
NFHS-5 Individual,h64_6,na - received hib 1
NFHS-5 Individual,h64d_1,na - hib 1 day
NFHS-5 Individual,h64d_2,na - hib 1 day
NFHS-5 Individual,h64d_3,na - hib 1 day
NFHS-5 Individual,h64d_4,na - hib 1 day
NFHS-5 Individual,h64d_5,na - hib 1 day
NFHS-5 Individual,h64d_6,na - hib 1 day
NFHS-5 Individual,h64m_1,na - hib 1 month
NFHS-5 Individual,h64m_2,na - hib 1 month
NFHS-5 Individual,h64m_3,na - hib 1 month
NFHS-5 Individual,h64m_4,na - hib 1 month
NFHS-5 Individual,h64m_5,na - hib 1 month
NFHS-5 Individual,h64m_6,na - hib 1 month
NFHS-5 Individual,h64y_1,na - hib 1 year
NFHS-5 Individual,h64y_2,na - hib 1 year
NFHS-5 Individual,h64y_3,na - hib 1 year
NFHS-5 Individual,h64y_4,na - hib 1 year
NFHS-5 Individual,h64y_5,na - hib 1 year
NFHS-5 Individual,h64y_6,na - hib 1 year
NFHS-5 Individual,h65_1,na - received hib 2
NFHS-5 Individual,h65_2,na - received hib 2
NFHS-5 Individual,h65_3,na - received hib 2
NFHS-5 Individual,h65_4,na - received hib 2
NFHS-5 Individual,h65_5,na - received hib 2
NFHS-5 Individual,h65_6,na - received hib 2
NFHS-5 Individual,h65d_1,na - hib 2 day
NFHS-5 Individual,h65d_2,na - hib 2 day
NFHS-5 Individual,h65d_3,na - hib 2 day
NFHS-5 Individual,h65d_4,na - hib 2 day
NFHS-5 Individual,h65d_5,na - hib 2 day
NFHS-5 Individual,h65d_6,na - hib 2 day
NFHS-5 Individual,h65m_1,na - hib 2 month
NFHS-5 Individual,h65m_2,na - hib 2 month
NFHS-5 Individual,h65m_3,na - hib 2 month
NFHS-5 Individual,h65m_4,na - hib 2 month
NFHS-5 Individual,h65m_5,na - hib 2 month
NFHS-5 Individual,h65m_6,na - hib 2 month
NFHS-5 Individual,h65y_1,na - hib 2 year
NFHS-5 Individual,h65y_2,na - hib 2 year
NFHS-5 Individual,h65y_3,na - hib 2 year
NFHS-5 Individual,h65y_4,na - hib 2 year
NFHS-5 Individual,h65y_5,na - hib 2 year
NFHS-5 Individual,h65y_6,na - hib 2 year
NFHS-5 Individual,h66_1,na - received hib 3
NFHS-5 Individual,h66_2,na - received hib 3
NFHS-5 Individual,h66_3,na - received hib 3
NFHS-5 Individual,h66_4,na - received hib 3
NFHS-5 Individual,h66_5,na - received hib 3
NFHS-5 Individual,h66_6,na - received hib 3
NFHS-5 Individual,h66d_1,na - hib 3 day
NFHS-5 Individual,h66d_2,na - hib 3 day
NFHS-5 Individual,h66d_3,na - hib 3 day
NFHS-5 Individual,h66d_4,na - hib 3 day
NFHS-5 Individual,h66d_5,na - hib 3 day
NFHS-5 Individual,h66d_6,na - hib 3 day
NFHS-5 Individual,h66m_1,na - hib 3 month
NFHS-5 Individual,h66m_2,na - hib 3 month
NFHS-5 Individual,h66m_3,na - hib 3 month
NFHS-5 Individual,h66m_4,na - hib 3 month
NFHS-5 Individual,h66m_5,na - hib 3 month
NFHS-5 Individual,h66m_6,na - hib 3 month
NFHS-5 Individual,h66y_1,na - hib 3 year
NFHS-5 Individual,h66y_2,na - hib 3 year
NFHS-5 Individual,h66y_3,na - hib 3 year
NFHS-5 Individual,h66y_4,na - hib 3 year
NFHS-5 Individual,h66y_5,na - hib 3 year
NFHS-5 Individual,h66y_6,na - hib 3 year
NFHS-5 Individual,h80a_1,na - in the last 7 days given: local name for multiple micronutrient powder
NFHS-5 Individual,h80a_2,na - in the last 7 days given: local name for multiple micronutrient powder
NFHS-5 Individual,h80a_3,na - in the last 7 days given: local name for multiple micronutrient powder
NFHS-5 Individual,h80a_4,na - in the last 7 days given: local name for multiple micronutrient powder
NFHS-5 Individual,h80a_5,na - in the last 7 days given: local name for multiple micronutrient powder
NFHS-5 Individual,h80a_6,na - in the last 7 days given: local name for multiple micronutrient powder
NFHS-5 Individual,h80b_1,na - in the last 7 days given: local name ready to use therapeutic food
NFHS-5 Individual,h80b_2,na - in the last 7 days given: local name ready to use therapeutic food
NFHS-5 Individual,h80b_3,na - in the last 7 days given: local name ready to use therapeutic food
NFHS-5 Individual,h80b_4,na - in the last 7 days given: local name ready to use therapeutic food
NFHS-5 Individual,h80b_5,na - in the last 7 days given: local name ready to use therapeutic food
NFHS-5 Individual,h80b_6,na - in the last 7 days given: local name ready to use therapeutic food
NFHS-5 Individual,h80c_1,na - in the last 7 days given: local name for ready to use supplemental food
NFHS-5 Individual,h80c_2,na - in the last 7 days given: local name for ready to use supplemental food
NFHS-5 Individual,h80c_3,na - in the last 7 days given: local name for ready to use supplemental food
NFHS-5 Individual,h80c_4,na - in the last 7 days given: local name for ready to use supplemental food
NFHS-5 Individual,h80c_5,na - in the last 7 days given: local name for ready to use supplemental food
NFHS-5 Individual,h80c_6,na - in the last 7 days given: local name for ready to use supplemental food
NFHS-5 Individual,h80d_1,na - in the last 7 days given: cs
NFHS-5 Individual,h80d_2,na - in the last 7 days given: cs
NFHS-5 Individual,h80d_3,na - in the last 7 days given: cs
NFHS-5 Individual,h80d_4,na - in the last 7 days given: cs
NFHS-5 Individual,h80d_5,na - in the last 7 days given: cs
NFHS-5 Individual,h80d_6,na - in the last 7 days given: cs
NFHS-5 Individual,h80e_1,na - in the last 7 days given: cs
NFHS-5 Individual,h80e_2,na - in the last 7 days given: cs
NFHS-5 Individual,h80e_3,na - in the last 7 days given: cs
NFHS-5 Individual,h80e_4,na - in the last 7 days given: cs
NFHS-5 Individual,h80e_5,na - in the last 7 days given: cs
NFHS-5 Individual,h80e_6,na - in the last 7 days given: cs
NFHS-5 Individual,h80f_1,na - in the last 7 days given: cs
NFHS-5 Individual,h80f_2,na - in the last 7 days given: cs
NFHS-5 Individual,h80f_3,na - in the last 7 days given: cs
NFHS-5 Individual,h80f_4,na - in the last 7 days given: cs
NFHS-5 Individual,h80f_5,na - in the last 7 days given: cs
NFHS-5 Individual,h80f_6,na - in the last 7 days given: cs
NFHS-5 Individual,h80g_1,na - in the last 7 days given: cs
NFHS-5 Individual,h80g_2,na - in the last 7 days given: cs
NFHS-5 Individual,h80g_3,na - in the last 7 days given: cs
NFHS-5 Individual,h80g_4,na - in the last 7 days given: cs
NFHS-5 Individual,h80g_5,na - in the last 7 days given: cs
NFHS-5 Individual,h80g_6,na - in the last 7 days given: cs
NFHS-5 Individual,hidxa_1,index to birth history
NFHS-5 Individual,hidxa_2,index to birth history
NFHS-5 Individual,hidxa_3,index to birth history
NFHS-5 Individual,hidxa_4,index to birth history
NFHS-5 Individual,hidxa_5,index to birth history
NFHS-5 Individual,hidxa_6,index to birth history
NFHS-5 Individual,h11_1,had diarrhea recently
NFHS-5 Individual,h11_2,had diarrhea recently
NFHS-5 Individual,h11_3,had diarrhea recently
NFHS-5 Individual,h11_4,had diarrhea recently
NFHS-5 Individual,h11_5,had diarrhea recently
NFHS-5 Individual,h11_6,had diarrhea recently
NFHS-5 Individual,h11b_1,blood in the stools
NFHS-5 Individual,h11b_2,blood in the stools
NFHS-5 Individual,h11b_3,blood in the stools
NFHS-5 Individual,h11b_4,blood in the stools
NFHS-5 Individual,h11b_5,blood in the stools
NFHS-5 Individual,h11b_6,blood in the stools
NFHS-5 Individual,h12a_1,diarrhea: government hospital
NFHS-5 Individual,h12a_2,diarrhea: government hospital
NFHS-5 Individual,h12a_3,diarrhea: government hospital
NFHS-5 Individual,h12a_4,diarrhea: government hospital
NFHS-5 Individual,h12a_5,diarrhea: government hospital
NFHS-5 Individual,h12a_6,diarrhea: government hospital
NFHS-5 Individual,h12b_1,diarrhea: ayush
NFHS-5 Individual,h12b_2,diarrhea: ayush
NFHS-5 Individual,h12b_3,diarrhea: ayush
NFHS-5 Individual,h12b_4,diarrhea: ayush
NFHS-5 Individual,h12b_5,diarrhea: ayush
NFHS-5 Individual,h12b_6,diarrhea: ayush
NFHS-5 Individual,h12c_1,diarrhea: government dispensary
NFHS-5 Individual,h12c_2,diarrhea: government dispensary
NFHS-5 Individual,h12c_3,diarrhea: government dispensary
NFHS-5 Individual,h12c_4,diarrhea: government dispensary
NFHS-5 Individual,h12c_5,diarrhea: government dispensary
NFHS-5 Individual,h12c_6,diarrhea: government dispensary
NFHS-5 Individual,h12d_1,diarrhea: uhc / uhp / ufwc
NFHS-5 Individual,h12d_2,diarrhea: uhc / uhp / ufwc
NFHS-5 Individual,h12d_3,diarrhea: uhc / uhp / ufwc
NFHS-5 Individual,h12d_4,diarrhea: uhc / uhp / ufwc
NFHS-5 Individual,h12d_5,diarrhea: uhc / uhp / ufwc
NFHS-5 Individual,h12d_6,diarrhea: uhc / uhp / ufwc
NFHS-5 Individual,h12e_1,diarrhea: chc / rural hospital / block phc
NFHS-5 Individual,h12e_2,diarrhea: chc / rural hospital / block phc
NFHS-5 Individual,h12e_3,diarrhea: chc / rural hospital / block phc
NFHS-5 Individual,h12e_4,diarrhea: chc / rural hospital / block phc
NFHS-5 Individual,h12e_5,diarrhea: chc / rural hospital / block phc
NFHS-5 Individual,h12e_6,diarrhea: chc / rural hospital / block phc
NFHS-5 Individual,h12f_1,diarrhea: phc / additional phc
NFHS-5 Individual,h12f_2,diarrhea: phc / additional phc
NFHS-5 Individual,h12f_3,diarrhea: phc / additional phc
NFHS-5 Individual,h12f_4,diarrhea: phc / additional phc
NFHS-5 Individual,h12f_5,diarrhea: phc / additional phc
NFHS-5 Individual,h12f_6,diarrhea: phc / additional phc
NFHS-5 Individual,h12g_1,diarrhea: sub-centre / anm
NFHS-5 Individual,h12g_2,diarrhea: sub-centre / anm
NFHS-5 Individual,h12g_3,diarrhea: sub-centre / anm
NFHS-5 Individual,h12g_4,diarrhea: sub-centre / anm
NFHS-5 Individual,h12g_5,diarrhea: sub-centre / anm
NFHS-5 Individual,h12g_6,diarrhea: sub-centre / anm
NFHS-5 Individual,h12h_1,diarrhea: govt. mobile clinic
NFHS-5 Individual,h12h_2,diarrhea: govt. mobile clinic
NFHS-5 Individual,h12h_3,diarrhea: govt. mobile clinic
NFHS-5 Individual,h12h_4,diarrhea: govt. mobile clinic
NFHS-5 Individual,h12h_5,diarrhea: govt. mobile clinic
NFHS-5 Individual,h12h_6,diarrhea: govt. mobile clinic
NFHS-5 Individual,h12i_1,diarrhea: other public health sector
NFHS-5 Individual,h12i_2,diarrhea: other public health sector
NFHS-5 Individual,h12i_3,diarrhea: other public health sector
NFHS-5 Individual,h12i_4,diarrhea: other public health sector
NFHS-5 Individual,h12i_5,diarrhea: other public health sector
NFHS-5 Individual,h12i_6,diarrhea: other public health sector
NFHS-5 Individual,h12j_1,diarrhea: private hospital/clinic
NFHS-5 Individual,h12j_2,diarrhea: private hospital/clinic
NFHS-5 Individual,h12j_3,diarrhea: private hospital/clinic
NFHS-5 Individual,h12j_4,diarrhea: private hospital/clinic
NFHS-5 Individual,h12j_5,diarrhea: private hospital/clinic
NFHS-5 Individual,h12j_6,diarrhea: private hospital/clinic
NFHS-5 Individual,h12k_1,diarrhea: private pharmacy
NFHS-5 Individual,h12k_2,diarrhea: private pharmacy
NFHS-5 Individual,h12k_3,diarrhea: private pharmacy
NFHS-5 Individual,h12k_4,diarrhea: private pharmacy
NFHS-5 Individual,h12k_5,diarrhea: private pharmacy
NFHS-5 Individual,h12k_6,diarrhea: private pharmacy
NFHS-5 Individual,h12l_1,diarrhea: private doctor
NFHS-5 Individual,h12l_2,diarrhea: private doctor
NFHS-5 Individual,h12l_3,diarrhea: private doctor
NFHS-5 Individual,h12l_4,diarrhea: private doctor
NFHS-5 Individual,h12l_5,diarrhea: private doctor
NFHS-5 Individual,h12l_6,diarrhea: private doctor
NFHS-5 Individual,h12m_1,diarrhea: private paramedic
NFHS-5 Individual,h12m_2,diarrhea: private paramedic
NFHS-5 Individual,h12m_3,diarrhea: private paramedic
NFHS-5 Individual,h12m_4,diarrhea: private paramedic
NFHS-5 Individual,h12m_5,diarrhea: private paramedic
NFHS-5 Individual,h12m_6,diarrhea: private paramedic
NFHS-5 Individual,h12n_1,diarrhea: private ayush
NFHS-5 Individual,h12n_2,diarrhea: private ayush
NFHS-5 Individual,h12n_3,diarrhea: private ayush
NFHS-5 Individual,h12n_4,diarrhea: private ayush
NFHS-5 Individual,h12n_5,diarrhea: private ayush
NFHS-5 Individual,h12n_6,diarrhea: private ayush
NFHS-5 Individual,h12o_1,na - diarrhea: cs private medical
NFHS-5 Individual,h12o_2,na - diarrhea: cs private medical
NFHS-5 Individual,h12o_3,na - diarrhea: cs private medical
NFHS-5 Individual,h12o_4,na - diarrhea: cs private medical
NFHS-5 Individual,h12o_5,na - diarrhea: cs private medical
NFHS-5 Individual,h12o_6,na - diarrhea: cs private medical
NFHS-5 Individual,h12p_1,na - diarrhea: cs private medical
NFHS-5 Individual,h12p_2,na - diarrhea: cs private medical
NFHS-5 Individual,h12p_3,na - diarrhea: cs private medical
NFHS-5 Individual,h12p_4,na - diarrhea: cs private medical
NFHS-5 Individual,h12p_5,na - diarrhea: cs private medical
NFHS-5 Individual,h12p_6,na - diarrhea: cs private medical
NFHS-5 Individual,h12q_1,na - diarrhea: cs private medical
NFHS-5 Individual,h12q_2,na - diarrhea: cs private medical
NFHS-5 Individual,h12q_3,na - diarrhea: cs private medical
NFHS-5 Individual,h12q_4,na - diarrhea: cs private medical
NFHS-5 Individual,h12q_5,na - diarrhea: cs private medical
NFHS-5 Individual,h12q_6,na - diarrhea: cs private medical
NFHS-5 Individual,h12r_1,diarrhea: other private health
NFHS-5 Individual,h12r_2,diarrhea: other private health
NFHS-5 Individual,h12r_3,diarrhea: other private health
NFHS-5 Individual,h12r_4,diarrhea: other private health
NFHS-5 Individual,h12r_5,diarrhea: other private health
NFHS-5 Individual,h12r_6,diarrhea: other private health
NFHS-5 Individual,h12s_1,diarrhea: shop
NFHS-5 Individual,h12s_2,diarrhea: shop
NFHS-5 Individual,h12s_3,diarrhea: shop
NFHS-5 Individual,h12s_4,diarrhea: shop
NFHS-5 Individual,h12s_5,diarrhea: shop
NFHS-5 Individual,h12s_6,diarrhea: shop
NFHS-5 Individual,h12t_1,diarrhea: friend / relative
NFHS-5 Individual,h12t_2,diarrhea: friend / relative
NFHS-5 Individual,h12t_3,diarrhea: friend / relative
NFHS-5 Individual,h12t_4,diarrhea: friend / relative
NFHS-5 Individual,h12t_5,diarrhea: friend / relative
NFHS-5 Individual,h12t_6,diarrhea: friend / relative
NFHS-5 Individual,h12u_1,diarrhea: ngo or trust hospital / clinic
NFHS-5 Individual,h12u_2,diarrhea: ngo or trust hospital / clinic
NFHS-5 Individual,h12u_3,diarrhea: ngo or trust hospital / clinic
NFHS-5 Individual,h12u_4,diarrhea: ngo or trust hospital / clinic
NFHS-5 Individual,h12u_5,diarrhea: ngo or trust hospital / clinic
NFHS-5 Individual,h12u_6,diarrhea: ngo or trust hospital / clinic
NFHS-5 Individual,h12v_1,diarrhea: public camp
NFHS-5 Individual,h12v_2,diarrhea: public camp
NFHS-5 Individual,h12v_3,diarrhea: public camp
NFHS-5 Individual,h12v_4,diarrhea: public camp
NFHS-5 Individual,h12v_5,diarrhea: public camp
NFHS-5 Individual,h12v_6,diarrhea: public camp
NFHS-5 Individual,h12w_1,diarrhea: public anganwadi / icds centre
NFHS-5 Individual,h12w_2,diarrhea: public anganwadi / icds centre
NFHS-5 Individual,h12w_3,diarrhea: public anganwadi / icds centre
NFHS-5 Individual,h12w_4,diarrhea: public anganwadi / icds centre
NFHS-5 Individual,h12w_5,diarrhea: public anganwadi / icds centre
NFHS-5 Individual,h12w_6,diarrhea: public anganwadi / icds centre
NFHS-5 Individual,h12x_1,diarrhea: other
NFHS-5 Individual,h12x_2,diarrhea: other
NFHS-5 Individual,h12x_3,diarrhea: other
NFHS-5 Individual,h12x_4,diarrhea: other
NFHS-5 Individual,h12x_5,diarrhea: other
NFHS-5 Individual,h12x_6,diarrhea: other
NFHS-5 Individual,h12y_1,diarrhea: no treatment
NFHS-5 Individual,h12y_2,diarrhea: no treatment
NFHS-5 Individual,h12y_3,diarrhea: no treatment
NFHS-5 Individual,h12y_4,diarrhea: no treatment
NFHS-5 Individual,h12y_5,diarrhea: no treatment
NFHS-5 Individual,h12y_6,diarrhea: no treatment
NFHS-5 Individual,h12z_1,diarrhea: medical treatment
NFHS-5 Individual,h12z_2,diarrhea: medical treatment
NFHS-5 Individual,h12z_3,diarrhea: medical treatment
NFHS-5 Individual,h12z_4,diarrhea: medical treatment
NFHS-5 Individual,h12z_5,diarrhea: medical treatment
NFHS-5 Individual,h12z_6,diarrhea: medical treatment
NFHS-5 Individual,h13_1,given oral rehydration
NFHS-5 Individual,h13_2,given oral rehydration
NFHS-5 Individual,h13_3,given oral rehydration
NFHS-5 Individual,h13_4,given oral rehydration
NFHS-5 Individual,h13_5,given oral rehydration
NFHS-5 Individual,h13_6,given oral rehydration
NFHS-5 Individual,h13b_1,na - given pre-packaged ors liquid
NFHS-5 Individual,h13b_2,na - given pre-packaged ors liquid
NFHS-5 Individual,h13b_3,na - given pre-packaged ors liquid
NFHS-5 Individual,h13b_4,na - given pre-packaged ors liquid
NFHS-5 Individual,h13b_5,na - given pre-packaged ors liquid
NFHS-5 Individual,h13b_6,na - given pre-packaged ors liquid
NFHS-5 Individual,h14_1,given recommended home solution ( gruel )
NFHS-5 Individual,h14_2,given recommended home solution ( gruel )
NFHS-5 Individual,h14_3,given recommended home solution ( gruel )
NFHS-5 Individual,h14_4,given recommended home solution ( gruel )
NFHS-5 Individual,h14_5,given recommended home solution ( gruel )
NFHS-5 Individual,h14_6,given recommended home solution ( gruel )
NFHS-5 Individual,h15_1,given antibiotic pills or syrups
NFHS-5 Individual,h15_2,given antibiotic pills or syrups
NFHS-5 Individual,h15_3,given antibiotic pills or syrups
NFHS-5 Individual,h15_4,given antibiotic pills or syrups
NFHS-5 Individual,h15_5,given antibiotic pills or syrups
NFHS-5 Individual,h15_6,given antibiotic pills or syrups
NFHS-5 Individual,h15a_1,given antimotility
NFHS-5 Individual,h15a_2,given antimotility
NFHS-5 Individual,h15a_3,given antimotility
NFHS-5 Individual,h15a_4,given antimotility
NFHS-5 Individual,h15a_5,given antimotility
NFHS-5 Individual,h15a_6,given antimotility
NFHS-5 Individual,h15b_1,given antibiotic injection
NFHS-5 Individual,h15b_2,given antibiotic injection
NFHS-5 Individual,h15b_3,given antibiotic injection
NFHS-5 Individual,h15b_4,given antibiotic injection
NFHS-5 Individual,h15b_5,given antibiotic injection
NFHS-5 Individual,h15b_6,given antibiotic injection
NFHS-5 Individual,h15c_1,given intravenous (iv)
NFHS-5 Individual,h15c_2,given intravenous (iv)
NFHS-5 Individual,h15c_3,given intravenous (iv)
NFHS-5 Individual,h15c_4,given intravenous (iv)
NFHS-5 Individual,h15c_5,given intravenous (iv)
NFHS-5 Individual,h15c_6,given intravenous (iv)
NFHS-5 Individual,h15d_1,"given home remedy, herbal medicine"
NFHS-5 Individual,h15d_2,"given home remedy, herbal medicine"
NFHS-5 Individual,h15d_3,"given home remedy, herbal medicine"
NFHS-5 Individual,h15d_4,"given home remedy, herbal medicine"
NFHS-5 Individual,h15d_5,"given home remedy, herbal medicine"
NFHS-5 Individual,h15d_6,"given home remedy, herbal medicine"
NFHS-5 Individual,h15e_1,given zinc
NFHS-5 Individual,h15e_2,given zinc
NFHS-5 Individual,h15e_3,given zinc
NFHS-5 Individual,h15e_4,given zinc
NFHS-5 Individual,h15e_5,given zinc
NFHS-5 Individual,h15e_6,given zinc
NFHS-5 Individual,h15f_1,"given other (not antibiotic, antimotility, zinc)"
NFHS-5 Individual,h15f_2,"given other (not antibiotic, antimotility, zinc)"
NFHS-5 Individual,h15f_3,"given other (not antibiotic, antimotility, zinc)"
NFHS-5 Individual,h15f_4,"given other (not antibiotic, antimotility, zinc)"
NFHS-5 Individual,h15f_5,"given other (not antibiotic, antimotility, zinc)"
NFHS-5 Individual,h15f_6,"given other (not antibiotic, antimotility, zinc)"
NFHS-5 Individual,h15g_1,given unknown pill or syrup
NFHS-5 Individual,h15g_2,given unknown pill or syrup
NFHS-5 Individual,h15g_3,given unknown pill or syrup
NFHS-5 Individual,h15g_4,given unknown pill or syrup
NFHS-5 Individual,h15g_5,given unknown pill or syrup
NFHS-5 Individual,h15g_6,given unknown pill or syrup
NFHS-5 Individual,h15h_1,given non-antibiotic injection
NFHS-5 Individual,h15h_2,given non-antibiotic injection
NFHS-5 Individual,h15h_3,given non-antibiotic injection
NFHS-5 Individual,h15h_4,given non-antibiotic injection
NFHS-5 Individual,h15h_5,given non-antibiotic injection
NFHS-5 Individual,h15h_6,given non-antibiotic injection
NFHS-5 Individual,h15i_1,given unknown injection
NFHS-5 Individual,h15i_2,given unknown injection
NFHS-5 Individual,h15i_3,given unknown injection
NFHS-5 Individual,h15i_4,given unknown injection
NFHS-5 Individual,h15i_5,given unknown injection
NFHS-5 Individual,h15i_6,given unknown injection
NFHS-5 Individual,h15j_1,na - given cs
NFHS-5 Individual,h15j_2,na - given cs
NFHS-5 Individual,h15j_3,na - given cs
NFHS-5 Individual,h15j_4,na - given cs
NFHS-5 Individual,h15j_5,na - given cs
NFHS-5 Individual,h15j_6,na - given cs
NFHS-5 Individual,h15k_1,na - given cs
NFHS-5 Individual,h15k_2,na - given cs
NFHS-5 Individual,h15k_3,na - given cs
NFHS-5 Individual,h15k_4,na - given cs
NFHS-5 Individual,h15k_5,na - given cs
NFHS-5 Individual,h15k_6,na - given cs
NFHS-5 Individual,h15l_1,na - given cs
NFHS-5 Individual,h15l_2,na - given cs
NFHS-5 Individual,h15l_3,na - given cs
NFHS-5 Individual,h15l_4,na - given cs
NFHS-5 Individual,h15l_5,na - given cs
NFHS-5 Individual,h15l_6,na - given cs
NFHS-5 Individual,h15m_1,na - given cs
NFHS-5 Individual,h15m_2,na - given cs
NFHS-5 Individual,h15m_3,na - given cs
NFHS-5 Individual,h15m_4,na - given cs
NFHS-5 Individual,h15m_5,na - given cs
NFHS-5 Individual,h15m_6,na - given cs
NFHS-5 Individual,h20_1,given other treatment
NFHS-5 Individual,h20_2,given other treatment
NFHS-5 Individual,h20_3,given other treatment
NFHS-5 Individual,h20_4,given other treatment
NFHS-5 Individual,h20_5,given other treatment
NFHS-5 Individual,h20_6,given other treatment
NFHS-5 Individual,h21a_1,given no treatment
NFHS-5 Individual,h21a_2,given no treatment
NFHS-5 Individual,h21a_3,given no treatment
NFHS-5 Individual,h21a_4,given no treatment
NFHS-5 Individual,h21a_5,given no treatment
NFHS-5 Individual,h21a_6,given no treatment
NFHS-5 Individual,h21_1,received any treatment
NFHS-5 Individual,h21_2,received any treatment
NFHS-5 Individual,h21_3,received any treatment
NFHS-5 Individual,h21_4,received any treatment
NFHS-5 Individual,h21_5,received any treatment
NFHS-5 Individual,h21_6,received any treatment
NFHS-5 Individual,h22_1,had fever in last two weeks
NFHS-5 Individual,h22_2,had fever in last two weeks
NFHS-5 Individual,h22_3,had fever in last two weeks
NFHS-5 Individual,h22_4,had fever in last two weeks
NFHS-5 Individual,h22_5,had fever in last two weeks
NFHS-5 Individual,h22_6,had fever in last two weeks
NFHS-5 Individual,h31_1,had cough in last two weeks
NFHS-5 Individual,h31_2,had cough in last two weeks
NFHS-5 Individual,h31_3,had cough in last two weeks
NFHS-5 Individual,h31_4,had cough in last two weeks
NFHS-5 Individual,h31_5,had cough in last two weeks
NFHS-5 Individual,h31_6,had cough in last two weeks
NFHS-5 Individual,h31b_1,"short, rapid breaths"
NFHS-5 Individual,h31b_2,"short, rapid breaths"
NFHS-5 Individual,h31b_3,"short, rapid breaths"
NFHS-5 Individual,h31b_4,"short, rapid breaths"
NFHS-5 Individual,h31b_5,"short, rapid breaths"
NFHS-5 Individual,h31b_6,"short, rapid breaths"
NFHS-5 Individual,h31c_1,problem in the chest or blocked or running nose
NFHS-5 Individual,h31c_2,problem in the chest or blocked or running nose
NFHS-5 Individual,h31c_3,problem in the chest or blocked or running nose
NFHS-5 Individual,h31c_4,problem in the chest or blocked or running nose
NFHS-5 Individual,h31c_5,problem in the chest or blocked or running nose
NFHS-5 Individual,h31c_6,problem in the chest or blocked or running nose
NFHS-5 Individual,h31d_1,had fever/cough in last 2 weeks: amount offered to drink
NFHS-5 Individual,h31d_2,had fever/cough in last 2 weeks: amount offered to drink
NFHS-5 Individual,h31d_3,had fever/cough in last 2 weeks: amount offered to drink
NFHS-5 Individual,h31d_4,had fever/cough in last 2 weeks: amount offered to drink
NFHS-5 Individual,h31d_5,had fever/cough in last 2 weeks: amount offered to drink
NFHS-5 Individual,h31d_6,had fever/cough in last 2 weeks: amount offered to drink
NFHS-5 Individual,h31e_1,had fever/cough in last 2 weeks: amount offered to eat
NFHS-5 Individual,h31e_2,had fever/cough in last 2 weeks: amount offered to eat
NFHS-5 Individual,h31e_3,had fever/cough in last 2 weeks: amount offered to eat
NFHS-5 Individual,h31e_4,had fever/cough in last 2 weeks: amount offered to eat
NFHS-5 Individual,h31e_5,had fever/cough in last 2 weeks: amount offered to eat
NFHS-5 Individual,h31e_6,had fever/cough in last 2 weeks: amount offered to eat
NFHS-5 Individual,h32a_1,fever/cough: government hospital
NFHS-5 Individual,h32a_2,fever/cough: government hospital
NFHS-5 Individual,h32a_3,fever/cough: government hospital
NFHS-5 Individual,h32a_4,fever/cough: government hospital
NFHS-5 Individual,h32a_5,fever/cough: government hospital
NFHS-5 Individual,h32a_6,fever/cough: government hospital
NFHS-5 Individual,h32b_1,fever/cough: public ayush
NFHS-5 Individual,h32b_2,fever/cough: public ayush
NFHS-5 Individual,h32b_3,fever/cough: public ayush
NFHS-5 Individual,h32b_4,fever/cough: public ayush
NFHS-5 Individual,h32b_5,fever/cough: public ayush
NFHS-5 Individual,h32b_6,fever/cough: public ayush
NFHS-5 Individual,h32c_1,fever/cough: government dispensary
NFHS-5 Individual,h32c_2,fever/cough: government dispensary
NFHS-5 Individual,h32c_3,fever/cough: government dispensary
NFHS-5 Individual,h32c_4,fever/cough: government dispensary
NFHS-5 Individual,h32c_5,fever/cough: government dispensary
NFHS-5 Individual,h32c_6,fever/cough: government dispensary
NFHS-5 Individual,h32d_1,fever/cough: uhc / uhp / ufwc
NFHS-5 Individual,h32d_2,fever/cough: uhc / uhp / ufwc
NFHS-5 Individual,h32d_3,fever/cough: uhc / uhp / ufwc
NFHS-5 Individual,h32d_4,fever/cough: uhc / uhp / ufwc
NFHS-5 Individual,h32d_5,fever/cough: uhc / uhp / ufwc
NFHS-5 Individual,h32d_6,fever/cough: uhc / uhp / ufwc
NFHS-5 Individual,h32e_1,fever/cough: chc / rural hospital /block phc
NFHS-5 Individual,h32e_2,fever/cough: chc / rural hospital /block phc
NFHS-5 Individual,h32e_3,fever/cough: chc / rural hospital /block phc
NFHS-5 Individual,h32e_4,fever/cough: chc / rural hospital /block phc
NFHS-5 Individual,h32e_5,fever/cough: chc / rural hospital /block phc
NFHS-5 Individual,h32e_6,fever/cough: chc / rural hospital /block phc
NFHS-5 Individual,h32f_1,fever/cough: phc / additional phc
NFHS-5 Individual,h32f_2,fever/cough: phc / additional phc
NFHS-5 Individual,h32f_3,fever/cough: phc / additional phc
NFHS-5 Individual,h32f_4,fever/cough: phc / additional phc
NFHS-5 Individual,h32f_5,fever/cough: phc / additional phc
NFHS-5 Individual,h32f_6,fever/cough: phc / additional phc
NFHS-5 Individual,h32g_1,fever/cough: sub-center / anm
NFHS-5 Individual,h32g_2,fever/cough: sub-center / anm
NFHS-5 Individual,h32g_3,fever/cough: sub-center / anm
NFHS-5 Individual,h32g_4,fever/cough: sub-center / anm
NFHS-5 Individual,h32g_5,fever/cough: sub-center / anm
NFHS-5 Individual,h32g_6,fever/cough: sub-center / anm
NFHS-5 Individual,h32h_1,fever/cough: government mobile clinic
NFHS-5 Individual,h32h_2,fever/cough: government mobile clinic
NFHS-5 Individual,h32h_3,fever/cough: government mobile clinic
NFHS-5 Individual,h32h_4,fever/cough: government mobile clinic
NFHS-5 Individual,h32h_5,fever/cough: government mobile clinic
NFHS-5 Individual,h32h_6,fever/cough: government mobile clinic
NFHS-5 Individual,h32i_1,fever/cough: other public sector
NFHS-5 Individual,h32i_2,fever/cough: other public sector
NFHS-5 Individual,h32i_3,fever/cough: other public sector
NFHS-5 Individual,h32i_4,fever/cough: other public sector
NFHS-5 Individual,h32i_5,fever/cough: other public sector
NFHS-5 Individual,h32i_6,fever/cough: other public sector
NFHS-5 Individual,h32j_1,fever/cough: private hospital/ clinic
NFHS-5 Individual,h32j_2,fever/cough: private hospital/ clinic
NFHS-5 Individual,h32j_3,fever/cough: private hospital/ clinic
NFHS-5 Individual,h32j_4,fever/cough: private hospital/ clinic
NFHS-5 Individual,h32j_5,fever/cough: private hospital/ clinic
NFHS-5 Individual,h32j_6,fever/cough: private hospital/ clinic
NFHS-5 Individual,h32k_1,fever/cough: private pharmacy
NFHS-5 Individual,h32k_2,fever/cough: private pharmacy
NFHS-5 Individual,h32k_3,fever/cough: private pharmacy
NFHS-5 Individual,h32k_4,fever/cough: private pharmacy
NFHS-5 Individual,h32k_5,fever/cough: private pharmacy
NFHS-5 Individual,h32k_6,fever/cough: private pharmacy
NFHS-5 Individual,h32l_1,fever/cough: private doctor
NFHS-5 Individual,h32l_2,fever/cough: private doctor
NFHS-5 Individual,h32l_3,fever/cough: private doctor
NFHS-5 Individual,h32l_4,fever/cough: private doctor
NFHS-5 Individual,h32l_5,fever/cough: private doctor
NFHS-5 Individual,h32l_6,fever/cough: private doctor
NFHS-5 Individual,h32m_1,fever/cough: private paramedic
NFHS-5 Individual,h32m_2,fever/cough: private paramedic
NFHS-5 Individual,h32m_3,fever/cough: private paramedic
NFHS-5 Individual,h32m_4,fever/cough: private paramedic
NFHS-5 Individual,h32m_5,fever/cough: private paramedic
NFHS-5 Individual,h32m_6,fever/cough: private paramedic
NFHS-5 Individual,h32n_1,fever/cough: private ayush
NFHS-5 Individual,h32n_2,fever/cough: private ayush
NFHS-5 Individual,h32n_3,fever/cough: private ayush
NFHS-5 Individual,h32n_4,fever/cough: private ayush
NFHS-5 Individual,h32n_5,fever/cough: private ayush
NFHS-5 Individual,h32n_6,fever/cough: private ayush
NFHS-5 Individual,h32o_1,na - fever/cough: cs private medical
NFHS-5 Individual,h32o_2,na - fever/cough: cs private medical
NFHS-5 Individual,h32o_3,na - fever/cough: cs private medical
NFHS-5 Individual,h32o_4,na - fever/cough: cs private medical
NFHS-5 Individual,h32o_5,na - fever/cough: cs private medical
NFHS-5 Individual,h32o_6,na - fever/cough: cs private medical
NFHS-5 Individual,h32p_1,na - fever/cough: cs private medical
NFHS-5 Individual,h32p_2,na - fever/cough: cs private medical
NFHS-5 Individual,h32p_3,na - fever/cough: cs private medical
NFHS-5 Individual,h32p_4,na - fever/cough: cs private medical
NFHS-5 Individual,h32p_5,na - fever/cough: cs private medical
NFHS-5 Individual,h32p_6,na - fever/cough: cs private medical
NFHS-5 Individual,h32q_1,na - fever/cough: cs private medical
NFHS-5 Individual,h32q_2,na - fever/cough: cs private medical
NFHS-5 Individual,h32q_3,na - fever/cough: cs private medical
NFHS-5 Individual,h32q_4,na - fever/cough: cs private medical
NFHS-5 Individual,h32q_5,na - fever/cough: cs private medical
NFHS-5 Individual,h32q_6,na - fever/cough: cs private medical
NFHS-5 Individual,h32r_1,fever/cough: other private health
NFHS-5 Individual,h32r_2,fever/cough: other private health
NFHS-5 Individual,h32r_3,fever/cough: other private health
NFHS-5 Individual,h32r_4,fever/cough: other private health
NFHS-5 Individual,h32r_5,fever/cough: other private health
NFHS-5 Individual,h32r_6,fever/cough: other private health
NFHS-5 Individual,h32s_1,fever/cough: shop
NFHS-5 Individual,h32s_2,fever/cough: shop
NFHS-5 Individual,h32s_3,fever/cough: shop
NFHS-5 Individual,h32s_4,fever/cough: shop
NFHS-5 Individual,h32s_5,fever/cough: shop
NFHS-5 Individual,h32s_6,fever/cough: shop
NFHS-5 Individual,h32t_1,fever/cough: traditional healer
NFHS-5 Individual,h32t_2,fever/cough: traditional healer
NFHS-5 Individual,h32t_3,fever/cough: traditional healer
NFHS-5 Individual,h32t_4,fever/cough: traditional healer
NFHS-5 Individual,h32t_5,fever/cough: traditional healer
NFHS-5 Individual,h32t_6,fever/cough: traditional healer
NFHS-5 Individual,h32u_1,fever/cough: friend / relative
NFHS-5 Individual,h32u_2,fever/cough: friend / relative
NFHS-5 Individual,h32u_3,fever/cough: friend / relative
NFHS-5 Individual,h32u_4,fever/cough: friend / relative
NFHS-5 Individual,h32u_5,fever/cough: friend / relative
NFHS-5 Individual,h32u_6,fever/cough: friend / relative
NFHS-5 Individual,h32v_1,fever/cough: ngo or trust hospital / clinic
NFHS-5 Individual,h32v_2,fever/cough: ngo or trust hospital / clinic
NFHS-5 Individual,h32v_3,fever/cough: ngo or trust hospital / clinic
NFHS-5 Individual,h32v_4,fever/cough: ngo or trust hospital / clinic
NFHS-5 Individual,h32v_5,fever/cough: ngo or trust hospital / clinic
NFHS-5 Individual,h32v_6,fever/cough: ngo or trust hospital / clinic
NFHS-5 Individual,h32w_1,fever/cough: public camp
NFHS-5 Individual,h32w_2,fever/cough: public camp
NFHS-5 Individual,h32w_3,fever/cough: public camp
NFHS-5 Individual,h32w_4,fever/cough: public camp
NFHS-5 Individual,h32w_5,fever/cough: public camp
NFHS-5 Individual,h32w_6,fever/cough: public camp
NFHS-5 Individual,h32x_1,fever/cough: other
NFHS-5 Individual,h32x_2,fever/cough: other
NFHS-5 Individual,h32x_3,fever/cough: other
NFHS-5 Individual,h32x_4,fever/cough: other
NFHS-5 Individual,h32x_5,fever/cough: other
NFHS-5 Individual,h32x_6,fever/cough: other
NFHS-5 Individual,h32y_1,fever/cough: no treatment
NFHS-5 Individual,h32y_2,fever/cough: no treatment
NFHS-5 Individual,h32y_3,fever/cough: no treatment
NFHS-5 Individual,h32y_4,fever/cough: no treatment
NFHS-5 Individual,h32y_5,fever/cough: no treatment
NFHS-5 Individual,h32y_6,fever/cough: no treatment
NFHS-5 Individual,h32z_1,fever/cough: medical treatment
NFHS-5 Individual,h32z_2,fever/cough: medical treatment
NFHS-5 Individual,h32z_3,fever/cough: medical treatment
NFHS-5 Individual,h32z_4,fever/cough: medical treatment
NFHS-5 Individual,h32z_5,fever/cough: medical treatment
NFHS-5 Individual,h32z_6,fever/cough: medical treatment
NFHS-5 Individual,h34_1,vitamin a in last 6 months
NFHS-5 Individual,h34_2,vitamin a in last 6 months
NFHS-5 Individual,h34_3,vitamin a in last 6 months
NFHS-5 Individual,h34_4,vitamin a in last 6 months
NFHS-5 Individual,h34_5,vitamin a in last 6 months
NFHS-5 Individual,h34_6,vitamin a in last 6 months
NFHS-5 Individual,h37a_1,na - sp/fansidar taken for fever
NFHS-5 Individual,h37a_2,na - sp/fansidar taken for fever
NFHS-5 Individual,h37a_3,na - sp/fansidar taken for fever
NFHS-5 Individual,h37a_4,na - sp/fansidar taken for fever
NFHS-5 Individual,h37a_5,na - sp/fansidar taken for fever
NFHS-5 Individual,h37a_6,na - sp/fansidar taken for fever
NFHS-5 Individual,h37b_1,na - chloroquine taken for fever
NFHS-5 Individual,h37b_2,na - chloroquine taken for fever
NFHS-5 Individual,h37b_3,na - chloroquine taken for fever
NFHS-5 Individual,h37b_4,na - chloroquine taken for fever
NFHS-5 Individual,h37b_5,na - chloroquine taken for fever
NFHS-5 Individual,h37b_6,na - chloroquine taken for fever
NFHS-5 Individual,h37c_1,na - amodiaquine taken for fever
NFHS-5 Individual,h37c_2,na - amodiaquine taken for fever
NFHS-5 Individual,h37c_3,na - amodiaquine taken for fever
NFHS-5 Individual,h37c_4,na - amodiaquine taken for fever
NFHS-5 Individual,h37c_5,na - amodiaquine taken for fever
NFHS-5 Individual,h37c_6,na - amodiaquine taken for fever
NFHS-5 Individual,h37d_1,na - quinine taken for fever
NFHS-5 Individual,h37d_2,na - quinine taken for fever
NFHS-5 Individual,h37d_3,na - quinine taken for fever
NFHS-5 Individual,h37d_4,na - quinine taken for fever
NFHS-5 Individual,h37d_5,na - quinine taken for fever
NFHS-5 Individual,h37d_6,na - quinine taken for fever
NFHS-5 Individual,h37da_1,na - quinine injection/iv taken for fever
NFHS-5 Individual,h37da_2,na - quinine injection/iv taken for fever
NFHS-5 Individual,h37da_3,na - quinine injection/iv taken for fever
NFHS-5 Individual,h37da_4,na - quinine injection/iv taken for fever
NFHS-5 Individual,h37da_5,na - quinine injection/iv taken for fever
NFHS-5 Individual,h37da_6,na - quinine injection/iv taken for fever
NFHS-5 Individual,h37e_1,na - combination with artemisinin taken for fever
NFHS-5 Individual,h37e_2,na - combination with artemisinin taken for fever
NFHS-5 Individual,h37e_3,na - combination with artemisinin taken for fever
NFHS-5 Individual,h37e_4,na - combination with artemisinin taken for fever
NFHS-5 Individual,h37e_5,na - combination with artemisinin taken for fever
NFHS-5 Individual,h37e_6,na - combination with artemisinin taken for fever
NFHS-5 Individual,h37aa_1,na - artesunate rectal taken for fever
NFHS-5 Individual,h37aa_2,na - artesunate rectal taken for fever
NFHS-5 Individual,h37aa_3,na - artesunate rectal taken for fever
NFHS-5 Individual,h37aa_4,na - artesunate rectal taken for fever
NFHS-5 Individual,h37aa_5,na - artesunate rectal taken for fever
NFHS-5 Individual,h37aa_6,na - artesunate rectal taken for fever
NFHS-5 Individual,h37ab_1,na - artesunate injection/iv taken for fever
NFHS-5 Individual,h37ab_2,na - artesunate injection/iv taken for fever
NFHS-5 Individual,h37ab_3,na - artesunate injection/iv taken for fever
NFHS-5 Individual,h37ab_4,na - artesunate injection/iv taken for fever
NFHS-5 Individual,h37ab_5,na - artesunate injection/iv taken for fever
NFHS-5 Individual,h37ab_6,na - artesunate injection/iv taken for fever
NFHS-5 Individual,h37f_1,na - primaquine for fever
NFHS-5 Individual,h37f_2,na - primaquine for fever
NFHS-5 Individual,h37f_3,na - primaquine for fever
NFHS-5 Individual,h37f_4,na - primaquine for fever
NFHS-5 Individual,h37f_5,na - primaquine for fever
NFHS-5 Individual,h37f_6,na - primaquine for fever
NFHS-5 Individual,h37g_1,na - quinine taken for fever
NFHS-5 Individual,h37g_2,na - quinine taken for fever
NFHS-5 Individual,h37g_3,na - quinine taken for fever
NFHS-5 Individual,h37g_4,na - quinine taken for fever
NFHS-5 Individual,h37g_5,na - quinine taken for fever
NFHS-5 Individual,h37g_6,na - quinine taken for fever
NFHS-5 Individual,h37h_1,na - other antimalarial taken for fever
NFHS-5 Individual,h37h_2,na - other antimalarial taken for fever
NFHS-5 Individual,h37h_3,na - other antimalarial taken for fever
NFHS-5 Individual,h37h_4,na - other antimalarial taken for fever
NFHS-5 Individual,h37h_5,na - other antimalarial taken for fever
NFHS-5 Individual,h37h_6,na - other antimalarial taken for fever
NFHS-5 Individual,h37i_1,na - antibiotic pill/syrup taken for fever
NFHS-5 Individual,h37i_2,na - antibiotic pill/syrup taken for fever
NFHS-5 Individual,h37i_3,na - antibiotic pill/syrup taken for fever
NFHS-5 Individual,h37i_4,na - antibiotic pill/syrup taken for fever
NFHS-5 Individual,h37i_5,na - antibiotic pill/syrup taken for fever
NFHS-5 Individual,h37i_6,na - antibiotic pill/syrup taken for fever
NFHS-5 Individual,h37j_1,na - antibiotic injection taken for fever
NFHS-5 Individual,h37j_2,na - antibiotic injection taken for fever
NFHS-5 Individual,h37j_3,na - antibiotic injection taken for fever
NFHS-5 Individual,h37j_4,na - antibiotic injection taken for fever
NFHS-5 Individual,h37j_5,na - antibiotic injection taken for fever
NFHS-5 Individual,h37j_6,na - antibiotic injection taken for fever
NFHS-5 Individual,h37k_1,na - aspirin taken for fever
NFHS-5 Individual,h37k_2,na - aspirin taken for fever
NFHS-5 Individual,h37k_3,na - aspirin taken for fever
NFHS-5 Individual,h37k_4,na - aspirin taken for fever
NFHS-5 Individual,h37k_5,na - aspirin taken for fever
NFHS-5 Individual,h37k_6,na - aspirin taken for fever
NFHS-5 Individual,h37l_1,na - acetaminophen/paracetamol/panadol taken for fever
NFHS-5 Individual,h37l_2,na - acetaminophen/paracetamol/panadol taken for fever
NFHS-5 Individual,h37l_3,na - acetaminophen/paracetamol/panadol taken for fever
NFHS-5 Individual,h37l_4,na - acetaminophen/paracetamol/panadol taken for fever
NFHS-5 Individual,h37l_5,na - acetaminophen/paracetamol/panadol taken for fever
NFHS-5 Individual,h37l_6,na - acetaminophen/paracetamol/panadol taken for fever
NFHS-5 Individual,h37m_1,na - ibuprofen taken for fever
NFHS-5 Individual,h37m_2,na - ibuprofen taken for fever
NFHS-5 Individual,h37m_3,na - ibuprofen taken for fever
NFHS-5 Individual,h37m_4,na - ibuprofen taken for fever
NFHS-5 Individual,h37m_5,na - ibuprofen taken for fever
NFHS-5 Individual,h37m_6,na - ibuprofen taken for fever
NFHS-5 Individual,h37n_1,na - unknown anti-malaria taken for fever
NFHS-5 Individual,h37n_2,na - unknown anti-malaria taken for fever
NFHS-5 Individual,h37n_3,na - unknown anti-malaria taken for fever
NFHS-5 Individual,h37n_4,na - unknown anti-malaria taken for fever
NFHS-5 Individual,h37n_5,na - unknown anti-malaria taken for fever
NFHS-5 Individual,h37n_6,na - unknown anti-malaria taken for fever
NFHS-5 Individual,h37o_1,na - antibiotic for fever/cough
NFHS-5 Individual,h37o_2,na - antibiotic for fever/cough
NFHS-5 Individual,h37o_3,na - antibiotic for fever/cough
NFHS-5 Individual,h37o_4,na - antibiotic for fever/cough
NFHS-5 Individual,h37o_5,na - antibiotic for fever/cough
NFHS-5 Individual,h37o_6,na - antibiotic for fever/cough
NFHS-5 Individual,h37p_1,na - cs other for fever/cough
NFHS-5 Individual,h37p_2,na - cs other for fever/cough
NFHS-5 Individual,h37p_3,na - cs other for fever/cough
NFHS-5 Individual,h37p_4,na - cs other for fever/cough
NFHS-5 Individual,h37p_5,na - cs other for fever/cough
NFHS-5 Individual,h37p_6,na - cs other for fever/cough
NFHS-5 Individual,h37x_1,na - other taken for fever
NFHS-5 Individual,h37x_2,na - other taken for fever
NFHS-5 Individual,h37x_3,na - other taken for fever
NFHS-5 Individual,h37x_4,na - other taken for fever
NFHS-5 Individual,h37x_5,na - other taken for fever
NFHS-5 Individual,h37x_6,na - other taken for fever
NFHS-5 Individual,h37y_1,na - nothing taken and didn't seek treatment for fever/cough
NFHS-5 Individual,h37y_2,na - nothing taken and didn't seek treatment for fever/cough
NFHS-5 Individual,h37y_3,na - nothing taken and didn't seek treatment for fever/cough
NFHS-5 Individual,h37y_4,na - nothing taken and didn't seek treatment for fever/cough
NFHS-5 Individual,h37y_5,na - nothing taken and didn't seek treatment for fever/cough
NFHS-5 Individual,h37y_6,na - nothing taken and didn't seek treatment for fever/cough
NFHS-5 Individual,h37z_1,na - don't know if or what was taken for fever
NFHS-5 Individual,h37z_2,na - don't know if or what was taken for fever
NFHS-5 Individual,h37z_3,na - don't know if or what was taken for fever
NFHS-5 Individual,h37z_4,na - don't know if or what was taken for fever
NFHS-5 Individual,h37z_5,na - don't know if or what was taken for fever
NFHS-5 Individual,h37z_6,na - don't know if or what was taken for fever
NFHS-5 Individual,h38_1,diarrhea in last 2 weeks: amount offered to drink
NFHS-5 Individual,h38_2,diarrhea in last 2 weeks: amount offered to drink
NFHS-5 Individual,h38_3,diarrhea in last 2 weeks: amount offered to drink
NFHS-5 Individual,h38_4,diarrhea in last 2 weeks: amount offered to drink
NFHS-5 Individual,h38_5,diarrhea in last 2 weeks: amount offered to drink
NFHS-5 Individual,h38_6,diarrhea in last 2 weeks: amount offered to drink
NFHS-5 Individual,h39_1,diarrhea in last 2 weeks: amount offered to eat
NFHS-5 Individual,h39_2,diarrhea in last 2 weeks: amount offered to eat
NFHS-5 Individual,h39_3,diarrhea in last 2 weeks: amount offered to eat
NFHS-5 Individual,h39_4,diarrhea in last 2 weeks: amount offered to eat
NFHS-5 Individual,h39_5,diarrhea in last 2 weeks: amount offered to eat
NFHS-5 Individual,h39_6,diarrhea in last 2 weeks: amount offered to eat
NFHS-5 Individual,h42_1,"taking iron pills, sprinkles or syrup"
NFHS-5 Individual,h42_2,"taking iron pills, sprinkles or syrup"
NFHS-5 Individual,h42_3,"taking iron pills, sprinkles or syrup"
NFHS-5 Individual,h42_4,"taking iron pills, sprinkles or syrup"
NFHS-5 Individual,h42_5,"taking iron pills, sprinkles or syrup"
NFHS-5 Individual,h42_6,"taking iron pills, sprinkles or syrup"
NFHS-5 Individual,h43_1,drugs for intestinal parasites in last 6 months
NFHS-5 Individual,h43_2,drugs for intestinal parasites in last 6 months
NFHS-5 Individual,h43_3,drugs for intestinal parasites in last 6 months
NFHS-5 Individual,h43_4,drugs for intestinal parasites in last 6 months
NFHS-5 Individual,h43_5,drugs for intestinal parasites in last 6 months
NFHS-5 Individual,h43_6,drugs for intestinal parasites in last 6 months
NFHS-5 Individual,h44a_1,place first sought treatment for diarrhea
NFHS-5 Individual,h44a_2,place first sought treatment for diarrhea
NFHS-5 Individual,h44a_3,place first sought treatment for diarrhea
NFHS-5 Individual,h44a_4,place first sought treatment for diarrhea
NFHS-5 Individual,h44a_5,place first sought treatment for diarrhea
NFHS-5 Individual,h44a_6,place first sought treatment for diarrhea
NFHS-5 Individual,h44b_1,days after diarrhea sought advice or treatment
NFHS-5 Individual,h44b_2,days after diarrhea sought advice or treatment
NFHS-5 Individual,h44b_3,days after diarrhea sought advice or treatment
NFHS-5 Individual,h44b_4,days after diarrhea sought advice or treatment
NFHS-5 Individual,h44b_5,days after diarrhea sought advice or treatment
NFHS-5 Individual,h44b_6,days after diarrhea sought advice or treatment
NFHS-5 Individual,h44c_1,na - still has diarrhea
NFHS-5 Individual,h44c_2,na - still has diarrhea
NFHS-5 Individual,h44c_3,na - still has diarrhea
NFHS-5 Individual,h44c_4,na - still has diarrhea
NFHS-5 Individual,h44c_5,na - still has diarrhea
NFHS-5 Individual,h44c_6,na - still has diarrhea
NFHS-5 Individual,h45_1,na - times zinc was given
NFHS-5 Individual,h45_2,na - times zinc was given
NFHS-5 Individual,h45_3,na - times zinc was given
NFHS-5 Individual,h45_4,na - times zinc was given
NFHS-5 Individual,h45_5,na - times zinc was given
NFHS-5 Individual,h45_6,na - times zinc was given
NFHS-5 Individual,h46a_1,place first sought treatment for fever
NFHS-5 Individual,h46a_2,place first sought treatment for fever
NFHS-5 Individual,h46a_3,place first sought treatment for fever
NFHS-5 Individual,h46a_4,place first sought treatment for fever
NFHS-5 Individual,h46a_5,place first sought treatment for fever
NFHS-5 Individual,h46a_6,place first sought treatment for fever
NFHS-5 Individual,h46b_1,number of days after fever began sought advice or treatment
NFHS-5 Individual,h46b_2,number of days after fever began sought advice or treatment
NFHS-5 Individual,h46b_3,number of days after fever began sought advice or treatment
NFHS-5 Individual,h46b_4,number of days after fever began sought advice or treatment
NFHS-5 Individual,h46b_5,number of days after fever began sought advice or treatment
NFHS-5 Individual,h46b_6,number of days after fever began sought advice or treatment
NFHS-5 Individual,h47_1,blood taken from child's finger/heel for testing
NFHS-5 Individual,h47_2,blood taken from child's finger/heel for testing
NFHS-5 Individual,h47_3,blood taken from child's finger/heel for testing
NFHS-5 Individual,h47_4,blood taken from child's finger/heel for testing
NFHS-5 Individual,h47_5,blood taken from child's finger/heel for testing
NFHS-5 Individual,h47_6,blood taken from child's finger/heel for testing
NFHS-5 Individual,hwidx_1,index to birth history
NFHS-5 Individual,hwidx_2,index to birth history
NFHS-5 Individual,hwidx_3,index to birth history
NFHS-5 Individual,hwidx_4,index to birth history
NFHS-5 Individual,hwidx_5,index to birth history
NFHS-5 Individual,hwidx_6,index to birth history
NFHS-5 Individual,hw1_1,child's age in months
NFHS-5 Individual,hw1_2,child's age in months
NFHS-5 Individual,hw1_3,child's age in months
NFHS-5 Individual,hw1_4,child's age in months
NFHS-5 Individual,hw1_5,child's age in months
NFHS-5 Individual,hw1_6,child's age in months
NFHS-5 Individual,hw2_1,child's weight in kilograms (1 decimal)
NFHS-5 Individual,hw2_2,child's weight in kilograms (1 decimal)
NFHS-5 Individual,hw2_3,child's weight in kilograms (1 decimal)
NFHS-5 Individual,hw2_4,child's weight in kilograms (1 decimal)
NFHS-5 Individual,hw2_5,child's weight in kilograms (1 decimal)
NFHS-5 Individual,hw2_6,child's weight in kilograms (1 decimal)
NFHS-5 Individual,hw3_1,child's height in centimeters (1 decimal)
NFHS-5 Individual,hw3_2,child's height in centimeters (1 decimal)
NFHS-5 Individual,hw3_3,child's height in centimeters (1 decimal)
NFHS-5 Individual,hw3_4,child's height in centimeters (1 decimal)
NFHS-5 Individual,hw3_5,child's height in centimeters (1 decimal)
NFHS-5 Individual,hw3_6,child's height in centimeters (1 decimal)
NFHS-5 Individual,hw4_1,height/age percentile
NFHS-5 Individual,hw4_2,height/age percentile
NFHS-5 Individual,hw4_3,height/age percentile
NFHS-5 Individual,hw4_4,height/age percentile
NFHS-5 Individual,hw4_5,height/age percentile
NFHS-5 Individual,hw4_6,height/age percentile
NFHS-5 Individual,hw5_1,height/age standard deviation
NFHS-5 Individual,hw5_2,height/age standard deviation
NFHS-5 Individual,hw5_3,height/age standard deviation
NFHS-5 Individual,hw5_4,height/age standard deviation
NFHS-5 Individual,hw5_5,height/age standard deviation
NFHS-5 Individual,hw5_6,height/age standard deviation
NFHS-5 Individual,hw6_1,height/age percent of ref. median
NFHS-5 Individual,hw6_2,height/age percent of ref. median
NFHS-5 Individual,hw6_3,height/age percent of ref. median
NFHS-5 Individual,hw6_4,height/age percent of ref. median
NFHS-5 Individual,hw6_5,height/age percent of ref. median
NFHS-5 Individual,hw6_6,height/age percent of ref. median
NFHS-5 Individual,hw7_1,weight/age percentile
NFHS-5 Individual,hw7_2,weight/age percentile
NFHS-5 Individual,hw7_3,weight/age percentile
NFHS-5 Individual,hw7_4,weight/age percentile
NFHS-5 Individual,hw7_5,weight/age percentile
NFHS-5 Individual,hw7_6,weight/age percentile
NFHS-5 Individual,hw8_1,weight/age standard deviation
NFHS-5 Individual,hw8_2,weight/age standard deviation
NFHS-5 Individual,hw8_3,weight/age standard deviation
NFHS-5 Individual,hw8_4,weight/age standard deviation
NFHS-5 Individual,hw8_5,weight/age standard deviation
NFHS-5 Individual,hw8_6,weight/age standard deviation
NFHS-5 Individual,hw9_1,weight/age percent of ref. median
NFHS-5 Individual,hw9_2,weight/age percent of ref. median
NFHS-5 Individual,hw9_3,weight/age percent of ref. median
NFHS-5 Individual,hw9_4,weight/age percent of ref. median
NFHS-5 Individual,hw9_5,weight/age percent of ref. median
NFHS-5 Individual,hw9_6,weight/age percent of ref. median
NFHS-5 Individual,hw10_1,weight/height percentile
NFHS-5 Individual,hw10_2,weight/height percentile
NFHS-5 Individual,hw10_3,weight/height percentile
NFHS-5 Individual,hw10_4,weight/height percentile
NFHS-5 Individual,hw10_5,weight/height percentile
NFHS-5 Individual,hw10_6,weight/height percentile
NFHS-5 Individual,hw11_1,weight/height standard deviation
NFHS-5 Individual,hw11_2,weight/height standard deviation
NFHS-5 Individual,hw11_3,weight/height standard deviation
NFHS-5 Individual,hw11_4,weight/height standard deviation
NFHS-5 Individual,hw11_5,weight/height standard deviation
NFHS-5 Individual,hw11_6,weight/height standard deviation
NFHS-5 Individual,hw12_1,weight/height percent of ref. median
NFHS-5 Individual,hw12_2,weight/height percent of ref. median
NFHS-5 Individual,hw12_3,weight/height percent of ref. median
NFHS-5 Individual,hw12_4,weight/height percent of ref. median
NFHS-5 Individual,hw12_5,weight/height percent of ref. median
NFHS-5 Individual,hw12_6,weight/height percent of ref. median
NFHS-5 Individual,hw13_1,result of measurement - height/weight
NFHS-5 Individual,hw13_2,result of measurement - height/weight
NFHS-5 Individual,hw13_3,result of measurement - height/weight
NFHS-5 Individual,hw13_4,result of measurement - height/weight
NFHS-5 Individual,hw13_5,result of measurement - height/weight
NFHS-5 Individual,hw13_6,result of measurement - height/weight
NFHS-5 Individual,hw15_1,height: lying or standing
NFHS-5 Individual,hw15_2,height: lying or standing
NFHS-5 Individual,hw15_3,height: lying or standing
NFHS-5 Individual,hw15_4,height: lying or standing
NFHS-5 Individual,hw15_5,height: lying or standing
NFHS-5 Individual,hw15_6,height: lying or standing
NFHS-5 Individual,hw16_1,day of birth of child
NFHS-5 Individual,hw16_2,day of birth of child
NFHS-5 Individual,hw16_3,day of birth of child
NFHS-5 Individual,hw16_4,day of birth of child
NFHS-5 Individual,hw16_5,day of birth of child
NFHS-5 Individual,hw16_6,day of birth of child
NFHS-5 Individual,hw17_1,date measured (day)
NFHS-5 Individual,hw17_2,date measured (day)
NFHS-5 Individual,hw17_3,date measured (day)
NFHS-5 Individual,hw17_4,date measured (day)
NFHS-5 Individual,hw17_5,date measured (day)
NFHS-5 Individual,hw17_6,date measured (day)
NFHS-5 Individual,hw18_1,date measured (month)
NFHS-5 Individual,hw18_2,date measured (month)
NFHS-5 Individual,hw18_3,date measured (month)
NFHS-5 Individual,hw18_4,date measured (month)
NFHS-5 Individual,hw18_5,date measured (month)
NFHS-5 Individual,hw18_6,date measured (month)
NFHS-5 Individual,hw19_1,date measured (year)
NFHS-5 Individual,hw19_2,date measured (year)
NFHS-5 Individual,hw19_3,date measured (year)
NFHS-5 Individual,hw19_4,date measured (year)
NFHS-5 Individual,hw19_5,date measured (year)
NFHS-5 Individual,hw19_6,date measured (year)
NFHS-5 Individual,hw51_1,line number of parent/caretaker
NFHS-5 Individual,hw51_2,line number of parent/caretaker
NFHS-5 Individual,hw51_3,line number of parent/caretaker
NFHS-5 Individual,hw51_4,line number of parent/caretaker
NFHS-5 Individual,hw51_5,line number of parent/caretaker
NFHS-5 Individual,hw51_6,line number of parent/caretaker
NFHS-5 Individual,hw52_1,read consent statement - hemoglobin
NFHS-5 Individual,hw52_2,read consent statement - hemoglobin
NFHS-5 Individual,hw52_3,read consent statement - hemoglobin
NFHS-5 Individual,hw52_4,read consent statement - hemoglobin
NFHS-5 Individual,hw52_5,read consent statement - hemoglobin
NFHS-5 Individual,hw52_6,read consent statement - hemoglobin
NFHS-5 Individual,hw53_1,hemoglobin level (g/dl - 1 decimal)
NFHS-5 Individual,hw53_2,hemoglobin level (g/dl - 1 decimal)
NFHS-5 Individual,hw53_3,hemoglobin level (g/dl - 1 decimal)
NFHS-5 Individual,hw53_4,hemoglobin level (g/dl - 1 decimal)
NFHS-5 Individual,hw53_5,hemoglobin level (g/dl - 1 decimal)
NFHS-5 Individual,hw53_6,hemoglobin level (g/dl - 1 decimal)
NFHS-5 Individual,hw55_1,result of measurement - hemoglobin
NFHS-5 Individual,hw55_2,result of measurement - hemoglobin
NFHS-5 Individual,hw55_3,result of measurement - hemoglobin
NFHS-5 Individual,hw55_4,result of measurement - hemoglobin
NFHS-5 Individual,hw55_5,result of measurement - hemoglobin
NFHS-5 Individual,hw55_6,result of measurement - hemoglobin
NFHS-5 Individual,hw56_1,hemoglobin level adjusted for altitude (g/dl - 1 decimal)
NFHS-5 Individual,hw56_2,hemoglobin level adjusted for altitude (g/dl - 1 decimal)
NFHS-5 Individual,hw56_3,hemoglobin level adjusted for altitude (g/dl - 1 decimal)
NFHS-5 Individual,hw56_4,hemoglobin level adjusted for altitude (g/dl - 1 decimal)
NFHS-5 Individual,hw56_5,hemoglobin level adjusted for altitude (g/dl - 1 decimal)
NFHS-5 Individual,hw56_6,hemoglobin level adjusted for altitude (g/dl - 1 decimal)
NFHS-5 Individual,hw57_1,anemia level
NFHS-5 Individual,hw57_2,anemia level
NFHS-5 Individual,hw57_3,anemia level
NFHS-5 Individual,hw57_4,anemia level
NFHS-5 Individual,hw57_5,anemia level
NFHS-5 Individual,hw57_6,anemia level
NFHS-5 Individual,hw58_1,na - agrees to referral - anemia
NFHS-5 Individual,hw58_2,na - agrees to referral - anemia
NFHS-5 Individual,hw58_3,na - agrees to referral - anemia
NFHS-5 Individual,hw58_4,na - agrees to referral - anemia
NFHS-5 Individual,hw58_5,na - agrees to referral - anemia
NFHS-5 Individual,hw58_6,na - agrees to referral - anemia
NFHS-5 Individual,hw70_1,height/age standard deviation (new who)
NFHS-5 Individual,hw70_2,height/age standard deviation (new who)
NFHS-5 Individual,hw70_3,height/age standard deviation (new who)
NFHS-5 Individual,hw70_4,height/age standard deviation (new who)
NFHS-5 Individual,hw70_5,height/age standard deviation (new who)
NFHS-5 Individual,hw70_6,height/age standard deviation (new who)
NFHS-5 Individual,hw71_1,weight/age standard deviation (new who)
NFHS-5 Individual,hw71_2,weight/age standard deviation (new who)
NFHS-5 Individual,hw71_3,weight/age standard deviation (new who)
NFHS-5 Individual,hw71_4,weight/age standard deviation (new who)
NFHS-5 Individual,hw71_5,weight/age standard deviation (new who)
NFHS-5 Individual,hw71_6,weight/age standard deviation (new who)
NFHS-5 Individual,hw72_1,weight/height standard deviation (new who)
NFHS-5 Individual,hw72_2,weight/height standard deviation (new who)
NFHS-5 Individual,hw72_3,weight/height standard deviation (new who)
NFHS-5 Individual,hw72_4,weight/height standard deviation (new who)
NFHS-5 Individual,hw72_5,weight/height standard deviation (new who)
NFHS-5 Individual,hw72_6,weight/height standard deviation (new who)
NFHS-5 Individual,hw73_1,bmi standard deviation (new who)
NFHS-5 Individual,hw73_2,bmi standard deviation (new who)
NFHS-5 Individual,hw73_3,bmi standard deviation (new who)
NFHS-5 Individual,hw73_4,bmi standard deviation (new who)
NFHS-5 Individual,hw73_5,bmi standard deviation (new who)
NFHS-5 Individual,hw73_6,bmi standard deviation (new who)
NFHS-5 Individual,v501,current marital status
NFHS-5 Individual,v502,currently/formerly/never in union
NFHS-5 Individual,v503,number of unions
NFHS-5 Individual,v504,currently residing with husband/partner
NFHS-5 Individual,v505,number of other wives
NFHS-5 Individual,v506,na - respondent's rank among wives
NFHS-5 Individual,v507,month of first cohabitation
NFHS-5 Individual,v508,year of first cohabitation
NFHS-5 Individual,v509,date of first cohabitation (cmc)
NFHS-5 Individual,v510,completeness of date information in v509
NFHS-5 Individual,v511,age at first cohabitation
NFHS-5 Individual,v512,years since first cohabitation
NFHS-5 Individual,v513,cohabitation duration (grouped)
NFHS-5 Individual,v525,age at first sex
NFHS-5 Individual,v527,time since last sex
NFHS-5 Individual,v528,time since last sex (in days)
NFHS-5 Individual,v529,time since last sex (in months)
NFHS-5 Individual,v530,flag for v529
NFHS-5 Individual,v531,age at first sex (imputed)
NFHS-5 Individual,v532,flag for v531
NFHS-5 Individual,v535,ever been married or in union
NFHS-5 Individual,v536,recent sexual activity
NFHS-5 Individual,v537,months of abstinence
NFHS-5 Individual,v538,na - how previous marriage or union ended
NFHS-5 Individual,v539,na - person who received most of late husband's property
NFHS-5 Individual,v540,na - respondent received any of late husband's assets or valuables
NFHS-5 Individual,v541,na - intends to wait until marriage to have sex
NFHS-5 Individual,v602,fertility preference
NFHS-5 Individual,v603,preferred waiting time for birth of a/another child
NFHS-5 Individual,v604,preferred waiting time for birth of a/another child (grouped)
NFHS-5 Individual,v605,desire for more children
NFHS-5 Individual,v613,ideal number of children
NFHS-5 Individual,v614,ideal number of children (grouped)
NFHS-5 Individual,v616,time for future birth
NFHS-5 Individual,v621,husband's desire for children
NFHS-5 Individual,v623,exposure
NFHS-5 Individual,v624,unmet need
NFHS-5 Individual,v625,exposure (definition 2)
NFHS-5 Individual,v626,unmet need (definition 2)
NFHS-5 Individual,v625a,exposure to need for contraception (definition 3)
NFHS-5 Individual,v626a,unmet need for contraception (definition 3)
NFHS-5 Individual,v627,ideal number of boys
NFHS-5 Individual,v628,ideal number of girls
NFHS-5 Individual,v629,ideal number of either sex
NFHS-5 Individual,v631,na - problem if became pregnant
NFHS-5 Individual,v632,decision maker for using contraception
NFHS-5 Individual,v632a,na - decision maker for not using contraception
NFHS-5 Individual,v633a,reason for not having sex: husband has sti
NFHS-5 Individual,v633b,reason for not having sex: husband has other women
NFHS-5 Individual,v633c,na - reason for not having sex: recent birth
NFHS-5 Individual,v633d,"reason for not having sex: tired, not in mood"
NFHS-5 Individual,v633e,na - reason for not having sex: cs
NFHS-5 Individual,v633f,na - reason for not having sex: cs
NFHS-5 Individual,v633g,na - reason for not having sex: cs
NFHS-5 Individual,v634,na - husband knows that respondent is using contraception
NFHS-5 Individual,v701,husband/partner's education level
NFHS-5 Individual,v702,husband/partner's highest year of education (at level in v701)
NFHS-5 Individual,v704,husband/partner's occupation
NFHS-5 Individual,v704a,husband/partner worked in last 7 days/12 months
NFHS-5 Individual,v705,husband/partner's occupation (grouped)
NFHS-5 Individual,v714,respondent currently working
NFHS-5 Individual,v714a,"respondent has a job, but currently absent"
NFHS-5 Individual,v715,husband/partner's total number of years of education
NFHS-5 Individual,v716,respondent's occupation
NFHS-5 Individual,v717,respondent's occupation (grouped)
NFHS-5 Individual,v719,"respondent works for family, others, self"
NFHS-5 Individual,v721,na - respondent works at home or away
NFHS-5 Individual,v729,husband/partner's educational attainment
NFHS-5 Individual,v730,husband/partner's age
NFHS-5 Individual,v731,respondent worked in last 12 months
NFHS-5 Individual,v732,respondent employed all year/seasonal
NFHS-5 Individual,v739,person who usually decides how to spend respondent's earnings
NFHS-5 Individual,v740,na - type of land where respondent works
NFHS-5 Individual,v741,type of earnings from respondent's work
NFHS-5 Individual,v743a,person who usually decides on respondent's health care
NFHS-5 Individual,v743b,person who usually decides on large household purchases
NFHS-5 Individual,v743c,na - person who usually decides on household purchases for daily needs
NFHS-5 Individual,v743d,person who usually decides on visits to family or relatives
NFHS-5 Individual,v743e,na - person who usually decides on food to be cooked each day
NFHS-5 Individual,v743f,person who usually decides what to do with money husband earns
NFHS-5 Individual,v744a,beating justified if wife goes out without telling husband
NFHS-5 Individual,v744b,beating justified if wife neglects the children
NFHS-5 Individual,v744c,beating justified if wife argues with husband
NFHS-5 Individual,v744d,beating justified if wife refuses to have sex with husband
NFHS-5 Individual,v744e,beating justified if wife burns the food
NFHS-5 Individual,v745a,owns a house alone or jointly
NFHS-5 Individual,v745b,owns land alone or jointly
NFHS-5 Individual,v745c,na - title deed on house own by respondent
NFHS-5 Individual,v745d,na - title deed on land own by respondent
NFHS-5 Individual,v746,respondent earns more than husband/partner
NFHS-5 Individual,v750,ever heard of a sexually transmitted infection (sti)
NFHS-5 Individual,v751,ever heard of aids
NFHS-5 Individual,v754bp,na - reduce risk of getting hiv: do not have sex at all
NFHS-5 Individual,v754cp,reduce risk of getting hiv: always use condoms during sex
NFHS-5 Individual,v754dp,"reduce risk of getting hiv: have 1 sex partner only, who has no other partners"
NFHS-5 Individual,v754jp,can get hiv from mosquito bites
NFHS-5 Individual,v754wp,can get hiv by sharing food with person who has aids
NFHS-5 Individual,v756,a healthy looking person can have hiv
NFHS-5 Individual,v761,condom used during last sex with most recent partner
NFHS-5 Individual,v761b,condom used during last sex with 2nd to most recent partner
NFHS-5 Individual,v761c,na - condom used during last sex with 3rd to most recent partner
NFHS-5 Individual,v762,na - source of condoms used for last sex
NFHS-5 Individual,v762a,na - brand of condom used for last sex
NFHS-5 Individual,v762aa,source for condoms: government hospital
NFHS-5 Individual,v762ab,source for condoms: public ayush
NFHS-5 Individual,v762ac,source for condoms: government dispensary
NFHS-5 Individual,v762ad,source for condoms: uhc / uhp/ ufws
NFHS-5 Individual,v762ae,source for condoms: chc / rural hospital / block phc
NFHS-5 Individual,v762af,source for condoms: phc / additional phc
NFHS-5 Individual,v762ag,source for condoms: sub-center / anm
NFHS-5 Individual,v762ah,source for condoms: government mobile clinic
NFHS-5 Individual,v762ai,source for condoms: other public health
NFHS-5 Individual,v762aj,source for condoms: private hospital/clinic
NFHS-5 Individual,v762ak,source for condoms: pharmacy / drugstore
NFHS-5 Individual,v762al,na - source for condoms: private doctor
NFHS-5 Individual,v762am,source for condoms: private mobile clinic
NFHS-5 Individual,v762an,source for condoms: private ayush
NFHS-5 Individual,v762ao,source for condoms: private traditional healer
NFHS-5 Individual,v762ap,source for condoms: private paramedic
NFHS-5 Individual,v762aq,source for condoms: private dai ( tba )
NFHS-5 Individual,v762ar,source for condoms: other private health
NFHS-5 Individual,v762as,source for condoms: ration shop
NFHS-5 Individual,v762at,source for condoms: other shop
NFHS-5 Individual,v762au,source for condoms: vending machine
NFHS-5 Individual,v762av,source for condoms: ngo or trust hospital / clinic
NFHS-5 Individual,v762aw,na - source for condoms: cs other
NFHS-5 Individual,v762ax,source for condoms: other
NFHS-5 Individual,v762az,don't know any source for condoms
NFHS-5 Individual,v762ba,na - source for female condoms: government hospital
NFHS-5 Individual,v762bb,na - source for female condoms: cs public
NFHS-5 Individual,v762bc,na - source for female condoms: cs public
NFHS-5 Individual,v762bd,na - source for female condoms: cs public
NFHS-5 Individual,v762be,na - source for female condoms: cs public
NFHS-5 Individual,v762bf,na - source for female condoms: cs public
NFHS-5 Individual,v762bg,na - source for female condoms: cs public
NFHS-5 Individual,v762bh,na - source for female condoms: cs public
NFHS-5 Individual,v762bi,na - source for female condoms: cs public
NFHS-5 Individual,v762bj,na - source for female condoms: private hospital/clinic
NFHS-5 Individual,v762bk,na - source for female condoms: pharmacy
NFHS-5 Individual,v762bl,na - source for female condoms: private doctor
NFHS-5 Individual,v762bm,na - source for female condoms: cs private
NFHS-5 Individual,v762bn,na - source for female condoms: cs private
NFHS-5 Individual,v762bo,na - source for female condoms: cs private
NFHS-5 Individual,v762bp,na - source for female condoms: cs private
NFHS-5 Individual,v762bq,na - source for female condoms: cs private
NFHS-5 Individual,v762br,na - source for female condoms: cs private
NFHS-5 Individual,v762bs,na - source for female condoms: cs other
NFHS-5 Individual,v762bt,na - source for female condoms: cs other
NFHS-5 Individual,v762bu,na - source for female condoms: cs other
NFHS-5 Individual,v762bv,na - source for female condoms: cs other
NFHS-5 Individual,v762bw,na - source for female condoms: cs other
NFHS-5 Individual,v762bx,na - source for female condoms: other
NFHS-5 Individual,v762bz,na - don't know any source for female condoms
NFHS-5 Individual,v763a,had any sti in last 12 months
NFHS-5 Individual,v763b,had genital sore/ulcer in last 12 months
NFHS-5 Individual,v763c,had genital discharge in last 12 months
NFHS-5 Individual,v763d,na - had cs sti in last 12 months
NFHS-5 Individual,v763e,na - had cs sti in last 12 months
NFHS-5 Individual,v763f,na - had cs sti in last 12 months
NFHS-5 Individual,v763g,na - had cs sti in last 12 months
NFHS-5 Individual,v766a,"number of sex partners, excluding spouse, in last 12 months"
NFHS-5 Individual,v766b,"number of sex partners, including spouse, in last 12 months"
NFHS-5 Individual,v767a,relationship with most recent sex partner
NFHS-5 Individual,v767b,relationship with 2nd to most recent sex partner
NFHS-5 Individual,v767c,na - relationship with 3rd to most recent sex partner
NFHS-5 Individual,v768a,na - length of time knows last partner
NFHS-5 Individual,v768b,na - length of time knows other partner (1)
NFHS-5 Individual,v768c,na - length of time knows other partner (2)
NFHS-5 Individual,v769,can get a condom
NFHS-5 Individual,v769a,na - can get a female condom
NFHS-5 Individual,v770,sought advice/treatment for last sti infection
NFHS-5 Individual,v770a,sought sti advice/treatment from: government hospital
NFHS-5 Individual,v770b,sought sti advice/treatment from: public ayush
NFHS-5 Individual,v770c,sought sti advice/treatment from: government health center
NFHS-5 Individual,v770d,sought sti advice/treatment from: public stand-alone ictc
NFHS-5 Individual,v770e,sought sti advice/treatment from: public family planning clinic
NFHS-5 Individual,v770f,sought sti advice/treatment from: public mobile clinic
NFHS-5 Individual,v770g,sought sti advice/treatment from: public fieldworker
NFHS-5 Individual,v770h,sought sti advice/treatment from: public school based clinic
NFHS-5 Individual,v770i,na - sought sti advice/treatment from: cs public
NFHS-5 Individual,v770j,sought sti advice/treatment from: other public sector
NFHS-5 Individual,v770k,sought sti advice/treatment from: private hospital/clinic/doctor
NFHS-5 Individual,v770l,sought sti advice/treatment from: private ayush
NFHS-5 Individual,v770m,sought sti advice/treatment from: private stand-alone ictc
NFHS-5 Individual,v770n,sought sti advice/treatment from: private pharmacy
NFHS-5 Individual,v770o,sought sti advice/treatment from: private mobile clinic
NFHS-5 Individual,v770p,sought sti advice/treatment from: private fieldworker
NFHS-5 Individual,v770q,sought sti advice/treatment from: private school based clinic
NFHS-5 Individual,v770r,na - sought sti advice/treatment from: cs private
NFHS-5 Individual,v770s,sought sti advice/treatment from: other private health
NFHS-5 Individual,v770t,sought sti advice/treatment from: home
NFHS-5 Individual,v770u,sought sti advice/treatment from: correctional facility
NFHS-5 Individual,v770v,sought sti advice/treatment from: ngo or trust hospital / clinic
NFHS-5 Individual,v770w,na - sought sti advice/treatment from: cs other
NFHS-5 Individual,v770x,sought sti advice/treatment from: other
NFHS-5 Individual,v774a,hiv transmitted during pregnancy
NFHS-5 Individual,v774b,hiv transmitted during delivery
NFHS-5 Individual,v774c,hiv transmitted by breastfeeding
NFHS-5 Individual,v775,"na - knows someone who has, or is suspected of having, hiv"
NFHS-5 Individual,v777,would want hiv infection in family to remain secret
NFHS-5 Individual,v777a,na - would be ashamed if someone in the family had hiv
NFHS-5 Individual,v778,willing to care for relative with aids
NFHS-5 Individual,v779,"a female teacher infected with hiv, but is not sick, should be allowed to contin"
NFHS-5 Individual,v780,children should be taught about condoms to avoid aids
NFHS-5 Individual,v781,ever been tested for hiv
NFHS-5 Individual,v783,know a place to get hiv test
NFHS-5 Individual,v784a,place for hiv test: government hospital
NFHS-5 Individual,v784b,place for hiv test: government health center
NFHS-5 Individual,v784c,place for hiv test: stand-alone ictc
NFHS-5 Individual,v784d,place for hiv test: family planning clinic
NFHS-5 Individual,v784e,place for hiv test: mobile clinic
NFHS-5 Individual,v784f,place for hiv test: fieldworker
NFHS-5 Individual,v784g,place for hiv test: school based clinic
NFHS-5 Individual,v784h,place for hiv test: other public health sector
NFHS-5 Individual,v784i,na - place for hiv test: cs public
NFHS-5 Individual,v784j,na - place for hiv test: cs public
NFHS-5 Individual,v784k,place for hiv test: private hospital/clinic/doctor
NFHS-5 Individual,v784l,place for hiv test: stand-alone ictc
NFHS-5 Individual,v784m,place for hiv test: pharmacy
NFHS-5 Individual,v784n,place for hiv test: mobile clinic
NFHS-5 Individual,v784o,place for hiv test: fieldworker
NFHS-5 Individual,v784p,place for hiv test: school based clinic
NFHS-5 Individual,v784q,place for hiv test: other private health sector
NFHS-5 Individual,v784r,na - place for hiv test: cs private
NFHS-5 Individual,v784s,na - place for hiv test: cs private
NFHS-5 Individual,v784t,place for hiv test: home
NFHS-5 Individual,v784u,place for hiv test: correctional facility
NFHS-5 Individual,v784v,place for hiv test: ngo or trust hospital / clinic
NFHS-5 Individual,v784x,place for hiv test: other
NFHS-5 Individual,v785,heard about other stis
NFHS-5 Individual,v791a,"na - last 12 months had sex in return for gifts, cash or other"
NFHS-5 Individual,v820,condom used at first sex
NFHS-5 Individual,v821a,"most recent sex partner younger, the same age or older"
NFHS-5 Individual,v821b,"2nd to most recent sex partner younger, the same age or older"
NFHS-5 Individual,v821c,"na - 3rd to most recent sex partner younger, the same age or older"
NFHS-5 Individual,v822,na - wife justified asking husband to use condom if he has sti
NFHS-5 Individual,v823,na - can get hiv by witchcraft or supernatural means
NFHS-5 Individual,v824,drugs to avoid hiv transmission to baby during pregnancy
NFHS-5 Individual,v825,would buy vegetables from vendor with hiv
NFHS-5 Individual,v826,last time tested for hiv
NFHS-5 Individual,v826a,months ago most recent hiv test
NFHS-5 Individual,v827,"na - last hiv test: on your own, offered or required"
NFHS-5 Individual,v828,received result from last hiv test
NFHS-5 Individual,v829,place where last hiv test was taken
NFHS-5 Individual,v830,na - age of first sex partner
NFHS-5 Individual,v831,"na - first sex partner younger, same age or older"
NFHS-5 Individual,v832b,time since last sex with 2nd to most recent partner
NFHS-5 Individual,v832c,na - time since last sex with 3rd to most recent partner
NFHS-5 Individual,v833a,used condom every time had sex with most recent partner in last 12 months
NFHS-5 Individual,v833b,used condom every time had sex with 2nd to most recent partner in last 12 months
NFHS-5 Individual,v833c,na - used condom every time had sex with 3rd to most recent partner in last 12 m
NFHS-5 Individual,v834a,age of most recent partner
NFHS-5 Individual,v834b,age of 2nd to most recent partner
NFHS-5 Individual,v834c,na - age of 3rd to most recent partner
NFHS-5 Individual,v835a,na - alcohol consumption at last sex with most recent partner
NFHS-5 Individual,v835b,na - alcohol consumption at last sex with 2nd to most recent partner
NFHS-5 Individual,v835c,na - alcohol consumption at last sex with 3rd to most recent partner
NFHS-5 Individual,v836,total lifetime number of sex partners
NFHS-5 Individual,v837,heard of drugs to help hiv infected people live longer
NFHS-5 Individual,v838a,during antenatal visit talked about: hiv transmitted mother to child
NFHS-5 Individual,v838b,during antenatal visit talked about: things to do to prevent getting hiv
NFHS-5 Individual,v838c,during antenatal visit talked about: getting tested for hiv
NFHS-5 Individual,v839,offered hiv test as part of antenatal visit
NFHS-5 Individual,v839a,offered hiv test between the time went for delivery and before baby was born
NFHS-5 Individual,v840,tested for hiv as part of antenatal visit
NFHS-5 Individual,v840a,tested for hiv between the time went for delivery and before baby was born
NFHS-5 Individual,v841,got results of hiv test as part of antenatal visit
NFHS-5 Individual,v841a,got results of hiv test when tested before baby was born
NFHS-5 Individual,v842,place were hiv test was taken as part of antenatal visit
NFHS-5 Individual,v843,tested for hiv since antenatal visit test
NFHS-5 Individual,v844,"na - knows someone denied health services for having, or suspected of having, hi"
NFHS-5 Individual,v845,"na - knows someone denied social events for having, or suspected of having, hiv;"
NFHS-5 Individual,v846,"na - knows someone verbally abused for having, or suspected of having, hiv; in l"
NFHS-5 Individual,v847,na - people with hiv should be ashamed of themselves
NFHS-5 Individual,v848,na - people with hiv should be blamed for bringing disease to community
NFHS-5 Individual,v849,na - children 12-14 should be taught to wait for sex until marriage
NFHS-5 Individual,v850a,na - respondent can refuse sex
NFHS-5 Individual,v850b,na - respondent can ask partner to use a condom
NFHS-5 Individual,v851a,na - young men should wait for sex until marriage
NFHS-5 Individual,v851b,na - most young men wait for sex until marriage
NFHS-5 Individual,v851c,na - unmarried sexually active men should only having sex with one partner
NFHS-5 Individual,v851d,na - most unmarried sexually active men have only one partner
NFHS-5 Individual,v851e,na - married men should only have sex with their wives
NFHS-5 Individual,v851f,na - most married men only have sex with their wives
NFHS-5 Individual,v851g,na - young women should wait for sex until marriage
NFHS-5 Individual,v851h,na - most young women wait for sex until marriage
NFHS-5 Individual,v851i,na - unmarried sexually active women should have only one partner
NFHS-5 Individual,v851j,na - most unmarried sexually active women have only one partner
NFHS-5 Individual,v851k,na - married women should only have sex with their husbands
NFHS-5 Individual,v851l,na - most married women only have sex with their husbands
NFHS-5 Individual,v852a,how long ago first had sex with most recent partner
NFHS-5 Individual,v852b,how long ago first had sex with 2nd most recent partner
NFHS-5 Individual,v852c,na - how long ago first had sex with 3rd most recent partner
NFHS-5 Individual,v853a,times in last 12 months had sex with most recent partner
NFHS-5 Individual,v853b,times in last 12 months had sex with 2nd most recent partner
NFHS-5 Individual,v853c,na - times in last 12 months had sex with 3rd most recent partner
NFHS-5 Individual,v854a,na - point concurrent sexual partners
NFHS-5 Individual,v854b,na - cumulative concurrent sexual partners
NFHS-5 Individual,v855,received counseling after tested for aids during antenatal care
NFHS-5 Individual,v856,na - knowledge and use of hiv test kits
NFHS-5 Individual,v857a,na - children with hiv should be allowed to attend school with children without
NFHS-5 Individual,v857b,na - people hesitate to take hiv test because reaction of other people if positi
NFHS-5 Individual,v857c,na - people talk badly about people with or believed to have hiv
NFHS-5 Individual,v857d,na - people with or believed to have hiv lose respect from other people
NFHS-5 Individual,v858,na - would be afraid to get hiv from contact with saliva from infected person
NFHS-5 Individual,v801,time interview started (hhmm - 24 hour clock)
NFHS-5 Individual,v802,time interview ended (hhmm - 24 hour clock)
NFHS-5 Individual,v803,length of interview in minutes
NFHS-5 Individual,v804,number of visits
NFHS-5 Individual,v805,interviewer identification
NFHS-5 Individual,v806,na - keyer identification
NFHS-5 Individual,v811,presence of children < 10 for 'wife beating justified' questions
NFHS-5 Individual,v812,presence of husband for 'wife beating justified' questions
NFHS-5 Individual,v813,presence of other males for 'wife beating justified' questions
NFHS-5 Individual,v814,presence of other females for 'wife beating justified' questions
NFHS-5 Individual,v815a,presence of children < 10 during sexual activity section
NFHS-5 Individual,v815b,presence of male adults during sexual activity section
NFHS-5 Individual,v815c,presence of female adults during sexual activity section
NFHS-5 Individual,vcol_1,calendar column number
NFHS-5 Individual,vcol_2,calendar column number
NFHS-5 Individual,vcol_6,calendar column number
NFHS-5 Individual,vcol_7,calendar column number
NFHS-5 Individual,vcal_1,calendar
NFHS-5 Individual,vcal_2,calendar
NFHS-5 Individual,vcal_6,calendar
NFHS-5 Individual,vcal_7,calendar
NFHS-5 Individual,idxml_1,index to birth history
NFHS-5 Individual,idxml_2,index to birth history
NFHS-5 Individual,idxml_3,index to birth history
NFHS-5 Individual,idxml_4,index to birth history
NFHS-5 Individual,idxml_5,index to birth history
NFHS-5 Individual,idxml_6,index to birth history
NFHS-5 Individual,ml0_1,type of mosquito bed net(s) child slept under last night
NFHS-5 Individual,ml0_2,type of mosquito bed net(s) child slept under last night
NFHS-5 Individual,ml0_3,type of mosquito bed net(s) child slept under last night
NFHS-5 Individual,ml0_4,type of mosquito bed net(s) child slept under last night
NFHS-5 Individual,ml0_5,type of mosquito bed net(s) child slept under last night
NFHS-5 Individual,ml0_6,type of mosquito bed net(s) child slept under last night
NFHS-5 Individual,ml1_1,na - number of times took fansidar during pregnancy
NFHS-5 Individual,ml1_2,na - number of times took fansidar during pregnancy
NFHS-5 Individual,ml1_3,na - number of times took fansidar during pregnancy
NFHS-5 Individual,ml1_4,na - number of times took fansidar during pregnancy
NFHS-5 Individual,ml1_5,na - number of times took fansidar during pregnancy
NFHS-5 Individual,ml1_6,na - number of times took fansidar during pregnancy
NFHS-5 Individual,ml2_1,na - source of antimalarial during pregnancy
NFHS-5 Individual,ml2_2,na - source of antimalarial during pregnancy
NFHS-5 Individual,ml2_3,na - source of antimalarial during pregnancy
NFHS-5 Individual,ml2_4,na - source of antimalarial during pregnancy
NFHS-5 Individual,ml2_5,na - source of antimalarial during pregnancy
NFHS-5 Individual,ml2_6,na - source of antimalarial during pregnancy
NFHS-5 Individual,ml11_1,na - child has fever/cough now
NFHS-5 Individual,ml11_2,na - child has fever/cough now
NFHS-5 Individual,ml11_3,na - child has fever/cough now
NFHS-5 Individual,ml11_4,na - child has fever/cough now
NFHS-5 Individual,ml11_5,na - child has fever/cough now
NFHS-5 Individual,ml11_6,na - child has fever/cough now
NFHS-5 Individual,ml12_1,na - child has had convulsions in last 2 weeks
NFHS-5 Individual,ml12_2,na - child has had convulsions in last 2 weeks
NFHS-5 Individual,ml12_3,na - child has had convulsions in last 2 weeks
NFHS-5 Individual,ml12_4,na - child has had convulsions in last 2 weeks
NFHS-5 Individual,ml12_5,na - child has had convulsions in last 2 weeks
NFHS-5 Individual,ml12_6,na - child has had convulsions in last 2 weeks
NFHS-5 Individual,ml13a_1,fansidar taken for fever
NFHS-5 Individual,ml13a_2,fansidar taken for fever
NFHS-5 Individual,ml13a_3,fansidar taken for fever
NFHS-5 Individual,ml13a_4,fansidar taken for fever
NFHS-5 Individual,ml13a_5,fansidar taken for fever
NFHS-5 Individual,ml13a_6,fansidar taken for fever
NFHS-5 Individual,ml13b_1,chloroquine taken for fever
NFHS-5 Individual,ml13b_2,chloroquine taken for fever
NFHS-5 Individual,ml13b_3,chloroquine taken for fever
NFHS-5 Individual,ml13b_4,chloroquine taken for fever
NFHS-5 Individual,ml13b_5,chloroquine taken for fever
NFHS-5 Individual,ml13b_6,chloroquine taken for fever
NFHS-5 Individual,ml13c_1,na - amodiaquine taken for fever
NFHS-5 Individual,ml13c_2,na - amodiaquine taken for fever
NFHS-5 Individual,ml13c_3,na - amodiaquine taken for fever
NFHS-5 Individual,ml13c_4,na - amodiaquine taken for fever
NFHS-5 Individual,ml13c_5,na - amodiaquine taken for fever
NFHS-5 Individual,ml13c_6,na - amodiaquine taken for fever
NFHS-5 Individual,ml13d_1,quinine taken for fever
NFHS-5 Individual,ml13d_2,quinine taken for fever
NFHS-5 Individual,ml13d_3,quinine taken for fever
NFHS-5 Individual,ml13d_4,quinine taken for fever
NFHS-5 Individual,ml13d_5,quinine taken for fever
NFHS-5 Individual,ml13d_6,quinine taken for fever
NFHS-5 Individual,ml13da_1,na - quinine injection/iv taken for fever
NFHS-5 Individual,ml13da_2,na - quinine injection/iv taken for fever
NFHS-5 Individual,ml13da_3,na - quinine injection/iv taken for fever
NFHS-5 Individual,ml13da_4,na - quinine injection/iv taken for fever
NFHS-5 Individual,ml13da_5,na - quinine injection/iv taken for fever
NFHS-5 Individual,ml13da_6,na - quinine injection/iv taken for fever
NFHS-5 Individual,ml13e_1,combination with artemisinin taken for fever
NFHS-5 Individual,ml13e_2,combination with artemisinin taken for fever
NFHS-5 Individual,ml13e_3,combination with artemisinin taken for fever
NFHS-5 Individual,ml13e_4,combination with artemisinin taken for fever
NFHS-5 Individual,ml13e_5,combination with artemisinin taken for fever
NFHS-5 Individual,ml13e_6,combination with artemisinin taken for fever
NFHS-5 Individual,ml13aa_1,na - artesunate rectal taken for fever
NFHS-5 Individual,ml13aa_2,na - artesunate rectal taken for fever
NFHS-5 Individual,ml13aa_3,na - artesunate rectal taken for fever
NFHS-5 Individual,ml13aa_4,na - artesunate rectal taken for fever
NFHS-5 Individual,ml13aa_5,na - artesunate rectal taken for fever
NFHS-5 Individual,ml13aa_6,na - artesunate rectal taken for fever
NFHS-5 Individual,ml13ab_1,na - artesunate injection/iv taken for fever
NFHS-5 Individual,ml13ab_2,na - artesunate injection/iv taken for fever
NFHS-5 Individual,ml13ab_3,na - artesunate injection/iv taken for fever
NFHS-5 Individual,ml13ab_4,na - artesunate injection/iv taken for fever
NFHS-5 Individual,ml13ab_5,na - artesunate injection/iv taken for fever
NFHS-5 Individual,ml13ab_6,na - artesunate injection/iv taken for fever
NFHS-5 Individual,ml13f_1,primaquine taken for fever
NFHS-5 Individual,ml13f_2,primaquine taken for fever
NFHS-5 Individual,ml13f_3,primaquine taken for fever
NFHS-5 Individual,ml13f_4,primaquine taken for fever
NFHS-5 Individual,ml13f_5,primaquine taken for fever
NFHS-5 Individual,ml13f_6,primaquine taken for fever
NFHS-5 Individual,ml13g_1,unknown anti-malarial taken for fever
NFHS-5 Individual,ml13g_2,unknown anti-malarial taken for fever
NFHS-5 Individual,ml13g_3,unknown anti-malarial taken for fever
NFHS-5 Individual,ml13g_4,unknown anti-malarial taken for fever
NFHS-5 Individual,ml13g_5,unknown anti-malarial taken for fever
NFHS-5 Individual,ml13g_6,unknown anti-malarial taken for fever
NFHS-5 Individual,ml13h_1,other antimalarial taken for fever
NFHS-5 Individual,ml13h_2,other antimalarial taken for fever
NFHS-5 Individual,ml13h_3,other antimalarial taken for fever
NFHS-5 Individual,ml13h_4,other antimalarial taken for fever
NFHS-5 Individual,ml13h_5,other antimalarial taken for fever
NFHS-5 Individual,ml13h_6,other antimalarial taken for fever
NFHS-5 Individual,ml13i_1,na - antibiotic pill/syrup taken for fever
NFHS-5 Individual,ml13i_2,na - antibiotic pill/syrup taken for fever
NFHS-5 Individual,ml13i_3,na - antibiotic pill/syrup taken for fever
NFHS-5 Individual,ml13i_4,na - antibiotic pill/syrup taken for fever
NFHS-5 Individual,ml13i_5,na - antibiotic pill/syrup taken for fever
NFHS-5 Individual,ml13i_6,na - antibiotic pill/syrup taken for fever
NFHS-5 Individual,ml13j_1,na - antibiotic injection taken for fever
NFHS-5 Individual,ml13j_2,na - antibiotic injection taken for fever
NFHS-5 Individual,ml13j_3,na - antibiotic injection taken for fever
NFHS-5 Individual,ml13j_4,na - antibiotic injection taken for fever
NFHS-5 Individual,ml13j_5,na - antibiotic injection taken for fever
NFHS-5 Individual,ml13j_6,na - antibiotic injection taken for fever
NFHS-5 Individual,ml13k_1,aspirin taken for fever
NFHS-5 Individual,ml13k_2,aspirin taken for fever
NFHS-5 Individual,ml13k_3,aspirin taken for fever
NFHS-5 Individual,ml13k_4,aspirin taken for fever
NFHS-5 Individual,ml13k_5,aspirin taken for fever
NFHS-5 Individual,ml13k_6,aspirin taken for fever
NFHS-5 Individual,ml13l_1,acetaminophen/paracetamol/panadol taken for fever
NFHS-5 Individual,ml13l_2,acetaminophen/paracetamol/panadol taken for fever
NFHS-5 Individual,ml13l_3,acetaminophen/paracetamol/panadol taken for fever
NFHS-5 Individual,ml13l_4,acetaminophen/paracetamol/panadol taken for fever
NFHS-5 Individual,ml13l_5,acetaminophen/paracetamol/panadol taken for fever
NFHS-5 Individual,ml13l_6,acetaminophen/paracetamol/panadol taken for fever
NFHS-5 Individual,ml13m_1,ibuprofen taken for fever
NFHS-5 Individual,ml13m_2,ibuprofen taken for fever
NFHS-5 Individual,ml13m_3,ibuprofen taken for fever
NFHS-5 Individual,ml13m_4,ibuprofen taken for fever
NFHS-5 Individual,ml13m_5,ibuprofen taken for fever
NFHS-5 Individual,ml13m_6,ibuprofen taken for fever
NFHS-5 Individual,ml13n_1,antibiotic taken for fever
NFHS-5 Individual,ml13n_2,antibiotic taken for fever
NFHS-5 Individual,ml13n_3,antibiotic taken for fever
NFHS-5 Individual,ml13n_4,antibiotic taken for fever
NFHS-5 Individual,ml13n_5,antibiotic taken for fever
NFHS-5 Individual,ml13n_6,antibiotic taken for fever
NFHS-5 Individual,ml13o_1,na - cs other taken for fever
NFHS-5 Individual,ml13o_2,na - cs other taken for fever
NFHS-5 Individual,ml13o_3,na - cs other taken for fever
NFHS-5 Individual,ml13o_4,na - cs other taken for fever
NFHS-5 Individual,ml13o_5,na - cs other taken for fever
NFHS-5 Individual,ml13o_6,na - cs other taken for fever
NFHS-5 Individual,ml13p_1,na - cs other taken for fever
NFHS-5 Individual,ml13p_2,na - cs other taken for fever
NFHS-5 Individual,ml13p_3,na - cs other taken for fever
NFHS-5 Individual,ml13p_4,na - cs other taken for fever
NFHS-5 Individual,ml13p_5,na - cs other taken for fever
NFHS-5 Individual,ml13p_6,na - cs other taken for fever
NFHS-5 Individual,ml13x_1,other taken for fever
NFHS-5 Individual,ml13x_2,other taken for fever
NFHS-5 Individual,ml13x_3,other taken for fever
NFHS-5 Individual,ml13x_4,other taken for fever
NFHS-5 Individual,ml13x_5,other taken for fever
NFHS-5 Individual,ml13x_6,other taken for fever
NFHS-5 Individual,ml13y_1,nothing taken and didn't seek treatment for fever/cough
NFHS-5 Individual,ml13y_2,nothing taken and didn't seek treatment for fever/cough
NFHS-5 Individual,ml13y_3,nothing taken and didn't seek treatment for fever/cough
NFHS-5 Individual,ml13y_4,nothing taken and didn't seek treatment for fever/cough
NFHS-5 Individual,ml13y_5,nothing taken and didn't seek treatment for fever/cough
NFHS-5 Individual,ml13y_6,nothing taken and didn't seek treatment for fever/cough
NFHS-5 Individual,ml13z_1,don't know if or what was taken for fever
NFHS-5 Individual,ml13z_2,don't know if or what was taken for fever
NFHS-5 Individual,ml13z_3,don't know if or what was taken for fever
NFHS-5 Individual,ml13z_4,don't know if or what was taken for fever
NFHS-5 Individual,ml13z_5,don't know if or what was taken for fever
NFHS-5 Individual,ml13z_6,don't know if or what was taken for fever
NFHS-5 Individual,ml14a_1,na - injection given for fever/convulsion
NFHS-5 Individual,ml14a_2,na - injection given for fever/convulsion
NFHS-5 Individual,ml14a_3,na - injection given for fever/convulsion
NFHS-5 Individual,ml14a_4,na - injection given for fever/convulsion
NFHS-5 Individual,ml14a_5,na - injection given for fever/convulsion
NFHS-5 Individual,ml14a_6,na - injection given for fever/convulsion
NFHS-5 Individual,ml14b_1,na - suppository given for fever/convulsion
NFHS-5 Individual,ml14b_2,na - suppository given for fever/convulsion
NFHS-5 Individual,ml14b_3,na - suppository given for fever/convulsion
NFHS-5 Individual,ml14b_4,na - suppository given for fever/convulsion
NFHS-5 Individual,ml14b_5,na - suppository given for fever/convulsion
NFHS-5 Individual,ml14b_6,na - suppository given for fever/convulsion
NFHS-5 Individual,ml14y_1,na - no suppository or injection given for fever/convulsion
NFHS-5 Individual,ml14y_2,na - no suppository or injection given for fever/convulsion
NFHS-5 Individual,ml14y_3,na - no suppository or injection given for fever/convulsion
NFHS-5 Individual,ml14y_4,na - no suppository or injection given for fever/convulsion
NFHS-5 Individual,ml14y_5,na - no suppository or injection given for fever/convulsion
NFHS-5 Individual,ml14y_6,na - no suppository or injection given for fever/convulsion
NFHS-5 Individual,ml14z_1,na - don't know if suppository or injection given for fever/convulsion
NFHS-5 Individual,ml14z_2,na - don't know if suppository or injection given for fever/convulsion
NFHS-5 Individual,ml14z_3,na - don't know if suppository or injection given for fever/convulsion
NFHS-5 Individual,ml14z_4,na - don't know if suppository or injection given for fever/convulsion
NFHS-5 Individual,ml14z_5,na - don't know if suppository or injection given for fever/convulsion
NFHS-5 Individual,ml14z_6,na - don't know if suppository or injection given for fever/convulsion
NFHS-5 Individual,ml15a_1,timing of start of fansidar
NFHS-5 Individual,ml15a_2,timing of start of fansidar
NFHS-5 Individual,ml15a_3,timing of start of fansidar
NFHS-5 Individual,ml15a_4,timing of start of fansidar
NFHS-5 Individual,ml15a_5,timing of start of fansidar
NFHS-5 Individual,ml15a_6,timing of start of fansidar
NFHS-5 Individual,ml15b_1,na - number of days child took fansidar
NFHS-5 Individual,ml15b_2,na - number of days child took fansidar
NFHS-5 Individual,ml15b_3,na - number of days child took fansidar
NFHS-5 Individual,ml15b_4,na - number of days child took fansidar
NFHS-5 Individual,ml15b_5,na - number of days child took fansidar
NFHS-5 Individual,ml15b_6,na - number of days child took fansidar
NFHS-5 Individual,ml15c_1,na - first source for fansidar
NFHS-5 Individual,ml15c_2,na - first source for fansidar
NFHS-5 Individual,ml15c_3,na - first source for fansidar
NFHS-5 Individual,ml15c_4,na - first source for fansidar
NFHS-5 Individual,ml15c_5,na - first source for fansidar
NFHS-5 Individual,ml15c_6,na - first source for fansidar
NFHS-5 Individual,ml16a_1,timing of start of chloroquine
NFHS-5 Individual,ml16a_2,timing of start of chloroquine
NFHS-5 Individual,ml16a_3,timing of start of chloroquine
NFHS-5 Individual,ml16a_4,timing of start of chloroquine
NFHS-5 Individual,ml16a_5,timing of start of chloroquine
NFHS-5 Individual,ml16a_6,timing of start of chloroquine
NFHS-5 Individual,ml16b_1,na - number of days child took chloroquine
NFHS-5 Individual,ml16b_2,na - number of days child took chloroquine
NFHS-5 Individual,ml16b_3,na - number of days child took chloroquine
NFHS-5 Individual,ml16b_4,na - number of days child took chloroquine
NFHS-5 Individual,ml16b_5,na - number of days child took chloroquine
NFHS-5 Individual,ml16b_6,na - number of days child took chloroquine
NFHS-5 Individual,ml16c_1,na - first source for chloroquine
NFHS-5 Individual,ml16c_2,na - first source for chloroquine
NFHS-5 Individual,ml16c_3,na - first source for chloroquine
NFHS-5 Individual,ml16c_4,na - first source for chloroquine
NFHS-5 Individual,ml16c_5,na - first source for chloroquine
NFHS-5 Individual,ml16c_6,na - first source for chloroquine
NFHS-5 Individual,ml17a_1,na - timing of start of amodiaquine
NFHS-5 Individual,ml17a_2,na - timing of start of amodiaquine
NFHS-5 Individual,ml17a_3,na - timing of start of amodiaquine
NFHS-5 Individual,ml17a_4,na - timing of start of amodiaquine
NFHS-5 Individual,ml17a_5,na - timing of start of amodiaquine
NFHS-5 Individual,ml17a_6,na - timing of start of amodiaquine
NFHS-5 Individual,ml17b_1,na - number of days child took amodiaquine
NFHS-5 Individual,ml17b_2,na - number of days child took amodiaquine
NFHS-5 Individual,ml17b_3,na - number of days child took amodiaquine
NFHS-5 Individual,ml17b_4,na - number of days child took amodiaquine
NFHS-5 Individual,ml17b_5,na - number of days child took amodiaquine
NFHS-5 Individual,ml17b_6,na - number of days child took amodiaquine
NFHS-5 Individual,ml17c_1,na - first source for amodiaquine
NFHS-5 Individual,ml17c_2,na - first source for amodiaquine
NFHS-5 Individual,ml17c_3,na - first source for amodiaquine
NFHS-5 Individual,ml17c_4,na - first source for amodiaquine
NFHS-5 Individual,ml17c_5,na - first source for amodiaquine
NFHS-5 Individual,ml17c_6,na - first source for amodiaquine
NFHS-5 Individual,ml18a_1,timing of start of quinine
NFHS-5 Individual,ml18a_2,timing of start of quinine
NFHS-5 Individual,ml18a_3,timing of start of quinine
NFHS-5 Individual,ml18a_4,timing of start of quinine
NFHS-5 Individual,ml18a_5,timing of start of quinine
NFHS-5 Individual,ml18a_6,timing of start of quinine
NFHS-5 Individual,ml18b_1,na - number of days child took quinine
NFHS-5 Individual,ml18b_2,na - number of days child took quinine
NFHS-5 Individual,ml18b_3,na - number of days child took quinine
NFHS-5 Individual,ml18b_4,na - number of days child took quinine
NFHS-5 Individual,ml18b_5,na - number of days child took quinine
NFHS-5 Individual,ml18b_6,na - number of days child took quinine
NFHS-5 Individual,ml18c_1,na - first source for quinine
NFHS-5 Individual,ml18c_2,na - first source for quinine
NFHS-5 Individual,ml18c_3,na - first source for quinine
NFHS-5 Individual,ml18c_4,na - first source for quinine
NFHS-5 Individual,ml18c_5,na - first source for quinine
NFHS-5 Individual,ml18c_6,na - first source for quinine
NFHS-5 Individual,ml19a_1,na - for fever/convulsion: consulted traditional healer
NFHS-5 Individual,ml19a_2,na - for fever/convulsion: consulted traditional healer
NFHS-5 Individual,ml19a_3,na - for fever/convulsion: consulted traditional healer
NFHS-5 Individual,ml19a_4,na - for fever/convulsion: consulted traditional healer
NFHS-5 Individual,ml19a_5,na - for fever/convulsion: consulted traditional healer
NFHS-5 Individual,ml19a_6,na - for fever/convulsion: consulted traditional healer
NFHS-5 Individual,ml19b_1,na - for fever/convulsion: gave tepid sponging
NFHS-5 Individual,ml19b_2,na - for fever/convulsion: gave tepid sponging
NFHS-5 Individual,ml19b_3,na - for fever/convulsion: gave tepid sponging
NFHS-5 Individual,ml19b_4,na - for fever/convulsion: gave tepid sponging
NFHS-5 Individual,ml19b_5,na - for fever/convulsion: gave tepid sponging
NFHS-5 Individual,ml19b_6,na - for fever/convulsion: gave tepid sponging
NFHS-5 Individual,ml19c_1,na - for fever/convulsion: gave herbs
NFHS-5 Individual,ml19c_2,na - for fever/convulsion: gave herbs
NFHS-5 Individual,ml19c_3,na - for fever/convulsion: gave herbs
NFHS-5 Individual,ml19c_4,na - for fever/convulsion: gave herbs
NFHS-5 Individual,ml19c_5,na - for fever/convulsion: gave herbs
NFHS-5 Individual,ml19c_6,na - for fever/convulsion: gave herbs
NFHS-5 Individual,ml19d_1,na - for fever/convulsion: cs
NFHS-5 Individual,ml19d_2,na - for fever/convulsion: cs
NFHS-5 Individual,ml19d_3,na - for fever/convulsion: cs
NFHS-5 Individual,ml19d_4,na - for fever/convulsion: cs
NFHS-5 Individual,ml19d_5,na - for fever/convulsion: cs
NFHS-5 Individual,ml19d_6,na - for fever/convulsion: cs
NFHS-5 Individual,ml19e_1,na - for fever/convulsion: cs
NFHS-5 Individual,ml19e_2,na - for fever/convulsion: cs
NFHS-5 Individual,ml19e_3,na - for fever/convulsion: cs
NFHS-5 Individual,ml19e_4,na - for fever/convulsion: cs
NFHS-5 Individual,ml19e_5,na - for fever/convulsion: cs
NFHS-5 Individual,ml19e_6,na - for fever/convulsion: cs
NFHS-5 Individual,ml19f_1,na - for fever/convulsion: cs
NFHS-5 Individual,ml19f_2,na - for fever/convulsion: cs
NFHS-5 Individual,ml19f_3,na - for fever/convulsion: cs
NFHS-5 Individual,ml19f_4,na - for fever/convulsion: cs
NFHS-5 Individual,ml19f_5,na - for fever/convulsion: cs
NFHS-5 Individual,ml19f_6,na - for fever/convulsion: cs
NFHS-5 Individual,ml19x_1,na - for fever/convulsion: other
NFHS-5 Individual,ml19x_2,na - for fever/convulsion: other
NFHS-5 Individual,ml19x_3,na - for fever/convulsion: other
NFHS-5 Individual,ml19x_4,na - for fever/convulsion: other
NFHS-5 Individual,ml19x_5,na - for fever/convulsion: other
NFHS-5 Individual,ml19x_6,na - for fever/convulsion: other
NFHS-5 Individual,ml19y_1,na - for fever/convulsion: gave/did nothing
NFHS-5 Individual,ml19y_2,na - for fever/convulsion: gave/did nothing
NFHS-5 Individual,ml19y_3,na - for fever/convulsion: gave/did nothing
NFHS-5 Individual,ml19y_4,na - for fever/convulsion: gave/did nothing
NFHS-5 Individual,ml19y_5,na - for fever/convulsion: gave/did nothing
NFHS-5 Individual,ml19y_6,na - for fever/convulsion: gave/did nothing
NFHS-5 Individual,ml19z_1,na - for fever/convulsion: don't know if something else was done
NFHS-5 Individual,ml19z_2,na - for fever/convulsion: don't know if something else was done
NFHS-5 Individual,ml19z_3,na - for fever/convulsion: don't know if something else was done
NFHS-5 Individual,ml19z_4,na - for fever/convulsion: don't know if something else was done
NFHS-5 Individual,ml19z_5,na - for fever/convulsion: don't know if something else was done
NFHS-5 Individual,ml19z_6,na - for fever/convulsion: don't know if something else was done
NFHS-5 Individual,ml20a_1,timing of start of combination with artemisinin
NFHS-5 Individual,ml20a_2,timing of start of combination with artemisinin
NFHS-5 Individual,ml20a_3,timing of start of combination with artemisinin
NFHS-5 Individual,ml20a_4,timing of start of combination with artemisinin
NFHS-5 Individual,ml20a_5,timing of start of combination with artemisinin
NFHS-5 Individual,ml20a_6,timing of start of combination with artemisinin
NFHS-5 Individual,ml20b_1,na - number of days child took combination with artemisinin
NFHS-5 Individual,ml20b_2,na - number of days child took combination with artemisinin
NFHS-5 Individual,ml20b_3,na - number of days child took combination with artemisinin
NFHS-5 Individual,ml20b_4,na - number of days child took combination with artemisinin
NFHS-5 Individual,ml20b_5,na - number of days child took combination with artemisinin
NFHS-5 Individual,ml20b_6,na - number of days child took combination with artemisinin
NFHS-5 Individual,ml20c_1,na - first source for combination with artemisinin
NFHS-5 Individual,ml20c_2,na - first source for combination with artemisinin
NFHS-5 Individual,ml20c_3,na - first source for combination with artemisinin
NFHS-5 Individual,ml20c_4,na - first source for combination with artemisinin
NFHS-5 Individual,ml20c_5,na - first source for combination with artemisinin
NFHS-5 Individual,ml20c_6,na - first source for combination with artemisinin
NFHS-5 Individual,ml21a_1,timing of start of primaquine use
NFHS-5 Individual,ml21a_2,timing of start of primaquine use
NFHS-5 Individual,ml21a_3,timing of start of primaquine use
NFHS-5 Individual,ml21a_4,timing of start of primaquine use
NFHS-5 Individual,ml21a_5,timing of start of primaquine use
NFHS-5 Individual,ml21a_6,timing of start of primaquine use
NFHS-5 Individual,ml21b_1,na - number of days child took cs antimalarial
NFHS-5 Individual,ml21b_2,na - number of days child took cs antimalarial
NFHS-5 Individual,ml21b_3,na - number of days child took cs antimalarial
NFHS-5 Individual,ml21b_4,na - number of days child took cs antimalarial
NFHS-5 Individual,ml21b_5,na - number of days child took cs antimalarial
NFHS-5 Individual,ml21b_6,na - number of days child took cs antimalarial
NFHS-5 Individual,ml21c_1,na - first source for cs antimalarial
NFHS-5 Individual,ml21c_2,na - first source for cs antimalarial
NFHS-5 Individual,ml21c_3,na - first source for cs antimalarial
NFHS-5 Individual,ml21c_4,na - first source for cs antimalarial
NFHS-5 Individual,ml21c_5,na - first source for cs antimalarial
NFHS-5 Individual,ml21c_6,na - first source for cs antimalarial
NFHS-5 Individual,ml22a_1,timing of start of unknown anitmalarial use
NFHS-5 Individual,ml22a_2,timing of start of unknown anitmalarial use
NFHS-5 Individual,ml22a_3,timing of start of unknown anitmalarial use
NFHS-5 Individual,ml22a_4,timing of start of unknown anitmalarial use
NFHS-5 Individual,ml22a_5,timing of start of unknown anitmalarial use
NFHS-5 Individual,ml22a_6,timing of start of unknown anitmalarial use
NFHS-5 Individual,ml22b_1,na - number of days child took cs antimalarial
NFHS-5 Individual,ml22b_2,na - number of days child took cs antimalarial
NFHS-5 Individual,ml22b_3,na - number of days child took cs antimalarial
NFHS-5 Individual,ml22b_4,na - number of days child took cs antimalarial
NFHS-5 Individual,ml22b_5,na - number of days child took cs antimalarial
NFHS-5 Individual,ml22b_6,na - number of days child took cs antimalarial
NFHS-5 Individual,ml22c_1,na - first source for cs antimalarial
NFHS-5 Individual,ml22c_2,na - first source for cs antimalarial
NFHS-5 Individual,ml22c_3,na - first source for cs antimalarial
NFHS-5 Individual,ml22c_4,na - first source for cs antimalarial
NFHS-5 Individual,ml22c_5,na - first source for cs antimalarial
NFHS-5 Individual,ml22c_6,na - first source for cs antimalarial
NFHS-5 Individual,ml23a_1,timing of start of other anti-malarial use
NFHS-5 Individual,ml23a_2,timing of start of other anti-malarial use
NFHS-5 Individual,ml23a_3,timing of start of other anti-malarial use
NFHS-5 Individual,ml23a_4,timing of start of other anti-malarial use
NFHS-5 Individual,ml23a_5,timing of start of other anti-malarial use
NFHS-5 Individual,ml23a_6,timing of start of other anti-malarial use
NFHS-5 Individual,ml23b_1,na - number of days child took other anti-malarial
NFHS-5 Individual,ml23b_2,na - number of days child took other anti-malarial
NFHS-5 Individual,ml23b_3,na - number of days child took other anti-malarial
NFHS-5 Individual,ml23b_4,na - number of days child took other anti-malarial
NFHS-5 Individual,ml23b_5,na - number of days child took other anti-malarial
NFHS-5 Individual,ml23b_6,na - number of days child took other anti-malarial
NFHS-5 Individual,ml23c_1,na - first source for other anti-malarial
NFHS-5 Individual,ml23c_2,na - first source for other anti-malarial
NFHS-5 Individual,ml23c_3,na - first source for other anti-malarial
NFHS-5 Individual,ml23c_4,na - first source for other anti-malarial
NFHS-5 Individual,ml23c_5,na - first source for other anti-malarial
NFHS-5 Individual,ml23c_6,na - first source for other anti-malarial
NFHS-5 Individual,ml24c_1,na - first source for antibiotic pill/syrup
NFHS-5 Individual,ml24c_2,na - first source for antibiotic pill/syrup
NFHS-5 Individual,ml24c_3,na - first source for antibiotic pill/syrup
NFHS-5 Individual,ml24c_4,na - first source for antibiotic pill/syrup
NFHS-5 Individual,ml24c_5,na - first source for antibiotic pill/syrup
NFHS-5 Individual,ml24c_6,na - first source for antibiotic pill/syrup
NFHS-5 Individual,ml25a_1,na - timing of start of artesunate
NFHS-5 Individual,ml25a_2,na - timing of start of artesunate
NFHS-5 Individual,ml25a_3,na - timing of start of artesunate
NFHS-5 Individual,ml25a_4,na - timing of start of artesunate
NFHS-5 Individual,ml25a_5,na - timing of start of artesunate
NFHS-5 Individual,ml25a_6,na - timing of start of artesunate
NFHS-5 Individual,d005,weight for domestic violence (6 decimals)
NFHS-5 Individual,d101a,husband/partner jealous if respondent talks with other men
NFHS-5 Individual,d101b,husband/partner accuses respondent of unfaithfulness
NFHS-5 Individual,d101c,husband/partner does not permit respondent to meet female friends
NFHS-5 Individual,d101d,husband/partner tries to limit respondent's contact with family
NFHS-5 Individual,d101e,husband/partner insists on knowing where respondent is
NFHS-5 Individual,d101f,husband/partner doesn't trust respondent with money
NFHS-5 Individual,d101g,na - cs control issue
NFHS-5 Individual,d101h,na - cs control issue
NFHS-5 Individual,d101i,na - cs control issue
NFHS-5 Individual,d101j,na - cs control issue
NFHS-5 Individual,d102,number of control issues answered 'yes'  (d101x = 1)
NFHS-5 Individual,d103a,ever been humiliated by husband/partner
NFHS-5 Individual,d103b,ever been threatened with harm by husband/partner
NFHS-5 Individual,d103c,ever been insulted or made to feel bad by husband/partner
NFHS-5 Individual,d103d,na - ever cs emotional abuse by husband/partner
NFHS-5 Individual,d103e,na - ever cs emotional abuse by husband/partner
NFHS-5 Individual,d103f,na - ever cs emotional abuse by husband/partner
NFHS-5 Individual,d104,experienced any emotional violence (d103x series)
NFHS-5 Individual,d105a,"ever been pushed, shook or had something thrown by husband/partner"
NFHS-5 Individual,d105b,ever been slapped by husband/partner
NFHS-5 Individual,d105c,ever been punched with fist or hit by something harmful by husband/partner
NFHS-5 Individual,d105d,ever been kicked or dragged by husband/partner
NFHS-5 Individual,d105e,ever been strangled or burnt by husband/partner
NFHS-5 Individual,d105f,ever been threatened with knife/gun or other weapon by husband/partner
NFHS-5 Individual,d105g,na - ever cs physical violence by husband/partner
NFHS-5 Individual,d105h,ever been physically forced into unwanted sex by husband/partner
NFHS-5 Individual,d105i,ever been forced into other unwanted sexual acts by husband/partner
NFHS-5 Individual,d105j,ever had arm twisted or hair pulled by husband/partner
NFHS-5 Individual,d105k,ever been physically forced to perform sexual acts respondent didn't want to
NFHS-5 Individual,d105l,na - ever cs physical violence by husband/partner
NFHS-5 Individual,d105m,na - ever cs physical violence by husband/partner
NFHS-5 Individual,d105n,na - ever cs physical violence by husband/partner
NFHS-5 Individual,d106,"experienced any less severe violence (d105a-c,j) by husband/partner"
NFHS-5 Individual,d107,experienced any severe violence (d105d-f) by husband/partner
NFHS-5 Individual,d108,"experienced any sexual violence (d105h-i,k) by husband/partner"
NFHS-5 Individual,d109,timing of first event (from d105 series) in years after marriage
NFHS-5 Individual,d110a,ever had bruises because of husband/partner's actions
NFHS-5 Individual,d110b,"ever had eye injuries, sprains, dislocations or burns because of husband/partner"
NFHS-5 Individual,d110c,na - ever went to health facility because of husband/partner's actions
NFHS-5 Individual,d110d,"ever had wounds, broken bones, broken teeth or other serious injury because of h"
NFHS-5 Individual,d110e,ever had severe burns
NFHS-5 Individual,d110f,na - cs because of husband/partner's actions
NFHS-5 Individual,d110g,na - cs because of husband/partner's actions
NFHS-5 Individual,d110h,na - cs because of husband/partner's actions
NFHS-5 Individual,d111,experienced any of listed husband/partner's actions (d110x series)
NFHS-5 Individual,d112,respondent ever physically hurt husband/partner when he was not hurting her
NFHS-5 Individual,d112a,frequency of physically hurting husband/partner in last 12 months
NFHS-5 Individual,d113,husband/partner drinks alcohol
NFHS-5 Individual,d114,frequency of husband/partner being drunk
NFHS-5 Individual,d115b,mother: person who has ever physically hurt respondent
NFHS-5 Individual,d115c,father: person who has ever physically hurt respondent
NFHS-5 Individual,d115d,daughter/son: person who has ever physically hurt respondent
NFHS-5 Individual,d115e,na - son: person who has ever physically hurt respondent
NFHS-5 Individual,d115f,sister/brother: person who has ever physically hurt respondent
NFHS-5 Individual,d115g,other relative: person who has ever physically hurt respondent
NFHS-5 Individual,d115h,na - other female family: person who has ever physically hurt respondent
NFHS-5 Individual,d115i,na - other male family: person who has ever physically hurt respondent
NFHS-5 Individual,d115j,na - former partner: person who has ever physically hurt respondent
NFHS-5 Individual,d115k,current boyfriend: person who has ever physically hurt respondent
NFHS-5 Individual,d115l,former boyfriend: person who has ever physically hurt respondent
NFHS-5 Individual,d115m,na - step-mother: person who has ever physically hurt respondent
NFHS-5 Individual,d115n,na - step-father: person who has ever physically hurt respondent
NFHS-5 Individual,d115o,mother-in-law: person who has ever physically hurt respondent
NFHS-5 Individual,d115p,father-in-law: person who has ever physically hurt respondent
NFHS-5 Individual,d115q,other in-law: person who has ever physically hurt respondent
NFHS-5 Individual,d115r,na - other male in-law: person who has ever physically hurt respondent
NFHS-5 Individual,d115s,na - female friend: person who has ever physically hurt respondent
NFHS-5 Individual,d115t,na - male friend: person who has ever physically hurt respondent
NFHS-5 Individual,d115u,na - neighbor: person who has ever physically hurt respondent
NFHS-5 Individual,d115v,teacher: person who has ever physically hurt respondent
NFHS-5 Individual,d115w,employer: person who has ever physically hurt respondent
NFHS-5 Individual,d115x,other: person who has ever physically hurt respondent
NFHS-5 Individual,d115y,no person other than husband/partner ever physically hurt respondent
NFHS-5 Individual,d115xa,na - stranger: person who has ever physically hurt respondent
NFHS-5 Individual,d115xb,na - other female in-law/family: person who has ever physically hurt respondent
NFHS-5 Individual,d115xc,na - other male in-law/family: person who has ever physically hurt respondent
NFHS-5 Individual,d115xd,na - friend: person who has ever physically hurt respondent
NFHS-5 Individual,d115xe,police: person who has ever physically hurt respondent
NFHS-5 Individual,d115xf,na - religious leader: person who has ever physically hurt respondent
NFHS-5 Individual,d115xg,na - lawyer: person who has ever physically hurt respondent
NFHS-5 Individual,d115xh,na - doctor: person who has ever physically hurt respondent
NFHS-5 Individual,d115xi,na - cs: person who has ever physically hurt respondent
NFHS-5 Individual,d115xj,na - cs: person who has ever physically hurt respondent
NFHS-5 Individual,d115xk,na - cs: person who has ever physically hurt respondent
NFHS-5 Individual,d116,na - person who hurt respondent most often
NFHS-5 Individual,d117a,frequency of being hit in last 12 months by other than husband/partner
NFHS-5 Individual,d118a,husband/partner: person who hurt respondent during a pregnancy
NFHS-5 Individual,d118b,na - mother: person who hurt respondent during a pregnancy
NFHS-5 Individual,d118c,father/step-father: person who hurt respondent during a pregnancy
NFHS-5 Individual,d118d,na - daughter/son: person who hurt respondent during a pregnancy
NFHS-5 Individual,d118e,na - son alone: person who hurt respondent during a pregnancy
NFHS-5 Individual,d118f,sister/brother: person who hurt respondent during a pregnancy
NFHS-5 Individual,d118g,other relative: person who hurt respondent during a pregnancy
NFHS-5 Individual,d118h,na - other female family: person who hurt respondent during a pregnancy
NFHS-5 Individual,d118i,na - other male family: person who hurt respondent during a pregnancy
NFHS-5 Individual,d118j,former husband/partner: person who hurt respondent during a pregnancy
NFHS-5 Individual,d118k,current boyfriend: person who hurt respondent during a pregnancy
NFHS-5 Individual,d118l,na - former boyfriend: person who hurt respondent during a pregnancy
NFHS-5 Individual,d118m,na - step-mother: person who hurt respondent during a pregnancy
NFHS-5 Individual,d118n,na - step-father: person who hurt respondent during a pregnancy
NFHS-5 Individual,d118o,na - mother-in-law: person who hurt respondent during a pregnancy
NFHS-5 Individual,d118p,na - father-in-law: person who hurt respondent during a pregnancy
NFHS-5 Individual,d118q,other in-law: person who hurt respondent during a pregnancy
NFHS-5 Individual,d118r,na - other female/male in-law: person who hurt respondent during a pregnancy
NFHS-5 Individual,d118s,na - female friend: person who hurt respondent during a pregnancy
NFHS-5 Individual,d118t,na - male friend: person who hurt respondent during a pregnancy
NFHS-5 Individual,d118u,na - neighbor: person who hurt respondent during a pregnancy
NFHS-5 Individual,d118v,teacher: person who hurt respondent during a pregnancy
NFHS-5 Individual,d118w,employer: person who hurt respondent during a pregnancy
NFHS-5 Individual,d118x,other: person who hurt respondent during a pregnancy
NFHS-5 Individual,d118y,respondent was not hurt by anyone during a pregnancy
NFHS-5 Individual,d118xa,stranger: person who hurt respondent during a pregnancy
NFHS-5 Individual,d118xb,na - other female in-law/family: person who hurt respondent during a pregnancy
NFHS-5 Individual,d118xc,na - other male in-law/family: person who hurt respondent during a pregnancy
NFHS-5 Individual,d118xd,friend: person who hurt respondent during a pregnancy
NFHS-5 Individual,d118xe,police: person who hurt respondent during a pregnancy
NFHS-5 Individual,d118xf,religious leader: person who hurt respondent during a pregnancy
NFHS-5 Individual,d118xg,na - lawyer: person who hurt respondent during a pregnancy
NFHS-5 Individual,d118xh,na - doctor: person who hurt respondent during a pregnancy
NFHS-5 Individual,d118xi,family friend: person who hurt respondent during a pregnancy
NFHS-5 Individual,d118xj,na - cs: person who hurt respondent during a pregnancy
NFHS-5 Individual,d118xk,na - cs: person who hurt respondent during a pregnancy
NFHS-5 Individual,d119a,na - husband/partner: person respondent went to seek help
NFHS-5 Individual,d119b,na - mother: person respondent went to seek help
NFHS-5 Individual,d119c,na - father: person respondent went to seek help
NFHS-5 Individual,d119d,na - daughter: person respondent went to seek help
NFHS-5 Individual,d119e,na - son: person respondent went to seek help
NFHS-5 Individual,d119f,na - sister: person respondent went to seek help
NFHS-5 Individual,d119g,na - brother: person respondent went to seek help
NFHS-5 Individual,d119h,own family: person respondent went to seek help
NFHS-5 Individual,d119i,husband/partner family: person respondent went to seek help
NFHS-5 Individual,d119j,current/former husband/partner: person respondent went to seek help
NFHS-5 Individual,d119k,current/former boyfriend: person respondent went to seek help
NFHS-5 Individual,d119l,na - former boyfriend alone: person respondent went to seek help
NFHS-5 Individual,d119m,na - step-mother: person respondent went to seek help
NFHS-5 Individual,d119n,na - step-father: person respondent went to seek help
NFHS-5 Individual,d119o,na - mother-in-law: person respondent went to seek help
NFHS-5 Individual,d119p,na - father-in-law: person respondent went to seek help
NFHS-5 Individual,d119q,na - other female in-law: person respondent went to seek help
NFHS-5 Individual,d119r,na - other male in-law: person respondent went to seek help
NFHS-5 Individual,d119s,na - female friend: person respondent went to seek help
NFHS-5 Individual,d119t,na - male friend: person respondent went to seek help
NFHS-5 Individual,d119u,neighbor: person respondent went to seek help
NFHS-5 Individual,d119v,na - teacher: person respondent went to seek help
NFHS-5 Individual,d119w,na - employer: person respondent went to seek help
NFHS-5 Individual,d119x,other: person respondent went to seek help
NFHS-5 Individual,d119y,respondent did not seek help from anyone
NFHS-5 Individual,d119xa,na - stranger: person respondent went to seek help
NFHS-5 Individual,d119xb,social service organization: person respondent went to seek help
NFHS-5 Individual,d119xc,na - cs: person respondent went to seek help
NFHS-5 Individual,d119xd,friend: person respondent went to seek help
NFHS-5 Individual,d119xe,police: person respondent went to seek help
NFHS-5 Individual,d119xf,religious leader: person respondent went to seek help
NFHS-5 Individual,d119xg,lawyer: person respondent went to seek help
NFHS-5 Individual,d119xh,doctor: person respondent went to seek help
NFHS-5 Individual,d119xi,na - cs: person respondent went to seek help
NFHS-5 Individual,d119xj,na - cs: person respondent went to seek help
NFHS-5 Individual,d119xk,na - cs: person respondent went to seek help
NFHS-5 Individual,d120,na - main reason never sought help
NFHS-5 Individual,d121,respondent's father ever beat her mother
NFHS-5 Individual,d122a,interview interrupted: husband's presence
NFHS-5 Individual,d122b,interview interrupted: other adult male's presence
NFHS-5 Individual,d122c,interview interrupted: adult female's presence
NFHS-5 Individual,d123,na - first sex was wanted or forced
NFHS-5 Individual,d124,ever forced to have sex by anyone other than husband/partner in last 12 months
NFHS-5 Individual,d125,ever forced to perform unwanted sexual acts
NFHS-5 Individual,d126,age at first forced sexual act
NFHS-5 Individual,d127,person who forced respondent into first sexual act
NFHS-5 Individual,d128,ever told anyone else about violence
NFHS-5 Individual,d129,"respondent afraid of husband/partner most of the time, sometimes or never"
NFHS-5 Individual,d130a,"previous husband: ever hit, slap, kick or physically hurt respondent"
NFHS-5 Individual,d130b,previous husband: physically forced to have sex or to perform sexual acts
NFHS-5 Individual,d130c,"previous husband: humiliate, threaten to hurt, insult or make feel bad"
NFHS-5 Individual,ssmod,household selected for the state module
NFHS-5 Individual,sdist,district
NFHS-5 Individual,sphase,survey phase
NFHS-5 Individual,sweight,sample weight (6 decimals) (state level)
NFHS-5 Individual,sdweight,domestic violence weight (6 decimals) (state level)
NFHS-5 Individual,s113,usually go to a cinema hall or theatre to see a movie at least once a month
NFHS-5 Individual,s116,"belong to a scheduled caste, a scheduled tribe, other backward class"
NFHS-5 Individual,s234,"pregnancy end in miscarriage, abortion, or stillbirth"
NFHS-5 Individual,s235,months pregnant when pregnancy ended
NFHS-5 Individual,s236,ultrasound at any time
NFHS-5 Individual,s238,place last termination performed
NFHS-5 Individual,s239,person performed abortion
NFHS-5 Individual,s240,what method was used for the abortion?
NFHS-5 Individual,s241,what was the main reason for the abortion?
NFHS-5 Individual,s242,complication from abortion
NFHS-5 Individual,s243,sought treatment for the complication
NFHS-5 Individual,s244,place when for treatment
NFHS-5 Individual,s244a,where did you go for treatment? (public ayush)
NFHS-5 Individual,s244b,where did you go for treatment? (private ayush)
NFHS-5 Individual,s245a,reason did not seek treatment: could not afford treatment
NFHS-5 Individual,s245b,reason did not seek treatment: could not afford transport
NFHS-5 Individual,s245c,reason did not seek treatment: fear of stigma by provider
NFHS-5 Individual,s245d,reason did not seek treatment: fear of stigma by community
NFHS-5 Individual,s245e,reason did not seek treatment: complication was minor/did not require treatment
NFHS-5 Individual,s245f,reason did not seek treatment: problem resolved itself
NFHS-5 Individual,s245g,reason did not seek treatment: could not get away from family responsibilities
NFHS-5 Individual,s245h,reason did not seek treatment: husband did not give permission
NFHS-5 Individual,s245x,reason did not seek treatment: other
NFHS-5 Individual,s253,had your uterus removed
NFHS-5 Individual,s254,years ago hysterectomy performed
NFHS-5 Individual,s255,place hysterectomy performed
NFHS-5 Individual,s256a,reason hysterectomy performed: excessive menstrual bleeding/pain
NFHS-5 Individual,s256b,reason hysterectomy performed: fibroids/cysts
NFHS-5 Individual,s256c,reason hysterectomy performed: uterine disorder (rupture)
NFHS-5 Individual,s256d,reason hysterectomy performed: cancer
NFHS-5 Individual,s256e,reason hysterectomy performed: uterine prolapse
NFHS-5 Individual,s256f,reason hysterectomy performed: severe post-partum haemorrhage
NFHS-5 Individual,s256g,reason hysterectomy performed: cervical discharge
NFHS-5 Individual,s256x,reason hysterectomy performed: other
NFHS-5 Individual,s259,age at first monthly period
NFHS-5 Individual,s260a,protection to prevent bloodstains: cloth
NFHS-5 Individual,s260b,protection to prevent bloodstains: locally prepared napkins
NFHS-5 Individual,s260c,protection to prevent bloodstains: sanitary napkins
NFHS-5 Individual,s260d,protection to prevent bloodstains: tampons
NFHS-5 Individual,s260e,protection to prevent bloodstains: menstrual cup
NFHS-5 Individual,s260f,protection to prevent bloodstains: nothing
NFHS-5 Individual,s260x,protection to prevent bloodstains: other
NFHS-5 Individual,s264,do you take a bath during your menstrual period ?
NFHS-5 Individual,s265,do you usually take a bath in the same bathroom as other household members take
NFHS-5 Individual,s301,currently in union
NFHS-5 Individual,s303,time period not living with husband
NFHS-5 Individual,s308m,month (first) got married
NFHS-5 Individual,s308y,year (first) got married
NFHS-5 Individual,s308c,cmc (first) got married
NFHS-5 Individual,s309,age (first) married
NFHS-5 Individual,s310,related to current husband prior to marriage in any way
NFHS-5 Individual,s311,"type of relationship to current husband, prior to marriage"
NFHS-5 Individual,s314c,age at first union (calculated)
NFHS-5 Individual,s315,ever had sexual intercourse
NFHS-5 Individual,s321a,have used: female sterilization
NFHS-5 Individual,s321b,have used: male sterilization
NFHS-5 Individual,s321c,have used: iud/ppiud
NFHS-5 Individual,s321d,have used: injectables
NFHS-5 Individual,s321e,have used: pill
NFHS-5 Individual,s321f,have used: condom/nirodh
NFHS-5 Individual,s321g,have used: female condom
NFHS-5 Individual,s321h,have used: emergency contraception
NFHS-5 Individual,s321i,have used: diaphragm
NFHS-5 Individual,s321j,have used: foam/jelly
NFHS-5 Individual,s321k,have used: standard days method
NFHS-5 Individual,s321l,have used: lactational amenorrhoea method (lam)
NFHS-5 Individual,s321m,have used: rhythm method
NFHS-5 Individual,s321n,have used: withdrawal
NFHS-5 Individual,s321x,have used: other modern method
NFHS-5 Individual,s321y,have used: other traditional method
NFHS-5 Individual,s323,times used emergency contraception in last 12 months
NFHS-5 Individual,s324a,place acquired emergency contraception: public: govt./municipal hospital
NFHS-5 Individual,s324b,place acquired emergency contraception: public: ayush
NFHS-5 Individual,s324c,place acquired emergency contraception: public: govt. dispensary
NFHS-5 Individual,s324d,place acquired emergency contraception: public: uhc/uhp/ufwc
NFHS-5 Individual,s324e,place acquired emergency contraception: public: chc/rural hospital/block phc
NFHS-5 Individual,s324f,place acquired emergency contraception: public: phc/additional phc
NFHS-5 Individual,s324g,place acquired emergency contraception: public: sub-centre/anm
NFHS-5 Individual,s324h,place acquired emergency contraception: public: govt. mobile clinic
NFHS-5 Individual,s324i,place acquired emergency contraception: public: anganwadi/icds centre
NFHS-5 Individual,s324j,place acquired emergency contraception: public: asha
NFHS-5 Individual,s324k,place acquired emergency contraception: public: other community-based worker
NFHS-5 Individual,s324l,place acquired emergency contraception: other public health
NFHS-5 Individual,s324m,place acquired emergency contraception: ngo or trust hospital/clinic
NFHS-5 Individual,s324n,place acquired emergency contraception: private: hospital
NFHS-5 Individual,s324o,place acquired emergency contraception: private: doctor/clinic
NFHS-5 Individual,s324p,place acquired emergency contraception: private: mobile clinic
NFHS-5 Individual,s324q,place acquired emergency contraception: private: vaidya/hakim/homeopath (ayush)
NFHS-5 Individual,s324r,place acquired emergency contraception: private: traditional healer
NFHS-5 Individual,s324s,place acquired emergency contraception: private: pharmacy/drugstore
NFHS-5 Individual,s324t,place acquired emergency contraception: private: dai (tba)
NFHS-5 Individual,s324u,place acquired emergency contraception: other private health
NFHS-5 Individual,s324v,place acquired emergency contraception: shop
NFHS-5 Individual,s324w,place acquired emergency contraception: friend/relative
NFHS-5 Individual,s324x,place acquired emergency contraception: other
NFHS-5 Individual,s324aa,place acquired emergency contraception: public: ayush: ayurveda
NFHS-5 Individual,s324ab,place acquired emergency contraception: public: ayush: yoga and naturopathy
NFHS-5 Individual,s324ac,place acquired emergency contraception: public: ayush: unani
NFHS-5 Individual,s324ad,place acquired emergency contraception: public: ayush: siddha
NFHS-5 Individual,s324ae,place acquired emergency contraception: public: ayush: homeopathy
NFHS-5 Individual,s324af,place acquired emergency contraception: public: ayush: sowa rigpa (ttm)
NFHS-5 Individual,s324ag,place acquired emergency contraception: public: ayush: other
NFHS-5 Individual,s324ba,place acquired emergency contraception: private: ayush: ayurveda
NFHS-5 Individual,s324bb,place acquired emergency contraception: private: ayush: yoga and naturopathy
NFHS-5 Individual,s324bc,place acquired emergency contraception: private: ayush: unani
NFHS-5 Individual,s324bd,place acquired emergency contraception: private: ayush: siddha
NFHS-5 Individual,s324be,place acquired emergency contraception: private: ayush: homeopathy
NFHS-5 Individual,s324bf,place acquired emergency contraception: private: ayush: sowa rigpa (ttm)
NFHS-5 Individual,s324bg,place acquired emergency contraception: private: ayush: other
NFHS-5 Individual,s329,currently using any method
NFHS-5 Individual,s334,rate care received during and immediately after the operation
NFHS-5 Individual,s335,"total paid for the sterilization, including any consultation (in rupee)"
NFHS-5 Individual,s336,receive compensation for sterilization
NFHS-5 Individual,s337,amount of compensation received for sterilization
NFHS-5 Individual,s338,regret sterilization
NFHS-5 Individual,s340,did you receive incentive for the iud?
NFHS-5 Individual,s341,how much incentive for iud did you receive?
NFHS-5 Individual,s342,was your iud/ppiud inserted within 48 hours following childbirth?
NFHS-5 Individual,s354a,last source of fp (public ayush)
NFHS-5 Individual,s354b,last source of fp (private ayush)
NFHS-5 Individual,s356,told by a health worker about any methods of family planning
NFHS-5 Individual,s358w,source of fp for non-users: shop (see v3a00 series)
NFHS-5 Individual,s358x,source of fp for non-users: friend/relative (see v3a00 series)
NFHS-5 Individual,s358aa,source of fp for non-users: public: ayush: ayurveda
NFHS-5 Individual,s358ab,source of fp for non-users: public: ayush: yoga and naturopathy
NFHS-5 Individual,s358ac,source of fp for non-users: public: ayush: unani
NFHS-5 Individual,s358ad,source of fp for non-users: public: ayush: siddha
NFHS-5 Individual,s358ae,source of fp for non-users: public: ayush: homeopathy
NFHS-5 Individual,s358af,source of fp for non-users: public: ayush: sowa rigpa (ttm)
NFHS-5 Individual,s358ag,source of fp for non-users: public: ayush: other
NFHS-5 Individual,s358ba,source of fp for non-users: private: ayush: ayurveda
NFHS-5 Individual,s358bb,source of fp for non-users: private: ayush: yoga and naturopathy
NFHS-5 Individual,s358bc,source of fp for non-users: private: ayush: unani
NFHS-5 Individual,s358bd,source of fp for non-users: private: ayush: siddha
NFHS-5 Individual,s358be,source of fp for non-users: private: ayush: homeopathy
NFHS-5 Individual,s358bf,source of fp for non-users: private: ayush: sowa rigpa (ttm)
NFHS-5 Individual,s358bg,source of fp for non-users: private: ayush: other
NFHS-5 Individual,s359,met with an anm or lhv in last 3 months
NFHS-5 Individual,s360a,times met with anm or lhv at home in last 3 months
NFHS-5 Individual,s360b,times met with anm or lhv at anganwadi centre in last 3 months
NFHS-5 Individual,s360c,times met with anm or lhv at health facility or camp in last 3 months
NFHS-5 Individual,s360d,times met with anm or lhv elsewhere in last 3 months
NFHS-5 Individual,s361,"met with an anganwadi worker, asha or other community health worker in last 3 mo"
NFHS-5 Individual,s362a,person met: anganwadi worker
NFHS-5 Individual,s362b,person met: asha
NFHS-5 Individual,s362c,person met: mpw
NFHS-5 Individual,s362x,person met: other
NFHS-5 Individual,s363a,times met this person at home in last 3 months
NFHS-5 Individual,s363b,times met this person at anganwadi centre in last 3 months
NFHS-5 Individual,s363c,times met this person at health facility or camp in last 3 months
NFHS-5 Individual,s363d,times met this person elsewhere in last 3 months
NFHS-5 Individual,s365a,services/matters talked about in last 3 months: family planning
NFHS-5 Individual,s365b,services/matters talked about in last 3 months: immunization
NFHS-5 Individual,s365c,services/matters talked about in last 3 months: antenatal care
NFHS-5 Individual,s365d,services/matters talked about in last 3 months: delivery care
NFHS-5 Individual,s365e,services/matters talked about in last 3 months: birth preparedness
NFHS-5 Individual,s365f,services/matters talked about in last 3 months: complication readiness
NFHS-5 Individual,s365g,services/matters talked about in last 3 months: postnatal care
NFHS-5 Individual,s365h,services/matters talked about in last 3 months: disease prevention
NFHS-5 Individual,s365i,services/matters talked about in last 3 months: medical treatment for self
NFHS-5 Individual,s365j,services/matters talked about in last 3 months: treatment for sick child
NFHS-5 Individual,s365k,services/matters talked about in last 3 months: treatment for other person
NFHS-5 Individual,s365l,services/matters talked about in last 3 months: malaria control
NFHS-5 Individual,s365m,services/matters talked about in last 3 months: supplementary food
NFHS-5 Individual,s365n,services/matters talked about in last 3 months: growth monitoring of child
NFHS-5 Individual,s365o,services/matters talked about in last 3 months: early childhood care
NFHS-5 Individual,s365p,services/matters talked about in last 3 months: pre-school education
NFHS-5 Individual,s365q,services/matters talked about in last 3 months: nutrition/health education
NFHS-5 Individual,s365r,services/matters talked about in last 3 months: family life education
NFHS-5 Individual,s365s,services/matters talked about in last 3 months: menstrual hygiene
NFHS-5 Individual,s365x,services/matters talked about in last 3 months: other
NFHS-5 Individual,s366,person met during most recent contact
NFHS-5 Individual,s368,visited a health facility or camp for self or children in last 3 months
NFHS-5 Individual,s369,type of health facility or camp visited for self or children in last 3 months
NFHS-5 Individual,s369a,what type of health facility did you visit most recently for yourself (or for yo
NFHS-5 Individual,s369b,what type of health facility did you visit most recently for yourself (or for yo
NFHS-5 Individual,s370a,service went for: family planning
NFHS-5 Individual,s370b,service went for: immunization
NFHS-5 Individual,s370c,service went for: antenatal care
NFHS-5 Individual,s370d,service went for: delivery care
NFHS-5 Individual,s370e,service went for: postnatal care
NFHS-5 Individual,s370f,service went for: disease prevention
NFHS-5 Individual,s370g,service went for: medical treatment for self
NFHS-5 Individual,s370h,service went for: treatment for child
NFHS-5 Individual,s370i,service went for: treatment for other person
NFHS-5 Individual,s370j,service went for: growth monitoring of child
NFHS-5 Individual,s370k,service went for: health check-up
NFHS-5 Individual,s370l,service went for: medical termination of pregnancy
NFHS-5 Individual,s370x,service went for: other
NFHS-5 Individual,s617d,heard family planning on wall painting or hoarding
NFHS-5 Individual,s617e,heard family planning on internet
NFHS-5 Individual,s704,have you ever had a blood transfusion?
NFHS-5 Individual,s707,for how long have you been smoking cigarettes regularly
NFHS-5 Individual,s708,do you currently smoke bidis
NFHS-5 Individual,s709,"in the last 24 hours, how many bidis did you smoke"
NFHS-5 Individual,s710,for how long have you been smoking bidis regularly
NFHS-5 Individual,s711,currently smokes or uses tobacco besides cigarettes
NFHS-5 Individual,s712e,khaini
NFHS-5 Individual,s712f,paan with tobacco
NFHS-5 Individual,s713,"how often do you use smokeless tobacco: almost every day, about once a week or l"
NFHS-5 Individual,s714,for how long have you been using smokeless tobacco regularly
NFHS-5 Individual,s716,"during the past 12 months, have you ever tried to stop smoking or using tobacco "
NFHS-5 Individual,s717,"in the last 12 months, have you visited a doctor or other health care provider"
NFHS-5 Individual,s718,"during any of these visits, were you advised to quit smoking or using tobacco in"
NFHS-5 Individual,s719,"in the last 30 days, did someone smoke in your home or anywhere else when you we"
NFHS-5 Individual,s720,do you drink alcohol
NFHS-5 Individual,s721,"how often do you drink alcohol: almost every day, about once a week or less than"
NFHS-5 Individual,s722a,type of alcohol usually consumed: tadi madi
NFHS-5 Individual,s722b,type of alcohol usually consumed: country liquor
NFHS-5 Individual,s722c,type of alcohol usually consumed: beer
NFHS-5 Individual,s722d,type of alcohol usually consumed: wine
NFHS-5 Individual,s722e,type of alcohol usually consumed: hard liquor
NFHS-5 Individual,s722x,type of alcohol usually consumed: other
NFHS-5 Individual,s723,for how long have you been drinking alcohol regularly
NFHS-5 Individual,s728a,currently has diabetes
NFHS-5 Individual,s728ab,has sought treatment for diabetes
NFHS-5 Individual,s728b,currently has hypertension
NFHS-5 Individual,s728bb,has sought treatment for hypertension
NFHS-5 Individual,s728c,currently has a chronic respiratory disease including asthma
NFHS-5 Individual,s728cb,has sought treatment for a chronic respiratory disease including asthma
NFHS-5 Individual,s728d,currently has thyroid disorder
NFHS-5 Individual,s728db,has sought treatment for thyroid disorder
NFHS-5 Individual,s728e,currently has heart disease
NFHS-5 Individual,s728eb,has sought treatment for heart disease
NFHS-5 Individual,s728f,currently has cancer
NFHS-5 Individual,s728fb,has sought treatment for cancer
NFHS-5 Individual,s728g,currently has chronic kidney disorder
NFHS-5 Individual,s728gb,has sought treatment for chronic kidney disorder
NFHS-5 Individual,s731a,frequency takes milk or curd
NFHS-5 Individual,s731b,frequency eats pulses or beans
NFHS-5 Individual,s731c,frequency eats dark green leafy vegetable
NFHS-5 Individual,s731d,frequency eats fruits
NFHS-5 Individual,s731e,frequency eats eggs
NFHS-5 Individual,s731f,frequency eats fish
NFHS-5 Individual,s731g,frequency eats chicken or meat
NFHS-5 Individual,s731h,frequency eats fried food
NFHS-5 Individual,s731i,frequency takes aerated drinks
NFHS-5 Individual,s821i,source for condoms: public: camp
NFHS-5 Individual,s821j,source for condoms: public: anganwadi / icds centre
NFHS-5 Individual,s821k,source for condoms: public: asha
NFHS-5 Individual,s821l,source for condoms: public: other community-based worker
NFHS-5 Individual,s821aa,source for condoms: public: ayush: ayurveda
NFHS-5 Individual,s821ab,source for condoms: public: ayush: yoga and naturopathy
NFHS-5 Individual,s821ac,source for condoms: public: ayush: unani
NFHS-5 Individual,s821ad,source for condoms: public: ayush: siddha
NFHS-5 Individual,s821ae,source for condoms: public: ayush: homeopathy
NFHS-5 Individual,s821af,source for condoms: public: ayush: sowa rigpa (ttm)
NFHS-5 Individual,s821ag,source for condoms: public: ayush: other
NFHS-5 Individual,s821ba,source for condoms: private: ayush: ayurveda
NFHS-5 Individual,s821bb,source for condoms: private: ayush: yoga and naturopathy
NFHS-5 Individual,s821bc,source for condoms: private: ayush: unani
NFHS-5 Individual,s821bd,source for condoms: private: ayush: siddha
NFHS-5 Individual,s821be,source for condoms: private: ayush: homeopathy
NFHS-5 Individual,s821bf,source for condoms: private: ayush: sowa rigpa (ttm)
NFHS-5 Individual,s821bg,source for condoms: private: ayush: other
NFHS-5 Individual,s824,from where did you obtain the condom last time?
NFHS-5 Individual,s824a,from where did you obtain the condom last time? (public ayush)
NFHS-5 Individual,s824b,from where did you obtain the condom last time? (private ayush)
NFHS-5 Individual,s909,"in the last 12 months, has your husband been away from home for one month or mor"
NFHS-5 Individual,s910,"in the last 12 months, has your husband been away from home for six months or mo"
NFHS-5 Individual,s920,"in the last 12 months, have you been away from home other than parental/in-laws "
NFHS-5 Individual,s929,do you have any money of your own that you alone can decide how to use
NFHS-5 Individual,s930a,usually allowed to go to the market
NFHS-5 Individual,s930b,usually allowed to go to the health facility
NFHS-5 Individual,s930c,usually allowed to go to places outside this village
NFHS-5 Individual,s931,do you have a bank or savings account that you yourself use
NFHS-5 Individual,s932,do you have any mobile phone that you yourself use
NFHS-5 Individual,s933,do you use your mobile phone for any financial transaction?
NFHS-5 Individual,s934,have you ever used the internet?
NFHS-5 Individual,s937,are you able to read text (sms) messages
NFHS-5 Individual,s940,do you know of any programmes in this area that give loans to women to start or
NFHS-5 Individual,s941,"have you yourself ever taken a loan, in cash or in kind, from any of these progr"
NFHS-5 Individual,s943f,justifies domestic violence: wife unfaithful
NFHS-5 Individual,s943g,justifies domestic violence: wife disrespect
NFHS-5 Individual,s944,"if a wife knows her husband has a sexually transmitted disease, is she justified"
NFHS-5 Individual,s945,"if a wife knows her husband has sex with other women, is she justified in refusi"
NFHS-5 Individual,s947,can you say no to your husband if you do not want to have sexual intercourse?
NFHS-5 Individual,s1004a,source of information about aids: radio
NFHS-5 Individual,s1004b,source of information about aids: television
NFHS-5 Individual,s1004c,source of information about aids: cinema
NFHS-5 Individual,s1004d,source of information about aids: newspapers/magazines
NFHS-5 Individual,s1004e,source of information about aids: posters/hoardings
NFHS-5 Individual,s1004f,source of information about aids: exhibition/mela
NFHS-5 Individual,s1004g,source of information about aids: health workers
NFHS-5 Individual,s1004h,source of information about aids: adult education programme
NFHS-5 Individual,s1004i,source of information about aids: religious leaders
NFHS-5 Individual,s1004j,source of information about aids: political leaders
NFHS-5 Individual,s1004k,source of information about aids: school/teachers
NFHS-5 Individual,s1004l,source of information about aids: community meetings
NFHS-5 Individual,s1004m,source of information about aids: husband
NFHS-5 Individual,s1004n,source of information about aids: friends/relatives
NFHS-5 Individual,s1004o,source of information about aids: work place
NFHS-5 Individual,s1004p,source of information about aids: internet
NFHS-5 Individual,s1004x,source of information about aids: other
NFHS-5 Individual,s1008,people can get hiv/aids from blood products or blood transfusions
NFHS-5 Individual,s1009,people can get hiv/aids by injecting drugs
NFHS-5 Individual,s1011,anything else a person can do to avoid or reduce the chances of getting hiv/aids
NFHS-5 Individual,s1012a,ways to avoid hiv/aids: abstain from sex
NFHS-5 Individual,s1012b,ways to avoid hiv/aids: use condoms
NFHS-5 Individual,s1012c,ways to avoid hiv/aids: limit sex to one partner/stay faithful to one partner
NFHS-5 Individual,s1012d,ways to avoid hiv/aids: limit number of sexual partners
NFHS-5 Individual,s1012e,ways to avoid hiv/aids: avoid sex with sex workers
NFHS-5 Individual,s1012f,ways to avoid hiv/aids: avoid sex with persons who have many partners
NFHS-5 Individual,s1012g,ways to avoid hiv/aids: avoid sex with homosexuals
NFHS-5 Individual,s1012h,ways to avoid hiv/aids: avoid sex with persons who inject drugs
NFHS-5 Individual,s1012i,ways to avoid hiv/aids: avoid blood transfusions
NFHS-5 Individual,s1012j,ways to avoid hiv/aids: use blood only from relatives
NFHS-5 Individual,s1012k,ways to avoid hiv/aids: avoid injections
NFHS-5 Individual,s1012l,ways to avoid hiv/aids: use only new/sterilized needles
NFHS-5 Individual,s1012m,ways to avoid hiv/aids: avoid iv drip
NFHS-5 Individual,s1012n,ways to avoid hiv/aids: avoid sharing razors/blades
NFHS-5 Individual,s1012o,ways to avoid hiv/aids: avoid kissing
NFHS-5 Individual,s1012p,ways to avoid hiv/aids: avoid mosquito bites
NFHS-5 Individual,s1012wx,ways to avoid hiv/aids: other
NFHS-5 Individual,s1012z,ways to avoid hiv/aids: don't know
NFHS-5 Individual,s1040,do you think a child with hiv should be allowed to attend school with students w
NFHS-5 Individual,s1042,do you fear that you could get hiv if you come into contact with the saliva of a
NFHS-5 Individual,s1046,do you think that people living with hiv should be treated in the same public ho
NFHS-5 Individual,s1047,do you think that people living with hiv should be allowed to work in the same o
NFHS-5 Individual,s1056aa,sought sti advice/treatment from: public ayush: ayurveda
NFHS-5 Individual,s1056ab,sought sti advice/treatment from: public ayush: yoga and naturopathy
NFHS-5 Individual,s1056ac,sought sti advice/treatment from: public ayush: unani
NFHS-5 Individual,s1056ad,sought sti advice/treatment from: public ayush: siddha
NFHS-5 Individual,s1056ae,sought sti advice/treatment from: public ayush: homeopathy
NFHS-5 Individual,s1056af,sought sti advice/treatment from: public ayush: sowa rigpa (ttm)
NFHS-5 Individual,s1056ag,sought sti advice/treatment from: public ayush: other
NFHS-5 Individual,s1056ba,sought sti advice/treatment from: private ayush: ayurveda
NFHS-5 Individual,s1056bb,sought sti advice/treatment from: private ayush: yoga and naturopathy
NFHS-5 Individual,s1056bc,sought sti advice/treatment from: private ayush: unani
NFHS-5 Individual,s1056bd,sought sti advice/treatment from: private ayush: siddha
NFHS-5 Individual,s1056be,sought sti advice/treatment from: private ayush: homeopathy
NFHS-5 Individual,s1056bf,sought sti advice/treatment from: private ayush: sowa rigpa (ttm)
NFHS-5 Individual,s1056bg,sought sti advice/treatment from: private ayush: other
NFHS-5 Individual,s1136a,place went for medical help: public: govt./municipal hospital
NFHS-5 Individual,s1136b,place went for medical help: public: ayush
NFHS-5 Individual,s1136c,place went for medical help: public: govt. dispensary
NFHS-5 Individual,s1136d,place went for medical help: public: uhc/uhp/ufwc
NFHS-5 Individual,s1136e,place went for medical help: public: chc/rural hospital/block phc
NFHS-5 Individual,s1136f,place went for medical help: public: phc/additional phc
NFHS-5 Individual,s1136g,place went for medical help: public: sub-centre/anm
NFHS-5 Individual,s1136h,place went for medical help: public: govt. mobile clinic
NFHS-5 Individual,s1136i,place went for medical help: public: camp
NFHS-5 Individual,s1136j,place went for medical help: public: anganwadi/icds centre
NFHS-5 Individual,s1136k,place went for medical help: public: asha
NFHS-5 Individual,s1136l,place went for medical help: public: other community-based worker
NFHS-5 Individual,s1136m,place went for medical help: other public health
NFHS-5 Individual,s1136n,place went for medical help: ngo or trust hospital/clinic
NFHS-5 Individual,s1136o,place went for medical help: private: hospital
NFHS-5 Individual,s1136p,place went for medical help: private: doctor/clinic
NFHS-5 Individual,s1136q,place went for medical help: private: mobile clinic
NFHS-5 Individual,s1136r,place went for medical help: private: ayush
NFHS-5 Individual,s1136s,place went for medical help: private: traditional healer
NFHS-5 Individual,s1136t,place went for medical help: private: pharmacy/drugstore
NFHS-5 Individual,s1136u,place went for medical help: private: dai (tba)
NFHS-5 Individual,s1136v,place went for medical help: other private health
NFHS-5 Individual,s1136x,place went for medical help: other
NFHS-5 Individual,s1136aa,place went for medical help: public ayush: ayurveda
NFHS-5 Individual,s1136ab,place went for medical help: public ayush: yoga and naturopathy
NFHS-5 Individual,s1136ac,place went for medical help: public ayush: unani
NFHS-5 Individual,s1136ad,place went for medical help: public ayush: siddha
NFHS-5 Individual,s1136ae,place went for medical help: public ayush: homeopathy
NFHS-5 Individual,s1136af,place went for medical help: public ayush: sowa rigpa (ttm)
NFHS-5 Individual,s1136ag,place went for medical help: public ayush: other
NFHS-5 Individual,s1136ba,place went for medical help: private ayush: ayurveda
NFHS-5 Individual,s1136bb,place went for medical help: private ayush: yoga and naturopathy
NFHS-5 Individual,s1136bc,place went for medical help: private ayush: unani
NFHS-5 Individual,s1136bd,place went for medical help: private ayush: siddha
NFHS-5 Individual,s1136be,place went for medical help: private ayush: homeopathy
NFHS-5 Individual,s1136bf,place went for medical help: private ayush: sowa rigpa (ttm)
NFHS-5 Individual,s1136bg,place went for medical help: private ayush: other
NFHS-5 Individual,sb14a,30 minutes prior to bp measure: eaten
NFHS-5 Individual,sb14b,"30 minutes prior to bp measure: had coffee, tea"
NFHS-5 Individual,sb14c,30 minutes prior to bp measure: smoked any tobacco product
NFHS-5 Individual,sb14d,30 minutes prior to bp measure: use any other type of tobacco
NFHS-5 Individual,sb15,arm circumference
NFHS-5 Individual,sb16,blood pressure monitor cuff size
NFHS-5 Individual,sb17,time of first bp reading: (hhmm - 24 hour clock)
NFHS-5 Individual,sb18s,first systolic reading
NFHS-5 Individual,sb18d,first diastolic reading
NFHS-5 Individual,sb19,blood pressure ever been checked previously
NFHS-5 Individual,sb20,told had high bp on two or more occasions by doctor or other health professional
NFHS-5 Individual,sb21,currently taking a prescribed medicine to lower bp
NFHS-5 Individual,sb24,time of second bp reading: (hhmm - 24 hour clock)
NFHS-5 Individual,sb25s,second systolic reading
NFHS-5 Individual,sb25d,second diastolic reading
NFHS-5 Individual,sb28,time of third bp reading: (hhmm - 24 hour clock)
NFHS-5 Individual,sb29s,third systolic reading
NFHS-5 Individual,sb29d,third diastolic reading
NFHS-5 Individual,sb53,time since last ate
NFHS-5 Individual,sb54,"time since last drank, something other than plain water"
NFHS-5 Individual,sb55,blood glucose ever been checked
NFHS-5 Individual,sb56,told high blood glucose on two or more occations by doctor or other health profe
NFHS-5 Individual,sb57,currently taking a prescribed medicine to lower blood glucose
NFHS-5 Individual,sb73,time of blood glucose reading: (hhmm - 24 hour clock)
NFHS-5 Individual,sb74,glucose level
NFHS-5 Individual,sb79,ever undergone a screening test for cervical cancer
NFHS-5 Individual,sb80,ever undergone a breast examination for breast cancer
NFHS-5 Individual,sb81,ever undergone an oral cavity examination for oral cancer
NFHS-5 Individual,s305,waist curcumference
NFHS-5 Individual,s306,hip curcumference
NFHS-5 Individual,s190s,wealth index within state
NFHS-5 Individual,s191s,wealth index factor score (5 decimals) within state
NFHS-5 Individual,s190us,wealth index within state - urban
NFHS-5 Individual,s191us,wealth index factor score (5 decimals) within state - urban
NFHS-5 Individual,s190rs,wealth index within state - rural
NFHS-5 Individual,s191rs,wealth index factor score (5 decimals) withing state - rural
NFHS-5 Individual,sh29ca,person 03: where medical treatment was received?
NFHS-5 Individual,screfuse,questionnaire refusal due to covid-19
NFHS-5 Individual,idx92_01,index to birth history
NFHS-5 Individual,idx92_02,index to birth history
NFHS-5 Individual,idx92_03,index to birth history
NFHS-5 Individual,idx92_04,index to birth history
NFHS-5 Individual,idx92_05,index to birth history
NFHS-5 Individual,idx92_06,index to birth history
NFHS-5 Individual,idx92_07,index to birth history
NFHS-5 Individual,idx92_08,index to birth history
NFHS-5 Individual,idx92_09,index to birth history
NFHS-5 Individual,idx92_10,index to birth history
NFHS-5 Individual,idx92_11,index to birth history
NFHS-5 Individual,idx92_12,index to birth history
NFHS-5 Individual,idx92_13,index to birth history
NFHS-5 Individual,idx92_14,index to birth history
NFHS-5 Individual,idx92_15,index to birth history
NFHS-5 Individual,idx92_16,index to birth history
NFHS-5 Individual,s220a_01,pregnancy duration
NFHS-5 Individual,s220a_02,pregnancy duration
NFHS-5 Individual,s220a_03,pregnancy duration
NFHS-5 Individual,s220a_04,pregnancy duration
NFHS-5 Individual,s220a_05,pregnancy duration
NFHS-5 Individual,s220a_06,pregnancy duration
NFHS-5 Individual,s220a_07,pregnancy duration
NFHS-5 Individual,s220a_08,pregnancy duration
NFHS-5 Individual,s220a_09,pregnancy duration
NFHS-5 Individual,s220a_10,pregnancy duration
NFHS-5 Individual,s220a_11,pregnancy duration
NFHS-5 Individual,s220a_12,pregnancy duration
NFHS-5 Individual,s220a_13,pregnancy duration
NFHS-5 Individual,s220a_14,pregnancy duration
NFHS-5 Individual,s220a_15,pregnancy duration
NFHS-5 Individual,s220a_16,pregnancy duration
NFHS-5 Individual,s220b_01,ultrasound test
NFHS-5 Individual,s220b_02,ultrasound test
NFHS-5 Individual,s220b_03,ultrasound test
NFHS-5 Individual,s220b_04,ultrasound test
NFHS-5 Individual,s220b_05,ultrasound test
NFHS-5 Individual,s220b_06,ultrasound test
NFHS-5 Individual,s220b_07,ultrasound test
NFHS-5 Individual,s220b_08,ultrasound test
NFHS-5 Individual,s220b_09,ultrasound test
NFHS-5 Individual,s220b_10,ultrasound test
NFHS-5 Individual,s220b_11,ultrasound test
NFHS-5 Individual,s220b_12,ultrasound test
NFHS-5 Individual,s220b_13,ultrasound test
NFHS-5 Individual,s220b_14,ultrasound test
NFHS-5 Individual,s220b_15,ultrasound test
NFHS-5 Individual,s220b_16,ultrasound test
NFHS-5 Individual,idx94_1,index to birth history
NFHS-5 Individual,idx94_2,index to birth history
NFHS-5 Individual,idx94_3,index to birth history
NFHS-5 Individual,idx94_4,index to birth history
NFHS-5 Individual,idx94_5,index to birth history
NFHS-5 Individual,idx94_6,index to birth history
NFHS-5 Individual,s408_1,how many months pregnant were you when you came to know about the pregnancy?
NFHS-5 Individual,s408_2,how many months pregnant were you when you came to know about the pregnancy?
NFHS-5 Individual,s408_3,how many months pregnant were you when you came to know about the pregnancy?
NFHS-5 Individual,s408_4,how many months pregnant were you when you came to know about the pregnancy?
NFHS-5 Individual,s408_5,how many months pregnant were you when you came to know about the pregnancy?
NFHS-5 Individual,s408_6,how many months pregnant were you when you came to know about the pregnancy?
NFHS-5 Individual,s409_1,did you use a pregnancy testing kit to confirm this pregnancy?
NFHS-5 Individual,s409_2,did you use a pregnancy testing kit to confirm this pregnancy?
NFHS-5 Individual,s409_3,did you use a pregnancy testing kit to confirm this pregnancy?
NFHS-5 Individual,s409_4,did you use a pregnancy testing kit to confirm this pregnancy?
NFHS-5 Individual,s409_5,did you use a pregnancy testing kit to confirm this pregnancy?
NFHS-5 Individual,s409_6,did you use a pregnancy testing kit to confirm this pregnancy?
NFHS-5 Individual,s410_1,was this pregnancy registered?
NFHS-5 Individual,s410_2,was this pregnancy registered?
NFHS-5 Individual,s410_3,was this pregnancy registered?
NFHS-5 Individual,s410_4,was this pregnancy registered?
NFHS-5 Individual,s410_5,was this pregnancy registered?
NFHS-5 Individual,s410_6,was this pregnancy registered?
NFHS-5 Individual,s411_1,how many months pregnant were you when you registered?
NFHS-5 Individual,s411_2,how many months pregnant were you when you registered?
NFHS-5 Individual,s411_3,how many months pregnant were you when you registered?
NFHS-5 Individual,s411_4,how many months pregnant were you when you registered?
NFHS-5 Individual,s411_5,how many months pregnant were you when you registered?
NFHS-5 Individual,s411_6,how many months pregnant were you when you registered?
NFHS-5 Individual,s412_1,with whom did you register?
NFHS-5 Individual,s412_2,with whom did you register?
NFHS-5 Individual,s412_3,with whom did you register?
NFHS-5 Individual,s412_4,with whom did you register?
NFHS-5 Individual,s412_5,with whom did you register?
NFHS-5 Individual,s412_6,with whom did you register?
NFHS-5 Individual,s413_1,did you receive a mother and child protection card after  registration?
NFHS-5 Individual,s413_2,did you receive a mother and child protection card after  registration?
NFHS-5 Individual,s413_3,did you receive a mother and child protection card after  registration?
NFHS-5 Individual,s413_4,did you receive a mother and child protection card after  registration?
NFHS-5 Individual,s413_5,did you receive a mother and child protection card after  registration?
NFHS-5 Individual,s413_6,did you receive a mother and child protection card after  registration?
NFHS-5 Individual,s414_1,received antenatal care for pregnancy
NFHS-5 Individual,s414_2,received antenatal care for pregnancy
NFHS-5 Individual,s414_3,received antenatal care for pregnancy
NFHS-5 Individual,s414_4,received antenatal care for pregnancy
NFHS-5 Individual,s414_5,received antenatal care for pregnancy
NFHS-5 Individual,s414_6,received antenatal care for pregnancy
NFHS-5 Individual,s419e_1,abdomen examined
NFHS-5 Individual,s419e_2,abdomen examined
NFHS-5 Individual,s419e_3,abdomen examined
NFHS-5 Individual,s419e_4,abdomen examined
NFHS-5 Individual,s419e_5,abdomen examined
NFHS-5 Individual,s419e_6,abdomen examined
NFHS-5 Individual,s420a_1,told about pregnancy complication: vaginal bleeding
NFHS-5 Individual,s420a_2,told about pregnancy complication: vaginal bleeding
NFHS-5 Individual,s420a_3,told about pregnancy complication: vaginal bleeding
NFHS-5 Individual,s420a_4,told about pregnancy complication: vaginal bleeding
NFHS-5 Individual,s420a_5,told about pregnancy complication: vaginal bleeding
NFHS-5 Individual,s420a_6,told about pregnancy complication: vaginal bleeding
NFHS-5 Individual,s420b_1,told about pregnancy complication: convulsions
NFHS-5 Individual,s420b_2,told about pregnancy complication: convulsions
NFHS-5 Individual,s420b_3,told about pregnancy complication: convulsions
NFHS-5 Individual,s420b_4,told about pregnancy complication: convulsions
NFHS-5 Individual,s420b_5,told about pregnancy complication: convulsions
NFHS-5 Individual,s420b_6,told about pregnancy complication: convulsions
NFHS-5 Individual,s420c_1,told about pregnancy complication: prolonged labour
NFHS-5 Individual,s420c_2,told about pregnancy complication: prolonged labour
NFHS-5 Individual,s420c_3,told about pregnancy complication: prolonged labour
NFHS-5 Individual,s420c_4,told about pregnancy complication: prolonged labour
NFHS-5 Individual,s420c_5,told about pregnancy complication: prolonged labour
NFHS-5 Individual,s420c_6,told about pregnancy complication: prolonged labour
NFHS-5 Individual,s420d_1,told about pregnancy complication: severe abdominal pain
NFHS-5 Individual,s420d_2,told about pregnancy complication: severe abdominal pain
NFHS-5 Individual,s420d_3,told about pregnancy complication: severe abdominal pain
NFHS-5 Individual,s420d_4,told about pregnancy complication: severe abdominal pain
NFHS-5 Individual,s420d_5,told about pregnancy complication: severe abdominal pain
NFHS-5 Individual,s420d_6,told about pregnancy complication: severe abdominal pain
NFHS-5 Individual,s420e_1,told about pregnancy complication: high blood pressure
NFHS-5 Individual,s420e_2,told about pregnancy complication: high blood pressure
NFHS-5 Individual,s420e_3,told about pregnancy complication: high blood pressure
NFHS-5 Individual,s420e_4,told about pregnancy complication: high blood pressure
NFHS-5 Individual,s420e_5,told about pregnancy complication: high blood pressure
NFHS-5 Individual,s420e_6,told about pregnancy complication: high blood pressure
NFHS-5 Individual,s422_1,was (name's) father present during (any of) your antenatal visits?
NFHS-5 Individual,s422_2,was (name's) father present during (any of) your antenatal visits?
NFHS-5 Individual,s422_3,was (name's) father present during (any of) your antenatal visits?
NFHS-5 Individual,s422_4,was (name's) father present during (any of) your antenatal visits?
NFHS-5 Individual,s422_5,was (name's) father present during (any of) your antenatal visits?
NFHS-5 Individual,s422_6,was (name's) father present during (any of) your antenatal visits?
NFHS-5 Individual,s432_1,"during this pregnancy, did you use a mosquito net regularly, sometimes or never?"
NFHS-5 Individual,s432_2,"during this pregnancy, did you use a mosquito net regularly, sometimes or never?"
NFHS-5 Individual,s432_3,"during this pregnancy, did you use a mosquito net regularly, sometimes or never?"
NFHS-5 Individual,s432_4,"during this pregnancy, did you use a mosquito net regularly, sometimes or never?"
NFHS-5 Individual,s432_5,"during this pregnancy, did you use a mosquito net regularly, sometimes or never?"
NFHS-5 Individual,s432_6,"during this pregnancy, did you use a mosquito net regularly, sometimes or never?"
NFHS-5 Individual,s434_1,"during this pregnancy, did you  have convulsions not from fever?"
NFHS-5 Individual,s434_2,"during this pregnancy, did you  have convulsions not from fever?"
NFHS-5 Individual,s434_3,"during this pregnancy, did you  have convulsions not from fever?"
NFHS-5 Individual,s434_4,"during this pregnancy, did you  have convulsions not from fever?"
NFHS-5 Individual,s434_5,"during this pregnancy, did you  have convulsions not from fever?"
NFHS-5 Individual,s434_6,"during this pregnancy, did you  have convulsions not from fever?"
NFHS-5 Individual,s435_1,"during this pregnancy, did you  have swelling of the legs, body or face?"
NFHS-5 Individual,s435_2,"during this pregnancy, did you  have swelling of the legs, body or face?"
NFHS-5 Individual,s435_3,"during this pregnancy, did you  have swelling of the legs, body or face?"
NFHS-5 Individual,s435_4,"during this pregnancy, did you  have swelling of the legs, body or face?"
NFHS-5 Individual,s435_5,"during this pregnancy, did you  have swelling of the legs, body or face?"
NFHS-5 Individual,s435_6,"during this pregnancy, did you  have swelling of the legs, body or face?"
NFHS-5 Individual,s436_1,did you receive any supplementary nutrition from the anganwadi centre during thi
NFHS-5 Individual,s436_2,did you receive any supplementary nutrition from the anganwadi centre during thi
NFHS-5 Individual,s436_3,did you receive any supplementary nutrition from the anganwadi centre during thi
NFHS-5 Individual,s436_4,did you receive any supplementary nutrition from the anganwadi centre during thi
NFHS-5 Individual,s436_5,did you receive any supplementary nutrition from the anganwadi centre during thi
NFHS-5 Individual,s436_6,did you receive any supplementary nutrition from the anganwadi centre during thi
NFHS-5 Individual,s437_1,"during this pregnancy, were you  always able to get the supplementary nutrition "
NFHS-5 Individual,s437_2,"during this pregnancy, were you  always able to get the supplementary nutrition "
NFHS-5 Individual,s437_3,"during this pregnancy, were you  always able to get the supplementary nutrition "
NFHS-5 Individual,s437_4,"during this pregnancy, were you  always able to get the supplementary nutrition "
NFHS-5 Individual,s437_5,"during this pregnancy, were you  always able to get the supplementary nutrition "
NFHS-5 Individual,s437_6,"during this pregnancy, were you  always able to get the supplementary nutrition "
NFHS-5 Individual,s438_1,"during the last three months of this pregnancy, did you meet with an anm, lady h"
NFHS-5 Individual,s438_2,"during the last three months of this pregnancy, did you meet with an anm, lady h"
NFHS-5 Individual,s438_3,"during the last three months of this pregnancy, did you meet with an anm, lady h"
NFHS-5 Individual,s438_4,"during the last three months of this pregnancy, did you meet with an anm, lady h"
NFHS-5 Individual,s438_5,"during the last three months of this pregnancy, did you meet with an anm, lady h"
NFHS-5 Individual,s438_6,"during the last three months of this pregnancy, did you meet with an anm, lady h"
NFHS-5 Individual,s439_1,where did you meet this/these person(s)?
NFHS-5 Individual,s439_2,where did you meet this/these person(s)?
NFHS-5 Individual,s439_3,where did you meet this/these person(s)?
NFHS-5 Individual,s439_4,where did you meet this/these person(s)?
NFHS-5 Individual,s439_5,where did you meet this/these person(s)?
NFHS-5 Individual,s439_6,where did you meet this/these person(s)?
NFHS-5 Individual,s440a_1,did you receive advice on the following at least once about the importance of in
NFHS-5 Individual,s440a_2,did you receive advice on the following at least once about the importance of in
NFHS-5 Individual,s440a_3,did you receive advice on the following at least once about the importance of in
NFHS-5 Individual,s440a_4,did you receive advice on the following at least once about the importance of in
NFHS-5 Individual,s440a_5,did you receive advice on the following at least once about the importance of in
NFHS-5 Individual,s440a_6,did you receive advice on the following at least once about the importance of in
NFHS-5 Individual,s440b_1,did you receive advice on the following at least once about cord care?
NFHS-5 Individual,s440b_2,did you receive advice on the following at least once about cord care?
NFHS-5 Individual,s440b_3,did you receive advice on the following at least once about cord care?
NFHS-5 Individual,s440b_4,did you receive advice on the following at least once about cord care?
NFHS-5 Individual,s440b_5,did you receive advice on the following at least once about cord care?
NFHS-5 Individual,s440b_6,did you receive advice on the following at least once about cord care?
NFHS-5 Individual,s440c_1,did you receive advice on the following at least once about breastfeeding?
NFHS-5 Individual,s440c_2,did you receive advice on the following at least once about breastfeeding?
NFHS-5 Individual,s440c_3,did you receive advice on the following at least once about breastfeeding?
NFHS-5 Individual,s440c_4,did you receive advice on the following at least once about breastfeeding?
NFHS-5 Individual,s440c_5,did you receive advice on the following at least once about breastfeeding?
NFHS-5 Individual,s440c_6,did you receive advice on the following at least once about breastfeeding?
NFHS-5 Individual,s440d_1,did you receive advice on the following at least once about keeping the baby war
NFHS-5 Individual,s440d_2,did you receive advice on the following at least once about keeping the baby war
NFHS-5 Individual,s440d_3,did you receive advice on the following at least once about keeping the baby war
NFHS-5 Individual,s440d_4,did you receive advice on the following at least once about keeping the baby war
NFHS-5 Individual,s440d_5,did you receive advice on the following at least once about keeping the baby war
NFHS-5 Individual,s440d_6,did you receive advice on the following at least once about keeping the baby war
NFHS-5 Individual,s440e_1,did you receive advice on the following at least once about family planning?
NFHS-5 Individual,s440e_2,did you receive advice on the following at least once about family planning?
NFHS-5 Individual,s440e_3,did you receive advice on the following at least once about family planning?
NFHS-5 Individual,s440e_4,did you receive advice on the following at least once about family planning?
NFHS-5 Individual,s440e_5,did you receive advice on the following at least once about family planning?
NFHS-5 Individual,s440e_6,did you receive advice on the following at least once about family planning?
NFHS-5 Individual,s441_1,"during delivery, did you experience a breech presentation?"
NFHS-5 Individual,s441_2,"during delivery, did you experience a breech presentation?"
NFHS-5 Individual,s441_3,"during delivery, did you experience a breech presentation?"
NFHS-5 Individual,s441_4,"during delivery, did you experience a breech presentation?"
NFHS-5 Individual,s441_5,"during delivery, did you experience a breech presentation?"
NFHS-5 Individual,s441_6,"during delivery, did you experience a breech presentation?"
NFHS-5 Individual,s442_1,"during delivery, did you experience prolonged labour?"
NFHS-5 Individual,s442_2,"during delivery, did you experience prolonged labour?"
NFHS-5 Individual,s442_3,"during delivery, did you experience prolonged labour?"
NFHS-5 Individual,s442_4,"during delivery, did you experience prolonged labour?"
NFHS-5 Individual,s442_5,"during delivery, did you experience prolonged labour?"
NFHS-5 Individual,s442_6,"during delivery, did you experience prolonged labour?"
NFHS-5 Individual,s443_1,"during delivery, did you experience excessive bleeding?"
NFHS-5 Individual,s443_2,"during delivery, did you experience excessive bleeding?"
NFHS-5 Individual,s443_3,"during delivery, did you experience excessive bleeding?"
NFHS-5 Individual,s443_4,"during delivery, did you experience excessive bleeding?"
NFHS-5 Individual,s443_5,"during delivery, did you experience excessive bleeding?"
NFHS-5 Individual,s443_6,"during delivery, did you experience excessive bleeding?"
NFHS-5 Individual,s449_1,transport used by respondent to go to health facility for delivery
NFHS-5 Individual,s449_2,transport used by respondent to go to health facility for delivery
NFHS-5 Individual,s449_3,transport used by respondent to go to health facility for delivery
NFHS-5 Individual,s449_4,transport used by respondent to go to health facility for delivery
NFHS-5 Individual,s449_5,transport used by respondent to go to health facility for delivery
NFHS-5 Individual,s449_6,transport used by respondent to go to health facility for delivery
NFHS-5 Individual,s450a_1,person who arranged transport: doctor
NFHS-5 Individual,s450a_2,person who arranged transport: doctor
NFHS-5 Individual,s450a_3,person who arranged transport: doctor
NFHS-5 Individual,s450a_4,person who arranged transport: doctor
NFHS-5 Individual,s450a_5,person who arranged transport: doctor
NFHS-5 Individual,s450a_6,person who arranged transport: doctor
NFHS-5 Individual,s450b_1,person who arranged transport: anm
NFHS-5 Individual,s450b_2,person who arranged transport: anm
NFHS-5 Individual,s450b_3,person who arranged transport: anm
NFHS-5 Individual,s450b_4,person who arranged transport: anm
NFHS-5 Individual,s450b_5,person who arranged transport: anm
NFHS-5 Individual,s450b_6,person who arranged transport: anm
NFHS-5 Individual,s450c_1,person who arranged transport: health worker
NFHS-5 Individual,s450c_2,person who arranged transport: health worker
NFHS-5 Individual,s450c_3,person who arranged transport: health worker
NFHS-5 Individual,s450c_4,person who arranged transport: health worker
NFHS-5 Individual,s450c_5,person who arranged transport: health worker
NFHS-5 Individual,s450c_6,person who arranged transport: health worker
NFHS-5 Individual,s450d_1,person who arranged transport: anganwadi worker
NFHS-5 Individual,s450d_2,person who arranged transport: anganwadi worker
NFHS-5 Individual,s450d_3,person who arranged transport: anganwadi worker
NFHS-5 Individual,s450d_4,person who arranged transport: anganwadi worker
NFHS-5 Individual,s450d_5,person who arranged transport: anganwadi worker
NFHS-5 Individual,s450d_6,person who arranged transport: anganwadi worker
NFHS-5 Individual,s450e_1,person who arranged transport: asha
NFHS-5 Individual,s450e_2,person who arranged transport: asha
NFHS-5 Individual,s450e_3,person who arranged transport: asha
NFHS-5 Individual,s450e_4,person who arranged transport: asha
NFHS-5 Individual,s450e_5,person who arranged transport: asha
NFHS-5 Individual,s450e_6,person who arranged transport: asha
NFHS-5 Individual,s450f_1,person who arranged transport: pri member
NFHS-5 Individual,s450f_2,person who arranged transport: pri member
NFHS-5 Individual,s450f_3,person who arranged transport: pri member
NFHS-5 Individual,s450f_4,person who arranged transport: pri member
NFHS-5 Individual,s450f_5,person who arranged transport: pri member
NFHS-5 Individual,s450f_6,person who arranged transport: pri member
NFHS-5 Individual,s450g_1,person who arranged transport: ngo
NFHS-5 Individual,s450g_2,person who arranged transport: ngo
NFHS-5 Individual,s450g_3,person who arranged transport: ngo
NFHS-5 Individual,s450g_4,person who arranged transport: ngo
NFHS-5 Individual,s450g_5,person who arranged transport: ngo
NFHS-5 Individual,s450g_6,person who arranged transport: ngo
NFHS-5 Individual,s450h_1,person who arranged transport: cbo
NFHS-5 Individual,s450h_2,person who arranged transport: cbo
NFHS-5 Individual,s450h_3,person who arranged transport: cbo
NFHS-5 Individual,s450h_4,person who arranged transport: cbo
NFHS-5 Individual,s450h_5,person who arranged transport: cbo
NFHS-5 Individual,s450h_6,person who arranged transport: cbo
NFHS-5 Individual,s450i_1,person who arranged transport: husband
NFHS-5 Individual,s450i_2,person who arranged transport: husband
NFHS-5 Individual,s450i_3,person who arranged transport: husband
NFHS-5 Individual,s450i_4,person who arranged transport: husband
NFHS-5 Individual,s450i_5,person who arranged transport: husband
NFHS-5 Individual,s450i_6,person who arranged transport: husband
NFHS-5 Individual,s450j_1,person who arranged transport: mother-in-law
NFHS-5 Individual,s450j_2,person who arranged transport: mother-in-law
NFHS-5 Individual,s450j_3,person who arranged transport: mother-in-law
NFHS-5 Individual,s450j_4,person who arranged transport: mother-in-law
NFHS-5 Individual,s450j_5,person who arranged transport: mother-in-law
NFHS-5 Individual,s450j_6,person who arranged transport: mother-in-law
NFHS-5 Individual,s450k_1,person who arranged transport: mother
NFHS-5 Individual,s450k_2,person who arranged transport: mother
NFHS-5 Individual,s450k_3,person who arranged transport: mother
NFHS-5 Individual,s450k_4,person who arranged transport: mother
NFHS-5 Individual,s450k_5,person who arranged transport: mother
NFHS-5 Individual,s450k_6,person who arranged transport: mother
NFHS-5 Individual,s450l_1,person who arranged transport: relatives/friends
NFHS-5 Individual,s450l_2,person who arranged transport: relatives/friends
NFHS-5 Individual,s450l_3,person who arranged transport: relatives/friends
NFHS-5 Individual,s450l_4,person who arranged transport: relatives/friends
NFHS-5 Individual,s450l_5,person who arranged transport: relatives/friends
NFHS-5 Individual,s450l_6,person who arranged transport: relatives/friends
NFHS-5 Individual,s450m_1,person who arranged transport: self
NFHS-5 Individual,s450m_2,person who arranged transport: self
NFHS-5 Individual,s450m_3,person who arranged transport: self
NFHS-5 Individual,s450m_4,person who arranged transport: self
NFHS-5 Individual,s450m_5,person who arranged transport: self
NFHS-5 Individual,s450m_6,person who arranged transport: self
NFHS-5 Individual,s450x_1,person who arranged transport: other
NFHS-5 Individual,s450x_2,person who arranged transport: other
NFHS-5 Individual,s450x_3,person who arranged transport: other
NFHS-5 Individual,s450x_4,person who arranged transport: other
NFHS-5 Individual,s450x_5,person who arranged transport: other
NFHS-5 Individual,s450x_6,person who arranged transport: other
NFHS-5 Individual,s451_1,respondent's out-of-pocket delivery cost: transportation
NFHS-5 Individual,s451_2,respondent's out-of-pocket delivery cost: transportation
NFHS-5 Individual,s451_3,respondent's out-of-pocket delivery cost: transportation
NFHS-5 Individual,s451_4,respondent's out-of-pocket delivery cost: transportation
NFHS-5 Individual,s451_5,respondent's out-of-pocket delivery cost: transportation
NFHS-5 Individual,s451_6,respondent's out-of-pocket delivery cost: transportation
NFHS-5 Individual,s452a_1,respondent's out-of-pocket delivery cost: hospital stay
NFHS-5 Individual,s452a_2,respondent's out-of-pocket delivery cost: hospital stay
NFHS-5 Individual,s452a_3,respondent's out-of-pocket delivery cost: hospital stay
NFHS-5 Individual,s452a_4,respondent's out-of-pocket delivery cost: hospital stay
NFHS-5 Individual,s452a_5,respondent's out-of-pocket delivery cost: hospital stay
NFHS-5 Individual,s452a_6,respondent's out-of-pocket delivery cost: hospital stay
NFHS-5 Individual,s452b_1,respondent's out-of-pocket delivery cost: tests
NFHS-5 Individual,s452b_2,respondent's out-of-pocket delivery cost: tests
NFHS-5 Individual,s452b_3,respondent's out-of-pocket delivery cost: tests
NFHS-5 Individual,s452b_4,respondent's out-of-pocket delivery cost: tests
NFHS-5 Individual,s452b_5,respondent's out-of-pocket delivery cost: tests
NFHS-5 Individual,s452b_6,respondent's out-of-pocket delivery cost: tests
NFHS-5 Individual,s452c_1,respondent's out-of-pocket delivery cost: medicines
NFHS-5 Individual,s452c_2,respondent's out-of-pocket delivery cost: medicines
NFHS-5 Individual,s452c_3,respondent's out-of-pocket delivery cost: medicines
NFHS-5 Individual,s452c_4,respondent's out-of-pocket delivery cost: medicines
NFHS-5 Individual,s452c_5,respondent's out-of-pocket delivery cost: medicines
NFHS-5 Individual,s452c_6,respondent's out-of-pocket delivery cost: medicines
NFHS-5 Individual,s452d_1,respondent's out-of-pocket delivery cost: other
NFHS-5 Individual,s452d_2,respondent's out-of-pocket delivery cost: other
NFHS-5 Individual,s452d_3,respondent's out-of-pocket delivery cost: other
NFHS-5 Individual,s452d_4,respondent's out-of-pocket delivery cost: other
NFHS-5 Individual,s452d_5,respondent's out-of-pocket delivery cost: other
NFHS-5 Individual,s452d_6,respondent's out-of-pocket delivery cost: other
NFHS-5 Individual,s454_1,total respondent's out-of-pocket delivery cost
NFHS-5 Individual,s454_2,total respondent's out-of-pocket delivery cost
NFHS-5 Individual,s454_3,total respondent's out-of-pocket delivery cost
NFHS-5 Individual,s454_4,total respondent's out-of-pocket delivery cost
NFHS-5 Individual,s454_5,total respondent's out-of-pocket delivery cost
NFHS-5 Individual,s454_6,total respondent's out-of-pocket delivery cost
NFHS-5 Individual,s456a_1,manner out of pocket cost met: bank account/savings
NFHS-5 Individual,s456a_2,manner out of pocket cost met: bank account/savings
NFHS-5 Individual,s456a_3,manner out of pocket cost met: bank account/savings
NFHS-5 Individual,s456a_4,manner out of pocket cost met: bank account/savings
NFHS-5 Individual,s456a_5,manner out of pocket cost met: bank account/savings
NFHS-5 Individual,s456a_6,manner out of pocket cost met: bank account/savings
NFHS-5 Individual,s456b_1,manner out of pocket cost met: borrowed from friends
NFHS-5 Individual,s456b_2,manner out of pocket cost met: borrowed from friends
NFHS-5 Individual,s456b_3,manner out of pocket cost met: borrowed from friends
NFHS-5 Individual,s456b_4,manner out of pocket cost met: borrowed from friends
NFHS-5 Individual,s456b_5,manner out of pocket cost met: borrowed from friends
NFHS-5 Individual,s456b_6,manner out of pocket cost met: borrowed from friends
NFHS-5 Individual,s456c_1,manner out of pocket cost met: selling property
NFHS-5 Individual,s456c_2,manner out of pocket cost met: selling property
NFHS-5 Individual,s456c_3,manner out of pocket cost met: selling property
NFHS-5 Individual,s456c_4,manner out of pocket cost met: selling property
NFHS-5 Individual,s456c_5,manner out of pocket cost met: selling property
NFHS-5 Individual,s456c_6,manner out of pocket cost met: selling property
NFHS-5 Individual,s456d_1,manner out of pocket cost met: selling jewellery
NFHS-5 Individual,s456d_2,manner out of pocket cost met: selling jewellery
NFHS-5 Individual,s456d_3,manner out of pocket cost met: selling jewellery
NFHS-5 Individual,s456d_4,manner out of pocket cost met: selling jewellery
NFHS-5 Individual,s456d_5,manner out of pocket cost met: selling jewellery
NFHS-5 Individual,s456d_6,manner out of pocket cost met: selling jewellery
NFHS-5 Individual,s456e_1,manner out of pocket cost met: insurance
NFHS-5 Individual,s456e_2,manner out of pocket cost met: insurance
NFHS-5 Individual,s456e_3,manner out of pocket cost met: insurance
NFHS-5 Individual,s456e_4,manner out of pocket cost met: insurance
NFHS-5 Individual,s456e_5,manner out of pocket cost met: insurance
NFHS-5 Individual,s456e_6,manner out of pocket cost met: insurance
NFHS-5 Individual,s456x_1,manner out of pocket cost met: other
NFHS-5 Individual,s456x_2,manner out of pocket cost met: other
NFHS-5 Individual,s456x_3,manner out of pocket cost met: other
NFHS-5 Individual,s456x_4,manner out of pocket cost met: other
NFHS-5 Individual,s456x_5,manner out of pocket cost met: other
NFHS-5 Individual,s456x_6,manner out of pocket cost met: other
NFHS-5 Individual,s457_1,receive financial assistance for delivery care
NFHS-5 Individual,s457_2,receive financial assistance for delivery care
NFHS-5 Individual,s457_3,receive financial assistance for delivery care
NFHS-5 Individual,s457_4,receive financial assistance for delivery care
NFHS-5 Individual,s457_5,receive financial assistance for delivery care
NFHS-5 Individual,s457_6,receive financial assistance for delivery care
NFHS-5 Individual,s458a_1,source of assistance: janani suraksha yojana (jsy)
NFHS-5 Individual,s458a_2,source of assistance: janani suraksha yojana (jsy)
NFHS-5 Individual,s458a_3,source of assistance: janani suraksha yojana (jsy)
NFHS-5 Individual,s458a_4,source of assistance: janani suraksha yojana (jsy)
NFHS-5 Individual,s458a_5,source of assistance: janani suraksha yojana (jsy)
NFHS-5 Individual,s458a_6,source of assistance: janani suraksha yojana (jsy)
NFHS-5 Individual,s458b_1,source of assistance: other govt. schemes
NFHS-5 Individual,s458b_2,source of assistance: other govt. schemes
NFHS-5 Individual,s458b_3,source of assistance: other govt. schemes
NFHS-5 Individual,s458b_4,source of assistance: other govt. schemes
NFHS-5 Individual,s458b_5,source of assistance: other govt. schemes
NFHS-5 Individual,s458b_6,source of assistance: other govt. schemes
NFHS-5 Individual,s458x_1,source of assistance: other
NFHS-5 Individual,s458x_2,source of assistance: other
NFHS-5 Individual,s458x_3,source of assistance: other
NFHS-5 Individual,s458x_4,source of assistance: other
NFHS-5 Individual,s458x_5,source of assistance: other
NFHS-5 Individual,s458x_6,source of assistance: other
NFHS-5 Individual,s459_1,number of days after delivery received jsy financial assistance
NFHS-5 Individual,s459_2,number of days after delivery received jsy financial assistance
NFHS-5 Individual,s459_3,number of days after delivery received jsy financial assistance
NFHS-5 Individual,s459_4,number of days after delivery received jsy financial assistance
NFHS-5 Individual,s459_5,number of days after delivery received jsy financial assistance
NFHS-5 Individual,s459_6,number of days after delivery received jsy financial assistance
NFHS-5 Individual,s460_1,total jsy amount received
NFHS-5 Individual,s460_2,total jsy amount received
NFHS-5 Individual,s460_3,total jsy amount received
NFHS-5 Individual,s460_4,total jsy amount received
NFHS-5 Individual,s460_5,total jsy amount received
NFHS-5 Individual,s460_6,total jsy amount received
NFHS-5 Individual,s464_1,"immediately after the birth, child was put on your chest?"
NFHS-5 Individual,s464_2,"immediately after the birth, child was put on your chest?"
NFHS-5 Individual,s464_3,"immediately after the birth, child was put on your chest?"
NFHS-5 Individual,s464_4,"immediately after the birth, child was put on your chest?"
NFHS-5 Individual,s464_5,"immediately after the birth, child was put on your chest?"
NFHS-5 Individual,s464_6,"immediately after the birth, child was put on your chest?"
NFHS-5 Individual,s465_1,was child's bare skin touching your bare skin?
NFHS-5 Individual,s465_2,was child's bare skin touching your bare skin?
NFHS-5 Individual,s465_3,was child's bare skin touching your bare skin?
NFHS-5 Individual,s465_4,was child's bare skin touching your bare skin?
NFHS-5 Individual,s465_5,was child's bare skin touching your bare skin?
NFHS-5 Individual,s465_6,was child's bare skin touching your bare skin?
NFHS-5 Individual,s470_1,postnatal check on baby before discharge
NFHS-5 Individual,s470_2,postnatal check on baby before discharge
NFHS-5 Individual,s470_3,postnatal check on baby before discharge
NFHS-5 Individual,s470_4,postnatal check on baby before discharge
NFHS-5 Individual,s470_5,postnatal check on baby before discharge
NFHS-5 Individual,s470_6,postnatal check on baby before discharge
NFHS-5 Individual,s471_1,how long after delivery did the first check on baby take place?
NFHS-5 Individual,s471_2,how long after delivery did the first check on baby take place?
NFHS-5 Individual,s471_3,how long after delivery did the first check on baby take place?
NFHS-5 Individual,s471_4,how long after delivery did the first check on baby take place?
NFHS-5 Individual,s471_5,how long after delivery did the first check on baby take place?
NFHS-5 Individual,s471_6,how long after delivery did the first check on baby take place?
NFHS-5 Individual,s472_1,who checked on baby's health at that time
NFHS-5 Individual,s472_2,who checked on baby's health at that time
NFHS-5 Individual,s472_3,who checked on baby's health at that time
NFHS-5 Individual,s472_4,who checked on baby's health at that time
NFHS-5 Individual,s472_5,who checked on baby's health at that time
NFHS-5 Individual,s472_6,who checked on baby's health at that time
NFHS-5 Individual,s473_1,checkup on respondent after discharge from place of delivery
NFHS-5 Individual,s473_2,checkup on respondent after discharge from place of delivery
NFHS-5 Individual,s473_3,checkup on respondent after discharge from place of delivery
NFHS-5 Individual,s473_4,checkup on respondent after discharge from place of delivery
NFHS-5 Individual,s473_5,checkup on respondent after discharge from place of delivery
NFHS-5 Individual,s473_6,checkup on respondent after discharge from place of delivery
NFHS-5 Individual,s474_1,how long after delivery did the first check take place?
NFHS-5 Individual,s474_2,how long after delivery did the first check take place?
NFHS-5 Individual,s474_3,how long after delivery did the first check take place?
NFHS-5 Individual,s474_4,how long after delivery did the first check take place?
NFHS-5 Individual,s474_5,how long after delivery did the first check take place?
NFHS-5 Individual,s474_6,how long after delivery did the first check take place?
NFHS-5 Individual,s475_1,who checked on respondent's health at that time
NFHS-5 Individual,s475_2,who checked on respondent's health at that time
NFHS-5 Individual,s475_3,who checked on respondent's health at that time
NFHS-5 Individual,s475_4,who checked on respondent's health at that time
NFHS-5 Individual,s475_5,who checked on respondent's health at that time
NFHS-5 Individual,s475_6,who checked on respondent's health at that time
NFHS-5 Individual,s476_1,where did this first check take place?
NFHS-5 Individual,s476_2,where did this first check take place?
NFHS-5 Individual,s476_3,where did this first check take place?
NFHS-5 Individual,s476_4,where did this first check take place?
NFHS-5 Individual,s476_5,where did this first check take place?
NFHS-5 Individual,s476_6,where did this first check take place?
NFHS-5 Individual,s477_1,checkup on baby after discharge from place of delivery
NFHS-5 Individual,s477_2,checkup on baby after discharge from place of delivery
NFHS-5 Individual,s477_3,checkup on baby after discharge from place of delivery
NFHS-5 Individual,s477_4,checkup on baby after discharge from place of delivery
NFHS-5 Individual,s477_5,checkup on baby after discharge from place of delivery
NFHS-5 Individual,s477_6,checkup on baby after discharge from place of delivery
NFHS-5 Individual,s478_1,how long after delivery did the first check on baby take place?
NFHS-5 Individual,s478_2,how long after delivery did the first check on baby take place?
NFHS-5 Individual,s478_3,how long after delivery did the first check on baby take place?
NFHS-5 Individual,s478_4,how long after delivery did the first check on baby take place?
NFHS-5 Individual,s478_5,how long after delivery did the first check on baby take place?
NFHS-5 Individual,s478_6,how long after delivery did the first check on baby take place?
NFHS-5 Individual,s479_1,who checked on baby's health at that time
NFHS-5 Individual,s479_2,who checked on baby's health at that time
NFHS-5 Individual,s479_3,who checked on baby's health at that time
NFHS-5 Individual,s479_4,who checked on baby's health at that time
NFHS-5 Individual,s479_5,who checked on baby's health at that time
NFHS-5 Individual,s479_6,who checked on baby's health at that time
NFHS-5 Individual,s480_1,where did this first check take place?
NFHS-5 Individual,s480_2,where did this first check take place?
NFHS-5 Individual,s480_3,where did this first check take place?
NFHS-5 Individual,s480_4,where did this first check take place?
NFHS-5 Individual,s480_5,where did this first check take place?
NFHS-5 Individual,s480_6,where did this first check take place?
NFHS-5 Individual,s481_1,checkup on respondent in two months after discharge from place of delivery
NFHS-5 Individual,s481_2,checkup on respondent in two months after discharge from place of delivery
NFHS-5 Individual,s481_3,checkup on respondent in two months after discharge from place of delivery
NFHS-5 Individual,s481_4,checkup on respondent in two months after discharge from place of delivery
NFHS-5 Individual,s481_5,checkup on respondent in two months after discharge from place of delivery
NFHS-5 Individual,s481_6,checkup on respondent in two months after discharge from place of delivery
NFHS-5 Individual,s483a_1,disposable delivery kit used
NFHS-5 Individual,s483a_2,disposable delivery kit used
NFHS-5 Individual,s483a_3,disposable delivery kit used
NFHS-5 Individual,s483a_4,disposable delivery kit used
NFHS-5 Individual,s483a_5,disposable delivery kit used
NFHS-5 Individual,s483a_6,disposable delivery kit used
NFHS-5 Individual,s483b_1,baby immediately wiped dry and wrapped without being bathed
NFHS-5 Individual,s483b_2,baby immediately wiped dry and wrapped without being bathed
NFHS-5 Individual,s483b_3,baby immediately wiped dry and wrapped without being bathed
NFHS-5 Individual,s483b_4,baby immediately wiped dry and wrapped without being bathed
NFHS-5 Individual,s483b_5,baby immediately wiped dry and wrapped without being bathed
NFHS-5 Individual,s483b_6,baby immediately wiped dry and wrapped without being bathed
NFHS-5 Individual,s483c_1,clean blade used to cut cord
NFHS-5 Individual,s483c_2,clean blade used to cut cord
NFHS-5 Individual,s483c_3,clean blade used to cut cord
NFHS-5 Individual,s483c_4,clean blade used to cut cord
NFHS-5 Individual,s483c_5,clean blade used to cut cord
NFHS-5 Individual,s483c_6,clean blade used to cut cord
NFHS-5 Individual,s486_1,how many checkups were done in the first 10 days after delivery?
NFHS-5 Individual,s486_2,how many checkups were done in the first 10 days after delivery?
NFHS-5 Individual,s486_3,how many checkups were done in the first 10 days after delivery?
NFHS-5 Individual,s486_4,how many checkups were done in the first 10 days after delivery?
NFHS-5 Individual,s486_5,how many checkups were done in the first 10 days after delivery?
NFHS-5 Individual,s486_6,how many checkups were done in the first 10 days after delivery?
NFHS-5 Individual,s493a_1,"in the first two months after delivery, did you have:massive vaginal bleeding?"
NFHS-5 Individual,s493a_2,"in the first two months after delivery, did you have:massive vaginal bleeding?"
NFHS-5 Individual,s493a_3,"in the first two months after delivery, did you have:massive vaginal bleeding?"
NFHS-5 Individual,s493a_4,"in the first two months after delivery, did you have:massive vaginal bleeding?"
NFHS-5 Individual,s493a_5,"in the first two months after delivery, did you have:massive vaginal bleeding?"
NFHS-5 Individual,s493a_6,"in the first two months after delivery, did you have:massive vaginal bleeding?"
NFHS-5 Individual,s493b_1,"in the first two months after delivery, did you have: very high fever?"
NFHS-5 Individual,s493b_2,"in the first two months after delivery, did you have: very high fever?"
NFHS-5 Individual,s493b_3,"in the first two months after delivery, did you have: very high fever?"
NFHS-5 Individual,s493b_4,"in the first two months after delivery, did you have: very high fever?"
NFHS-5 Individual,s493b_5,"in the first two months after delivery, did you have: very high fever?"
NFHS-5 Individual,s493b_6,"in the first two months after delivery, did you have: very high fever?"
NFHS-5 Individual,s494a_1,during first two days healthcare provider examined the cord
NFHS-5 Individual,s494a_2,during first two days healthcare provider examined the cord
NFHS-5 Individual,s494a_3,during first two days healthcare provider examined the cord
NFHS-5 Individual,s494a_4,during first two days healthcare provider examined the cord
NFHS-5 Individual,s494a_5,during first two days healthcare provider examined the cord
NFHS-5 Individual,s494a_6,during first two days healthcare provider examined the cord
NFHS-5 Individual,s494b_1,during first two days healthcare provider measured temperature
NFHS-5 Individual,s494b_2,during first two days healthcare provider measured temperature
NFHS-5 Individual,s494b_3,during first two days healthcare provider measured temperature
NFHS-5 Individual,s494b_4,during first two days healthcare provider measured temperature
NFHS-5 Individual,s494b_5,during first two days healthcare provider measured temperature
NFHS-5 Individual,s494b_6,during first two days healthcare provider measured temperature
NFHS-5 Individual,s494c_1,during first two days healthcare provider counseled on danger signs for newborns
NFHS-5 Individual,s494c_2,during first two days healthcare provider counseled on danger signs for newborns
NFHS-5 Individual,s494c_3,during first two days healthcare provider counseled on danger signs for newborns
NFHS-5 Individual,s494c_4,during first two days healthcare provider counseled on danger signs for newborns
NFHS-5 Individual,s494c_5,during first two days healthcare provider counseled on danger signs for newborns
NFHS-5 Individual,s494c_6,during first two days healthcare provider counseled on danger signs for newborns
NFHS-5 Individual,s494d_1,during first two days healthcare provider counseled on breastfeeding
NFHS-5 Individual,s494d_2,during first two days healthcare provider counseled on breastfeeding
NFHS-5 Individual,s494d_3,during first two days healthcare provider counseled on breastfeeding
NFHS-5 Individual,s494d_4,during first two days healthcare provider counseled on breastfeeding
NFHS-5 Individual,s494d_5,during first two days healthcare provider counseled on breastfeeding
NFHS-5 Individual,s494d_6,during first two days healthcare provider counseled on breastfeeding
NFHS-5 Individual,s494e_1,during first two days healthcare provider observed breastfeeding
NFHS-5 Individual,s494e_2,during first two days healthcare provider observed breastfeeding
NFHS-5 Individual,s494e_3,during first two days healthcare provider observed breastfeeding
NFHS-5 Individual,s494e_4,during first two days healthcare provider observed breastfeeding
NFHS-5 Individual,s494e_5,during first two days healthcare provider observed breastfeeding
NFHS-5 Individual,s494e_6,during first two days healthcare provider observed breastfeeding
NFHS-5 Individual,idx95_1,index to birth history
NFHS-5 Individual,idx95_2,index to birth history
NFHS-5 Individual,idx95_3,index to birth history
NFHS-5 Individual,idx95_4,index to birth history
NFHS-5 Individual,flpv1_1,received flpv 1
NFHS-5 Individual,flpv1_2,received flpv 1
NFHS-5 Individual,flpv1_3,received flpv 1
NFHS-5 Individual,flpv1_4,received flpv 1
NFHS-5 Individual,flpv1d_1,flpv 1 day
NFHS-5 Individual,flpv1d_2,flpv 1 day
NFHS-5 Individual,flpv1d_3,flpv 1 day
NFHS-5 Individual,flpv1d_4,flpv 1 day
NFHS-5 Individual,flpv1m_1,flpv 1 month
NFHS-5 Individual,flpv1m_2,flpv 1 month
NFHS-5 Individual,flpv1m_3,flpv 1 month
NFHS-5 Individual,flpv1m_4,flpv 1 month
NFHS-5 Individual,flpv1y_1,flpv 1 year
NFHS-5 Individual,flpv1y_2,flpv 1 year
NFHS-5 Individual,flpv1y_3,flpv 1 year
NFHS-5 Individual,flpv1y_4,flpv 1 year
NFHS-5 Individual,flpv2_1,received flpv 2
NFHS-5 Individual,flpv2_2,received flpv 2
NFHS-5 Individual,flpv2_3,received flpv 2
NFHS-5 Individual,flpv2_4,received flpv 2
NFHS-5 Individual,flpv2d_1,flpv 2 day
NFHS-5 Individual,flpv2d_2,flpv 2 day
NFHS-5 Individual,flpv2d_3,flpv 2 day
NFHS-5 Individual,flpv2d_4,flpv 2 day
NFHS-5 Individual,flpv2m_1,flpv 2 month
NFHS-5 Individual,flpv2m_2,flpv 2 month
NFHS-5 Individual,flpv2m_3,flpv 2 month
NFHS-5 Individual,flpv2m_4,flpv 2 month
NFHS-5 Individual,flpv2y_1,flpv 2 year
NFHS-5 Individual,flpv2y_2,flpv 2 year
NFHS-5 Individual,flpv2y_3,flpv 2 year
NFHS-5 Individual,flpv2y_4,flpv 2 year
NFHS-5 Individual,je1_1,received je 1
NFHS-5 Individual,je1_2,received je 1
NFHS-5 Individual,je1_3,received je 1
NFHS-5 Individual,je1_4,received je 1
NFHS-5 Individual,je1d_1,je 1 day
NFHS-5 Individual,je1d_2,je 1 day
NFHS-5 Individual,je1d_3,je 1 day
NFHS-5 Individual,je1d_4,je 1 day
NFHS-5 Individual,je1m_1,je 1 month
NFHS-5 Individual,je1m_2,je 1 month
NFHS-5 Individual,je1m_3,je 1 month
NFHS-5 Individual,je1m_4,je 1 month
NFHS-5 Individual,je1y_1,je 1 year
NFHS-5 Individual,je1y_2,je 1 year
NFHS-5 Individual,je1y_3,je 1 year
NFHS-5 Individual,je1y_4,je 1 year
NFHS-5 Individual,je2_1,received je 2
NFHS-5 Individual,je2_2,received je 2
NFHS-5 Individual,je2_3,received je 2
NFHS-5 Individual,je2_4,received je 2
NFHS-5 Individual,je2d_1,je 2 day
NFHS-5 Individual,je2d_2,je 2 day
NFHS-5 Individual,je2d_3,je 2 day
NFHS-5 Individual,je2d_4,je 2 day
NFHS-5 Individual,je2m_1,je 2 month
NFHS-5 Individual,je2m_2,je 2 month
NFHS-5 Individual,je2m_3,je 2 month
NFHS-5 Individual,je2m_4,je 2 month
NFHS-5 Individual,je2y_1,je 2 year
NFHS-5 Individual,je2y_2,je 2 year
NFHS-5 Individual,je2y_3,je 2 year
NFHS-5 Individual,je2y_4,je 2 year
NFHS-5 Individual,mcv1d_1,mcv 1 day
NFHS-5 Individual,mcv1d_2,mcv 1 day
NFHS-5 Individual,mcv1d_3,mcv 1 day
NFHS-5 Individual,mcv1d_4,mcv 1 day
NFHS-5 Individual,mcv1m_1,mcv 1 month
NFHS-5 Individual,mcv1m_2,mcv 1 month
NFHS-5 Individual,mcv1m_3,mcv 1 month
NFHS-5 Individual,mcv1m_4,mcv 1 month
NFHS-5 Individual,mcv1y_1,mcv 1 year
NFHS-5 Individual,mcv1y_2,mcv 1 year
NFHS-5 Individual,mcv1y_3,mcv 1 year
NFHS-5 Individual,mcv1y_4,mcv 1 year
NFHS-5 Individual,mcv2d_1,mcv 2 day
NFHS-5 Individual,mcv2d_2,mcv 2 day
NFHS-5 Individual,mcv2d_3,mcv 2 day
NFHS-5 Individual,mcv2d_4,mcv 2 day
NFHS-5 Individual,mcv2m_1,mcv 2 month
NFHS-5 Individual,mcv2m_2,mcv 2 month
NFHS-5 Individual,mcv2m_3,mcv 2 month
NFHS-5 Individual,mcv2m_4,mcv 2 month
NFHS-5 Individual,mcv2y_1,mcv 2 year
NFHS-5 Individual,mcv2y_2,mcv 2 year
NFHS-5 Individual,mcv2y_3,mcv 2 year
NFHS-5 Individual,mcv2y_4,mcv 2 year
NFHS-5 Individual,dptb_1,dpt 1 booster
NFHS-5 Individual,dptb_2,dpt 1 booster
NFHS-5 Individual,dptb_3,dpt 1 booster
NFHS-5 Individual,dptb_4,dpt 1 booster
NFHS-5 Individual,dptbd_1,dpt 1 booster day
NFHS-5 Individual,dptbd_2,dpt 1 booster day
NFHS-5 Individual,dptbd_3,dpt 1 booster day
NFHS-5 Individual,dptbd_4,dpt 1 booster day
NFHS-5 Individual,dptbm_1,dpt 1 booster month
NFHS-5 Individual,dptbm_2,dpt 1 booster month
NFHS-5 Individual,dptbm_3,dpt 1 booster month
NFHS-5 Individual,dptbm_4,dpt 1 booster month
NFHS-5 Individual,dptby_1,dpt 1 booster year
NFHS-5 Individual,dptby_2,dpt 1 booster year
NFHS-5 Individual,dptby_3,dpt 1 booster year
NFHS-5 Individual,dptby_4,dpt 1 booster year
NFHS-5 Individual,s513s_1,number of mmr vaccines
NFHS-5 Individual,s513s_2,number of mmr vaccines
NFHS-5 Individual,s513s_3,number of mmr vaccines
NFHS-5 Individual,s513s_4,number of mmr vaccines
NFHS-5 Individual,s513t_1,dpt1 booster vaccination
NFHS-5 Individual,s513t_2,dpt1 booster vaccination
NFHS-5 Individual,s513t_3,dpt1 booster vaccination
NFHS-5 Individual,s513t_4,dpt1 booster vaccination
NFHS-5 Individual,s515_1,where receive most of his/her vaccinations?
NFHS-5 Individual,s515_2,where receive most of his/her vaccinations?
NFHS-5 Individual,s515_3,where receive most of his/her vaccinations?
NFHS-5 Individual,s515_4,where receive most of his/her vaccinations?
NFHS-5 Individual,s515a_1,where receive most of his/her vaccinations? public ayush
NFHS-5 Individual,s515a_2,where receive most of his/her vaccinations? public ayush
NFHS-5 Individual,s515a_3,where receive most of his/her vaccinations? public ayush
NFHS-5 Individual,s515a_4,where receive most of his/her vaccinations? public ayush
NFHS-5 Individual,s515b_1,where receive most of his/her vaccinations? private ayush
NFHS-5 Individual,s515b_2,where receive most of his/her vaccinations? private ayush
NFHS-5 Individual,s515b_3,where receive most of his/her vaccinations? private ayush
NFHS-5 Individual,s515b_4,where receive most of his/her vaccinations? private ayush
NFHS-5 Individual,idx96_1,index to birth history
NFHS-5 Individual,idx96_2,index to birth history
NFHS-5 Individual,idx96_3,index to birth history
NFHS-5 Individual,idx96_4,index to birth history
NFHS-5 Individual,idx96_5,index to birth history
NFHS-5 Individual,idx96_6,index to birth history
NFHS-5 Individual,s521k_1,diarrhea: public asha
NFHS-5 Individual,s521k_2,diarrhea: public asha
NFHS-5 Individual,s521k_3,diarrhea: public asha
NFHS-5 Individual,s521k_4,diarrhea: public asha
NFHS-5 Individual,s521k_5,diarrhea: public asha
NFHS-5 Individual,s521k_6,diarrhea: public asha
NFHS-5 Individual,s521aa_1,diarrhea: public ayush: ayurveda
NFHS-5 Individual,s521aa_2,diarrhea: public ayush: ayurveda
NFHS-5 Individual,s521aa_3,diarrhea: public ayush: ayurveda
NFHS-5 Individual,s521aa_4,diarrhea: public ayush: ayurveda
NFHS-5 Individual,s521aa_5,diarrhea: public ayush: ayurveda
NFHS-5 Individual,s521aa_6,diarrhea: public ayush: ayurveda
NFHS-5 Individual,s521ab_1,diarrhea: public ayush: yoga and naturopathy
NFHS-5 Individual,s521ab_2,diarrhea: public ayush: yoga and naturopathy
NFHS-5 Individual,s521ab_3,diarrhea: public ayush: yoga and naturopathy
NFHS-5 Individual,s521ab_4,diarrhea: public ayush: yoga and naturopathy
NFHS-5 Individual,s521ab_5,diarrhea: public ayush: yoga and naturopathy
NFHS-5 Individual,s521ab_6,diarrhea: public ayush: yoga and naturopathy
NFHS-5 Individual,s521ac_1,diarrhea: public ayush: unani
NFHS-5 Individual,s521ac_2,diarrhea: public ayush: unani
NFHS-5 Individual,s521ac_3,diarrhea: public ayush: unani
NFHS-5 Individual,s521ac_4,diarrhea: public ayush: unani
NFHS-5 Individual,s521ac_5,diarrhea: public ayush: unani
NFHS-5 Individual,s521ac_6,diarrhea: public ayush: unani
NFHS-5 Individual,s521ad_1,diarrhea: public ayush: siddha
NFHS-5 Individual,s521ad_2,diarrhea: public ayush: siddha
NFHS-5 Individual,s521ad_3,diarrhea: public ayush: siddha
NFHS-5 Individual,s521ad_4,diarrhea: public ayush: siddha
NFHS-5 Individual,s521ad_5,diarrhea: public ayush: siddha
NFHS-5 Individual,s521ad_6,diarrhea: public ayush: siddha
NFHS-5 Individual,s521ae_1,diarrhea: public ayush: homeopathy
NFHS-5 Individual,s521ae_2,diarrhea: public ayush: homeopathy
NFHS-5 Individual,s521ae_3,diarrhea: public ayush: homeopathy
NFHS-5 Individual,s521ae_4,diarrhea: public ayush: homeopathy
NFHS-5 Individual,s521ae_5,diarrhea: public ayush: homeopathy
NFHS-5 Individual,s521ae_6,diarrhea: public ayush: homeopathy
NFHS-5 Individual,s521af_1,diarrhea: public ayush: sowa rigpa (ttm)
NFHS-5 Individual,s521af_2,diarrhea: public ayush: sowa rigpa (ttm)
NFHS-5 Individual,s521af_3,diarrhea: public ayush: sowa rigpa (ttm)
NFHS-5 Individual,s521af_4,diarrhea: public ayush: sowa rigpa (ttm)
NFHS-5 Individual,s521af_5,diarrhea: public ayush: sowa rigpa (ttm)
NFHS-5 Individual,s521af_6,diarrhea: public ayush: sowa rigpa (ttm)
NFHS-5 Individual,s521ag_1,diarrhea: public ayush: other
NFHS-5 Individual,s521ag_2,diarrhea: public ayush: other
NFHS-5 Individual,s521ag_3,diarrhea: public ayush: other
NFHS-5 Individual,s521ag_4,diarrhea: public ayush: other
NFHS-5 Individual,s521ag_5,diarrhea: public ayush: other
NFHS-5 Individual,s521ag_6,diarrhea: public ayush: other
NFHS-5 Individual,s521ba_1,diarrhea: private ayush: ayurveda
NFHS-5 Individual,s521ba_2,diarrhea: private ayush: ayurveda
NFHS-5 Individual,s521ba_3,diarrhea: private ayush: ayurveda
NFHS-5 Individual,s521ba_4,diarrhea: private ayush: ayurveda
NFHS-5 Individual,s521ba_5,diarrhea: private ayush: ayurveda
NFHS-5 Individual,s521ba_6,diarrhea: private ayush: ayurveda
NFHS-5 Individual,s521bb_1,diarrhea: private ayush: yoga and naturopathy
NFHS-5 Individual,s521bb_2,diarrhea: private ayush: yoga and naturopathy
NFHS-5 Individual,s521bb_3,diarrhea: private ayush: yoga and naturopathy
NFHS-5 Individual,s521bb_4,diarrhea: private ayush: yoga and naturopathy
NFHS-5 Individual,s521bb_5,diarrhea: private ayush: yoga and naturopathy
NFHS-5 Individual,s521bb_6,diarrhea: private ayush: yoga and naturopathy
NFHS-5 Individual,s521bc_1,diarrhea: private ayush: unani
NFHS-5 Individual,s521bc_2,diarrhea: private ayush: unani
NFHS-5 Individual,s521bc_3,diarrhea: private ayush: unani
NFHS-5 Individual,s521bc_4,diarrhea: private ayush: unani
NFHS-5 Individual,s521bc_5,diarrhea: private ayush: unani
NFHS-5 Individual,s521bc_6,diarrhea: private ayush: unani
NFHS-5 Individual,s521bd_1,diarrhea: private ayush: siddha
NFHS-5 Individual,s521bd_2,diarrhea: private ayush: siddha
NFHS-5 Individual,s521bd_3,diarrhea: private ayush: siddha
NFHS-5 Individual,s521bd_4,diarrhea: private ayush: siddha
NFHS-5 Individual,s521bd_5,diarrhea: private ayush: siddha
NFHS-5 Individual,s521bd_6,diarrhea: private ayush: siddha
NFHS-5 Individual,s521be_1,diarrhea: private ayush: homeopathy
NFHS-5 Individual,s521be_2,diarrhea: private ayush: homeopathy
NFHS-5 Individual,s521be_3,diarrhea: private ayush: homeopathy
NFHS-5 Individual,s521be_4,diarrhea: private ayush: homeopathy
NFHS-5 Individual,s521be_5,diarrhea: private ayush: homeopathy
NFHS-5 Individual,s521be_6,diarrhea: private ayush: homeopathy
NFHS-5 Individual,s521bf_1,diarrhea: private ayush: sowa rigpa (ttm)
NFHS-5 Individual,s521bf_2,diarrhea: private ayush: sowa rigpa (ttm)
NFHS-5 Individual,s521bf_3,diarrhea: private ayush: sowa rigpa (ttm)
NFHS-5 Individual,s521bf_4,diarrhea: private ayush: sowa rigpa (ttm)
NFHS-5 Individual,s521bf_5,diarrhea: private ayush: sowa rigpa (ttm)
NFHS-5 Individual,s521bf_6,diarrhea: private ayush: sowa rigpa (ttm)
NFHS-5 Individual,s521bg_1,diarrhea: private ayush: other
NFHS-5 Individual,s521bg_2,diarrhea: private ayush: other
NFHS-5 Individual,s521bg_3,diarrhea: private ayush: other
NFHS-5 Individual,s521bg_4,diarrhea: private ayush: other
NFHS-5 Individual,s521bg_5,diarrhea: private ayush: other
NFHS-5 Individual,s521bg_6,diarrhea: private ayush: other
NFHS-5 Individual,s523a_1,first advice or treatment for diarrhoea (public ayush)
NFHS-5 Individual,s523a_2,first advice or treatment for diarrhoea (public ayush)
NFHS-5 Individual,s523a_3,first advice or treatment for diarrhoea (public ayush)
NFHS-5 Individual,s523a_4,first advice or treatment for diarrhoea (public ayush)
NFHS-5 Individual,s523a_5,first advice or treatment for diarrhoea (public ayush)
NFHS-5 Individual,s523a_6,first advice or treatment for diarrhoea (public ayush)
NFHS-5 Individual,s523b_1,first advice or treatment for diarrhoea (private ayush)
NFHS-5 Individual,s523b_2,first advice or treatment for diarrhoea (private ayush)
NFHS-5 Individual,s523b_3,first advice or treatment for diarrhoea (private ayush)
NFHS-5 Individual,s523b_4,first advice or treatment for diarrhoea (private ayush)
NFHS-5 Individual,s523b_5,first advice or treatment for diarrhoea (private ayush)
NFHS-5 Individual,s523b_6,first advice or treatment for diarrhoea (private ayush)
NFHS-5 Individual,s526a_1,micronutrient powder
NFHS-5 Individual,s526a_2,micronutrient powder
NFHS-5 Individual,s526a_3,micronutrient powder
NFHS-5 Individual,s526a_4,micronutrient powder
NFHS-5 Individual,s526a_5,micronutrient powder
NFHS-5 Individual,s526a_6,micronutrient powder
NFHS-5 Individual,s526b_1,anttheraputic foods
NFHS-5 Individual,s526b_2,anttheraputic foods
NFHS-5 Individual,s526b_3,anttheraputic foods
NFHS-5 Individual,s526b_4,anttheraputic foods
NFHS-5 Individual,s526b_5,anttheraputic foods
NFHS-5 Individual,s526b_6,anttheraputic foods
NFHS-5 Individual,s526c_1,supplemental foods
NFHS-5 Individual,s526c_2,supplemental foods
NFHS-5 Individual,s526c_3,supplemental foods
NFHS-5 Individual,s526c_4,supplemental foods
NFHS-5 Individual,s526c_5,supplemental foods
NFHS-5 Individual,s526c_6,supplemental foods
NFHS-5 Individual,s539j_1,fever/cough: public anganwadi / icds centre
NFHS-5 Individual,s539j_2,fever/cough: public anganwadi / icds centre
NFHS-5 Individual,s539j_3,fever/cough: public anganwadi / icds centre
NFHS-5 Individual,s539j_4,fever/cough: public anganwadi / icds centre
NFHS-5 Individual,s539j_5,fever/cough: public anganwadi / icds centre
NFHS-5 Individual,s539j_6,fever/cough: public anganwadi / icds centre
NFHS-5 Individual,s539k_1,fever/cough: public asha
NFHS-5 Individual,s539k_2,fever/cough: public asha
NFHS-5 Individual,s539k_3,fever/cough: public asha
NFHS-5 Individual,s539k_4,fever/cough: public asha
NFHS-5 Individual,s539k_5,fever/cough: public asha
NFHS-5 Individual,s539k_6,fever/cough: public asha
NFHS-5 Individual,s539aa_1,fever/cough: public ayush: ayurveda
NFHS-5 Individual,s539aa_2,fever/cough: public ayush: ayurveda
NFHS-5 Individual,s539aa_3,fever/cough: public ayush: ayurveda
NFHS-5 Individual,s539aa_4,fever/cough: public ayush: ayurveda
NFHS-5 Individual,s539aa_5,fever/cough: public ayush: ayurveda
NFHS-5 Individual,s539aa_6,fever/cough: public ayush: ayurveda
NFHS-5 Individual,s539ab_1,fever/cough: public ayush: yoga and naturopathy
NFHS-5 Individual,s539ab_2,fever/cough: public ayush: yoga and naturopathy
NFHS-5 Individual,s539ab_3,fever/cough: public ayush: yoga and naturopathy
NFHS-5 Individual,s539ab_4,fever/cough: public ayush: yoga and naturopathy
NFHS-5 Individual,s539ab_5,fever/cough: public ayush: yoga and naturopathy
NFHS-5 Individual,s539ab_6,fever/cough: public ayush: yoga and naturopathy
NFHS-5 Individual,s539ac_1,fever/cough: public ayush: unani
NFHS-5 Individual,s539ac_2,fever/cough: public ayush: unani
NFHS-5 Individual,s539ac_3,fever/cough: public ayush: unani
NFHS-5 Individual,s539ac_4,fever/cough: public ayush: unani
NFHS-5 Individual,s539ac_5,fever/cough: public ayush: unani
NFHS-5 Individual,s539ac_6,fever/cough: public ayush: unani
NFHS-5 Individual,s539ad_1,fever/cough: public ayush: siddha
NFHS-5 Individual,s539ad_2,fever/cough: public ayush: siddha
NFHS-5 Individual,s539ad_3,fever/cough: public ayush: siddha
NFHS-5 Individual,s539ad_4,fever/cough: public ayush: siddha
NFHS-5 Individual,s539ad_5,fever/cough: public ayush: siddha
NFHS-5 Individual,s539ad_6,fever/cough: public ayush: siddha
NFHS-5 Individual,s539ae_1,fever/cough: public ayush: homeopathy
NFHS-5 Individual,s539ae_2,fever/cough: public ayush: homeopathy
NFHS-5 Individual,s539ae_3,fever/cough: public ayush: homeopathy
NFHS-5 Individual,s539ae_4,fever/cough: public ayush: homeopathy
NFHS-5 Individual,s539ae_5,fever/cough: public ayush: homeopathy
NFHS-5 Individual,s539ae_6,fever/cough: public ayush: homeopathy
NFHS-5 Individual,s539af_1,fever/cough: public ayush: sowa rigpa (ttm)
NFHS-5 Individual,s539af_2,fever/cough: public ayush: sowa rigpa (ttm)
NFHS-5 Individual,s539af_3,fever/cough: public ayush: sowa rigpa (ttm)
NFHS-5 Individual,s539af_4,fever/cough: public ayush: sowa rigpa (ttm)
NFHS-5 Individual,s539af_5,fever/cough: public ayush: sowa rigpa (ttm)
NFHS-5 Individual,s539af_6,fever/cough: public ayush: sowa rigpa (ttm)
NFHS-5 Individual,s539ag_1,fever/cough: public ayush: other
NFHS-5 Individual,s539ag_2,fever/cough: public ayush: other
NFHS-5 Individual,s539ag_3,fever/cough: public ayush: other
NFHS-5 Individual,s539ag_4,fever/cough: public ayush: other
NFHS-5 Individual,s539ag_5,fever/cough: public ayush: other
NFHS-5 Individual,s539ag_6,fever/cough: public ayush: other
NFHS-5 Individual,s539ba_1,fever/cough: private ayush: ayurveda
NFHS-5 Individual,s539ba_2,fever/cough: private ayush: ayurveda
NFHS-5 Individual,s539ba_3,fever/cough: private ayush: ayurveda
NFHS-5 Individual,s539ba_4,fever/cough: private ayush: ayurveda
NFHS-5 Individual,s539ba_5,fever/cough: private ayush: ayurveda
NFHS-5 Individual,s539ba_6,fever/cough: private ayush: ayurveda
NFHS-5 Individual,s539bb_1,fever/cough: private ayush: yoga and naturopathy
NFHS-5 Individual,s539bb_2,fever/cough: private ayush: yoga and naturopathy
NFHS-5 Individual,s539bb_3,fever/cough: private ayush: yoga and naturopathy
NFHS-5 Individual,s539bb_4,fever/cough: private ayush: yoga and naturopathy
NFHS-5 Individual,s539bb_5,fever/cough: private ayush: yoga and naturopathy
NFHS-5 Individual,s539bb_6,fever/cough: private ayush: yoga and naturopathy
NFHS-5 Individual,s539bc_1,fever/cough: private ayush: unani
NFHS-5 Individual,s539bc_2,fever/cough: private ayush: unani
NFHS-5 Individual,s539bc_3,fever/cough: private ayush: unani
NFHS-5 Individual,s539bc_4,fever/cough: private ayush: unani
NFHS-5 Individual,s539bc_5,fever/cough: private ayush: unani
NFHS-5 Individual,s539bc_6,fever/cough: private ayush: unani
NFHS-5 Individual,s539bd_1,fever/cough: private ayush: siddha
NFHS-5 Individual,s539bd_2,fever/cough: private ayush: siddha
NFHS-5 Individual,s539bd_3,fever/cough: private ayush: siddha
NFHS-5 Individual,s539bd_4,fever/cough: private ayush: siddha
NFHS-5 Individual,s539bd_5,fever/cough: private ayush: siddha
NFHS-5 Individual,s539bd_6,fever/cough: private ayush: siddha
NFHS-5 Individual,s539be_1,fever/cough: private ayush: homeopathy
NFHS-5 Individual,s539be_2,fever/cough: private ayush: homeopathy
NFHS-5 Individual,s539be_3,fever/cough: private ayush: homeopathy
NFHS-5 Individual,s539be_4,fever/cough: private ayush: homeopathy
NFHS-5 Individual,s539be_5,fever/cough: private ayush: homeopathy
NFHS-5 Individual,s539be_6,fever/cough: private ayush: homeopathy
NFHS-5 Individual,s539bf_1,fever/cough: private ayush: sowa rigpa (ttm)
NFHS-5 Individual,s539bf_2,fever/cough: private ayush: sowa rigpa (ttm)
NFHS-5 Individual,s539bf_3,fever/cough: private ayush: sowa rigpa (ttm)
NFHS-5 Individual,s539bf_4,fever/cough: private ayush: sowa rigpa (ttm)
NFHS-5 Individual,s539bf_5,fever/cough: private ayush: sowa rigpa (ttm)
NFHS-5 Individual,s539bf_6,fever/cough: private ayush: sowa rigpa (ttm)
NFHS-5 Individual,s539bg_1,fever/cough: private ayush: other
NFHS-5 Individual,s539bg_2,fever/cough: private ayush: other
NFHS-5 Individual,s539bg_3,fever/cough: private ayush: other
NFHS-5 Individual,s539bg_4,fever/cough: private ayush: other
NFHS-5 Individual,s539bg_5,fever/cough: private ayush: other
NFHS-5 Individual,s539bg_6,fever/cough: private ayush: other
NFHS-5 Individual,s541a_1,first advice or treatment for fever/cough (public ayush)
NFHS-5 Individual,s541a_2,first advice or treatment for fever/cough (public ayush)
NFHS-5 Individual,s541a_3,first advice or treatment for fever/cough (public ayush)
NFHS-5 Individual,s541a_4,first advice or treatment for fever/cough (public ayush)
NFHS-5 Individual,s541a_5,first advice or treatment for fever/cough (public ayush)
NFHS-5 Individual,s541a_6,first advice or treatment for fever/cough (public ayush)
NFHS-5 Individual,s541b_1,first advice or treatment for fever/cough (private ayush)
NFHS-5 Individual,s541b_2,first advice or treatment for fever/cough (private ayush)
NFHS-5 Individual,s541b_3,first advice or treatment for fever/cough (private ayush)
NFHS-5 Individual,s541b_4,first advice or treatment for fever/cough (private ayush)
NFHS-5 Individual,s541b_5,first advice or treatment for fever/cough (private ayush)
NFHS-5 Individual,s541b_6,first advice or treatment for fever/cough (private ayush)
NFHS-5 Individual,scol_1,column number
NFHS-5 Individual,scol_2,column number
NFHS-5 Individual,scol_3,column number
NFHS-5 Individual,scal_1,calendar
NFHS-5 Individual,scal_2,calendar
NFHS-5 Individual,scal_3,calendar
NFHS-5 Individual,idx98_1,index to birth history
NFHS-5 Individual,idx98_2,index to birth history
NFHS-5 Individual,idx98_3,index to birth history
NFHS-5 Individual,idx98_4,index to birth history
NFHS-5 Individual,idx98_5,index to birth history
NFHS-5 Individual,idx98_6,index to birth history
NFHS-5 Individual,s558_1,"during the last 12  months, has (name) received any benefits from the anganwadi "
NFHS-5 Individual,s558_2,"during the last 12  months, has (name) received any benefits from the anganwadi "
NFHS-5 Individual,s558_3,"during the last 12  months, has (name) received any benefits from the anganwadi "
NFHS-5 Individual,s558_4,"during the last 12  months, has (name) received any benefits from the anganwadi "
NFHS-5 Individual,s558_5,"during the last 12  months, has (name) received any benefits from the anganwadi "
NFHS-5 Individual,s558_6,"during the last 12  months, has (name) received any benefits from the anganwadi "
NFHS-5 Individual,s559_1,"in the last 12 months, how often has (name)  received food from the anganwadi/ic"
NFHS-5 Individual,s559_2,"in the last 12 months, how often has (name)  received food from the anganwadi/ic"
NFHS-5 Individual,s559_3,"in the last 12 months, how often has (name)  received food from the anganwadi/ic"
NFHS-5 Individual,s559_4,"in the last 12 months, how often has (name)  received food from the anganwadi/ic"
NFHS-5 Individual,s559_5,"in the last 12 months, how often has (name)  received food from the anganwadi/ic"
NFHS-5 Individual,s559_6,"in the last 12 months, how often has (name)  received food from the anganwadi/ic"
NFHS-5 Individual,s560_1,"in the last 12 months, how often has (name)  had a health check-up from the anga"
NFHS-5 Individual,s560_2,"in the last 12 months, how often has (name)  had a health check-up from the anga"
NFHS-5 Individual,s560_3,"in the last 12 months, how often has (name)  had a health check-up from the anga"
NFHS-5 Individual,s560_4,"in the last 12 months, how often has (name)  had a health check-up from the anga"
NFHS-5 Individual,s560_5,"in the last 12 months, how often has (name)  had a health check-up from the anga"
NFHS-5 Individual,s560_6,"in the last 12 months, how often has (name)  had a health check-up from the anga"
NFHS-5 Individual,s561_1,"in the last 12 months, has (name) received any immunizations through the anganwa"
NFHS-5 Individual,s561_2,"in the last 12 months, has (name) received any immunizations through the anganwa"
NFHS-5 Individual,s561_3,"in the last 12 months, has (name) received any immunizations through the anganwa"
NFHS-5 Individual,s561_4,"in the last 12 months, has (name) received any immunizations through the anganwa"
NFHS-5 Individual,s561_5,"in the last 12 months, has (name) received any immunizations through the anganwa"
NFHS-5 Individual,s561_6,"in the last 12 months, has (name) received any immunizations through the anganwa"
NFHS-5 Individual,s562_1,"in the last 12 months, how often did (name) go to the anganwadi/icds centre for "
NFHS-5 Individual,s562_2,"in the last 12 months, how often did (name) go to the anganwadi/icds centre for "
NFHS-5 Individual,s562_3,"in the last 12 months, how often did (name) go to the anganwadi/icds centre for "
NFHS-5 Individual,s562_4,"in the last 12 months, how often did (name) go to the anganwadi/icds centre for "
NFHS-5 Individual,s562_5,"in the last 12 months, how often did (name) go to the anganwadi/icds centre for "
NFHS-5 Individual,s562_6,"in the last 12 months, how often did (name) go to the anganwadi/icds centre for "
NFHS-5 Individual,s563_1,"in the last 12 months, how often has (name's) weight been measured by the anganw"
NFHS-5 Individual,s563_2,"in the last 12 months, how often has (name's) weight been measured by the anganw"
NFHS-5 Individual,s563_3,"in the last 12 months, how often has (name's) weight been measured by the anganw"
NFHS-5 Individual,s563_4,"in the last 12 months, how often has (name's) weight been measured by the anganw"
NFHS-5 Individual,s563_5,"in the last 12 months, how often has (name's) weight been measured by the anganw"
NFHS-5 Individual,s563_6,"in the last 12 months, how often has (name's) weight been measured by the anganw"
NFHS-5 Individual,s564_1,"after (name) was weighed, did you ever receive counselling from the anganwadi/ic"
NFHS-5 Individual,s564_2,"after (name) was weighed, did you ever receive counselling from the anganwadi/ic"
NFHS-5 Individual,s564_3,"after (name) was weighed, did you ever receive counselling from the anganwadi/ic"
NFHS-5 Individual,s564_4,"after (name) was weighed, did you ever receive counselling from the anganwadi/ic"
NFHS-5 Individual,s564_5,"after (name) was weighed, did you ever receive counselling from the anganwadi/ic"
NFHS-5 Individual,s564_6,"after (name) was weighed, did you ever receive counselling from the anganwadi/ic"
NFHS-5 Individual,s565_1,"when you were pregnant with (name), did you receive any benefits from the anganw"
NFHS-5 Individual,s565_2,"when you were pregnant with (name), did you receive any benefits from the anganw"
NFHS-5 Individual,s565_3,"when you were pregnant with (name), did you receive any benefits from the anganw"
NFHS-5 Individual,s565_4,"when you were pregnant with (name), did you receive any benefits from the anganw"
NFHS-5 Individual,s565_5,"when you were pregnant with (name), did you receive any benefits from the anganw"
NFHS-5 Individual,s565_6,"when you were pregnant with (name), did you receive any benefits from the anganw"
NFHS-5 Individual,s566a_1,did you receive any of the following benefits:supplementary food?
NFHS-5 Individual,s566a_2,did you receive any of the following benefits:supplementary food?
NFHS-5 Individual,s566a_3,did you receive any of the following benefits:supplementary food?
NFHS-5 Individual,s566a_4,did you receive any of the following benefits:supplementary food?
NFHS-5 Individual,s566a_5,did you receive any of the following benefits:supplementary food?
NFHS-5 Individual,s566a_6,did you receive any of the following benefits:supplementary food?
NFHS-5 Individual,s566b_1,did you receive any of the following benefits:health check-ups?
NFHS-5 Individual,s566b_2,did you receive any of the following benefits:health check-ups?
NFHS-5 Individual,s566b_3,did you receive any of the following benefits:health check-ups?
NFHS-5 Individual,s566b_4,did you receive any of the following benefits:health check-ups?
NFHS-5 Individual,s566b_5,did you receive any of the following benefits:health check-ups?
NFHS-5 Individual,s566b_6,did you receive any of the following benefits:health check-ups?
NFHS-5 Individual,s566c_1,did you receive any of the following benefits:health and nutrition education?
NFHS-5 Individual,s566c_2,did you receive any of the following benefits:health and nutrition education?
NFHS-5 Individual,s566c_3,did you receive any of the following benefits:health and nutrition education?
NFHS-5 Individual,s566c_4,did you receive any of the following benefits:health and nutrition education?
NFHS-5 Individual,s566c_5,did you receive any of the following benefits:health and nutrition education?
NFHS-5 Individual,s566c_6,did you receive any of the following benefits:health and nutrition education?
NFHS-5 Individual,s567_1,when you were breastfeeding child did you receive any benefits from the anganwad
NFHS-5 Individual,s567_2,when you were breastfeeding child did you receive any benefits from the anganwad
NFHS-5 Individual,s567_3,when you were breastfeeding child did you receive any benefits from the anganwad
NFHS-5 Individual,s567_4,when you were breastfeeding child did you receive any benefits from the anganwad
NFHS-5 Individual,s567_5,when you were breastfeeding child did you receive any benefits from the anganwad
NFHS-5 Individual,s567_6,when you were breastfeeding child did you receive any benefits from the anganwad
NFHS-5 Individual,s568a_1,did you receive any of the following benefits:supplementary food?
NFHS-5 Individual,s568a_2,did you receive any of the following benefits:supplementary food?
NFHS-5 Individual,s568a_3,did you receive any of the following benefits:supplementary food?
NFHS-5 Individual,s568a_4,did you receive any of the following benefits:supplementary food?
NFHS-5 Individual,s568a_5,did you receive any of the following benefits:supplementary food?
NFHS-5 Individual,s568a_6,did you receive any of the following benefits:supplementary food?
NFHS-5 Individual,s568b_1,did you receive any of the following benefits:health check-ups?
NFHS-5 Individual,s568b_2,did you receive any of the following benefits:health check-ups?
NFHS-5 Individual,s568b_3,did you receive any of the following benefits:health check-ups?
NFHS-5 Individual,s568b_4,did you receive any of the following benefits:health check-ups?
NFHS-5 Individual,s568b_5,did you receive any of the following benefits:health check-ups?
NFHS-5 Individual,s568b_6,did you receive any of the following benefits:health check-ups?
NFHS-5 Individual,s568c_1,did you receive any of the following benefits:health and nutrition education?
NFHS-5 Individual,s568c_2,did you receive any of the following benefits:health and nutrition education?
NFHS-5 Individual,s568c_3,did you receive any of the following benefits:health and nutrition education?
NFHS-5 Individual,s568c_4,did you receive any of the following benefits:health and nutrition education?
NFHS-5 Individual,s568c_5,did you receive any of the following benefits:health and nutrition education?
NFHS-5 Individual,s568c_6,did you receive any of the following benefits:health and nutrition education?
